key,value
loc_abhuman_explosions_condition,Завершити місії «Громили та Вибухи».
loc_abhuman_explosions_description,Зрадники випустили орди напівлюдей рекрутів разом із повним арсеналом вибухових боєприпасів.
loc_abhuman_explosions_description_lore,"Остання атака зрадників загрожує похитнути саму основу Вулика, якщо негайно не спуститись туди і не зупинити їх. Агенти Вирмвуда доповідають про безпрецедентні руйнування: орди оґринів-рекрутів, потужні вибухи та численні появи велетенських чудовиськ."
loc_abhuman_explosions_event_context,Десантуватись в позначені райони і відбити цю атаку.
loc_abhuman_explosions_name,Гуркітливі велетні
loc_ability_fire_grenade,Вогняна граната
loc_ability_frag_grenade,Осколкова граната
loc_ability_frag_grenade_description,"Осколкова граната, що вибухає через короткий проміжок часу після активації запалу."
loc_ability_krak_grenade,Крак граната
loc_ability_krak_grenade_description,"Кидок кумулятивної гранати, яка прилипає до ворога і завдає руйнівної шкоди."
loc_ability_ogryn_charge,Шалений прорив
loc_ability_ogryn_charge_description,"Ривок уперед, що відкидає ворогів і дає {attack_speed:%d} швидкості атаки та {move_speed:%d} швидкості руху на {duration:%d}с."
loc_ability_ogryn_charge_description_new,"Потужний ривок уперед, що відкидає ворогів і збиває їх із рівноваги. Додатково дає {attack_speed:%s} швидкості атаки та {move_speed:%s} швидкості руху на {duration:%s}с. Ривок зупиняється при зіткненні з ворогами у карапасній броні, непохитними ворогами та потворами.\n\nбазове відновлення: {cooldown:%s}с."
loc_ability_ogryn_friend_rock,Великий камінчик дружби
loc_ability_ogryn_friend_rock_desc,"Кидок величезної каменюки або шматка брухту в одного ворога. Менш ефективний проти панцерної броні та непохитних ворогів. Новий валун підбирається кожні {recharge:%s}с, можна тримати до {max_charges:%s} каменюк одночасно. Потрапляння в спеціаліста убиває його незалежно від його здоров'я."
loc_ability_ogryn_grenade_box,Велика коробка болю
loc_ability_ogryn_grenade_box_description,"Кидок коробки гранат із великою силою і повною ентузіазму, що завдає масивної шкоди одному ворогу."
loc_ability_ogryn_grenade_demolition,Осколкова бомба
loc_ability_ogryn_grenade_demolition_desc,"Кидок осколкової гранати розміру вартої Оґрина (єдиний правильний розмір!) З радіусом вибуху {radius:%s}м, що завдає збільшеної шкоди в епіцентрі."
loc_ability_ogryn_objective_1,Збивання з рівноваги дрібних ворогів
loc_ability_ogryn_objective_2,Збивання з рівноваги великого ворога
loc_ability_ogryn_taunt_shout,Вірний захисник
loc_ability_ogryn_taunt_shout_desc,"Насмішка над ворогами в радіусі {radius:%s}м, змушуючи їх атакувати лише тебе протягом {duration:%s}с.\n\nбазове відновлення: {cooldown:%s}с"
loc_ability_psyker_objective_1,Отримати 50% перегріву
loc_ability_psyker_objective_2,Зняти перегрів бойовою здібністю
loc_ability_psyker_objective_3,Збити з рівноваги ворогів
loc_ability_psyker_overcharge_movement_speed,Варп-швидкість
loc_ability_psyker_overcharge_movement_speed_description,"Тепер поки {talent_name:%s} активний, збільшується швидкість руху на {movement_speed:%s}, ."
loc_ability_psyker_overcharge_reduced_toughness_damage_taken,Витривалість
loc_ability_psyker_overcharge_reduced_toughness_damage_taken_description,"Тепер поки {talent_name:%s} активний, отримується {tdr:%s} зменшення шкоди по щитам"
loc_ability_psyker_overcharge_reduced_warp_charge,Якір реальності
loc_ability_psyker_overcharge_reduced_warp_charge_description,"Тепер поки {talent_name:%s} активний, також зменшується генерація перегріву, на {warp_charge:%s}."
loc_ability_psyker_overcharge_weakspot,Прозорливість
loc_ability_psyker_overcharge_weakspot_description,"Убивства в слабке місце рахуються як {second:%s}с, проведені в {talent_name:%s}.\n\nза кожну секунду, проведену в {talent_name:%s}, також збільшується {finesse_damage_per_stack:%s} шкоди вправності (макс. {max_finesse_damage%s}), що зберігається протягом {duration:%s}с після виходу з {talent_name:%s}."
loc_ability_psyker_smite,Вибух мозку
loc_ability_psyker_smite_description,"Зарядити здібність, щоб завдати великої шкоди одній цілі."
loc_ability_psyker_smite_description_new,"Накопичує Псайкерську силу та вивільняє її, завдавши великої шкоди одному ворогу. Ефективно проти флак та панцерної броні."
loc_ability_shock_grenade,Світлошумова граната
loc_ability_shock_grenade_description,"Кидок світлошумової гранати, що б’є струмом і приголомшує всіх ворогів у радіусі вибуху."
loc_ability_smoke_grenade,Димова граната
loc_ability_smoke_grenade_description,"Кидок гранати, що створює димову хмару, яка тримається {duration:%s}с. Хмара блокує лінію зору для більшості ворогів і зменшує дальність огляду ворогів усередині неї."
loc_ability_specialization_biomancy,Псайкінетик
loc_ability_specialization_biomancy_description,"Твоя майстерність психокінетикою дозволяє маніпулювати фундаментальними силами руху силою розуму, підсилюючи союзників і водночас послаблюючи ворогів (і на додачу підриваючи пару-трійку головешок)."
loc_ability_specialization_biomancy_description_short,"Далекобійний, крихкий, підживлюється перегрівом"
loc_ability_veteran_base_ability,Прицільний вогонь!
loc_ability_veteran_base_ability_desc,"Увійти в стійку стільця на {duration:%s}с. У стійці стільця ти миттєво озброюєшся Стрілецькою зброєю, завдаєш {damage:%s} дальнобійної шкоди та {weakspot_damage:%s} дальнобійної шкоди по слабких місцях. Твій розкид і віддача також значно знижуються.\n\nбазове відновлення: {cooldown:%s}с."
loc_ability_zealot_objective_1,Ривок
loc_ability_zealot_objective_2,Завдати критичного удару
loc_ability_zealot_pious_stabguy_tier_3_ability_2,Самотній вовк
loc_ability_zealot_pious_stabguy_tier_3_ability_2_description,"Рахується так, ніби перебуваєш у єдності з трьома іншими."
loc_ability_zealot_pious_stabguy_tier_3_ability_3,Майстер засідок
loc_ability_zealot_pious_stabguy_tier_3_ability_3_description,Вихід із єдності з союзниками скидає відновлення маскування. Може спрацьовувати лише раз на x секунд.
loc_ability_zealot_stealth,Поле покрову
loc_ability_zealot_stealth_description,"Увійти в невидимість на {duration:%s}с. Під час невидимості отримується додаткові {movement_speed:%s} швидкість руху, {backstab_damage:%s} шкода від ударів у спину, {finesse_damage:%s} шкода вправності та {crit_chance:%s} шанс критичного удару.\n\nбазове відновлення: {cooldown:%s}с"
loc_ability_zealot_throwing_knifes,Клинки віри
loc_ability_zealot_throwing_knifes_desc,"Кидок освяченого ножа, щоб завдати великої шкоди одному ворогу. Дуже ефективний проти більшості ворогів; менш ефективний проти панцерної броні.\n\n- швидкий кидок\n- убивство елітних і особливих ворогів у ближньому бою відновлює 1 ніж\n- ящики з набоями поповнюють ножі"
loc_accept_mission_voting_title_accept_button,Увійти
loc_accept_mission_voting_title_decline_button,Покинути чергу
loc_accept_mission_voting_title_description,"Підбір гравців завершено, і по готовності можна почати місію."
loc_accept_mission_voting_title_header,Місія готова
loc_accolade_sub_title_tag_level,Рівень
loc_accolade_title_player_of_the_game,Гравець матчу
loc_accolade_title_player_of_the_game_new,{new:%s} гравець матчу
loc_accolade_title_tag_new,Нове!
loc_account_profile_account_rank,Ранг облікового запису {account_rank:%d}
loc_account_profile_all_commendations,Усі відзнаки
loc_account_profile_commendations,Відзнаки близькі до завершення
loc_account_profile_current_contact,Поточний контакт
loc_account_profile_next_reward,Наступна нагорода
loc_account_profile_win_tracks_view_display_name,Дорога до спокути
loc_achievement_ability_time_saved_using_yellow_stimm_description,"Скоротити відновлення своїх Здібностей на {target} секунд, використовуючи стимулятор Концентрації."
loc_achievement_ability_time_saved_using_yellow_stimm_name,Немає часу чекати
loc_achievement_adamant_block_enemies,Закононепокірний
loc_achievement_adamant_block_enemies_desc,Заблокувати шкоду від {amount:%s} унікальних ворогів.
loc_achievement_adamant_enemies_affected_by_buff_drone_description,"Накласти дебаф на {target} ворогів, використовуючи Нунціо Аквіла."
loc_achievement_adamant_enemies_affected_by_buff_drone_name,Протоколи пригнічення
loc_achievement_adamant_hunt_snipers,Прицільні вбивства
loc_achievement_adamant_hunt_snipers_desc,"Нацькувати кібер-мастифа стрибнути на {amount:%s} бомберів, Снайперів і ловців."
loc_achievement_adamant_kill_cluster_with_grenade,Ефективний підрив
loc_achievement_adamant_kill_during_stance,Санкція Редактус
loc_achievement_adamant_kill_during_stance_desc,Убити {amount:%s} ворогів під час «Постави Карателя».
loc_achievement_adamant_kill_electrocuted,Шокове переслідування
loc_achievement_adamant_kill_electrocuted_desc,Убити {amount:%s} уражених електрикою ворогів.
loc_achievement_adamant_kill_marked_enemies,Правосуддя здійснено 
loc_achievement_adamant_kill_marked_enemies_desc,"На рівні загрози «Єресь» або вище убити {amount:%s} ворогів, позначених «Наказом на страту»."
loc_achievement_adamant_kill_pounced_enemies,"Стріляй у них, коли вони лежать"
loc_achievement_adamant_kill_pounced_enemies_desc,"Убити {amount:%s} ворогів, на яких стрибнув кібер-мастиф."
loc_achievement_adamant_kill_with_melee,Арешт карателя
loc_achievement_adamant_kill_with_melee_desc,"На рівні загрози «Єресь» або вище убити {amount:%s} ворогів у ближньому Бою, використовуючи «Ордер на знищення»."
loc_achievement_adamant_kill_with_ranged,Арбітр-Стрілець
loc_achievement_adamant_kill_with_ranged_desc,"На рівні загрози «Єресь» або вище убити {amount:%s} ворогів дальними атаками, використовуючи «Ордер на знищення»."
loc_achievement_adamant_knock_chargers,Команда охорони
loc_achievement_adamant_knock_chargers_desc,Нацькувати кібер-мастифа відштовхнути {amount:%s} Мутантів і Чумовибухачів. Зараховується один раз на ворога.
loc_achievement_adamant_pet_dog,Хороша вбивча машина
loc_achievement_adamant_pet_dog_desc,Погладити кібер-мастифа.
loc_achievement_adamant_saved_from_dog,Відданий супутник
loc_achievement_adamant_saved_from_dog_desc,"Бути врятованим від Чумного Пса, що стрибнув на тебе, кібер-мастифом."
loc_achievement_adamant_stagger_elites_with_bash,Вуличний боєць
loc_achievement_adamant_stagger_elites_with_bash_desc,"Збити з рівноваги {amount:%s} елітних або спеціалістів, використовуючи «Прорвати Лінію»."
loc_achievement_adamant_stagger_monster_detonation,Поторні протоколи
loc_achievement_adamant_stagger_monster_detonation_desc,"Збити з рівноваги Потвору, використовуючи «Дистанційний підрив», {amount:%s} разів."
loc_achievement_adamant_team_companion_in_coherency_kills_description,"З активною аурою «Частина загону» вбити {target} ворогів, перебуваючи в єдності зі своїм кібер-мастифом. Убивства союзників, які також перебувають у єдності з твоїм кібер-мастифом, також зараховуються."
loc_achievement_adamant_team_companion_in_coherency_kills_name,Добре злагоджений вбивчий загін
loc_achievement_adamant_team_staggered_enemies_aura_kills_description,"Убити {target} ворогів, збитих з рівноваги, перебуваючи під дією аури «Придушення непокори». Убивства, здійснені союзниками в когерентності з тобою, також зараховуються."
loc_achievement_adamant_team_staggered_enemies_aura_kills_name,Винесення Суду Імператора
loc_achievement_adamant_team_wield_speed_aura_kills_description,"Убити {target} ворогів під дією аури «Нещадна ефективність». Убивства, здійснені союзниками в Єдності, також зараховуються."
loc_achievement_adamant_team_wield_speed_aura_kills_name,Ефективна страта
loc_achievement_adamant_time_allies_buffed_by_buff_drone_description,Підсилити союзників за допомогою Нунціо Аквіла загальною тривалістю {target} секунд.
loc_achievement_adamant_time_allies_buffed_by_buff_drone_name,Зміцнююча команда
loc_achievement_adamant_time_enemies_electrocuted_by_shockmine_name,Шокуюча сковуюча система
loc_achievement_adamant_time_in_forceful,Уся Міць Закону
loc_achievement_adamant_time_in_forceful_desc,На рівні загрози «Єресь» або вище проведи {time:%s} с із активним «Непохитна сила».
loc_achievement_all_chaos_elites_killed_description,Убити {target} елітних жахів.
loc_achievement_all_chaos_elites_killed_name,Протокол очищення
loc_achievement_all_chaos_killed_description,Убити кожен тип жахів.
loc_achievement_all_chaos_killed_name,Вигнання
loc_achievement_all_chaos_specials_killed_description,Убити {target} кожен тип жахів-спеціалістів.
loc_achievement_all_chaos_specials_killed_name,Нічний патруль
loc_achievement_all_cultist_elites_killed_description,Убити {target} кожен тип елітного Дреґа.
loc_achievement_all_cultist_elites_killed_name,Пильний закон
loc_achievement_all_cultist_specials_killed_description,Убити {target} кожен тип Дреґа-спеціаліста.
loc_achievement_all_cultist_specials_killed_name,Тріумф закону
loc_achievement_all_cultists_killed_description,Убити кожен тип Дреґа.
loc_achievement_all_cultists_killed_name,Винищувач Дреґів
loc_achievement_all_renegade_elites_killed_description,Убити {target} кожен тип елітного Скаба.
loc_achievement_all_renegade_elites_killed_name,Елітарій
loc_achievement_all_renegade_specials_killed_description,Убити {target} кожен тип Скаба-спеціаліста.
loc_achievement_all_renegade_specials_killed_name,Господар відступників
loc_achievement_all_renegades_killed_description,Убити кожен тип Скаба.
loc_achievement_all_renegades_killed_name,Зрадницький осередок
loc_achievement_amount_of_chests_opened_description,"Відкрити {target} скринь. Скрині, відкриті союзниками, також зараховуються."
loc_achievement_amount_of_chests_opened_name,Мародер
loc_achievement_amount_of_x_description,Убийте {target} {breed}
loc_achievement_amount_of_x_name,Звіринець: {breed} ({tier})
loc_achievement_assists_1_name,Вставай і бийся! (1)
loc_achievement_assists_2_name,Вставай і бийся! (2)
loc_achievement_assists_3_name,Вставай і бийся! (3)
loc_achievement_assists_4_name,Вставай і бийся! (4)
loc_achievement_assists_5_name,Вставай і бийся! (5)
loc_achievement_assists_x_description,Підняти {target} повалених оперативників.
loc_achievement_banish_daemonhost_description,Вигнати демононосій.
loc_achievement_banish_daemonhost_name,Вигнанець
loc_achievement_basic_training_description,Завершити базове тренування.
loc_achievement_basic_training_name,Заклик до зброї
loc_achievement_boss_fast_1_name,Час помирати (1)
loc_achievement_boss_fast_2_name,Час помирати (2)
loc_achievement_boss_fast_3_name,Час помирати (3)
loc_achievement_boss_fast_x_description,Убити потвору за {target}с або менше.
loc_achievement_bulwark_backstab_damage_inflicted_description,Завдати {target} шкоди Оґринам-щитоносцям ударом у спину.
loc_achievement_bulwark_backstab_damage_inflicted_name,Ніхто тебе не очікував
loc_achievement_category_account_label,Обліковий запис
loc_achievement_category_class_challenges_label,Видалено
loc_achievement_category_classes_label,Клас
loc_achievement_category_defensive_label,Оборонний
loc_achievement_category_endeavours_label,Завдання
loc_achievement_category_enemies_label,Єретики
loc_achievement_category_exploration_label,Дослідження
loc_achievement_category_heretics_label,Єретичний
loc_achievement_category_missions_label,Місії
loc_achievement_category_offensive_label,Наступальний
loc_achievement_category_ogryn_2_label,Оґрин
loc_achievement_category_psyker_2_label,Псайкер
loc_achievement_category_tactical_label,Тактичний
loc_achievement_category_teamplay_label,Команда
loc_achievement_category_veteran_2_label,Ветеран
loc_achievement_category_weapons_label,Зброя
loc_achievement_category_zealot_2_label,Бузувір
loc_achievement_class_meta_description,Завершити {target} із наступних спокут.
loc_achievement_class_meta_name,{class_name} господар війни
loc_achievement_coherency_toughness_description,Відновлення {target} щитів з єдності.
loc_achievement_coherency_toughness_name,Напарник
loc_achievement_complete_missions_difficulty_1_description,Виконати місії {target} на загрозі «Заколот» або вище.
loc_achievement_complete_missions_difficulty_2_description,Виконати місії {target} на загрозі «Повстання» або вище.
loc_achievement_complete_missions_difficulty_3_description,Виконати місії {target} на загрозі «Злоба» або вище.
loc_achievement_complete_missions_difficulty_4_description,Виконати місії {target} на загрозі «Єресь» або вище.
loc_achievement_complete_missions_difficulty_5_description,Виконати місії {target} на загрозі «Прокляття» або вище.
loc_achievement_complete_missions_easy_difficulty_x_name,Доведи свою гідність ({tier})
loc_achievement_complete_missions_medium_difficulty_x_name,Борись за праведну справу ({tier})  
loc_achievement_consecutive_dodge_1_name,Надприродне ухиляння (1)
loc_achievement_consecutive_dodge_2_name,Надприродне ухиляння (2)
loc_achievement_consecutive_dodge_3_name,Надприродне ухиляння (3)
loc_achievement_consecutive_dodge_x_description,"Ухилитися від {target} атак, не отримавши шкоди."
loc_achievement_consecutive_headshots_description,Убити {target} ворогів поспіль пострілами в голову.
loc_achievement_consecutive_headshots_name,Серійний убивця
loc_achievement_corruption_healed_using_green_stimm_description,Відновити {target} ушкодження Погані собі чи членам команди за допомогою мед-стимулятора.
loc_achievement_corruption_healed_using_green_stimm_stimm_name,Очищення та вижигання
loc_achievement_crusher_overhead_smash_dodged_description,Ухилитися від {target} ударів згори Оґрина-трощителя.\n[рахується лише один раз за кожного Оґрина-трощителя]
loc_achievement_crusher_overhead_smash_dodged_name,Уникнути трощення
loc_achievement_cultist_berzerker_head_description,Убити {target} Дреґів-Берсерків пострілами в голову.
loc_achievement_cultist_berzerker_head_name,Протокол обезголовлення
loc_achievement_cultist_gunner_shot_dodged_description,Ухилитися від {target} пострілів стрільця під час спринту.
loc_achievement_cultist_gunner_shot_dodged_name,Ривок до порятунку
loc_achievement_deployables_1_name,Дисципліна і командна робота (1)
loc_achievement_deployables_2_name,Дисципліна і командна робота (2)
loc_achievement_deployables_3_name,Дисципліна і командна робота (3)
loc_achievement_deployables_4_name,Дисципліна і командна робота (4)
loc_achievement_deployables_5_name,Дисципліна і командна робота (5)
loc_achievement_deployables_x_description,Поділитися {target} боксом з боєприпасами або аптечкою.
loc_achievement_difficult_flash_win_description,Завершити блискавичну місію на загрозі рівня «Прокляття».
loc_achievement_difficult_flash_win_name,Швидке реагування
loc_achievement_difficult_mission_twins_hard_mode_win_description,Завершити «ортуський наступ» на загрозі рівня «Прокляття» після розблокування секретного важкого режиму.
loc_achievement_difficult_mission_twins_hard_mode_win_name,Дзвін дзвонить для тебе
loc_achievement_difficult_mission_twins_win_description,Перемогти близнюків Карнака під час «ортуського наступу» на рівні загрози «Прокляття».
loc_achievement_difficult_mission_twins_win_name,Двох зайців одним пострілом (екстреміс)
loc_achievement_elites_and_specials_killed_using_red_stimm_description,Під дією бойового стимулятора убити {target} еліти і спеціалістів.
loc_achievement_elites_and_specials_killed_using_red_stimm_name,Рідкий Гнів
loc_achievement_enemies_1_name,Знищити єретиків (1)
loc_achievement_enemies_2_name,Знищити єретиків (2)
loc_achievement_enemies_3_name,Знищити єретиків (3)
loc_achievement_enemies_4_name,Знищити єретиків (4)
loc_achievement_enemies_5_name,Знищити єретиків (5)
loc_achievement_enemies_climbing_description,"Убити {target} ворогів, що видираються."
loc_achievement_enemies_climbing_name,Мухобійка
loc_achievement_enemies_killed_by_barrels_description,"Убити {target} ворогів, підірвавши вибухові бочки."
loc_achievement_enemies_killed_by_barrels_name,Ситуаційна обізнаність
loc_achievement_enemies_killed_by_poxburster_description,"Убити {target} ворогів, підірвавши чумовибухач поряд із ними."
loc_achievement_enemies_killed_by_poxburster_name,Ворог мого ворога — мій друг
loc_achievement_enemies_x_description,Убити {target} ворогів вцілому.
loc_achievement_enemies_x_name,Очищення єретиків  
loc_achievement_executor_non_headshot_description,Убити {target} Скабів-Трощителів без пострілів у голову.
loc_achievement_executor_non_headshot_name,Важка праця
loc_achievement_expertise_level_description,Поліпшити рівень зброї до {level}.
loc_achievement_expertise_level_name,Зброяр ({rank})
loc_achievement_fast_blocks_1_name,Імператор захистить (1)
loc_achievement_fast_blocks_2_name,Імператор захистить (2)
loc_achievement_fast_blocks_3_name,Імператор захистить (3)
loc_achievement_fast_blocks_x_description,Заблокувати {target} шкоди за {time_window}с.
loc_achievement_fast_enemies_1_name,Шалений убивця (1)
loc_achievement_fast_enemies_2_name,Шалений убивця (2)
loc_achievement_fast_enemies_3_name,Шалений убивця (3)
loc_achievement_fast_enemies_x_description,Убити {target} ворогів за {time_window}с.
loc_achievement_fast_headshot_1_name,Ухилися від цього (1)
loc_achievement_fast_headshot_2_name,Ухилися від цього (2)
loc_achievement_fast_headshot_3_name,Ухилися від цього (3)
loc_achievement_fast_headshot_x_description,Убити {target} ворогів пострілами в голову за 10с.
loc_achievement_flamer_killed_before_attack_occurred_description,"Убити {target} паліїв Дреґів або Скабів до того, як вони встигнуть використати свою здібність."
loc_achievement_flamer_killed_before_attack_occurred_name,Загасити свічку
loc_achievement_flawless_mission_1_name,Бездоганне виконання (1)
loc_achievement_flawless_mission_2_name,Бездоганне виконання (2)
loc_achievement_flawless_mission_3_name,Бездоганне виконання (3)
loc_achievement_flawless_mission_x_description,"Завершити {target} місій поспіль, не будучи поваленим, на загрозі «Злоба» або вище."
loc_achievement_flawless_team_description,Завершити 100 місій без жодного впавшого союзника.
loc_achievement_flawless_team_name,Команда мрії
loc_achievement_grenadier_killed_before_attack_occurred_description,"Убити {target} бомберів Дреґів або Скабів до того, як вони встигнуть використати свою здібність."
loc_achievement_grenadier_killed_before_attack_occurred_name,Імплозія
loc_achievement_group_adamant_2_description,"Виконати такі Покути, граючи за Арбітра."
loc_achievement_group_class_adamant_2_1_name,Зв’язаний присягою (1)
loc_achievement_group_class_adamant_2_2_name,Зв’язаний присягою (2)
loc_achievement_group_class_adamant_2_3_name,Зв’язаний присягою (3)
loc_achievement_group_class_challenges_x_name,За Імператора ({tier})
loc_achievement_group_class_ogryn_2_1_name,Кісткоголовий (1)
loc_achievement_group_class_ogryn_2_2_name,Кісткоголовий (2)
loc_achievement_group_class_ogryn_2_3_name,Кісткоголовий (3)
loc_achievement_group_class_ogryn_2_description,"Завершити наступні спокути, граючи за Оґрина."
loc_achievement_group_class_psyker_2_1_name,Кінетичний убивця (1)
loc_achievement_group_class_psyker_2_2_name,Кінетичний убивця (2)
loc_achievement_group_class_psyker_2_3_name,Кінетичний убивця (3)
loc_achievement_group_class_psyker_2_description,"Завершити наступні спокути, граючи за Псайкера."
loc_achievement_group_class_veteran_2_1_name,У ціль (1)
loc_achievement_group_class_veteran_2_2_name,У ціль (2)
loc_achievement_group_class_veteran_2_3_name,У ціль (3)
loc_achievement_group_class_veteran_2_description,"Завершити наступні спокути, граючи за Ветерана."
loc_achievement_group_class_zealot_2_1_name,Шлях святих (1)
loc_achievement_group_class_zealot_2_2_name,Шлях святих (2)
loc_achievement_group_class_zealot_2_3_name,Шлях святих (3)
loc_achievement_group_class_zealot_2_description,Виконати наступні спокути за Бузувіра.
loc_achievement_group_class_zealot_3_description,Виконати наступні досягнення за Бузувіра.
loc_achievement_group_cooperation_description,Виконати наступні командні спокути.
loc_achievement_group_cooperation_name,Добрий самарянин
loc_achievement_group_defence_description,Виконати наступні оборонні спокути.
loc_achievement_group_defence_name,Справа захисту
loc_achievement_group_enemies_chaos_description,Виконати наступні спокути жаху.
loc_achievement_group_enemies_chaos_name,Очищення погані
loc_achievement_group_enemies_cultists_description,Виконати наступні спокути Дреґів.
loc_achievement_group_enemies_cultists_name,Знищити єретиків
loc_achievement_group_enemies_renegades_description,Виконати наступні спокути Скабів.
loc_achievement_group_enemies_renegades_name,Вирізати зрадників
loc_achievement_group_missions_description,Виконати наступні місії спокут.
loc_achievement_group_missions_name,Місія малоймовірна
loc_achievement_group_offence_description,Виконати наступні наступальні спокути.
loc_achievement_group_offence_name,"В атаку, в атаку, в атаку!"
loc_achievement_group_ogryn_2_description,"Виконати наступні Покути, граючи за Оґрина."
loc_achievement_group_psyker_2_description,"Виконати такі Покути, граючи за Псайкера."
loc_achievement_group_rank_1_difficulty_1_name,Перші кроки (1)  
loc_achievement_group_rank_2_difficulty_2_name,Перші кроки (2)  
loc_achievement_group_rank_4_difficulty_3_name,Агітаційні матеріали (1)  
loc_achievement_group_rank_5_difficulty_4_name,Агітаційні матеріали (2)  
loc_achievement_group_veteran_2_description,"Виконати такі Покути, граючи за Ветерана."
loc_achievement_group_zealot_2_description,"Виконати такі Покути, граючи за Бузувіра."
loc_achievement_hack_1_name,Слідчий (1)
loc_achievement_hack_2_name,Слідчий (2)
loc_achievement_hack_3_name,Слідчий (3)
loc_achievement_hack_4_name,Слідчий (4)
loc_achievement_hack_5_name,"Той, хто шепоче машинам"
loc_achievement_hack_perfect_description,Завершити збір даних без жодного хибного введення ауспекса.
loc_achievement_hack_perfect_name,Бездоганний слідчий
loc_achievement_hack_x_description,Виконати {target} успішних зборів даних.
loc_achievement_havoc_clutch_description,Допомогти {target} гравцям завершити їхнє завдання «Божевілля».
loc_achievement_havoc_clutch_name,Божевілля під контролем {tier}
loc_achievement_havoc_flawless_win_description,"Завершити завдання «Божевілля» рангу {rank} або вище, щоб ніхто не був повалений."
loc_achievement_havoc_tier_description,Досягти рівня доступу {rank}.  
loc_achievement_havoc_tier_reached,Адепт 53-го: {rank}  
loc_achievement_havoc_veteran_desc,Завершити {target} завданнь Божевілля.
loc_achievement_havoc_veteran_name,Майстерність Божевілля ({tier})
loc_achievement_havoc_weekly_cache_description,Відкрити {target} тижневих скринь Божевілля.
loc_achievement_havoc_weekly_cache_name,Улюбленець квартирмейстера ({tier})
loc_achievement_horde_complete_all_maps_description,Пройти смертельні випробування у {target:%s} Театрах Принижень
loc_achievement_horde_complete_all_maps_name,… а ми лише актори.
loc_achievement_horde_complete_islands_description,Виконати {target} Театрів Принижень у Смертельних випробуваннях.
loc_achievement_horde_complete_islands_name,Світ — це сцена…
loc_achievement_horde_kills_during_blue_stimm_description,Убити {target} ворогів під дією стимулятора Спритності.
loc_achievement_horde_kills_during_blue_stimm_name,Червона лінія
loc_achievement_horde_mortis_collect_all_description,Відкрий усі Ехо Пам’яті екіпажу.
loc_achievement_horde_mortis_collect_all_name,Пам’ятотворець
loc_achievement_horde_mortis_collect_one_description,Принеси смертельну реліквію для Сефоні.
loc_achievement_horde_mortis_collect_one_name,Архіваріус
loc_achievement_horde_no_heal_description,"Завершити смертельне випробування на рівні загрози «Хаос», не поповнюючи набоїв і не користуючись мед-станцією."
loc_achievement_horde_no_heal_title,Без припасів
loc_achievement_horde_win_cowboy_archetype_description,"Пройти одне смертельне випробування, використовуючи Архетип «Індульгенцію Роздавача Смерті»."
loc_achievement_horde_win_cowboy_archetype_name,Роздавач смерті
loc_achievement_horde_win_critical_archetype_description,"Пройти одне смертельне випробування, використовуючи Архетип «Індульгенцію Улюбленця Імператора»."
loc_achievement_horde_win_critical_archetype_name,Улюбленець Імператора
loc_achievement_horde_win_electric_archetype_description,"Пройти одне смертельне випробування, використовуючи Архетип «Шокуючої індульгенції»."
loc_achievement_horde_win_electric_archetype_name,Шокуючий
loc_achievement_horde_win_elementalist_archetype_description,"Пройти одне смертельне випробування, використовуючи Архетип «Індульгенції Елементаліст»."
loc_achievement_horde_win_elementalist_archetype_name,Елементаліст
loc_achievement_horde_win_families_group_x_description,"Пройти смертельне випробування, використовуючи {target:%s} доступних Архетипів Індульгенцію."
loc_achievement_horde_win_families_group_x_name,Еліта Смерті ({tier:%s})
loc_achievement_horde_win_fire_archetype_description,"Пройти одне смертельне випробування, використовуючи Архетип «Індульгенцію Пірокінетика»."
loc_achievement_horde_win_fire_archetype_name,Пірокінетик
loc_achievement_horde_win_unkillable_archetype_description,"Пройти одне смертельне випробування, використовуючи Архетип «Індульгенцію Колоса»."
loc_achievement_horde_win_unkillable_archetype_name,Колос
loc_achievement_horde_win_unstoppable_archetype_description,"Пройти одне смертельне випробування, використовуючи Архетип «Індульгенція Голіафа»."
loc_achievement_horde_win_unstoppable_archetype_name,Голіаф
loc_achievement_kill_chaos_1_name,Очищувач (1)
loc_achievement_kill_chaos_2_name,Очищувач (2)
loc_achievement_kill_chaos_3_name,Очищувач (3)
loc_achievement_kill_chaos_4_name,Очищувач (4)
loc_achievement_kill_chaos_5_name,Очищувач (5)
loc_achievement_kill_chaos_x_description,Убити {target} чумоходців та інших жахів варпу.
loc_achievement_kill_cultists_1_name,Мисливець на Дреґів (1)
loc_achievement_kill_cultists_2_name,Мисливець на Дреґів (2)
loc_achievement_kill_cultists_3_name,Мисливець на Дреґів (3)
loc_achievement_kill_cultists_4_name,Мисливець на Дреґів (4)
loc_achievement_kill_cultists_5_name,Мисливець на Дреґів (5)
loc_achievement_kill_cultists_x_description,Убити {target} Дреґів.
loc_achievement_kill_renegades_1_name,Ліквідатор Скабів (1)
loc_achievement_kill_renegades_2_name,Ліквідатор Скабів (2)
loc_achievement_kill_renegades_3_name,Ліквідатор Скабів (3)
loc_achievement_kill_renegades_4_name,Ліквідатор Скабів (4)
loc_achievement_kill_renegades_5_name,Ліквідатор Скабів (5)
loc_achievement_kill_renegades_x_description,Убити {target} Скабів.
loc_achievement_level_collectible_description,Відшукати та вивезти череп мученика у {mission_name}
loc_achievement_level_collectible_name,{mission_name}: вилучення реліквій
loc_achievement_level_mission_auric_description,Завершити {mission_name} на загрозі {difficulty} на  панелі місій Хаосу.
loc_achievement_level_mission_auric_name,{mission_name} ({tier}) [Хаос]
loc_achievement_level_mission_description,Завершити {mission_name} на загрозі {difficulty}.
loc_achievement_level_mission_name,{mission_name} ({tier})
loc_achievement_mauler_attack_dodged_description,Ухилитися від {target} важких ударів Крушителя. [рахується лише один за кожного Крушителя]
loc_achievement_mauler_attack_dodged_name,Танок смерті
loc_achievement_max_mastery_description,Досягти рівня майстерності {rank:%s} зі зразком {weapon_name:%s}.  
loc_achievement_max_mastery_name,Майстерність {weapon_name:%s}  
loc_achievement_melee_renegade_description,Убити {target} бомберів у ближньому бою.
loc_achievement_melee_renegade_name,Розрив
loc_achievement_melee_toughness_description,Відновити {target} щитів завдяки вбивствам у ближньому бою.
loc_achievement_melee_toughness_name,Жорстокі нахили
loc_achievement_mission_auric_flawless_description,Як команда завершити місію рівня «Прокляття» на Хаосі без падінь будь-кого.
loc_achievement_mission_auric_flawless_maelstrom_x_description,Завершити місію Вихору Хаосу на рівні «Прокляття» без падінь будь-кого.
loc_achievement_mission_auric_flawless_maelstrom_x_name,Елітна гвардія Атоми
loc_achievement_mission_auric_flawless_name,Дивовижне виживання
loc_achievement_mission_auric_maelstrom_x_description,Завершити {target} місій вихру Хаосу.
loc_achievement_mission_auric_maelstrom_x_name,Еліта Хаосу ({tier})
loc_achievement_mission_auric_x_description,Завершити {target} місій рівня Хаос.
loc_achievement_mission_auric_x_name,Оперативник хаотичного рівня {tier}
loc_achievement_mission_circumstace_1_name,Пристосувальник до середовища (1)
loc_achievement_mission_circumstace_2_name,Пристосувальник до середовища (2)
loc_achievement_mission_circumstace_3_name,Пристосувальник до середовища (3)
loc_achievement_mission_circumstace_4_name,Пристосувальник до середовища (4)
loc_achievement_mission_circumstace_5_name,Пристосувальник до середовища (5)
loc_achievement_mission_circumstace_x_description,Завершити {target} місій зі спеціальними умовами.
loc_achievement_mission_consecutive_maelstrom_x_description,Завершити {target} місій поспіль Вихору Хаосу без загибелі.
loc_achievement_mission_consecutive_maelstrom_x_name,Переживший Вихор Хаосу
loc_achievement_mission_darkness_x_description,Завершити {target} місій з умовою знеструмлення.
loc_achievement_mission_darkness_x_name,Туши світло ({tier})
loc_achievement_mission_difficulty_objectives_1_description,Завершити кожен тип місії на загрозі «заколот» або вище.
loc_achievement_mission_difficulty_objectives_1_name,Рекрут інквізиції
loc_achievement_mission_difficulty_objectives_2_description,Завершити кожен тип місії на загрозі «повстання» або вище.
loc_achievement_mission_difficulty_objectives_2_name,Ветеран інквізиції
loc_achievement_mission_difficulty_objectives_3_description,Завершити кожен тип місії на загрозі «Злоба» або вище.
loc_achievement_mission_difficulty_objectives_3_name,Взірець інквізиції
loc_achievement_mission_difficulty_objectives_4_description,Завершити кожен тип місії на загрозі «Єресь» або вище.
loc_achievement_mission_difficulty_objectives_4_name,Легенда інквізиції
loc_achievement_mission_difficulty_objectives_5_description,Завершити кожен тип місії на загрозі «Прокляття» або вище.
loc_achievement_mission_difficulty_objectives_5_name,Зростання легенди
loc_achievement_mission_flash_1_name,Бути напоготові (1)
loc_achievement_mission_flash_2_name,Бути напоготові (2)
loc_achievement_mission_flash_3_name,Бути напоготові (3)
loc_achievement_mission_flash_4_name,Бути напоготові (4)
loc_achievement_mission_flash_5_name,Бути напоготові (5)
loc_achievement_mission_flash_x_description,Завершити {target} блискавичних місій.
loc_achievement_mission_grimoire_recovery_description,Зібрати та вивезти {target} Ґримоарів.
loc_achievement_mission_grimoire_recovery_name,Заборонені тексти ({tier})
loc_achievement_mission_maelstrom_x_description,Завершити {target} місій Вихору.
loc_achievement_mission_maelstrom_x_name,Виживший у Вихорі ({tier})
loc_achievement_mission_no_damage_description,Завершити місію без отримання шкоди для здоров’я.
loc_achievement_mission_no_damage_name,Недоторканний
loc_achievement_mission_propganda_fan_kills_description,"Убити {target} ворогів, скинувши їх у великий вентилятор під час події на релейній станції TRS-150."
loc_achievement_mission_propganda_fan_kills_name,Фан-атик
loc_achievement_mission_raid_bottles_description,Знищити всі сині пляшки у Стрілецькому тирі на воррен 6-19.
loc_achievement_mission_raid_bottles_name,В яблучко
loc_achievement_mission_scavenge_samples_description,Вставити всі 3 зразки зарази протягом {target} секунд у Сховищі Шпиль-13.
loc_achievement_mission_scavenge_samples_name,Швидка робота
loc_achievement_mission_scripture_recovery_description,Віднайти {target} Писання у місіях.
loc_achievement_mission_scripture_recovery_name,Архіваріус
loc_achievement_mission_tox_gas_x_description,Завершити {target} місій з умовою чумного газу.
loc_achievement_mission_tox_gas_x_name,Затримай подих! ({tier})
loc_achievement_mission_twins_killed_no_mines_triggered_description,"Завершити фінальну битву ортуського наступу, не активувавши більше ніж {amount} мін."
loc_achievement_mission_twins_killed_no_mines_triggered_name,Без респіратора
loc_achievement_mission_twins_unlocked_puzzle_description,Завершено таємну головоломку ортуського наступу.
loc_achievement_mission_twins_unlocked_puzzle_name,Провісники занепаду
loc_achievement_mission_twins_win_description,Перемогти близнюків Карнаків під час ортуського наступу на будь-якій загрозі.
loc_achievement_mission_twins_win_name,Двох зайців одним пострілом
loc_achievement_mission_twins_within_limit_name,"Дві голови краще, ніж одна"
loc_achievement_mission_twins_within_limit_name_description,Убити обох близнюків Карнак із різницею не більше ніж {target} секунд.
loc_achievement_mission_ventilation_x_description,Завершити {target} місій з умовою вентиляційної чистки.
loc_achievement_mission_ventilation_x_name,Охолодження ({tier})
loc_achievement_missions_1_name,Перше завдання
loc_achievement_missions_2_name,Резерви Атоми (1)
loc_achievement_missions_3_name,Резерви Атоми (2)
loc_achievement_missions_4_name,Резерви Атоми (3)
loc_achievement_missions_5_name,Резерви Атоми (4)
loc_achievement_missions_adamant_2_objective_1_description,"Граючи за Арбітра, виконати щонайменше одну місію кожного типу."
loc_achievement_missions_adamant_2_objective_1_name,Сумлінний патруль
loc_achievement_missions_adamant_2_objective_2_description,"Граючи за Арбітра, виконати щонайменше одну місію кожного типу на загрозі рівня «Злоба» або вище."
loc_achievement_missions_adamant_2_objective_2_name,Сумлінний патруль (2)
loc_achievement_missions_adamant_2_objective_3_description,"Граючи за Арбітра, виконати щонайменше одну місію кожного типу на загрозі рівня «Єресь» або вище."
loc_achievement_missions_adamant_2_objective_3_name,Сумлінний патруль (3)
loc_achievement_missions_adamant_2_x_description,Виконати {target} місій гараючи за Арбітра.
loc_achievement_missions_adamant_2_x_name,Каратель закону ({tier})
loc_achievement_missions_ogryn_2_1_name,Міцний як танк (1)
loc_achievement_missions_ogryn_2_2_name,Міцний як танк (2)
loc_achievement_missions_ogryn_2_3_name,Міцний як танк (3)
loc_achievement_missions_ogryn_2_4_name,Міцний як танк (4)
loc_achievement_missions_ogryn_2_5_name,Міцний як танк (5)
loc_achievement_missions_ogryn_2_objective_1_description,"Граючи за Оґрина, завершити принаймні одну місію кожного типу."
loc_achievement_missions_ogryn_2_objective_1_name,Відлупцювати їх
loc_achievement_missions_ogryn_2_objective_2_description,Граючи за Оґрина завершити місію кожного типу на загрозі «Злоба» або вище.
loc_achievement_missions_ogryn_2_objective_2_name,Відлупцювати їх (2)
loc_achievement_missions_ogryn_2_objective_3_description,"Граючи за Оґрина, завершити місію кожного типу на загрозі «Єресь» або вище."
loc_achievement_missions_ogryn_2_objective_3_name,Відлупцювати їх (3)
loc_achievement_missions_ogryn_2_x_description,Завершити {target} місій граючи за Оґрина.
loc_achievement_missions_ogryn_2_x_name,На вид як танк ({tier})
loc_achievement_missions_psyker_2_1_name,Висмоктувач життя (1)
loc_achievement_missions_psyker_2_2_name,Висмоктувач життя (2)
loc_achievement_missions_psyker_2_3_name,Висмоктувач життя (3)
loc_achievement_missions_psyker_2_4_name,Висмоктувач життя (4)
loc_achievement_missions_psyker_2_5_name,Висмоктувач життя (5)
loc_achievement_missions_psyker_2_objective_1_description,"Граючи за Псайкера, завершити принаймні одну місію кожного типу."
loc_achievement_missions_psyker_2_objective_1_name,Торкнутися Безодні
loc_achievement_missions_psyker_2_objective_2_description,"Граючи за Псайкера, завершити місію кожного типу на загрозі «Злоба» або вище."
loc_achievement_missions_psyker_2_objective_2_name,Торкнутися Безодні (2)
loc_achievement_missions_psyker_2_objective_3_description,"Граючи за Псайкера, завершити місію кожного типу на загрозі «Єресь» або вище."
loc_achievement_missions_psyker_2_objective_3_name,Торкнутися Безодні (3)
loc_achievement_missions_psyker_2_x_description,Завершити {target} місій граючи за Псайкера.
loc_achievement_missions_psyker_2_x_name,Життєп’явка ({tier})
loc_achievement_missions_veteran_2_1_name,Крізь багнюку (1)
loc_achievement_missions_veteran_2_2_name,Крізь багнюку (2)
loc_achievement_missions_veteran_2_3_name,Крізь багнюку (3)
loc_achievement_missions_veteran_2_4_name,Крізь багнюку (4)
loc_achievement_missions_veteran_2_5_name,Крізь багнюку (5)
loc_achievement_missions_veteran_2_objective_1_description,"Граючи за Ветерана, завершити принаймні одну місію кожного типу."
loc_achievement_missions_veteran_2_objective_1_name,Вигідна позиція
loc_achievement_missions_veteran_2_objective_2_description,"Граючи за Ветерана, завершити місію кожного типу на загрозі «Злоба» або вище."
loc_achievement_missions_veteran_2_objective_2_name,Вигідна позиція (2)
loc_achievement_missions_veteran_2_objective_3_description,"Граючи за Ветерана, завершити місію кожного типу на загрозі «Єресь» або вище."
loc_achievement_missions_veteran_2_objective_3_name,Вигідна позиція (3)
loc_achievement_missions_veteran_2_x_description,Завершити {target} місій граючи за Ветерана.
loc_achievement_missions_veteran_2_x_name,Через бруд ({tier})
loc_achievement_missions_x_description,Завершити {target} місій.
loc_achievement_missions_x_name,Атоманська допоміжна гвардія
loc_achievement_missions_zealot_2_1_name,Шукач смерті (1)
loc_achievement_missions_zealot_2_2_name,Шукач смерті (2)
loc_achievement_missions_zealot_2_3_name,Шукач смерті (3)
loc_achievement_missions_zealot_2_4_name,Шукач смерті (4)
loc_achievement_missions_zealot_2_5_name,Шукач смерті (5)
loc_achievement_missions_zealot_2_objective_1_description,"Граючи за Бузувіра, завершити принаймні одну місію кожного типу."
loc_achievement_missions_zealot_2_objective_1_name,Слав бога-Імператора!
loc_achievement_missions_zealot_2_objective_2_description,"Граючи за Бузувіра, завершити місію кожного типу на загрозі «Злоба» або вище."
loc_achievement_missions_zealot_2_objective_2_name,Слав бога-Імператора! (2)
loc_achievement_missions_zealot_2_objective_3_description,"Граючи за Бузувіра, завершити місію кожного типу на загрозі «Єресь» або вище."
loc_achievement_missions_zealot_2_objective_3_name,Слав бога-Імператора! (3)
loc_achievement_missions_zealot_2_x_description,Завершити {target} місій граючи за Бузувіра.
loc_achievement_missions_zealot_2_x_name,Шукач фатуму ({tier})
loc_achievement_missions_zealot_3_1_name,Сніданок з ялини
loc_achievement_missions_zealot_3_2_name,Малахітові сані
loc_achievement_missions_zealot_3_3_name,Верховна піщанка
loc_achievement_missions_zealot_3_4_name,Корисна ягода
loc_achievement_missions_zealot_3_5_name,Великий переполох
loc_achievement_missions_zealot_3_x_description,Виграти {target} місій граючи за Бузувіра
loc_achievement_multi_class_1_name,Двоє уже зграя
loc_achievement_multi_class_2_name,Наче чотирилиста конюшина
loc_achievement_multi_class_3_name,Один за всіх
loc_achievement_multi_class_4_name,Слідкуй за тилом
loc_achievement_multi_class_x_description,Досягти рівня довіри 30 з {target} класами.
loc_achievement_mutant_charge_dodged_description,Ухилитися від {target} атак мутанта. [зараховується лише один на кожного мутанта]
loc_achievement_mutant_charge_dodged_name,Прудконогий
loc_achievement_ogryn_2_bull_rushed_100_enemies_description,Збити з ніг {target} ворогів одним шаленим проривом на загрозі «Злоба» або вище.
loc_achievement_ogryn_2_bull_rushed_100_enemies_name,Буолінг
loc_achievement_ogryn_2_bull_rushed_4_ogryns_description,"На загрозі «Єресь» або вище збити з ніг {target} ворожих Оґринів (щитоносців, трощителів, чумних Оґринів та/або женців) одним шаленим проривом."
loc_achievement_ogryn_2_bull_rushed_4_ogryns_name,Чемпіон важковаговиків
loc_achievement_ogryn_2_bull_rushed_70_within_25_seconds_description,Подолати {target} метрів шаленим проривом менш ніж за {time_window}с на загрозі «Єресь» або вище.
loc_achievement_ogryn_2_bull_rushed_70_within_25_seconds_name,Не зупиняй мене!
loc_achievement_ogryn_2_bull_rushed_70_within_25_seconds_premade_description,"Подолати {target} метрів шаленим проривом менш ніж за {time_window}с на загрозі «Єресь» або вище. {#color({tag_color_r:%d},{tag_color_g:%d},{tag_color_b:%d})}{description_tag:%s}{#reset()}"
loc_achievement_ogryn_2_bull_rushed_70_within_25_seconds_premade_name,"Не зупиняй мене! {#color({tag_color_r:%d},{tag_color_g:%d},{tag_color_b:%d})}{name_tag:%s}{#reset()}"
loc_achievement_ogryn_2_bull_rushed_charging_ogryn_description,"Використати шалений прорив, щоб перервати атаку чумного Оґрина."
loc_achievement_ogryn_2_bull_rushed_charging_ogryn_name,Я тут головний
loc_achievement_ogryn_2_easy_1_description,"Відродити або підняти {target} збитих чи знерухомлених, союзників."
loc_achievement_ogryn_2_easy_1_name,Допомогти всім
loc_achievement_ogryn_2_easy_2_description,Збити з ніг {target} ворогів.
loc_achievement_ogryn_2_easy_2_name,Ти покараний
loc_achievement_ogryn_2_hard_1_description,"На загрозі «Єресь» або вище завершити {target} повних місій без того, щоб будь-який союзник залишався збитим із ніг чи знерухомленим довше ніж {time} секунд, і без жодної смерті союзників."
loc_achievement_ogryn_2_hard_1_name,Тримай друзів близько
loc_achievement_ogryn_2_hard_2_description,"На загрозі «Єресь» або вище вразити {amount} поспіль елітних чи спеціальних ворогів велика коробка болю, не схибивши. Виконати це {target} разів."
loc_achievement_ogryn_2_hard_2_name,Будь найкращим
loc_achievement_ogryn_2_killed_corruptor_with_grenade_impact_description,"Убити осквернителя, поціливши йому в око своєю скринькою з гранатами."
loc_achievement_ogryn_2_killed_corruptor_with_grenade_impact_name,У тебе щось в оці
loc_achievement_ogryn_2_medium_1_description,"На загрозі «Злоба» або вище збити з ніг {num_enemies} дальнобійних ворогів шаленим проривом, {target} разів."
loc_achievement_ogryn_2_medium_1_name,Розчистка шляху
loc_achievement_ogryn_2_medium_2_description,"На загрозі «Злоба» або вище вбити {amount} ворогів одним ударом у ближньому бою, {target} разів."
loc_achievement_ogryn_2_medium_2_name,Зарубати наповал
loc_achievement_ogryn_2_win_with_coherency_all_alive_units_description,Бути в єдності з живим союзником протягом усієї місії на загрозі рівня «Злоба» або вище.
loc_achievement_ogryn_2_win_with_coherency_all_alive_units_description_rework,Бути в єдності з живим союзником {time} часу під час повної місії на загрозі рівня «Злоба» або вище.
loc_achievement_ogryn_2_win_with_coherency_all_alive_units_name,Друзі такі друзі
loc_achievement_ogryn_feel_no_pain_kills_at_max_description,"Убити {target} ворогів, маючи {amount} і більше стаків «нечутливість до болю»."
loc_achievement_ogryn_grenade_frag_group_of_enemies_description,"Однією осколковою бомбою вбити {amount} ворогів, {target} разів."
loc_achievement_ogryn_grenade_frag_group_of_enemies_name,Контроль натовпу
loc_achievement_ogryn_grenade_rock_elites_or_specialists_description,Убити {target} спеціалістів чи елітних супротивників Великим камінчиком дружби.
loc_achievement_ogryn_grenade_rock_elites_or_specialists_name,Хавай оце!
loc_achievement_ogryn_gunner_melee_description,Убити {target} женців у ближньому бою.
loc_achievement_ogryn_gunner_melee_name,Залякати залякувача
loc_achievement_ogryn_gunner_shot_dodged_description,Ухилитися від {target} пострілів Оґринів-женців під час спринту.
loc_achievement_ogryn_gunner_shot_dodged_name,І це все що ти можеш?
loc_achievement_ogryn_kills_during_barrage_threshold_description,"Убити {amount} ворогів, {target} разів, під час однієї активації «постріл впритул»."
loc_achievement_ogryn_kills_during_barrage_threshold_name,Коси і більше не проси
loc_achievement_ogryn_kills_during_max_stacks_heavy_hitter_description,"Убити {target} ворогів важкими атаками, утримуючи 5 накопичень «Міцний лупака»."
loc_achievement_ogryn_kills_during_max_stacks_heavy_hitter_name,Шал
loc_achievement_ogryn_kills_during_max_stacks_heavy_hitter_new_description,"Убити {target} ворогів важкими атаками, маючи максимальну кількість накопичень «Міцний лупака»."
loc_achievement_ogryn_leadbelcher_free_shot_description,Вистрілити {target} безкоштовних набоїв завдяки «перегрів обмежувача черги».
loc_achievement_ogryn_leadbelcher_free_shot_name,Послуга муниторуму
loc_achievement_ogryn_ogryn_feel_no_pain_kills_at_max_name,Не спіймаєш!
loc_achievement_ogryn_taunt_shout_hit_description,Зпровокувати {target} спеціалістів чи елітних ворогів за допомогою вірного захисника
loc_achievement_ogryn_taunt_shout_hit_name,Пошукай когось свого розміру
loc_achievement_ogryn_team_heavy_aura_kills_description,"Убити {target} ворогів важкими атаками під дією аури «Аура кістколама». Убивства важкими атаками, здійснені членами твоєї команди, також зараховуються."
loc_achievement_ogryn_team_heavy_aura_kills_name,Навались!
loc_achievement_ogryn_team_suppressed_aura_kills_description,"Убити {target} пригнічених ворогів під дією аури «Винищення боягузів». Убивства, здійснені будь-яким членом команди під цим ефектом, також зараховуються."
loc_achievement_ogryn_team_suppressed_aura_kills_name,Від нас не сховаєшся!
loc_achievement_ogryn_team_toughness_restored_aura_description,Відновити загалом {target} щитів собі чи союзникам у єдності завдяки «будь поряд».
loc_achievement_ogryn_team_toughness_restored_aura_name,Вірний захисник
loc_achievement_path_of_trust_1_name,Коло довіри (1)
loc_achievement_path_of_trust_2_name,Коло довіри (2)
loc_achievement_path_of_trust_3_name,Коло довіри (3)
loc_achievement_path_of_trust_4_name,Коло довіри (4)
loc_achievement_path_of_trust_5_name,Коло довіри (5)
loc_achievement_path_of_trust_6_name,Коло довіри (6)
loc_achievement_path_of_trust_x_description,Завершити розділ шляху довіри {target}.
loc_achievement_personal_flawless_auric_description,Завершити {target} поспіль хаотичних місій без загибелі.
loc_achievement_personal_flawless_auric_name,Недоторканний оперативник
loc_achievement_pox_hounds_pushed_description,Відштовхнути {target} чумних псів у стрибку. [зараховується лише один раз на кожного чумного пса]
loc_achievement_pox_hounds_pushed_name,Геть від мене!
loc_achievement_primary_weapon_max_expertise_description,Поліпшити основну зброю до рівня {level}.
loc_achievement_primary_weapon_max_expertise_name,Майстер Воєнного Ремесла
loc_achievement_progress,{progress:%d}/{goal:%d}
loc_achievement_prologue_description,Завершити пролог.
loc_achievement_prologue_name,"Не підведи мене, злочинцю"
loc_achievement_psyker_2_easy_1_description,Убити {target} елітних чи спеціалістів ворогів здібністю «вибух мозку».
loc_achievement_psyker_2_easy_1_name,Пріоритезація цілей
loc_achievement_psyker_2_easy_2_description,"Використати «Психокінетичний гнів», щоб пережити перегрів {target} разів."
loc_achievement_psyker_2_easy_2_name,Благословенний долею
loc_achievement_psyker_2_edge_kills_last_2_sec_description,"Убити {target} ворогів протягом {time_window}с, скинувши їх з виступу."
loc_achievement_psyker_2_edge_kills_last_2_sec_name,На краю напруги
loc_achievement_psyker_2_elite_or_special_kills_with_smite_last_10_sec_description,На загрозі рівня «Єресь» убити {target} різних еліти чи спеціалістів здібністю «вибух мозку» протягом {time_window}с.
loc_achievement_psyker_2_elite_or_special_kills_with_smite_last_10_sec_description_rework,На загрозі рівня «Єресь» убити {target} еліти чи спеціалістів здібністю «вибух мозку» протягом {time_window}с.
loc_achievement_psyker_2_elite_or_special_kills_with_smite_last_10_sec_name,Збірна солянка
loc_achievement_psyker_2_hard_1_description,"На загрозі рівня «Єресь» убити {target} чумних псів, мутантів або Скаб-ловців здібністю «вибух мозку» до того, як вони знерухомлять тебе чи союзника."
loc_achievement_psyker_2_hard_1_name,Стріляй швидко
loc_achievement_psyker_2_hard_2_description,"На загрозі рівня «Єресь» завершити {target} повних місій, не отримавши удару в ближньому бою від елітного ворога."
loc_achievement_psyker_2_hard_2_name,Тримай дистанцію
loc_achievement_psyker_2_kill_boss_solo_with_smite_description,"На загрозі рівня «Єресь» убити потвору після того, як пошкодиш {target} її здоров’я здібністю «вибух мозку»."
loc_achievement_psyker_2_kill_boss_solo_with_smite_name,Молот потвор
loc_achievement_psyker_2_kill_boss_solo_with_smite_premade_description,"На загрозі рівня «Єресь» убити потвору після того, як пошкодиш 90% її здоров’я здібністю «вибух мозку». {#color({tag_color_r:%d},{tag_color_g:%d},{tag_color_b:%d})}{description_tag:%s}{#reset()}"
loc_achievement_psyker_2_kill_boss_solo_with_smite_premade_name,"Молот потвор {#color({tag_color_r:%d},{tag_color_g:%d},{tag_color_b:%d})}{name_tag:%s}{#reset()}"
loc_achievement_psyker_2_medium_1_description,"На загрозі рівня «Злоба» убити {target} еліту чи спеціалістів здібністю «вибух мозку», маючи максимум зарядів варпу."
loc_achievement_psyker_2_medium_1_name,Підзарядка
loc_achievement_psyker_2_medium_2_description,На загрозі рівня «Злоба» убити {target} ворогів варповими атаками.
loc_achievement_psyker_2_medium_2_name,Вивільнити варп
loc_achievement_psyker_2_perils_of_the_warp_elite_kills_description,На загрозі рівня «Злоба» убити {target} елітних ворогів одним вибухом перегріву.
loc_achievement_psyker_2_perils_of_the_warp_elite_kills_name,Вибуховий кінець
loc_achievement_psyker_2_smite_hound_mid_leap_description,Убити чумного пса у стрибку здібністю «вибух мозку».
loc_achievement_psyker_2_smite_hound_mid_leap_name,Навіть не близько
loc_achievement_psyker_2_stay_at_max_souls_for_duration_description,На загрозі рівня «Злоба» в одній сесії утримувати максимальні заряди варпу протягом {target}с.
loc_achievement_psyker_2_stay_at_max_souls_for_duration_name,Варп-батарея
loc_achievement_psyker_damage_blocked_with_shield_description,Поглинути {target} шкоди за допомогою телекінетичного щита.
loc_achievement_psyker_damage_blocked_with_shield_name,Егіда розуму
loc_achievement_psyker_elite_or_special_kills_with_assail_description,Убити {target} спеціалістів та еліту здібністю «псайк-кидок».
loc_achievement_psyker_elite_or_special_kills_with_assail_name,Спис розуму
loc_achievement_psyker_kills_during_overcharge_stance_description,Убити {target} ворогів під дією однієї активації «око провидця».
loc_achievement_psyker_kills_during_overcharge_stance_name,Небезпечна зосередженість
loc_achievement_psyker_kills_with_empowered_abilites_description,"Вбити {target} спеціалістів або еліт, використовуючи здібності, посилені підсиленою псіонікою."
loc_achievement_psyker_kills_with_empowered_abilites_name,Майстер псайкани
loc_achievement_psyker_team_cooldown_reduced_description,Відновити твої або союзницькі здібності загалом на {target} секунд швидше під дією аури «Присутність провидця».
loc_achievement_psyker_team_cooldown_reduced_name,Емпіричне відновлення
loc_achievement_psyker_team_critical_hits_description,"Завдати критичного удару {target} ворогам під дією аури  «Провидіння». Критичні удари, завдані будь-яким членом загону під дією ефекту, також зараховуються."
loc_achievement_psyker_team_critical_hits_name,Щасливий удар
loc_achievement_psyker_team_elite_aura_kills_description,"Вбити {target} еліт або спеціалістів під дією аури «Кінетична присутність». Вбивства, здійснені будь-яким членом загону під дією ефекту, також зараховуються."
loc_achievement_psyker_team_elite_aura_kills_name,Пригнічуюча присутність
loc_achievement_psyker_threshold_kills_reached_with_grenade_chain_description,"Вбити {target} ворогів, приголомшених блискавичним розрядом. Вбивства, здійснені твоїми союзниками, також зараховуються."
loc_achievement_psyker_threshold_kills_reached_with_grenade_chain_name,Заряджений метою
loc_achievement_psyker_time_at_max_unnatural_description,Утримувати 15 або більше накопичень розриву долі загалом протягом {target} секунд.
loc_achievement_psyker_time_at_max_unnatural_name,Кинути виклик долі
loc_achievement_rank_adamant_2_x_description,Досягти рівня довіри {target} гараючи за Арбітр.
loc_achievement_rank_adamant_2_x_name,"Клянусь законом, я — Свідок! ({tier})"
loc_achievement_rank_ogryn_2_1_name,Рахунки до зведення (1)
loc_achievement_rank_ogryn_2_2_name,Рахунки до зведення (2)
loc_achievement_rank_ogryn_2_3_name,Рахунки до зведення (3)
loc_achievement_rank_ogryn_2_4_name,Рахунки до зведення (4)
loc_achievement_rank_ogryn_2_5_name,Рахунки до зведення (5)
loc_achievement_rank_ogryn_2_6_name,Рахунки до зведення (6)
loc_achievement_rank_ogryn_2_x_description,Досягти рівня довіри {target} граючи за Оґрина.
loc_achievement_rank_ogryn_2_x_name,Є з ким розібратися ({tier})
loc_achievement_rank_psyker_2_1_name,Розум понад матерію (1)
loc_achievement_rank_psyker_2_2_name,Розум понад матерію (2)
loc_achievement_rank_psyker_2_3_name,Розум понад матерію (3)
loc_achievement_rank_psyker_2_4_name,Розум понад матерію (4)
loc_achievement_rank_psyker_2_5_name,Розум понад матерію (5)
loc_achievement_rank_psyker_2_6_name,Розум понад матерію (6)
loc_achievement_rank_psyker_2_x_description,Досягти рівня довіри {target} граючи за Псайкера.
loc_achievement_rank_psyker_2_x_name,Розум понад матерію ({tier})
loc_achievement_rank_veteran_2_1_name,Я люблю мілітарум! (1)
loc_achievement_rank_veteran_2_2_name,Я люблю мілітарум! (2)
loc_achievement_rank_veteran_2_3_name,Я люблю мілітарум! (3)
loc_achievement_rank_veteran_2_4_name,Я люблю мілітарум! (4)
loc_achievement_rank_veteran_2_5_name,Я люблю мілітарум! (5)
loc_achievement_rank_veteran_2_6_name,Я люблю мілітарум! (6)
loc_achievement_rank_veteran_2_x_description,Досягти рівня довіри {target} граючи за Ветерана.
loc_achievement_rank_veteran_2_x_name,Обожнюю Мілітарум! ({tier})
loc_achievement_rank_zealot_2_1_name,Маніакальний сміх (1)
loc_achievement_rank_zealot_2_2_name,Маніакальний сміх (2)
loc_achievement_rank_zealot_2_3_name,Маніакальний сміх (3)
loc_achievement_rank_zealot_2_4_name,Маніакальний сміх (4)
loc_achievement_rank_zealot_2_5_name,Маніакальний сміх (5)
loc_achievement_rank_zealot_2_6_name,Маніакальний сміх (6)
loc_achievement_rank_zealot_2_x_description,Досягти рівня довіри {target} граючи за Бузувіра.
loc_achievement_rank_zealot_2_x_name,Маніакальний сміх ({tier})
loc_achievement_rank_zealot_3_1_name,Дірява стеля
loc_achievement_rank_zealot_3_2_name,Купівля болота
loc_achievement_rank_zealot_3_3_name,Котяче завзяття
loc_achievement_rank_zealot_3_4_name,Захопливий соняшник
loc_achievement_rank_zealot_3_5_name,Однакове розмаїття
loc_achievement_rank_zealot_3_6_name,Низький бофорт
loc_achievement_rank_zealot_3_x_description,Досягти звання {target} граючи за Бузувіра.
loc_achievement_revive_1_name,Війна не закінчена (1)
loc_achievement_revive_2_name,Війна не закінчена (2)
loc_achievement_revive_3_name,Війна не закінчена (3)
loc_achievement_revive_4_name,Війна не закінчена (4)
loc_achievement_revive_5_name,Війна не закінчена (5)
loc_achievement_revive_all_description,Завершити місію після порятунку щонайменше {target} різних операторів із полону.
loc_achievement_revive_all_name,Нікого не забудемо
loc_achievement_revive_x_description,Врятувати загалом {target} операторів.
loc_achievement_scan_1_name,Практика з ауспексом (1)
loc_achievement_scan_2_name,Практика з ауспексом (2)
loc_achievement_scan_3_name,Практика з ауспексом (3)
loc_achievement_scan_4_name,Практика з ауспексом (4)
loc_achievement_scan_5_name,Практика з ауспексом (5)
loc_achievement_scan_x_description,Просканувати {target} цілей ауспекса.
loc_achievement_secondary_weapon_max_expertise_description,Поліпшити вторинну зброю до рівня {level}.
loc_achievement_secondary_weapon_max_expertise_name,Спеціаліст дальнього бою
loc_achievement_shotgunner_spread_dodged_description,Ухилитися від {target} дробі дробовика. [зараховується лише один раз від кожного Дреґа-Дробостріла чи Скаба-Дробостріла]
loc_achievement_shotgunner_spread_dodged_name,Розсіяти дріб
loc_achievement_slide_dodge_description,"Використати підкат, щоб уникнути атаки ворога."
loc_achievement_slide_dodge_name,Фігура номер чотири
loc_achievement_sniper_dodged_description,Ухилитися від {target} пострілів Снайпера. [зараховується лише один раз від кожного Снайпера]
loc_achievement_sniper_dodged_name,Гострі рефлекси
loc_achievement_subcategory_missions_auric_label,Хаос
loc_achievement_subcategory_missions_dust_label,Пісочний годинник
loc_achievement_subcategory_missions_entertainment_label,Карнавал
loc_achievement_subcategory_missions_general_label,Загальні місії
loc_achievement_subcategory_missions_havoc_label,Божевілля
loc_achievement_subcategory_missions_survival_label,Смертельне випробування
loc_achievement_subcategory_missions_tankfoundry_label,Металфаб 36
loc_achievement_subcategory_missions_throneside_label,Тронсайд
loc_achievement_subcategory_missions_transit_label,Безодня Термінусу
loc_achievement_subcategory_missions_void_label,Міжзонний вакуумний сектор Омега-12
loc_achievement_subcategory_missions_watertown_label,Потік
loc_achievement_subcategory_twins_mission_label,Ортуський наступ
loc_achievement_team_chaos_beast_of_nurgle_slain_no_corruption_description,"Убити звіра Нурґла, щоб жоден член загону не був уражений його скверним блювотинням."
loc_achievement_team_chaos_spawned_killed_no_players_grabbed_description,"Убити породження Хаосу, щоб жоден член загону не був схоплений."
loc_achievement_team_chaos_spawned_killed_no_players_grabbed_name,"Стій подалі, потворо!"
loc_achievement_team_poxburster_damage_avoided_description,"Убити {target} чумовибухачів, таким чином щоб ти чи будь-хто із загону не зазнали шкоди."
loc_achievement_team_poxburster_damage_avoided_name,Воно зараз рвоне!
loc_achievement_team_team_chaos_beast_of_nurgle_slain_no_corruption_name,Благослови тебе
loc_achievement_team_win_without_ally_downed_longer_then_x_description,"Завершити місію командою на загрозі рівня «Єресь» чи вищій, не будучи поваленим більш ніж {downed_times} разів."
loc_achievement_team_win_without_ally_downed_longer_then_x_name,Нема часу стікати кров'ю
loc_achievement_total_blessings_unlocked_description,Відкрий загалом {amount} унікальних Благословень.
loc_achievement_total_blessings_unlocked_name,Благословенне озброєння ({rank})
loc_achievement_total_mastery_description,Досягти загального рівня Майстерності {level}.
loc_achievement_total_mastery_name,Квартирмейстер ({rank})
loc_achievement_total_sprint_dodges_description,"Ухилитися від {target} пострілів, у спринті."
loc_achievement_total_sprint_dodges_name,Зиґ-заґ
loc_achievement_total_syringes_used_description,Використати {target} стимів на собі або союзниках
loc_achievement_total_syringes_used_name,Правильний інструмент для завдання.
loc_achievement_training_grounds_fully_unlocked_description,Повністю розблокувати тренувальні полігони.
loc_achievement_training_grounds_fully_unlocked_name,Готовий до дій!
loc_achievement_trapper_net_dodged_description,Ухилитися від {target} сітей ловця. [зараховується лише один раз від кожного ловця]
loc_achievement_trapper_net_dodged_name,Вислизнути з сітки
loc_achievement_type_1_mission_1_name,Рейдова група (1)
loc_achievement_type_1_mission_2_name,Рейдова група (2)
loc_achievement_type_1_mission_3_name,Рейдова група (3)
loc_achievement_type_1_mission_4_name,Рейдова група (4)
loc_achievement_type_1_mission_5_name,Рейдова група (5)
loc_achievement_type_1_mission_x_description,Завершити {target} місій нальоту.
loc_achievement_type_2_mission_1_name,"Шукати, виявити, знищити (1)"
loc_achievement_type_2_mission_2_name,"Шукати, виявити, знищити(2)"
loc_achievement_type_2_mission_3_name,"Шукати, виявити, знищити (3)"
loc_achievement_type_2_mission_4_name,"Шукати, виявити, знищити (4)"
loc_achievement_type_2_mission_5_name,"Шукати, виявити, знищити (5)"
loc_achievement_type_2_mission_x_description,Завершити {target} місій усунення.
loc_achievement_type_3_mission_1_name,Перевернути верх дном (1)
loc_achievement_type_3_mission_2_name,Перевернути верх дном (2)
loc_achievement_type_3_mission_3_name,Перевернути верх дном(3)
loc_achievement_type_3_mission_4_name,Перевернути верх дном (4)
loc_achievement_type_3_mission_5_name,Перевернути верх дном (5)
loc_achievement_type_3_mission_x_description,Завершити {target} місій розслідування.
loc_achievement_type_4_mission_1_name,Деструктивна поведінка (1)
loc_achievement_type_4_mission_2_name,Деструктивна поведінка (2)
loc_achievement_type_4_mission_3_name,Деструктивна поведінка (3)
loc_achievement_type_4_mission_4_name,Деструктивна поведінка (4)
loc_achievement_type_4_mission_5_name,Деструктивна поведінка (5)
loc_achievement_type_4_mission_x_description,Завершити {target} місій руйнування.
loc_achievement_type_5_mission_1_name,Ударний загін (1)
loc_achievement_type_5_mission_2_name,Ударний загін (2)
loc_achievement_type_5_mission_3_name,Ударний загін (3)
loc_achievement_type_5_mission_4_name,Ударний загін (4)
loc_achievement_type_5_mission_5_name,Ударний загін (5)
loc_achievement_type_5_mission_x_description,Завершити {target} ударних операцій.
loc_achievement_type_6_mission_1_name,Майстер інтриг (1)
loc_achievement_type_6_mission_2_name,Майстер інтриг (2)
loc_achievement_type_6_mission_3_name,Майстер інтриг (3)
loc_achievement_type_6_mission_4_name,Майстер інтриг (4)
loc_achievement_type_6_mission_5_name,Майстер інтриг (5)
loc_achievement_type_6_mission_x_description,Завершити {target} місій шпигунства.
loc_achievement_type_7_mission_1_name,Рука Омнісії (1)
loc_achievement_type_7_mission_2_name,Рука Омнісії (2)
loc_achievement_type_7_mission_3_name,Рука Омнісії (3)
loc_achievement_type_7_mission_4_name,Рука Омнісії (4)
loc_achievement_type_7_mission_5_name,Рука Омнісії (5)
loc_achievement_type_7_mission_x_description,Завершити {target} місій ремонту.
loc_achievement_unlock_contracts_description,Відкрити доступ до Реквізиторіуму Сіра Мелка.
loc_achievement_unlock_contracts_name,"Вітаю, молокососу"
loc_achievement_unlock_crafting_description,Відкрити доступ до святилища Омнісії.
loc_achievement_unlock_crafting_name,Слава Омнісію!
loc_achievement_unlock_gadgets_description,Відкрити свій перший слот для реліквії.
loc_achievement_unlock_gadgets_name,Незважені дрібниці
loc_achievement_veteran_2_easy_1_description,Вбити {target} ворогів пострілами в слабке місце на відстані.
loc_achievement_veteran_2_easy_1_name,Залишайся точним
loc_achievement_veteran_2_easy_2_description,"Поповнити союзникам загалом {target} набоїв, використовуючи Падальника."
loc_achievement_veteran_2_easy_2_name,Постачання союзників
loc_achievement_veteran_2_elite_weakspot_kills_during_volley_fire_alternate_fire_description,"На загрозі рівня «Єресь» чи вище, під час одного використання залпового вогню, вбити {target} підсвічених ворогів, влучаючи в слабкі місця, використовуючи вторинну дію зброї."
loc_achievement_veteran_2_elite_weakspot_kills_during_volley_fire_alternate_fire_name,Снайпер
loc_achievement_veteran_2_hard_1_description,На загрозі рівня «Єресь» чи вище вбити {num_enemies} еліт або спеціалістів під час одного залпового вогню {target} разів.
loc_achievement_veteran_2_hard_1_name,Знайди свої цілі
loc_achievement_veteran_2_hard_2_description,На загрозі рівня «Єресь» чи вище утримувати активним залповий вогонь понад {time} секунд {target} разів.
loc_achievement_veteran_2_hard_2_name,Будь методичним
loc_achievement_veteran_2_kills_with_last_round_in_mag_description,Вбити {target} ворогів останнім набоєм у магазині під час однієї місії на загрозі рівня «Злоба» чи вище.
loc_achievement_veteran_2_kills_with_last_round_in_mag_name,Один у патроннику
loc_achievement_veteran_2_medium_1_description,"На загрозі рівня «Злоба» чи вище вбити {target} ворогів, позначених стійкою ката."
loc_achievement_veteran_2_medium_1_name,Будь насторожі
loc_achievement_veteran_2_medium_2_description,На загрозі рівня «Злоба» чи вище вбити {target} дальнобійних ворогів на відстані понад {distance} метрів.
loc_achievement_veteran_2_medium_2_name,Вогонь у даль
loc_achievement_veteran_2_no_melee_damage_taken_description,"Завершити місію на загрозі рівня «Злоба» чи вище, не зазнавши жодної шкоди у ближньому бою."
loc_achievement_veteran_2_no_melee_damage_taken_name,На варті
loc_achievement_veteran_2_no_missed_shots_empty_ammo_description,Завершити місію на загрозі рівня «Єресь» чи вище без жодного набою і з точністю {accuracy}.
loc_achievement_veteran_2_no_missed_shots_empty_ammo_name,Зроби кожен постріл вартим
loc_achievement_veteran_2_unbounced_grenade_kills_description,Уразити {target} ворогів осколковою гранатою без рикошету.
loc_achievement_veteran_2_unbounced_grenade_kills_name,Довгий кидок
loc_achievement_veteran_2_weakspot_hits_during_volley_fire_alternate_fire_description,"Під час одного використання залпового вогню влучити у слабкі місця ворогів {target} разів, використовуючи вторинну дію зброї, не схибивши жодного пострілу."
loc_achievement_veteran_2_weakspot_hits_during_volley_fire_alternate_fire_name,Позначений на смерть
loc_achievement_veteran_enemies_killed_with_max_focus_fire_description,Убити {target} ворогів із 10 чи більше накопиченнями фокусу стрільця.
loc_achievement_veteran_enemies_killed_with_max_focus_fire_name,Постріл напоготові
loc_achievement_veteran_infiltrate_supress_description,"Пригнічити {target} ворогів, використовуючи проникнення."
loc_achievement_veteran_infiltrate_supress_name,Невидимий хижак
loc_achievement_veteran_kills_with_improved_tag_description,"Убити {target} ворогів, позначених ціллю фокусу!"
loc_achievement_veteran_kills_with_improved_tag_name,Солдате зосередитись!
loc_achievement_veteran_krak_grenade_kills_description,"Убити {target} броньованих ворогів, використовуючи крак-гранати."
loc_achievement_veteran_krak_grenade_kills_name,Бронебій
loc_achievement_veteran_smoke_grenade_engulfed_description,"Окутати {target} ворогів димом, використовуючи димову гранату."
loc_achievement_veteran_smoke_grenade_engulfed_name,Димова завіса
loc_achievement_veteran_team_damage_amplified_description,"Убити {target} ворогів під дією аури «Бойовий розрахунок». Убивства, здійснені будь-яким членом загону під цим ефектом, також зараховуються."
loc_achievement_veteran_team_damage_amplified_name,Змести і зачисти
loc_achievement_veteran_team_movement_amplifed_description,Переміститись загалом на {target} метрів у єдності з членами загону під дією аури «Зблизитись та вбити».
loc_achievement_veteran_team_movement_amplifed_name,Зберись
loc_achievement_veteran_voice_of_command_toughness_given_description,"Відновити собі {target} щитів, використовуючи голос наказу."
loc_achievement_veteran_voice_of_command_toughness_given_name,Вставай і бийся!
loc_achievement_veteran_weapon_switch_passive_keystone_kills_description,"Убити {target} спеціалістів або еліт критичними пострілами в слабкі місця, коли активний зброяр-спеціаліст."
loc_achievement_veteran_weapon_switch_passive_keystone_kills_name,Досвідчений вбивця
loc_achievement_zealot_2_easy_1_description,"Приголомшити {target} ворогів, використовуючи світлошумові гранати."
loc_achievement_zealot_2_easy_1_name,Контроль натовпу
loc_achievement_zealot_2_easy_2_description,"Відновити {target} щитів, використовуючи кару грішників."
loc_achievement_zealot_2_easy_2_name,Будь сильним
loc_achievement_zealot_2_hard_1_description,На загрозі рівня «Єресь» чи вище вбити {target} еліти або спеціалістів посиленими атаками в ближньому бою (ланцюговою чи силовою зброєю).
loc_achievement_zealot_2_hard_1_name,Оволодій своїм знаряддям
loc_achievement_zealot_2_hard_2_description,"На загрозі рівня «Єресь» чи вище, використовуючи кару грішників, рвонути до цілі з дальньою зброєю {target} разів."
loc_achievement_zealot_2_hard_2_name,Май віру
loc_achievement_zealot_2_healed_up_after_resisting_death_description,"На загрозі рівня «Єресь» чи вище зцілити {target} здоров’я, використовуючи талант святий ревенант."
loc_achievement_zealot_2_healed_up_after_resisting_death_name,"Немає нічого, крім прірви..."
loc_achievement_zealot_2_health_on_last_segment_enough_during_mission_description,"Завершити місію на загрозі рівня «Єресь» чи вище менш ніж за {time_window} хвилин, маючи менше ніж одне поранення здоров’я протягом {health}% часу."
loc_achievement_zealot_2_health_on_last_segment_enough_during_mission_name,Лише подряпина
loc_achievement_zealot_2_health_on_last_segment_enough_during_mission_premade_description,"Завершити місію на загрозі рівня «Єресь» чи вище менш ніж за {time_window} хвилин, маючи менше ніж одне поранення здоров’я протягом {health}% часу. {#color({tag_color_r:%d},{tag_color_g:%d},{tag_color_b:%d})}{description_tag:%s}{#reset()}"
loc_achievement_zealot_2_health_on_last_segment_enough_during_mission_premade_name,"Лише подряпина {#color({tag_color_r:%d},{tag_color_g:%d},{tag_color_b:%d})}{name_tag:%s}{#reset()}"
loc_achievement_zealot_2_kills_of_shocked_enemies_last_15_description,"На загрозі рівня «Злоба» чи вище вбити {target} ворогів, приголомшених твоїми гранатами, протягом {time_window}с."
loc_achievement_zealot_2_kills_of_shocked_enemies_last_15_name,Шокуюючі речі
loc_achievement_zealot_2_medium_1_description,На загрозі рівня «Злоба» чи вище вбити {target} приголомшених ворогів критичними ударами.
loc_achievement_zealot_2_medium_1_name,Знайди їхню слабкість
loc_achievement_zealot_2_medium_2_description,"На загрозі рівня «Злоба» чи вище вбити {target} ворогів атаками в ближньому бою, маючи щонайменше {stacks} накопичень мучеництва."
loc_achievement_zealot_2_medium_2_name,Спрямуй свій гнів
loc_achievement_zealot_2_not_use_ranged_attacks_description,"Завершити місію на загрозі рівня «Злоба» чи вище, не зробивши жодного пострілу."
loc_achievement_zealot_2_not_use_ranged_attacks_name,Віч-на-віч
loc_achievement_zealot_2_stagger_sniper_with_grenade_distance_description,"Використовуючи світлошумову гранату, уразити ворожого Снайпера на відстані понад {target} метрів."
loc_achievement_zealot_2_stagger_sniper_with_grenade_distance_name,Купити час
loc_achievement_zealot_aura_backstab_kills_while_alone_description,"Убити {target} дальнобійних ворогів ворогів ударом у спину, перебуваючи поза єдністю та під дією здібності самітник."
loc_achievement_zealot_aura_backstab_kills_while_alone_name,У ворожих рядах
loc_achievement_zealot_aura_corruption_healed_description,Зцілити {target} шкоди від погані союзникам у єдності під дією аури «Маяк чистоти».
loc_achievement_zealot_aura_corruption_healed_name,Вір в Імператора
loc_achievement_zealot_aura_stamina_kills_description,"Убити {target} ворогів під дією аури «Ревний». Убивства, здійснені союзниками в когерентності з тобою, також зараховуються."
loc_achievement_zealot_aura_toughness_damage_reduced_description,Зменшити союзникам загалом {target} шкоди щитів у єдності під дією аури «Благословення».
loc_achievement_zealot_aura_toughness_damage_reduced_name,Випробування віри
loc_achievement_zealot_elite_or_special_kills_during_fanatic_rage_description,Убити {target} ворогів у стані люті.
loc_achievement_zealot_elite_or_special_kills_during_fanatic_rage_name,Праведний гнів
loc_achievement_zealot_elite_or_special_kills_with_blade_of_faith_description,"Убити {target} спеціалістів та еліт, використовуючи клинки віри."
loc_achievement_zealot_elite_or_special_kills_with_blade_of_faith_name,Нехай буде благословенна твоя рука
loc_achievement_zealot_elite_or_special_kills_with_shroudfield_description,"Убити {target} спеціалістів або еліт ударом у спину, використовуючи поле покрову."
loc_achievement_zealot_elite_or_special_kills_with_shroudfield_name,Невидимий вбивця
loc_achievement_zealot_kills_during_movement_keystone_activated_description,"Убити {target} спеціалістів та еліт, маючи 15 чи більше накопичень невблаганного суду."
loc_achievement_zealot_kills_during_movement_keystone_activated_name,Смертоносне переслідування
loc_achievement_zealot_kills_with_fire_grenade_description,"Спалити {target} ворогів, використовуючи гранату спалення."
loc_achievement_zealot_kills_with_fire_grenade_name,Очищувальне полум’я
loc_achievement_zealot_team_toughness_restored_with_chorus_description,"Відновити {target} щитів іншим гравцям, використовуючи хор духовної міцності."
loc_achievement_zealot_team_toughness_restored_with_chorus_name,Натхненне красномовство
loc_achievement_zelot_2_kill_mutant_charger_with_melee_while_dashing_description,Під час ривку зі здібністю кара грішників вбити мутанта атакою в ближньому бою.
loc_achievement_zelot_2_kill_mutant_charger_with_melee_while_dashing_name,Відцурайся мутанта
loc_achievement_zone_mission_destructibles_description,Знищити {target} ідолів єресі у межах {zone_name}.
loc_achievement_zone_mission_destructibles_name,{zone_name} очищення нечистих
loc_achievement_zone_mission_x_description,Завершити {target} місій у {zone_name}
loc_achievement_zone_mission_x_name,{zone_name} тур служби
loc_achievement_zone_wide_completion_description,Завершити такі покути в {zone_name}.
loc_achievement_zone_wide_completion_name,"Прийшов, побачив, переміг! {zone_name}"
loc_achievements_menu_time_trial_progress,Найкращий час: {min:%02d}:{sec:%02d}
loc_achievements_view_button_hint_favorite_achievement,Відстежити
loc_achievements_view_button_hint_fold_achievement,Згорнути
loc_achievements_view_button_hint_fold_category,Категорія згортання
loc_achievements_view_button_hint_unfavorite_achievement,Скасувати відстеження
loc_achievements_view_button_hint_unfold_achievement,Розгорнути
loc_achievements_view_button_hint_unfold_category,Категорія розгортання
loc_achievements_view_display_name,Покути
loc_achievements_view_family_label,Поріг
loc_achievements_view_family_reward_label,Поріг {step%d} нагорода
loc_achievements_view_num_completed,{completed:%d}/{total:%d} виконано
loc_achievements_view_reward_label,Нагорода
loc_achievements_view_score,{score}
loc_achievements_view_summary,Підсумки
loc_achievements_view_summary_completed,Нещодавно виконано
loc_achievements_view_summary_empty_favorite,"Покути, позначені для відстеження, будуть показані тут. Їх можна побачити, використовуючи тактичне вид під час місій."
loc_achievements_view_summary_favorite,Відстежується {current:%d}/{cap:%d}
loc_achievements_view_summary_near_completed,Майже готово
loc_achievements_view_total_score,{score}
loc_acquire_storage_failed_desc,Не вдалося отримати сховище
loc_action_go_to,Перейти
loc_action_interact_start,Почати
loc_action_interaction_access,Доступ
loc_action_interaction_activate,Активувати
loc_action_interaction_already_in_use,Вже використовується
loc_action_interaction_ascend,Підійматися
loc_action_interaction_authenticate,Автентифікувати
loc_action_interaction_call,Викликати
loc_action_interaction_close,Закрити
loc_action_interaction_coming_soon,Скоро відкриється!
loc_action_interaction_decend,Спуститись
loc_action_interaction_decode,Перезапустити
loc_action_interaction_disable,Вимкнути
loc_action_interaction_extend,Розширити
loc_action_interaction_generic_missing_players,Не всі оперативники
loc_action_interaction_help,Допомога
loc_action_interaction_ignite,Підпалити.
loc_action_interaction_inactive_ammo_full,Набої на максимумі
loc_action_interaction_inactive_grenades_full,Гранати на максимумі
loc_action_interaction_inactive_grimore_equipped,Ґримоар екіпіровано
loc_action_interaction_inactive_no_ammo,Неможливо використати набої
loc_action_interaction_inactive_no_grenades,Неможливо використати гранати
loc_action_interaction_inactive_platform_hostiles_onboard,Вороги на борту
loc_action_interaction_inactive_platform_missing_players,Не всі оперативники на борту
loc_action_interaction_inactive_pocketable_equipped,Вже екіпіровано
loc_action_interaction_insert,Вставити
loc_action_interaction_locked,Заблоковано
loc_action_interaction_lower,Опустити
loc_action_interaction_open,Відкрити
loc_action_interaction_pickup,Підняти
loc_action_interaction_place,Розмістити
loc_action_interaction_plant,Закласти
loc_action_interaction_player_being_helped,Гравцеві вже допомагають
loc_action_interaction_press,Натиснути
loc_action_interaction_pull,Тягнути
loc_action_interaction_purge,Очистити
loc_action_interaction_realign,Вирівняти
loc_action_interaction_redirect,Перенаправити
loc_action_interaction_rescue,Врятувати
loc_action_interaction_retrieve,Вилучити
loc_action_interaction_revive,Відродити
loc_action_interaction_rotate,Обертати
loc_action_interaction_send,Надіслати
loc_action_interaction_setup_biotic_probe,Біотичний Зонд
loc_action_interaction_setup_breach_charge,Підривний заряд
loc_action_interaction_setup_decode,Зчитувач даних
loc_action_interaction_setup_decode_raid_endevent,Вимкнути рефракторне поле
loc_action_interaction_setup_decode_raid_midevent,Отримати доступ до вентиляційної системи
loc_action_interaction_show,Показати
loc_action_interaction_stolen_rations_destroy,Знищити  
loc_action_interaction_stolen_rations_recover,Повернути  
loc_action_interaction_turn,Повернути
loc_action_interaction_unlock,Розблокувати
loc_action_interaction_use,Використати
loc_action_interaction_view,Переглянути
loc_advanced_training_title,Додаткове навчання
loc_alias_talent_builder_view_hotkey_summary,Переглянути повну збірку
loc_alias_talent_builder_view_popup_title_summary,Повна збірка
loc_alias_talent_builder_view_title_summary,Класові таланти
loc_alias_view_back,Назад
loc_alias_view_close_view,Закрити
loc_alias_view_confirm,Підтвердити
loc_alias_view_hotkey_character_delete,Видалити оперативника
loc_alias_view_hotkey_inventory,Переглянути озброєння
loc_alias_view_hotkey_item_customize,Налаштувати предмет
loc_alias_view_hotkey_item_discard,Відкинути предмет
loc_alias_view_hotkey_item_inspect,Оглянути предмет
loc_alias_view_hotkey_loadout,Переглянути спорядження
loc_alias_view_hotkey_menu_special_1,Основна дія меню
loc_alias_view_hotkey_menu_special_2,Вторинна дія меню
loc_alias_view_hotkey_system,Переглянути налаштування
loc_alias_view_left,Ліворуч
loc_alias_view_navigate_controller,Навігація ґеймпадом
loc_alias_view_navigate_controller_right,Ґеймпад праворуч
loc_alias_view_navigate_down,Униз
loc_alias_view_navigate_left,Ліворуч
loc_alias_view_navigate_primary_left,Вкладка ліворуч
loc_alias_view_navigate_primary_right,Вкладка праворуч
loc_alias_view_navigate_right,Праворуч
loc_alias_view_navigate_secondary_down,Навігація вниз
loc_alias_view_navigate_secondary_left,Навігація вліво
loc_alias_view_navigate_secondary_right,Навігація вправо
loc_alias_view_navigate_secondary_up,Навігація вгору
loc_alias_view_navigate_up,Вгору
loc_alias_view_next,Далі
loc_alias_view_open_chat,Відкрити чат
loc_alias_view_right,Праворуч
loc_alias_view_secondary_action,Додаткова дія
loc_alias_view_show_chat,Показати чат
loc_ally_unlocked_penance,{player_name} виконав {achievement_name}
loc_ammocrate_input_description_deploy,Розгорнути
loc_ammocrate_input_description_push,Штовхнути
loc_archetype_career_veteran_ranger_description,"Як Ветеран ти спеціалізуєшся на навичках із дальнього бою. Чи то робиш кожен постріл вартим, чи поливаєш ворога шквалом куль — ти перестріляєш будь-якого єретика."
loc_archetype_specialization_ogryn_2,Черепотрощитель
loc_archetype_specialization_ogryn_2_description,"Тонкощі не входять до обмеженого словника черепотрощителя. Ти віддаєш перевагу тому, щоб стрімголов рватися у бій, вбиваючи свою ціль у землю, покладаючись на вроджену фізичну міць, аби відкинути неминучий контрнапад."
loc_archetype_specialization_ogryn_2_description_short,"Ближній бій, міцність, ривок"
loc_archetype_specialization_veteran_2,Снайпер
loc_archetype_specialization_veteran_2_description_short,"Дальній бій, точність, тактика"
loc_archetype_specialization_zealot_maniac,Проповідник
loc_archetype_specialization_zealot_maniac_description,"Тебе не хвилює, чи житимеш ти чи впадеш, якщо ворог буде знищений в ім’я бого-Імператора. Як проповідник, ти зміцнюєшся у вірі, коли тіло твоє виснажується, наділяючи удари святим гнівом. Твоя сила походить не від крихкої плоті, а від екстазу праведної, кривавої перемоги!"
loc_archetype_specialization_zealot_maniac_description_short,"Ближній бій, висока шкода, ривок"
loc_armor,Броня
loc_armor_desc,"Використовувати бронебійну зброю і атаки, щоб завдати шкоди {#color(216,237,190)}броньованим{#reset()} ворогам."
loc_armor_objective_1,Перемогти броньованого ворога
loc_armor_objective_2,Завдати шкоди ворогові в панцерній броні важкими атаками
loc_attack_ragdolls_enabled,Взаємодія з трупами
loc_attack_ragdolls_enabled_mouseover,Гравці можуть взаємодіяти з тілами/трупами ворогів.
loc_audio_volume_settings_dialogue,Гучність діалогів
loc_auspex_input_description_hack_cancel,Скасувати
loc_auspex_input_description_hack_confirm,Підтвердити
loc_auspex_input_description_hack_move,Рухатись
loc_auspex_input_description_hack_move_keyboard,$INGAME_INPUT:keyboard_move_forward$$INGAME_INPUT:keyboard_move_left$$INGAME_INPUT:keyboard_move_backward$$INGAME_INPUT:keyboard_move_right$$INGAME_INPUT:move_controller$ Move
loc_auspex_input_description_scan_push,Штовхнути
loc_auspex_input_description_scan_scan_environment,Сканувати довкілля
loc_auspex_input_description_scan_scan_target,Сканувати ціль
loc_auspex_input_description_scan_wield_scanner,Використати ауспекс
loc_barber_vendor_confirm_button,Підтвердити
loc_barber_vendor_view_intro_description,"Готовий до нового вигляду? Сідай, і подивимось, що ми можемо зробити..."
loc_barber_vendor_view_intro_title,Цирульник-хірург
loc_barber_vendor_view_option_mindwipe,"Стерти особистість {#color(246,189,69)}50000{#reset()}"
loc_barber_vendor_view_option_modify,Змінити зовнішність
loc_barber_vendor_view_option_modify_companion_dog,Змінити зовнішність кібер-мастифа
loc_barrel_grounds_event_name,Підпалити запал!
loc_basic_ranged_objective_1,Вбити єретиків
loc_basic_ranged_objective_2,Завдати пострілів у голову
loc_basic_ranged_objective_3,Перезарядити зброю
loc_basic_reload_input,Перезарядити
loc_basic_training_title,Базове тренування
loc_block,Заблокувати
loc_blocking_player,Ви блокуєте цього гравця
loc_blood_decals_enabled,Криваві декалі
loc_blood_decals_enabled_mouseover,"Криваві декалі з’являються там, де частини тіл торкаються підлоги і стін. Краплі крові залишаються, коли уражені вороги отримують вихідні рани."
loc_body_height,Зріст
loc_body_shop_view_display_name,Цирульник-хірург
loc_body_tattoo,Татуювання тіла
loc_bot_tag,Бот
loc_breed_display_name_chaos_beast_of_nurgle,Звір Нурґла
loc_breed_display_name_chaos_daemonhost,Демононосій
loc_breed_display_name_chaos_hound,Чумна гонча
loc_breed_display_name_chaos_lesser_mutated_poxwalker,Мутований Чумоходець
loc_breed_display_name_chaos_mutated_poxwalker,Чумоходець зі щупальцями
loc_breed_display_name_chaos_newly_infected,Хрипун
loc_breed_display_name_chaos_ogryn_bulwark,Щитоносець
loc_breed_display_name_chaos_ogryn_executor,Крушитель
loc_breed_display_name_chaos_ogryn_gunner,Жнець
loc_breed_display_name_chaos_plage_ogryn,Чумний Оґрин
loc_breed_display_name_chaos_plague_ogryn_sprayer,Токсичний Оґрин
loc_breed_display_name_chaos_poxwalker,Чумоходець
loc_breed_display_name_chaos_poxwalker_bomber,Чумовибухач
loc_breed_display_name_chaos_spawn,Породження Хаосу
loc_breed_display_name_cultist_assault,Дреґ-Сталкер
loc_breed_display_name_cultist_berzerker,Дреґ-Берсерк
loc_breed_display_name_cultist_captain,Чемпіон покарання
loc_breed_display_name_cultist_flamer,Дреґ-Токсометник
loc_breed_display_name_cultist_grenadier,Дреґ-Токсобомбер
loc_breed_display_name_cultist_gunner,Дреґ-Кулеметник
loc_breed_display_name_cultist_melee,Дреґ-Громило
loc_breed_display_name_cultist_mutant,Мутант
loc_breed_display_name_cultist_ritualist,Дреґ-ритуаліст  
loc_breed_display_name_cultist_shocktrooper,Дреґ-Дробостріл
loc_breed_display_name_renegade_assault,Скаб-Сталкер
loc_breed_display_name_renegade_berzerker,Скаб-Берсерк
loc_breed_display_name_renegade_captain,Скаб-Капітан
loc_breed_display_name_renegade_executor,Скаб-Трощитель
loc_breed_display_name_renegade_flamer,Скаб-Вогнеметник
loc_breed_display_name_renegade_grenadier,Скаб-Бомбер
loc_breed_display_name_renegade_gunner,Скаб-Кулеметник
loc_breed_display_name_renegade_melee,Скаб-Громило
loc_breed_display_name_renegade_netgunner,Скаб-Ловець
loc_breed_display_name_renegade_plasma_gunner,Скаб-Плазмостріл
loc_breed_display_name_renegade_radio_operator,Скаб-Радіооператор
loc_breed_display_name_renegade_rifleman,Скаб-Стрілець
loc_breed_display_name_renegade_shocktrooper,Скаб-Дробостріл
loc_breed_display_name_renegade_sniper,Скаб-Снайпер
loc_breed_display_name_renegade_twin_captain,Родін Карнак
loc_breed_display_name_renegade_twin_captain_two,Рінда Карнак
loc_brightness_gamma_title,Яскравість
loc_button_barber_confirm,Завершити
loc_button_hold_description,Утримувати для активації
loc_cancel,Скасувати
loc_chain_light,Серія атак
loc_chaos_armored_infected_breed_name,Броньований Хрипун
loc_character_backstory_selection,Обрати
loc_character_backstory_snippet,"Ти перебуваєш на борту танкред-бастіону, прямуючи до Атома-прайм."
loc_character_backstory_snippet_mindwipe,Ти вже ніколи не будеш таким як був
loc_character_birthplace_planet_01_description,"Квітучий індустріальний світ, бранкс магна — найгустіше заселений у Моебіанському домініоні, його мільярди мешканців вдень і вночі працюють на виробничих комплексах, що простягаються через континенти."
loc_character_birthplace_planet_01_description_snippet,Ти народився на бранкс магна.
loc_character_birthplace_planet_01_name,Бранкс магна
loc_character_birthplace_planet_02_description,"Визнаний «другим світом» Моебіанського домініону, круціс є великим храм-світом і популярним місцем паломництв."
loc_character_birthplace_planet_02_description_snippet,Ти народився на круцісі.
loc_character_birthplace_planet_02_name,Круціс
loc_character_birthplace_planet_03_description,"Маленький, похмурий шахтарський світ, відомий своїми пекельними умовами, що виховали прославлений витривалий і суворий люд."
loc_character_birthplace_planet_03_description_snippet,Ти народився на морнаксі.
loc_character_birthplace_planet_03_name,Морнакс
loc_character_birthplace_planet_04_description,"Океанічний світ, населення інкрону живе на гігантських вуликах-островах. Інкрон — головний військово-морський депо Моебіанського домініону."
loc_character_birthplace_planet_04_description_snippet,Ти народився на інкроні.
loc_character_birthplace_planet_04_name,Інкрон
loc_character_birthplace_planet_05_description,"Невеликий аграрний світ, що вирощує інтенсивно оброблювані й масово збирані зернові культури. Роцірійців часто висміюють, вважаючи «відсталими» серед інших Моебіанців, проте вони працьовиті й чесні до самозречення."
loc_character_birthplace_planet_05_description_snippet,Ти народився на роцірії.
loc_character_birthplace_planet_05_name,Роцірія
loc_character_birthplace_planet_06_description,"Відносно нещодавно колонізований, павана вже є самодостатнім світом, багатим на природні ресурси, населення якого швидко зростає."
loc_character_birthplace_planet_06_description_snippet,Ти народився на павані.
loc_character_birthplace_planet_06_name,Павана
loc_character_birthplace_planet_07_description,"Колись найвідоміший фортеця-світ Імперіуму, його падіння ознаменувало початок ери індомітус – темного Імперіуму."
loc_character_birthplace_planet_07_description_snippet,Ти народився на кадії.
loc_character_birthplace_planet_07_name,Кадія
loc_character_birthplace_planet_08_description,"Густолісний місяць, що слугує невеликим храм-світом. Месселіна глоріана має мало ресурсів і низьке населення, проте є стратегічно важливою після падіння сусіднього комаріса."
loc_character_birthplace_planet_08_description_snippet,Ти народився на месселіні глоріані.
loc_character_birthplace_planet_08_name,Месселіна глоріана
loc_character_birthplace_planet_title_name,Рідний світ
loc_character_childhood_01_description,"Сироти Імперіуму, проже́на отримують виховання, якого більше ніде не знайдеш, у школі прогенум. Там вони вчаться дисципліні, силі волі й ненависті до зрадника, готуючись до життя на службі бого-Імператору."
loc_character_childhood_01_description_snippet,"Перспективний нащадок імперського офіцера, убитого в бою, ти виховувався у школі прогенум, де навчився бути безкомпромісним воїном Імперіуму."
loc_character_childhood_01_name,Прогена
loc_character_childhood_02_description,"Вуличні щурі вуликів — сироти, що виживають серед житлових блоків, заробляючи мізер на різних роботах: крадії, бігуни для місцевих банд, сміттєрі й шукачі покидьків."
loc_character_childhood_02_description_snippet,"Осиротівши змалку, твоєю єдиною родиною була зграя підлітків, що виживала як лазунці вентиляціями в пошуках харчових решток."
loc_character_childhood_02_name,Вуличний щур вулика
loc_character_childhood_03_description,"Водоростеві ферми розкидані по всьому Імперіуму, вирощуючи величезні маси слизуватої рослинної субстанції у промислових чанах. Після обробки водорості забезпечують рясне — хай і гидке на смак — джерело харчування для зростаючого Імперіуму."
loc_character_childhood_03_description_snippet,"Ти провів свої формувальні роки, очищаючи смердючі баки з водоростями, рідко виходячи за межі величезного синті-комплексу."
loc_character_childhood_03_name,Фермер водоростей
loc_character_childhood_04_description,"Імперський флот забезпечує підтримку армій Імперіуму. Хоча його пілоти, Капітани й адмірали часто здобувають славу та героїзм у далеких війнах, основою naVIs imperialis є справжні легіони «нерейтингових» робітників, що обслуговують космічні доки, камбу́зи й трюми по всій галактиці."
loc_character_childhood_04_description_snippet,"Ти провів юність як загнаний у рекрути чорнороб у імперському флоті, рідко ступаючи на поверхню планет."
loc_character_childhood_04_name,Рекрут naVIs imperialis
loc_character_childhood_05_description,"Місце в імперському сиротинці коштує недешево. Тих сиріт, яких визнали придатними й здатними, часто відправляють у шахти, де вони гнуться на виснажливій роботі, аби відпрацювати борги перед своїми «щедрими» доброчинцями."
loc_character_childhood_05_description_snippet,"Ти провів свої ранні роки у шахтах, виснажуючись на «славних» завданнях на кшталт дроблення шлаку чи штовхання візків."
loc_character_childhood_05_name,Раб шахти
loc_character_childhood_06_description,"Загнані юнаки планетарної міліції рідко здобувають будь-яке звання чи славу. Якщо пощастить, вони навчаться бодай кільком навичкам виживання, служачи бігунами в окопах чи «мавпами боєзапасу»."
loc_character_childhood_06_description_snippet,"Як і багато підлітків-вуликів, тебе змалку призвали до служби в місцевій міліції на чорнових ролях."
loc_character_childhood_06_name,Прислужник міліції
loc_character_childhood_07_description,"Займаючи найнижчу сходинку на фабрикумній драбині, тяглові робітники — це чорнороби, чия праця обіцяє виснажливі зміни та невдячну працю в обмін на трохи пайка і безпечне місце для сну."
loc_character_childhood_07_description_snippet,"Як і багато твоїх товаришів, ти провів свої формувальні роки у фабрикумі, виконуючи кожну чорнову роль — від крутильника до прибирача вентиляцій."
loc_character_childhood_07_name,Тягловий робітник
loc_character_childhood_08_description,"Розводжені по всьому Імперіуму як безцінна худоба, ґрокси — великі, вперті та відомо агресивні громили, які часто кидаються на власних наглядачів. Тож їх мають пасти сміливі (або безрозсудні) «підганяльники», чиє життя зазвичай коротке."
loc_character_childhood_08_description_snippet,"Ти провів свої роки становлення як ґрокс-підганяльник, женучи тварюк на бійню й водночас намагаючись не бути роздертим чи затоптаним."
loc_character_childhood_08_name,Ґрокс-підганяльник
loc_character_childhood_09_description,"Лише небагато світів-вуликів здатні самостійно прогодувати своє населення, і тому обов’язок забезпечення їжею для незліченних мільярдів Імперіуму лягає на агросвіти, де вся поверхня планети присвячена вирощуванню культур або розведенню худоби у немислимих масштабах."
loc_character_childhood_09_description_snippet,"У юності ти провів кілька років як агро-робітник, працюючи на безкраїх зернових полях, аби виконати майже нездійсненні норми."
loc_character_childhood_09_name,Агро-робітник
loc_character_childhood_10_description,"Моебіанська храмова варта — релігійно фанатична, ксенофобська міліція, що присягнула захищати настанови й храми святої Месселіни до самої смерті."
loc_character_childhood_10_description_snippet,"У ранньому віці ти пережив ритуал кривавого трону, щоб приєднатися до секти міліції еклезіархії, знаної як нащадки Імператора. Посвячених у цю справу зустрічали суворо, але всі труднощі лише загартували твою віру та витривалість."
loc_character_childhood_10_name,Моебіанський храмовий вартовий
loc_character_childhood_11_description,"Учень у чинбарській справі має навчитись здирати шкіру та хімічно обробляти шкури різного гігантського падла, аби створювати шкіру. Це важка, нудотна робота, але вона виховує ремісників із проникливим оком… і міцним шлунком."
loc_character_childhood_11_description_snippet,"У юності тебе взяли в учні до вуличного чинбаря, і ти проводив безліч годин, здираючи шкіру з велетенських пацюків із відстійників під пильним наглядом майстра."
loc_character_childhood_11_name,Учень-смердошкур
loc_character_childhood_12_description,"Доторкані безліччю паломників, статуї, вівтарі, релікварії та шановані предмети храм-світу потребують постійного догляду. Місцевих дітей регулярно віддають на рутинне очищення цих величезних ідолів, а батьки й сиротинці вірять, що близькість до святих образів може бути лише корисною."
loc_character_childhood_12_description_snippet,"Озброєні ганчір’ям і відрами з хім-очисником, строкаті зграї юнаків мають відтирати брудні сліди паломників або дертися на величезні висоти, щоб очистити помазані голови висічених героїв. Таку роботу називають по-різному, зокрема й «святочищ», термін, якого ніколи не вживають у присутності священика."
loc_character_childhood_12_name,Святий чистильник
loc_character_childhood_13_description,"Більшість питної води світу-вулика імпортується з агросвітів, але доповнюється гігантськими станціями-очисниками, які збирають воду з підземних потоків, забруднених річок чи атмосферних конденсаторів. З огляду на надзвичайно високий рівень радіації й промислового забруднення на поверхні, очисники працюють без упину, щоб забезпечити прийнятні показники токсичності води."
loc_character_childhood_13_description_snippet,"У дитинстві тебе закріпили за робочими групами, які пробиралися вузькими каналами станцій-очисників, очищаючи вентиляційні фільтри від накопиченого токсичного мулу."
loc_character_childhood_13_name,Очисник-фільтратор
loc_character_childhood_14_description,"Ще не до кінця вирослі й здатні прослизати крізь вузькі проходи, юнаки-вуликів чудово підходять на роль тунельних вартових у шахтах. Це небезпечна праця, і каліцтва чи смерть трапляються надто часто."
loc_character_childhood_14_description_snippet,"У свої ранні роки ти був тунельним вартовим у шахтах, виконуючи завдання від передачі повідомлень до стеження за обвалами чи набігами амбулів."
loc_character_childhood_14_name,Тунельний вартовий
loc_character_childhood_15_description,"Попри рясні запаси риби, вихід у води небезпечний, адже серед плавучого сміття кишать численні надзвичайно агресивні хижаки, завжди готові відкусити шматок необережному рибалці."
loc_character_childhood_15_description_snippet,"Як і багато інших у цьому регіоні, ти провів свої ранні роки, долаючи токсичні гаванські води, збираючи мулових вусоногів і крабів-бритвенців."
loc_character_childhood_15_name,Прибійний збирач
loc_character_childhood_16_description,Народитися на фортеця-світі означає з наймолодшого віку бути втягнутим у мілітаризоване життя. На таких планетах навчання й озброєння солдатів стоїть понад усе.
loc_character_childhood_16_description_snippet,"Як і безліч інших, ти з юності працював у зброярському мануфакторумі. Між виснажливими змінами ти тренувався, аби приєднатися до міліції."
loc_character_childhood_16_name,Захисник
loc_character_childhood_17_description,"Найрозгалуженіший з усіх органів, adeptus administratum є бюрократичним монолітом, складеним із незліченних дрібніших відділів, відповідальних за управління Імперіумом."
loc_character_childhood_17_description_snippet,З раннього віку ти почав опановувати числобійний лексикон дата-писарів в офісах adeptus administratum.
loc_character_childhood_17_name,Учень-писар
loc_character_childhood_18_description,"Муловий п’явка — хижий черв, що процвітає у забрудненій, солонуватій воді. Він має фармацевтичну цінність, хоча найбідніші громади також збирають його на їжу."
loc_character_childhood_18_description_snippet,"У юності тебе забрали служити збирачем п’явок — живою приманкою, яку кидали в заражені води, а потім витягали назад і болісно очищували від п’явок електро-підганяльником."
loc_character_childhood_18_name,Збирач п’явок
loc_character_childhood_title_name,Дитинство
loc_character_class_ogryn,Оґрин
loc_character_class_psyker,Псайкер
loc_character_class_veteran,Ветеран
loc_character_class_zealot,Бузувір
loc_character_commendations_01_description,"Завдання загону було чітким: захопити зрадника Вульфера, страчити його лейтенантів. Проте, схоже, зрадники сплутали свої ауспекси та ауґури. Основна місія завершилася успішно — Вульфера було доставлено на в’язничний ковчег бастіону танкред для етапування на Атому задля суду, — але чимало його лейтенантів утекли."
loc_character_commendations_01_name,Карательний загін EO-K127
loc_character_commendations_02_description,"Початкове розслідування виробничих показників Атоми виявило тривожну залежність від так званих картелів, що діють, схоже, безкарно по всьому вулику. Їхній вплив, здається, сягає навіть за межі світу — або принаймні поза межі самого вулика.  "
loc_character_commendations_02_name,Кара картелів
loc_character_commendations_03_description,"Коли третя зміна не з’явилася, а печі виробничого комплексу почали холонути, для розслідування було відправлено ревелатума бертгольда каллана. Навіть така коротка зупинка виробництва стала відчутним ударом по майбутній данині вулика, з огляду на величезні обсяги його випуску.  "
loc_character_commendations_03_name,Безлюдний виробничий комплекс  
loc_character_commendations_04_description,"Повільна ерозія виробничих квот. Непомітне зменшення чисельності під час полкових зборів. Більшість би цього не помітила. І справді — не помітила. Судячи з усього, це триває вже десятиліттями, а то й століттями. Коли твої висновки доходять до маршала, оголошується едикт: Атома має бути розслідувана."
loc_character_commendations_04_name,Час і данина  
loc_character_commendations_05_description,"Служба на посаді доглядача бібліокрипти — велика честь. Освячені зали бібліокрипти джудікея — це далеко не ті мирні святині мудрості й справедливості, якими їх уявляють. Їхні лабіринтові коридори приховують жахи, про які здатні говорити лише ті, хто пережив тривале патрулювання.  "
loc_character_commendations_05_name,Доглядач бібліокрипти
loc_character_commendations_06_description,"Малокатор теда саблік та її каральний загін застосували свої неабиякі вміння до підозрюваного, спійманого в околицях нокс-альфи. Отримана інформація вказувала на можливу діяльність сил на Атомі, що прагнули підірвати виробництво сектора і, зрештою, його вірність святому Імператору. Ця загроза праведній данині Імперіуму не може залишитися без відповіді.  "
loc_character_commendations_06_name,Важлива евакуація
loc_character_commendations_07_description,"Арбітри загону EO-n854 захопили архізрадників — колишніх бійців славетного VI-ого Моебіанського піхотного полку — і транспортували полонених, щоб ті постали перед Імператорським судом перед маршалом вортерном на Атомі, коли на в’язничний ковчег було скоєно напад.  "
loc_character_commendations_07_name,Бастіон танкред  
loc_character_create_advance,Продовжити
loc_character_create_await_validation,Очікування підтвердження ...
loc_character_create_button_details,Деталі
loc_character_create_choice_reason,Доступно від {description:%s} - {choice:%s}
loc_character_create_choice_reason_not_active,Не активно
loc_character_create_confirm_play_prologue,Підтвердити і зіграти пролог
loc_character_create_confirm_skip_prologue,Підтвердити і пропустити пролог
loc_character_create_finish,Почати гру
loc_character_create_height_max,Високий
loc_character_create_height_min,Низький
loc_character_create_name_validation_failed_message,"Перевірка імені не вдалася. Переконайся, що ім’я містить щонайменше 3 символи та використовує лише буквені символи й дефіси."
loc_character_create_set_name_virtual_keyboard_title,Назви свого оперативника:
loc_character_create_title_appearance,Зовнішній вигляд
loc_character_create_title_commendations,Визначальний момент  
loc_character_create_title_crime,Твій вирок
loc_character_create_title_early_life,Ранні роки  
loc_character_create_title_home_planet,Рідний світ
loc_character_create_title_key_event,Похвали
loc_character_create_title_name,Твоє ім’я
loc_character_create_title_personality,Особистість
loc_character_create_value_selected,Активно
loc_character_creator_childhood_introduction,"Характер людини визначається досвідом дитинства — чи так кажуть. Як і багато інших у похмурій темряві 41-го тисячоліття, ти мав тяжке виховання. Але на відміну від більшості, ти його подолав — і маєш шрами на підтвердження."
loc_character_creator_commendations_introduction,"Служителю закону легко знайти свій «визначальний момент» на вулицях Тертіуму. Ще до вторгнення зрадницького шостого тут кишіли картелі, братства служителів машинам, вуличні головорізи і навіть поодинокі зухвалі вельможі.  "
loc_character_creator_continue,Продовжити
loc_character_creator_early_life_introduction,"Ти опинився біля дверей школи Прогенії — отже, з тобою сталося щось жахливе. Яка катастрофа чи жорстокий поворот долі привів тебе сюди?"
loc_character_creator_formative_event_introduction,"Ти пройшов крізь багато випробувань. Боротьба, яку ти називаєш «життям», цього вимагала. Але серед усіх труднощів і перемог один випадок вирізняється у твоїй пам’яті, сформувавши тебе більше, ніж будь-що інше.  "
loc_character_creator_growing_up_introduction,"Для таких, як ти, небагато можливостей у дитинстві. Та довелося шукати шлях, аби подолати випробування юності — чесним чи підлим способом.  "
loc_character_creator_home_planet_introduction,"Домініон Моебіан сповнений усталених світів, молодих поселень і далеких колоній. Хоч ти довго був у дорозі, все ж є місце, яке ти можеш назвати домом.  "
loc_character_creator_key_event_introduction,"Учні Прогенії проходять суворі випробування. Навчання жорстке й невблаганне, проте воно формує імперських громадян великої моральної стійкості — командирів і політичних офіцерів могутньої воєнної машини Імперіуму, хранителів лексу та оборонців волі Імператора."
loc_character_creator_personality_introduction,"Твої життєві вибори зліпили з тебе того, ким ти є сьогодні. У твоєму житті було й щастя, та лишилося чимало шрамів — і не лише тілесних. Ось ким ти став.  "
loc_character_creator_precinct_introduction,"Вулик Тертіум — гігантський, а крім того, як столиця сектора Моебіан, він відповідає за сплату імперської данини, яку всі винні Імператорові. Щоб забезпечити безперебійний потік ресурсів і людей, Адептус Арбітіс заснували по всьому Тертіуму численні фортеці-дільниці.  "
loc_character_creator_sentence_introduction,"Ось куди привела твоя життєва дорога. Ти — в’язень Імперіуму, засуджений за злочин, який, можливо, чинив, а можливо, й ні. Але вина вже не має значення: невинність нічого не доводить.  "
loc_character_early_life_01_description,"Коли дрібні дворянські роди переживають скрутні часи, деякі починають відправляти своїх нащадків до різних імперських інституцій. Частково для того, щоб забезпечити дітям опіку і бодай якісь перспективи, а частково — щоб здобути прихильність цих установ.  "
loc_character_early_life_01_name,Проповідник
loc_character_early_life_02_description,"Під час великого краху сектора майже три десятиліття тому багато дрібних дворянських родів були винищені, залишивши по собі лише жменьку душ і жодного майна чи володінь. Тих, хто вижив, спадкоємців, позбавили записів і відправили до школ, що породило підлі чутки — нібито ця катастрофа була далеко не випадковістю."
loc_character_early_life_02_name,Уцілілий 
loc_character_early_life_03_description,"Крики стихли так само раптово, як і почалися. Шістнадцять хвилин. Лише шістнадцять хвилин знадобилося нальотчикам, щоб забрати їх. Забрати всіх. Принаймні тих, кого не вбили. Вони зникли так само швидко, як з’явилися — розчинилися в мерехтливих, божевільних порталах. Твої батьки сховали тебе в старій шафці. Саме там тебе і знайшли.  "
loc_character_early_life_03_name,Вторгнення ксеносів
loc_character_early_life_04_description,"Діти вулика — це сироти, що виживають серед житлових блоків, заробляючи копійки, виконуючи найрізноманітніші ролі: крадіїв, посильних для місцевих банд, сміттярів або шукачів непотребу.  "
loc_character_early_life_04_name,Дитя вулику
loc_character_early_life_05_description,"Молодь, примусово завербована до планетарного ополчення, рідко здобуває будь-яке звання чи славу. Якщо пощастить, вони навчаться бодай якимось навичкам виживання, служачи траншейними посильними або боєпостачальниками.  "
loc_character_early_life_05_name,Ополченський підлиза  
loc_character_early_life_06_description,"Багато з бездонних космічних кораблів Імперіуму наповнені незліченною кількістю безликих робітників. Там, де збирається людство, народжуються й нащадки. Багато з так званих космічних щурів стають невід’ємною частиною екіпажу, успадковуючи завдання і відповідальність, мов король — свою корону. Інші ж знаходять шлях назовні.  "
loc_character_early_life_06_name,Космічний щур  
loc_character_early_life_07_description,"Дехто потрапляє до дверей школи Прогенії за власним вибором. Хтось прагне втекти від нещасного життя, хтось — спокутати уявлену несправедливість. Та результат зазвичай той самий.  "
loc_character_early_life_07_name,Доброволець на службі  
loc_character_event_01_description,"Бюрократія, недовіра й непорозуміння процвітають по всьому Імперіуму, і домініон Моебіан не є винятком. Вантажі постачання можуть загубитися через писарські помилки, а навіть цілі піхотні взводи можуть бути кинуті напризволяще через недбалий рух авто-пера писаря.  "
loc_character_event_01_description_snippet,"Відправлений у рейс постачання й, здавалось, забутий усіма, ти лишився покинутим без зворотного транспорту.  "
loc_character_event_01_name,Покинутий  
loc_character_event_02_description,"Різанина на станції ульк стала новим дном у війнах на окраїні, де війська домініону Моебіан були вирізані, а їхні колонії загублені.  "
loc_character_event_02_description_snippet,"Всупереч усьому, ти вижив у тій жахливій битві, відомій як різанина на станції ульк, і втік, залишивши по собі шрами як доказ.  "
loc_character_event_02_name,Різанина на станції ульк  
loc_character_event_03_description,"Громадяни та вірні захисники Імперіуму розуміють, що існує багато доль, гірших за смерть. Для когось немає страшнішого жаху, ніж потрапити в полон до культистів, ворожих ґанґерів чи навіть бридких ксеносів. Чи то для досліджень, чи для важкої праці, чи для допитів — результат завжди похмурий.  "
loc_character_event_03_description_snippet,"Засідка й полон. Ти працював у жахливих умовах табору для в’язнів, аж доки тебе не визволив полк Астра Мілітарум.  "
loc_character_event_03_name,Полонений  
loc_character_event_04_description,"Астра Мілітарум набирає рекрутів із безлічі джерел. Планетарна міліція, вуличні банди вулика чи навіть робітничі маси є родючим ґрунтом для вербування. Для декого служба в імперській гвардії — єдиний спосіб хоч трохи покращити власну долю.  "
loc_character_event_04_description_snippet,"Записаний до планетарної міліції, звідти ти довів свою придатність як вартісний рекрут для Астра Мілітарум.  "
loc_character_event_04_name,Завербований  
loc_character_event_05_description,"Коли єресь викривають серед цивільного населення, підозра у співучасті часто падає й на решту громади. Скверну Хаосу ніколи не можна недооцінювати, а перед непохитним поглядом інквізиції невинності недостатньо.  "
loc_character_event_05_description_snippet,"Тебе звинуватили у неспроможності помітити діяльність культу у своєму районі: злочині, який вважається майже таким самим тяжким, як і співучасть.  "
loc_character_event_05_name,Контакт із культом
loc_character_event_06_description,"Аdeptus ministorum, відомий також як екклезіархія, одержимий пошуками святих реліквій мучеників і святих. Більшість виявляється підробками без жодної цінності, але це не зупиняє жвавого обігу святого кістяка пальців, муміфікованих пальців ніг, освячених тонзур та подібного.  "
loc_character_event_06_description_snippet,"Під час паломництва ти знайшов скарб, що мав репутацію святої реліквії, і одержимо повірив, що це може бути святий артефакт із фантастичними силами.  "
loc_character_event_06_name,Дивний артефакт  
loc_character_event_07_description,"Серед банд і гільдій, що панують у вуликах, провини часто карають кривавими боргами, які слід сплатити під страхом смерті. Ті, хто намагається втекти від кривавого боргу, безжально переслідуються бандитськими карателями або найманими вбивцями.  "
loc_character_event_07_description_snippet,"Після сутички, що переросла у бійку і завершилася смертю суперника, тобі довелося тікати, аби уникнути помсти ворогів.  "
loc_character_event_07_name,Переслідуваний  
loc_character_event_08_description,"У переповнених хабах і виробничих комплексах типового вулика хвороби часто поширюються неконтрольовано. Байдужі шляхтичі часто сприймають такі спалахи як відбір слабких, знаючи, що завжди знайдуться маси робітників, готових замінити померлих.  "
loc_character_event_08_description_snippet,"Ти підчепив болісну хворобу після укусу двоголого щура, що виповз із мороку глибинного вулика.  "
loc_character_event_08_name,Хвороба  
loc_character_event_09_description,"Несанкціонованих Псайкерів збирають і передають до adeptus astra telepathica, де визначається їхня доля. Більшість або обирають для навчання у scholastia psykana, або ж відправляють на чорні кораблі живити астрономікон.  "
loc_character_event_09_description_snippet,"Попереджені місцевими, карателі прибули й оголосили тебе несанкціонованим Псайкером. Тебе заарештували та передали до сколастіа псайкана.  "
loc_character_event_09_name,Оголошений відьмою  
loc_character_event_10_description,"Тривалість життя шахтаря коротка. Попри те, що вони є незамінними гвинтиками у великій індустріальній машині Імперіуму, шахтарі з достатньою силою волі мріють вирватися з нескінченної каторги свого підземного існування.  "
loc_character_event_10_description_snippet,"Ледве врятувавшись від величезного обвалу, де загинули тисячі, ти присягнувся ніколи не повертатися до шахт.  "
loc_character_event_10_name,Випадок на шахтах
loc_character_event_11_description,"Ті солдати, які виявляють достатній потенціал і лідерські здібності, можуть бути підвищені до унтер-офіцерів (nco). Незамінні в бою, ці командири відділень очікувано ведуть своїх бійців уперед, тримаючи їх разом перед лицем жахливих випробувань.  "
loc_character_event_11_description_snippet,"Після років служби в Астра Мілітарум ти боровся за оборону укріплень комарійського поясу, заслуживши підвищення до унтер-офіцера.  "
loc_character_event_11_name,Польове підвищення  
loc_character_event_12_description,"Псайкери, яких іноді називають відьмаками, — це мутанти, що використовують свій розум, аби черпати силу з варпу для здійснення надприродних дій. Багато хто живе в солодкому незнанні власної сили, доки не переживе психічного пробудження, після якого їх часто відкидає суспільство або навіть переслідує scholastia psykana.  "
loc_character_event_12_description_snippet,"Ти усвідомив зародження своїх Псайкерських сил. А може, то був початок божевілля. Важко сказати.  "
loc_character_event_12_name,Психічне пробудження  
loc_character_event_13_description,"Чи то скривлені генетичним дефектом, чи то заражені скверною Хаосу, мутанти зневажаються Імперіумом. Більшість імперських інституцій виховує нетерпимість до мутантів як ключовий принцип і вбачає в мутації прокляття, що веде лише до розтління.  "
loc_character_event_13_description_snippet,"На тебе напав мутант, і ти на власні очі побачив істинний жах його потворності.  "
loc_character_event_13_name,Інцидент з мутантом  
loc_character_event_14_description,"Несанкціоновані Псайкери вважаються найсерйознішою загрозою для Імперіуму, і їх безжально переслідують. Дехто з них потрапляє на службу в scholastia psykana, але для більшості чекає темніша доля.  "
loc_character_event_14_description_snippet,"У тебе розвинулися ментальні здібності, й ти шукав усамітнення, щоб уникнути переслідувань, але зрештою був схоплений і пройшов навчання в scholastia psykana.  "
loc_character_event_14_name,Закляття божевілля  
loc_character_event_15_description,"Від часів єресі гора зрадники, єретики та перебіжчики — ворог усередині — займають особливе місце ненависті в серцях вірних громадян Імперіуму. Жодної пощади не може бути тим, хто відвернувся від світла Імператора.  "
loc_character_event_15_description_snippet,"Ти потрапив у криваве повстання, що спалахнуло після того, як культ під назвою червона рука був оголошений excommunicate traitoris.  "
loc_character_event_15_name,Зустріч з єретиками  
loc_character_event_16_description,"Подорожі варпом славляться своєю небезпекою, і навіть звичайні рейси можуть бути примхливими. Втратити місяці, роки, десятиліття чи навіть століття під час стрибків у варпі — річ не рідкісна, особливо коли аномалії або бурхливі шторми роздирають імматаріум.  "
loc_character_event_16_description_snippet,Під час кампанії з Астра Мілітарум ти застряг у варповій бурі майже на два роки.  
loc_character_event_16_name,Варпова буря  
loc_character_event_17_description,Ти швидко довів свою придатність як боєць і потрапив у легендарний полк. Після численних виснажливих битв на десятках світів ти здобув статус Ветерана. Від тебе чекали великих звершень.  
loc_character_event_17_description_snippet,"Після відзначеної служби в Астра Мілітарум тебе вшанували, зарахувавши до елітного полку.  "
loc_character_event_17_name,Елітне формування  
loc_character_event_18_description,"У більшості професій чути голоси вважається ознакою божевілля. Проте для деяких членів екклезіархії та scholastia psykana такі послання — джерело натхнення, адже це може бути ознакою благословенного єднання з богом-Імператором.  "
loc_character_event_18_description_snippet,Одного дня голос Імператора заговорив у твоєму розумі й наказав присвятити життя його служінню.  
loc_character_event_18_name,Голоси  
loc_character_event_19_description,"У Моебіанських полках Астра Мілітарум звично, щоб вижилі після битв присягалися помститися за загиблих побратимів, за будь-яку ціну. Твоя сержантка віддала життя, аби врятувати тебе. Це мусить бути вшановано.  "
loc_character_event_19_description_snippet,"Під час штурму фортеці ідарр тебе врятувала від неминучої смерті сержантка взводу, яка загинула в бою й була посмертно нагороджена Моебіанською зіркою доблесті.  "
loc_character_event_19_name,Врятований сержанткою  
loc_character_event_20_description,"Відступницькі Псайкери — часто звані «відьмами» — якщо їх не вбивають одразу, то відправляють на стіл Імператора чорними кораблями або навчають контролювати свої сили під виснажливим режимом scholastia psykana.  "
loc_character_event_20_description_snippet,Після виснажливих (і болючих) випробувань тебе мали депортувати на один із чорних кораблів. Проте в останню мить агент adeptus astra telepathica розгледів у тобі потенціал і надав тобі місце для навчання в scholastia psykana.  
loc_character_event_20_name,Чорні кораблі  
loc_character_event_21_description,Галактична північ домініону усіяна дикими світами — ареною постійних битв за стримування темної хвилі. Саме у війнах на окраїні ти знайшов свою мужність і мету.  
loc_character_event_21_description_snippet,За самовіддані дії під час кампанії у війнах на окраїні ти був нагороджений Моебіанською зіркою доблесті.  
loc_character_event_21_name,Нагороджений за хоробрість  
loc_character_event_22_description,"Попри спроби влади їх викорінити, двобої честі залишаються популярним — хоч і смертельно небезпечним — способом розв’язання суперечок по всьому домініону Моебіан.  "
loc_character_event_22_description_snippet,"Після запеклої сварки з товаришем тобі довелося битися на двобої честі. Ти вийшов переможцем, але подальші звинувачення зробили твоє становище неможливим.  "
loc_character_event_22_name,Двобій  
loc_character_event_title_name,Визначальна мить  
loc_character_growing_up_01_description,"Довільні бюрократичні укази adeptus administratum можуть призвати чи переселити населення цілого житлового блоку, часто без жодної видимої причини.  "
loc_character_growing_up_01_description_snippet,Після примусового переселення до нового житла ти втратив зв’язок із усіма знайомими.  
loc_character_growing_up_01_name,Ізольований  
loc_character_growing_up_02_description,"Культ імперіаліс має багато форм, але всі вони обертаються навколо поклоніння Імператору. Це єдина санкціонована релігія в Імперіумі.  "
loc_character_growing_up_02_description_snippet,З настанням повноліття в тобі зросла віра в Імператора та бажання присвятити життя служінню в ім’я володаря людства.  
loc_character_growing_up_02_name,Справжнє покликання  
loc_character_growing_up_03_description,"Від часів лихоліття технології більшістю населення або не довіряються, або не розуміються. Більшість машин — старі й схильні до небезпечних збоїв.  "
loc_character_growing_up_03_description_snippet,Ти був тяжко поранений через поломку машини й витратив роки на відновлення.  
loc_character_growing_up_03_name,Поранений  
loc_character_growing_up_04_description,Міліція є першою лінією планетарної оборони та слугує родючим ґрунтом для вербування більшими й краще озброєними силами Астра Мілітарум.  
loc_character_growing_up_04_description_snippet,"У юному віці ти вступив до лав планетарної міліції й провів роки у боях, беручи участь у кількох кампаніях війн на окраїні.  "
loc_character_growing_up_04_name,Призваний  
loc_character_growing_up_05_description,У вуликах по всьому Імперіуму жорстокі бої на аренах є поширеним видовищем. Бійці варіюють від маревних аматорів до загартованих професіоналів.  
loc_character_growing_up_05_description_snippet,"З лютою жорстокістю ти почав здобувати ім’я на місцевих аренах, здобувши низку кривавих перемог.  "
loc_character_growing_up_05_name,Місцевий боєць  
loc_character_growing_up_06_description,"Імперіум тримається на плечах сильних робітників, які працюють у шахтах, на фермах, у виробничих комплексах та вантажних доках по всій галактиці. Дехто ніколи й не пізнає життя поза виснажливою працею, мужніючи під суворими вимогами наглядачів.  "
loc_character_growing_up_06_description_snippet,"Як могутній фізичний зразок, ти був примусово залучений до роботи вантажником у факторумі.  "
loc_character_growing_up_06_name,Викований працею  
loc_character_growing_up_07_description,"У більшості вуликів індустрія стягнення боргів процвітає, паразитуючи на злиденних і вразливих. Судові виконавці, громили й навіть мисливці за головами часто працюють на безсовісних лихварів.  "
loc_character_growing_up_07_description_snippet,"Ти набрав боргів, які не міг сплатити, і мусив тікати, ніколи довго не затримуючись на одному місці.  "
loc_character_growing_up_07_name,Несплачений борг  
loc_character_growing_up_08_description,"Щоб ніхто не уникнув правосуддя, карателі в домініоні Моебіан часто заарештовують і карають тих, хто став свідком злочину, але не повідомив про нього. Навіть якщо свідок мовчав, боячись за своє життя, винятків не роблять.  "
loc_character_growing_up_08_description_snippet,"Ставши свідком бандитської страти, ти був заарештований карателями й засуджений до двох років каторжних робіт у таборі для злочинців.  "
loc_character_growing_up_08_name,Свідок злочину  
loc_character_growing_up_09_description,"Потреби Імперіуму вимагають важкої плати: масова індустрія створює пустки — величезні мертві зони, що часто стають домівкою для вигнаних мутантів, але також приваблюють поселенців, які мріють про свободу поза гнітючими стінами вулика.  "
loc_character_growing_up_09_description_snippet,"Ти вирвався зі строгих рамок юності, виживши кочівником у безжальних пустках.  "
loc_character_growing_up_09_name,Втеча до пусток  
loc_character_growing_up_10_description,"Шахтарство — виснажлива й небезпечна робота, а гільдії постійно змушені замінювати робітників, загиблих через нещасні випадки. Гільдія шахтарів — це економічна потуга, яка ставить прибутки й продуктивність вище за безпеку своїх працівників.  "
loc_character_growing_up_10_description_snippet,"Щойно ти досяг повноліття, тебе завербувала гільдія шахтарів, де ти виконував виснажливу роботу у клаустрофобних шахтах.  "
loc_character_growing_up_10_name,Гільдія шахтарів  
loc_character_growing_up_11_description,"Вуличні банди вуликів — це територіальні злочинні організації, які контролюють усілякі оборудки в нижніх рівнях світів-вуликів. Найзагартованіші ґанґери дуже цінуються як рекрути для Астра Мілітарум, хоча більшість радше загине на арені, ніж служитиме Імператору як солдат.  "
loc_character_growing_up_11_description_snippet,"Будучи юнаком, ти опинився в надрах міста-вулика, де зрештою приєднався до місцевої банди.  "
loc_character_growing_up_11_name,Вуличний ґанґер  
loc_character_growing_up_12_description,"Паломництво — це водночас фізична й духовна подорож, яка наближає ревного послідовника у вірі до святого Імператора людства. Паломництво до священного місця може тривати роками, віддаляючи від рідного світу.  "
loc_character_growing_up_12_description_snippet,"Досягнувши повноліття, ти вирушив у довге паломництво, яке привело тебе до кількох святих святинь у домініоні Моебіан.  "
loc_character_growing_up_12_name,Паломництво  
loc_character_growing_up_13_description,"Рівень за рівнем, вулики є лабіринтами, що постійно змінюються, адже старі шляхи перекриваються, а нові відкриваються. Без провідника навіть ті, хто прожив у вулику все життя, можуть безнадійно заблукати, якщо відійдуть надто далеко від свого району.  "
loc_character_growing_up_13_description_snippet,"Після років досліджень безлічі тунелів, рівнів і таємниць вулика ти зміг заробляти на життя, працюючи провідником для купців і мандрівників.  "
loc_character_growing_up_13_name,Провідник вулика  
loc_character_growing_up_14_description,"Під час пошуків нових рекрутів Астра Мілітарум бере будь-кого, здатного тримати зброю, але саме ті, хто має дисципліну й силу волі, стають найнадійнішими солдатами у горнилі війни, й часто відзначаються як майбутні офіцери.  "
loc_character_growing_up_14_description_snippet,"Попри нескінченну каторгу та неймовірні страждання, ти відмовився зламатися, виробивши залізну волю й упорядкований, дисциплінований розум, що служить тобі й досі.  "
loc_character_growing_up_14_name,Втіха через дисципліну  
loc_character_growing_up_15_description,"Найзатятіші послідовники імперського культу мають глибоку віру, що єретики й зрадники проникають на всі рівні імперського суспільства. Часом це навіть виявляється правдою…  "
loc_character_growing_up_15_description_snippet,"Тебе навернули до світла Імператора слова запального проповідника, й ти приєднався до його особистого хрестового походу проти зрадників, що ховаються серед громадян Імперіуму.  "
loc_character_growing_up_15_name,Побачив світло  
loc_character_growing_up_16_description,"В Імперіумі виробничі комплекси керуються лише видобутком, і якщо робітники гинуть від перепрацювання чи браку безпеки — так і бути. Завжди знайдуться нові працівники, готові стати сировиною для млинів. Поки Імперіум тримається, жодна жертва не є надто великою.  "
loc_character_growing_up_16_description_snippet,"Життя було важким. Відтоді, як ти досяг повноліття, ти працював у пекельній спеці факторуму, де день і ніч втратили відмінність, а існування здавалося нескінченною зміною.  "
loc_character_growing_up_16_name,Виснажлива каторга  
loc_character_growing_up_17_description,"Чи то на фабричному цеху, чи в лігвах вуличних банд, чи в лавах Астра Мілітарум — сила часто визначає право. Сильних використовують, аби панувати, тоді як слабкі залишаються позаду.  "
loc_character_growing_up_17_description_snippet,"Досягнувши повноліття, ти виріс у могутнього фізичного велета й був поставлений на роботу Громилою — стягувати борги, залякувати суперників і придушувати опір.  "
loc_character_growing_up_17_name,Громила  
loc_character_growing_up_18_description,"Можна заробляти на життя ворожінням у темних закапелках Моебіанського суспільства, але така недовіра до відьмаків робить лише питанням часу те, коли несанкціоноване використання Псайкерських сил буде донесене.  "
loc_character_growing_up_18_description_snippet,"Близько до твого повноліття ти почав бачити туманні видіння майбутнього. Цей дар ти використав, аби виживати, ворожачи у темних провулках житлових блоків.  "
loc_character_growing_up_18_name,Видіння  
loc_character_growing_up_19_description,"Нескінченний ланцюг бюрократичної праці adeptus administratum сповнений нудьги, але й небезпеки, адже честолюбні особи не зупиняться ні перед чим у своїй боротьбі за підвищення. Багато писарів втратили життя в сварках через кращий грав-ліхтар або стіл ближче до охолоджувача.  "
loc_character_growing_up_19_description_snippet,Ти навчився читати й писати змалку та став писарським учнем у розлогих канцеляріях adeptus administratum.  
loc_character_growing_up_19_name,Дрібний  писар  
loc_character_growing_up_20_description,"Астра Мілітарум — це грізна сила, а улюбленою тактикою бою є війна на виснаження. Потрібен постійний приплив нових рекрутів, щоб поповнювати втрати у вирі м’ясорубних битв.  "
loc_character_growing_up_20_description_snippet,"Тебе призвали до 54-го Моебіанського полку Астра Мілітарум, розпочавши життя військової служби, що охопило кілька виснажливих кампаній.  "
loc_character_growing_up_20_name,Призовник  
loc_character_growing_up_21_description,"Громадян Імперіуму навчають ненавидіти й боятися мутантів та відьмаків, і в такій атмосфері будь-кого з найменшими незбагненними відхиленнями уникають, мов чуми, або навіть виганяють зі своїх громад.  "
loc_character_growing_up_21_name,Вигнанець  
loc_character_growing_up_22_description,"Навіть найцивілізованіші сектори домініону Моебіан піддаються всіляким загрозам — від мутантів, відьмаків-відступників, культистів тощо. У світі нижніх вуликів, де «людина людині вовк», кожен мусить знайти спосіб долати ці небезпеки.  "
loc_character_growing_up_22_description_snippet,"Переживши й навалу щурів із жижі, і повстання культу червоної смерті, ти став упевненим у собі виживальником, здатним виходити майже неушкодженим із будь-якої ситуації.  "
loc_character_growing_up_22_name,Самостійність  
loc_character_growing_up_title_name,Дорослішання  
loc_character_key_event_01_description,"Щороку, як то кажуть, вершки піднімаються нагору. У твоєму класі цими вершками був саме ти. Найвищі оцінки з усіх дисциплін і вправність у кожній бойовій доктрині. Твоє майбутнє сяє яскраво.  "
loc_character_key_event_01_name,Кращий з класу  
loc_character_key_event_02_description,"Учні Прогенії з виразними лідерськими якостями часто приречені на службу в комісаріаті Астра Мілітарум. Втім, якщо виявляють інші бажані риси, їх можуть спрямувати до інших напрямів підготовки.  "
loc_character_key_event_02_name,Лідерський потенціал
loc_character_key_event_03_description,Покарання у стінах школи суворе. Часто цілий клас карають за провину одного учня. Дехто обурюється такою несправедливістю — зазвичай це закінчується ще суворішими й боліснішими карами.
loc_character_key_event_03_name,Це несправедливо!  
loc_character_key_event_04_description,"Забіяки класу — не рідкість у безжальних стінах школи Прогенії. Ба більше, таких учнів майже заохочують: вони часто здобувають визнання серед однолітків, демонструючи риси, яких прагнуть організації, що вербують цих юних вихованців."
loc_character_key_event_04_name,Безконтрольна жорстокість  
loc_character_key_event_05_description,"Майбутні Арбітри з книжними нахилами часто проходять службу в Бібліокрипті Юдікорум на Террі — великому сховищі Закон Імперіаліс. Її нескінченні лабіринтові архіви розкинулись на безмежні відстані й без упину патрулюються відданими Арбіторами, призначеними для їх охорони."
loc_character_key_event_05_name,Схильність до наук  
loc_character_key_event_06_description,"Уроки поводження з таринами не позбавлені небезпеки — це зовсім не звичайні домашні улюбленці. Кібернетично посилені пси, відомі як кібер-мастифи, здатні розірвати дорослого чоловіка навпіл.  "
loc_character_key_event_06_name,Прив’язаність до псів 
loc_character_key_event_07_description,Щороку найкращих випускників Прогенії у школі прогеніум відзначають за видатні досягнення чи успіхи. Однією з найпочесніших нагород є відзнака стрільця — відзначення найвлучнішого стрільця у класі.
loc_character_key_event_07_name,Почесна відзнака стрільця  
loc_character_sentence_01_description,"Непокора — справжня чи уявна — імперській владі достатня, аби заслужити пониження, ув’язнення чи смерть.  "
loc_character_sentence_01_description_snippet,"Справа була не в тому, що ти не поступився дорогою Магістрату, а в тому, що ти не поступився достатньо швидко. Цього виявилося досить, щоб отримати квиток в один бік на в’язничний корабель «танкред бастіон».  "
loc_character_sentence_01_name,Непокора  
loc_character_sentence_01_unlocks,Червоний в’язничний одяг  
loc_character_sentence_02_description,"Таку владу мають високі чини adeptus ministorum, що накликати їхній гнів, поставивши під сумнів їхню віру чи світські звички, означає підписати собі смертний вирок.  "
loc_character_sentence_02_description_snippet,"Тебе оголосив невірним відомий диякон круціс. Більшість знала, що звинувачення були наслідком зухвалості поставити під сумнів розкішний спосіб життя диякона, але тебе все одно відправили на в’язничний корабель «танкред бастіон».  "
loc_character_sentence_02_name,Хибна віра  
loc_character_sentence_02_unlocks,Зелений в’язничний одяг  
loc_character_sentence_03_description,"Покарання за недбалість у виконанні обов’язку часто — смерть, але іноді цей вирок скасовують в обмін на службу в штрафному батальйоні або й на гірше...  "
loc_character_sentence_03_description_snippet,"Ти нажив собі ворога серед верхівки вулика і був несправедливо звинувачений у залишенні поста. Оскільки свідчення начальника були сумнівними, трибунал постановив відправити тебе на каторгу замість страти, і тому ти опинився на в’язничному кораблі «танкред бастіон».  "
loc_character_sentence_03_name,Недбалість на службі  
loc_character_sentence_03_unlocks,Жовтий в’язничний одяг  
loc_character_sentence_04_description,Відверто бунтівна поведінка — від зневажливих висловлювань до масової організації з наміром протесту — усе це вважається проявом схильності до повстання проти усталеного порядку. А таке Імперіум не терпітиме...  
loc_character_sentence_04_description_snippet,"Хтось підслухав, як ти висловив огиду до дивного смаку трупного крохмалю, й доніс на тебе наглядачеві. За кілька годин ти вже був у дорозі на в’язничний корабель «танкред бастіон».  "
loc_character_sentence_04_name,Заколот
loc_character_sentence_04_unlocks,Синя тюремна форма
loc_character_title_unlocks,Вибір ефекту
loc_character_view_display_name,Оперативник
loc_chat_active_placeholder_text,"{input:%s}, щоб перемикати канали."
loc_chat_channel_hub,Скорботна зоря
loc_chat_channel_mission,Ударна група
loc_chat_empty_placeholder_text,{input:%s} щоб закрити чат.
loc_chat_idle_placeholder_text,{input:%s} щоб почати чат.
loc_chat_instruction_placeholder_text,{continue_input:%s} щоб відправити повідомлення. {cancel_input:%s} щоб скасувати.
loc_chat_joined_channel,Приєднався до каналу {channel_name}
loc_chat_left_channel,Покинув канал {channel_name}
loc_chat_own_player,Ти [{channel_name}]
loc_chat_to_channel,Для [{channel_name}]:
loc_chat_user_joined_channel,"{#color(239,193,82)}{display_name}{#reset()} приєднався до {channel_name}"
loc_chat_user_left_channel,{display_name} покинув {channel_name}
loc_chest,Скриня
loc_circumstance_abhuman_explosions_default_description,"Рекрути-Громили разом із ворогами, озброєними вибуховими боєприпасами, помічені в цільовій зоні."
loc_circumstance_abhuman_explosions_default_title,Громили та Вибухи
loc_circumstance_abhuman_explosions_increased_resistance_description,"Рекрути-Громили разом із ворогами, озброєними вибуховими боєприпасами, помічені в цільовій зоні. Зафіксовано незвично велику кількість ворогів."
loc_circumstance_abhuman_explosions_increased_resistance_title,«Громили та Вибухи» високої інтенсивності
loc_circumstance_abhuman_explosions_waves_of_specials_description,"Рекрути-Громили разом із ворогами, озброєними вибуховими боєприпасами, помічені в цільовій зоні. Очікуються ударні групи Спеціалістів."
loc_circumstance_abhuman_explosions_waves_of_specials_title,«Громили та Вибухи» плюс штурмові ударні загони.
loc_circumstance_broker_stimms_gas_description,"Атаки Чумного Газу спустошують вулиці. Використовуйте покращені стими, щоб допомогти виконати ці завдання, але будьте обережні — схоже, ворог також міг заволодіти деякими з них."
loc_circumstance_broker_stimms_gas_title,Підтримка Картелю
loc_circumstance_broker_stimms_hunting_grounds_description,"Картелі відчинили свої сховища, надавши доступ до покращених стимів, щоб допомогти стримати зростаючу хвилю. У зоні завдання зафіксовані зграї псів."
loc_circumstance_broker_stimms_hunting_grounds_title,Підтримка Картелю (Мисливські угіддя)
loc_circumstance_broker_stimms_increased_resistance_description,"Картелі відчинили свої сховища, надавши доступ до покращених стимів, щоб допомогти стримати зростаючу хвилю. Очікується потужний опір."
loc_circumstance_broker_stimms_increased_resistance_title,Підтримка Картелю: Висока інтенсивність
loc_circumstance_broker_stimms_waves_of_specials_description,"Картелі відчинили свої сховища, надавши доступ до покращених стимів, щоб допомогти стримати зростаючу хвилю. У зоні завдання помічені елітні ворожі патрулі."
loc_circumstance_broker_stimms_waves_of_specials_title,Підтримка Картелю (Стрілянина із штурмовиками)
loc_circumstance_darkness_hunting_grounds_description,Наче постійних відключень світла було замало — у зоні висадки помічено гончих.  
loc_circumstance_darkness_hunting_grounds_title,Мисливські угіддя (знеструмлення)  
loc_circumstance_player_journey_01_description,"Не буду брехати — це не найкращий варіант як для першої місії, але ситуація відчайдушна. Ти вирушаєш на станцію Безодня. Дізнаєшся більше по дорозі. Успіхів."
loc_circumstance_player_journey_01_title,Проведено по рейках
loc_circumstance_player_journey_010_description,"Лейтенанти Вульфера, близнюки Карнак, роблять собі ім'я. Командування називає це Ортусською операцією. Місія проста: знайти близнюків і покінчити з ними."
loc_circumstance_player_journey_010_title,Жага крові
loc_circumstance_player_journey_011_A_description,"Тронсайд колись вважали доволі величним районом — аж доки туди не докотилася війна. Леді Гестія хоче, щоб ви відбили Станцію Аегіс, яка нині перебуває в руках єретиків. Каже, це піде на користь бойовому духу."
loc_circumstance_player_journey_011_A_title,Без Пощади
loc_circumstance_player_journey_011_B_description,"Гаразд, дорогенькі. Не так уже й часто мені випадає місія з вашою компанією — має бути весело. Схоже, ми отримали наводку, що 6-й Моебіанський укладає угоду зі своїми змовниками. Тож давайте з’ясуємо, хто вони такі, гаразд? А якщо частина того добра раптом опиниться в мене… ну, Раннікові ми про це не скажемо."
loc_circumstance_player_journey_011_B_title,Викрадені Товари
loc_circumstance_player_journey_012_A_description,"Стає дедалі очевидніше, що 6-й Зрадницький діє не сам. Ви маєте вирушити до Архівуму Сикоракс, щоб здобути розвіддані, які проллють світло на тих, хто допомагає загарбникам."
loc_circumstance_player_journey_012_A_title,Полювання на Шпигунів
loc_circumstance_player_journey_013_A_description,"Цього разу знову в Тронсайді. Ціль — величезний комунікаційний масив. Я не можу повідомити жодних подробиць, окрім того, що наказ надійшов безпосередньо від самого Інквізитора Ґренділа."
loc_circumstance_player_journey_013_A_title,Приховані Сигнали
loc_circumstance_player_journey_014_description,"Звіти Вирмвуда вказують на єретичну активність у Карнавалі. Ми не знаємо, що вони роблять, але це треба зупинити. Спуститись туди негайно!"
loc_circumstance_player_journey_014_title,Темне причастя
loc_circumstance_player_journey_02_description,У водах потоку щось є...  
loc_circumstance_player_journey_02_title,Очищення та очищай!  
loc_circumstance_player_journey_03_description,"У Обідраного Короля схований масив когітаторів глибоко на території Водного картелю. Подивимося, чи зможе один із пристроїв Гадрона пробратися туди, щоб підкласти фальшиву розвідінформацію."
loc_circumstance_player_journey_03_title,Фальшиві істини.  
loc_circumstance_player_journey_04_description,Зрадницький Капітан зробив в’язницю Магістрату Облієт як свою оперативну базу. Йому присвоєно позначення санкціон Редактус. Покажи йому милість Імператора.  
loc_circumstance_player_journey_04_title,Облога Арбітрів
loc_circumstance_player_journey_05_description,"Зараза охопила цілі зони. Необхідно знайти ліки. Проникни до карантинного хабу Дрейко, щоб зібрати зразки для магоса харіба.  "
loc_circumstance_player_journey_05_title,Порушення карантину  
loc_circumstance_player_journey_06_A_description,"Ви маєте переналаштувати орбітальний передавач. Заходьте туди і виконайте завдання. Це має бути легка справа. Сподіваймося, ускладнень не буде."
loc_circumstance_player_journey_06_A_title,Вокс-Примари
loc_circumstance_player_journey_06_B_description,"Слухайте уважно, Паразити! На цю місію ви приписані до мене. Ваша ціль: Вантажний Двір HL-17-36. Там ви перехопите та повернете важливий вантаж. Омнісій надасть прихильність за ваш успіх."
loc_circumstance_player_journey_06_B_title,Важкий Метал
loc_circumstance_player_journey_07_A_description,"Агенти Вирмвуду виявили те, що вони вважають виробничим комплексом Зарази. Знищ його — і перевернімо цю хвилю бруду."
loc_circumstance_player_journey_07_A_title,Скороварка
loc_circumstance_player_journey_07_B_description,"Я не певен, наскільки можна довіряти цьому «Піжонові», як він себе називає, та заморожений комплекс, про який він говорить, має надто велику вагу, щоб його ігнорувати, якщо це справді те, про що я думаю."
loc_circumstance_player_journey_07_B_title,Крижана Пастка
loc_circumstance_player_journey_08_description,"Гаразд, ми йдемо в бій до цих зрадників прямо на їхній території. Цей Вульфер, про якого говорив Вирмвуд, влаштував якусь операцію в Карнавалі. Старий торговий район ідеально підходить для всілякої підпільної торгівлі."
loc_circumstance_player_journey_08_title,Ночі Карнавалу
loc_circumstance_player_journey_09_description,"Повертаємось до Карнавалу — цього разу в покинутий житловий блок, який, як вважають, може ховати принаймні одну виробничу потужність стиммів зрадницького шостого. Знищити її і лишити палати."
loc_circumstance_player_journey_09_title,Нічний наліт
loc_circumstance_saints_core_increased_resistance_description,"Шукати утіхи в Святилищах Святої Меселіни, та остерігатися заражених, що тягнуться до цих святих реліквій."
loc_circumstance_saints_core_increased_resistance_title,Висока Інтенсивність: Спокута
loc_circumstance_saints_core_waves_of_specials_description,"Шукати спокій в Святилищах Святої Меселіни, та остерігатися заражених, що тягнуться до цих святих реліквій."
loc_circumstance_saints_core_waves_of_specials_title,Спокута (Рукавиця Штурмовика)
loc_circumstance_stolen_rations_destroy_default_description,Знищити або повернути вкрадені запаси.  
loc_circumstance_stolen_rations_destroy_default_title,Вкрадені запаси (голодні бунти)
loc_circumstance_stolen_rations_destroy_increased_resistance_description,Знищити або повернути викрадені запаси. Очікується підвищена концентрація ворога.  
loc_circumstance_stolen_rations_destroy_increased_resistance_title,"Викрадені запаси (висока інтенсивність, голодні бунти)  "
loc_circumstance_stolen_rations_recover_hunting_grounds_description,Знищити або повернути вкрадені запаси. Очікується підвищена кількість чумних псів.
loc_circumstance_stolen_rations_recover_hunting_grounds_title,"Вкрадені запаси (мисливські угоддя, злющі Оґрини)"
loc_circumstance_stolen_rations_recover_increased_resistance_description,Знищити або повернути вкрадені запаси. Очікується підвищена концентрація ворогів.
loc_circumstance_stolen_rations_recover_increased_resistance_title,"Вкрадені запаси (висока інтенсивність, злющі Оґрини)"
loc_circumstance_toxic_gas_cultist_grenadier_description,"У цій зоні присутній чумний газ, а також підвищена концентрація токсобомберів."
loc_circumstance_toxic_gas_cultist_grenadier_title,Чумний газ (Токсобомбер)
loc_class_abilities_title,Здібності
loc_class_adamant_description,"Арбітри з Адептус Арбітіс — це виконавці Закон Імперіаліс, жорстокого імперського закону, що керує незліченними мільйонами, які називають Імперіум своїм домом."
loc_class_adamant_name,Арбітр
loc_class_adamant_title,Арбітр
loc_class_ogryn_description,"Оґрини — це велетенські, могутні ніпівлюди, яких часто використовують як штурмовиків в Астра Мілітарум. Вони сильні і віддані, але мають обмежений розумовий розвиток."
loc_class_ogryn_name,Оґрин
loc_class_ogryn_title,Оґрин
loc_class_ogryn-skullbreaker_title,Оґрин: черепоТрощитель
loc_class_progression_title,Прогресія
loc_class_psyker_description,"Психічні мутанти, або ж «Псайкери», черпають силу з імматаріуму, щоб живити свої грізні ментальні здібності. В Імперіумі на них дивляться з підозрою, вважаючи відьмами."
loc_class_psyker_name,Псайкер
loc_class_psyker_title,Псайкер
loc_class_psyker-psykinetic_title,Псайкер: псайкінетик
loc_class_selection_button_back,Назад
loc_class_selection_choose_class,Обрати клас
loc_class_selection_class_iconic,Знак класу
loc_class_selection_specialization_class_unique_weapons_title,Унікальна зброя
loc_class_selection_unique_weapon_ogryn_melee_1,Блокові щити
loc_class_selection_unique_weapon_ogryn_ranged_1,Ґренадерські рукавиці
loc_class_selection_unique_weapon_psyker_melee_1,Силові мечі
loc_class_selection_unique_weapon_psyker_ranged_1,Посохи варпу
loc_class_selection_unique_weapon_veteran_melee_1,Бойові лопати
loc_class_selection_unique_weapon_veteran_ranged_1,Плазмопушки
loc_class_selection_unique_weapon_zealot_melee_1,Дворучні ланцюгові мечі
loc_class_selection_unique_weapon_zealot_ranged_1,Вогнемети
loc_class_veteran_description,"Бійці Астра Мілітарум, Ветерани цінуються як вправні та досвідчені воїни Імператора людства."
loc_class_veteran_name,Ветеран
loc_class_veteran_title,Ветеран
loc_class_veteran-sharpshooter_title,Ветеран: Снайпер
loc_class_zealot_description,"Бузувіри — це фанатично побожні воїни, чия лють і завзяття в ім’я Імператора ведуть їх туди, куди інші, менш вірні, не наважилися б ступити."
loc_class_zealot_name,Бузувір
loc_class_zealot_title,Бузувір
loc_class_zealot-preacher_title,Бузувір: Проповідник
loc_color_value_fomat_key,"{#color({r:%d},{g:%d},{b:%d})}{value:%s}{#reset()}"
loc_combat_ability_input,Здібність
loc_combat_ability_objective,Убий відступників під час бойової стійки
loc_combat_ability_tutorial,Здібність
loc_combat_ability_tutorial_adamant_desc,"Використати бойову здібність, щоб розгорнути нунціо-аквілу, яка посилює тебе та союзників поруч."
loc_combat_ability_tutorial_desc,Твоя бойова здібність значно підвищує вправність зі зброєю та шкоду на короткий час.
loc_combat_ability_tutorial_ogryn_desc,"Використай свою бойову здібність, щоб ринутись на ворогів та збити їх з ніг."
loc_combat_ability_tutorial_psyker_desc,"Використай свою бойову здібність, щоб вивільнити хвилю варп-енергії, яка збиває з рівноваги ворогів перед тобою."
loc_combat_ability_tutorial_zealot_3_desc,"Використай свою бойову здібність, щоб дати собі (або союзнику) щит. Коли він зникає, щит вибухає, завдаючи шкоди навколишнім ворогам."
loc_combat_ability_tutorial_zealot_3_objective_1,Прикрий щитом союзника
loc_combat_ability_tutorial_zealot_3_objective_2,Прикрити щитом себе
loc_combat_ability_tutorial_zealot_desc,"Використай свою бойову здібність, щоб рвонути вперед і посилити наступну атаку в ближньому бою."
loc_communication_wheel_display_name_attention,Розвідати цю зону
loc_communication_wheel_display_name_cheer,Підбадьорити
loc_communication_wheel_display_name_enemy,Ворог там
loc_communication_wheel_display_name_location,Ходімо сюди
loc_communication_wheel_display_name_need_ammo,Потрібні набої
loc_communication_wheel_display_name_need_health,Потрібне лікування
loc_communication_wheel_display_name_thanks,Дякую!
loc_communication_wheel_need_ammo,"{#color(79,175,255)} мені потрібні набої! {#reset()}"
loc_communication_wheel_need_health,"{#color(79,175,255)} мені потрібне лікування! {#reset()}"
loc_communication_wheel_thanks,"{#color(79,175,255)} дякую! {#reset()}"
loc_companion_hub_interaction_pet,Погладити мастифа
loc_confirm,Підтвердити
loc_continue,Продовжити
loc_contract_task_enemy_type_cultist,Дреґів
loc_contract_task_enemy_type_renegade,Скабів
loc_contract_task_enemy_type_traitor,Скабів
loc_contract_task_pickup_type_grimoire,Ґримоарів
loc_contract_task_pickup_type_grimoire_or_tome,Ґримоарів чи Писань
loc_contract_task_pickup_type_tome,Писання
loc_contract_task_weapon_type_melee,Ближньому бою
loc_contract_task_weapon_type_ranged,Дальньому бою
loc_contract_view_intro_description,Ну? Чого хочеш?
loc_contract_view_intro_title,Реквізиторіум Сіра Мелка
loc_contract_view_option_contracts,Перегляд контрактів
loc_contracts_background_view_display_name,Контракти
loc_contracts_contract_complexity_easy,Низький
loc_contracts_contract_complexity_hard,Високий
loc_contracts_contract_complexity_medium,Середній
loc_contracts_contract_complexity_tutorial,Навчання
loc_contracts_contract_fulfilled,Контракт виконано
loc_contracts_contract_reward_label,Нагорода за виконання контракту:
loc_contracts_contract_reward_tasks_completed,{tasks_completed:%d}/{tasks_total:%d} завдань виконано
loc_contracts_contract_task_info_completion_label,Завершення
loc_contracts_contract_task_info_complexity_label,Складність
loc_contracts_contract_task_info_reward_label,Нагорода
loc_contracts_list_title,Тижневий контракт
loc_contracts_reroll_button,Замінити завдання
loc_contracts_reroll_confimation_no,Скасувати
loc_contracts_reroll_confimation_popup_description,"Вартість: {#color(246,189,69)} {cost:%d}{#reset()}\nПоточний баланс: {#color(246,189,69)} {balance:%d}{#reset()}"
loc_contracts_reroll_confimation_popup_title,Бажаєш замінити це завдання?
loc_contracts_reroll_confimation_yes,Замінити завдання
loc_contracts_reroll_insufficient_funds_close,Закрити
loc_contracts_reroll_insufficient_funds_popup_description,"Недостатньо коштів, щоб замінити контракт!\n\nВартість: {#color(246,189,69)} {#color(245,39,39)}{cost:%d}{#reset()}. 
(Поточний баланс: {#color(246,189,69)} {#color(245,39,39)}{balance:%d}{#reset()})"
loc_contracts_reroll_insufficient_funds_popup_title,Неможливо замінити завдання!
loc_contracts_task_completed,Завершено
loc_contracts_task_description_block_damage,Заблокуй {count:%d} шкоди
loc_contracts_task_description_collect_pickups,Підняти {count:%d} {kind:%s}
loc_contracts_task_description_collect_resources,Зібрати {count:%d} {kind:%s}
loc_contracts_task_description_complete_mission_no_death,Завершити {count:%d} місій без смертей гравців
loc_contracts_task_description_complete_missions,Завершити {count:%d} місій
loc_contracts_task_description_complete_missions_by_name,Завершити {count:%d} додаткових завдань у місії {map:%s}
loc_contracts_task_description_kill_bosses,Убити {count:%d} потвор
loc_contracts_task_description_kill_minions,Убити {count:%d} {enemy_type:%s} у {weapon_type:%s}
loc_contracts_task_label_block_damage,Заблокуй {count:%d} шкоди
loc_contracts_task_label_collect_pickups,Знайти {count:%d} {kind:%s}
loc_contracts_task_label_collect_resources,Зібрати {count:%d} {kind:%s}
loc_contracts_task_label_complete_mission_no_death,Завершити {count:%d} місій без смертей гравців
loc_contracts_task_label_complete_missions,Завершити {count:%d} місій
loc_contracts_task_label_complete_missions_by_name,Завершити {count:%d} додаткових завдань у місії {map:%s}
loc_contracts_task_label_kill_bosses,Убити {count:%d} потвор
loc_contracts_task_label_kill_minions,Убити {count:%d} {enemy_type:%s} у {weapon_type:%s}
loc_contracts_time_left,Залишилось часу: {timer_text}
loc_contracts_view,Контракти
loc_contracts_view_display_name,Контракти
loc_contracts_view_general_goods_random_gadget_defensive,Розблокувати реліквію захисту
loc_contracts_view_general_goods_random_gadget_teamplay,Розблокувати реліквію синергії
loc_contracts_view_general_goods_random_gadget_utility,Розблокувати допоміжну реліквію
loc_contracts_view_general_goods_random_item_desc,Довіритись Сіру Мелку
loc_contracts_view_general_goods_random_melee_weapon,Невідома зброя ближнього бою
loc_contracts_view_general_goods_random_ranged_weapon,Невідома зброя дальнього бою
loc_corruption_objective,"Взаємодіяти із сервочерепом, щоб упасти"
loc_corruption_tutorial,Погань
loc_corruption_tutorial_desc,"{#color(130,66,170)}погань{#reset()} зменшує {#color(216,237,190)}максимальне здоров’я{#reset()}. Якщо ти падаєш, коли твоя остання рана {#color(130,66,170)}зпоганена{#reset()}, ти стаєш недієздатним і потрапляєш у полон.\n\n{#color(130,66,170)}погань{#reset()} спричиняється певними атаками, предметами або падінням."
loc_cosmetic_vendor_no_operative_of_class,У тебе немає оперативника цього класу.
loc_cosmetics_vendor_view_intro_description,У мене є багато товарів. Бажаєш знайти нове вбрання чи поліпшити вигляд своєї зброї?
loc_cosmetics_vendor_view_intro_title,Інтендант
loc_cosmetics_vendor_view_title,Інтендант
loc_cosmetics_view_display_name,Зовнішній вигляд
loc_crafting_available_traits,Доступні риси
loc_crafting_choose,Обрати
loc_crafting_empower_error_mastery,Потрібен вищий Рівень Майстерності
loc_crafting_error_max_power,Досягнуто максимальної потужності  
loc_crafting_error_no_blessings,Предмет не має жодних благословень.
loc_crafting_error_no_consecrate,Досягнуто максимальної рідкісності  
loc_crafting_error_no_perks,Предмет не має перків.
loc_crafting_error_perk_rerolled,Цей предмет уже був очищений і не може бути благословлений знову.
loc_crafting_error_trait_replaced,Цей предмет уже був благословенним і не може бути очищений.
loc_crafting_extract_button,Здати зброю
loc_crafting_extract_description,"Назавжди здай предмет Гадроні. Вона подарує тобі вотивну жертву, що дозволить накласти обране благословення на інший предмет."
loc_crafting_extract_equipped,Не можна здати екіпірований предмет.
loc_crafting_extract_locked,Немає доступних благословень
loc_crafting_extract_option,Отримати благословення
loc_crafting_extract_success,Благословення отримано
loc_crafting_extract_title,Отримати благословення
loc_crafting_failure,Не вдалося виконати операцію.
loc_crafting_fuse_button,Об’єднати
loc_crafting_fuse_description,"Об’єднай три благословення одного рівня, перетворивши їх на одне благословення наступного рівня."
loc_crafting_increase_expertise_success,Сила зброї збільшена
loc_crafting_item_modifications_description,"Зброя чи артефакти можуть мати до двох модифікацій, що змінюють або їхні переваги, або благословення."
loc_crafting_item_modifications_text,Модифікації застосовано до вибраного предмета.
loc_crafting_loading,Завантаженні
loc_crafting_modification_not_available,Немає доступних модифікацій для цієї дії.
loc_crafting_modify_title,Благати Омнісії
loc_crafting_no_perk_selected,Не вибрано перевагу
loc_crafting_no_trait_selected,Не вибрано благословення
loc_crafting_not_allowed_wasteful,Це благословення вже застосовано.
loc_crafting_not_seen,Благословення не доступне
loc_crafting_replace,Замінити
loc_crafting_replace_description,"Переблагослови свою зброю, замінивши існуюче благословення одним із твоєї колекції. Початкове благословення буде втрачено."
loc_crafting_replace_locked,Немає доступних благословень
loc_crafting_replace_option,Переблагословити
loc_crafting_replace_perk_description,"Принеси свій предмет на очищення. Гадрона замінить вибрану перевагу тією, яку ти обереш."
loc_crafting_replace_perk_not_allowed_wasteful,Ця перевага вже застосована.
loc_crafting_replace_success,Зброю благословлено
loc_crafting_replace_title,Обери благословення для заміни
loc_crafting_reroll_perk_button,Перекування
loc_crafting_reroll_perk_description,"Принеси свій предмет на очищення. Гадрона замінить вибрану перевагу тією, яку вона обере."
loc_crafting_reroll_perk_option,Перекувати предмет
loc_crafting_reroll_success,Перк змінено
loc_crafting_trait_already_extracted,Ти вже отримав це благословення
loc_crafting_upgrade_button,Освятити
loc_crafting_upgrade_description,"Освяти цей предмет, додавши випадкову перевагу чи благословення залежно від типу предмета та його святості."
loc_crafting_upgrade_locked,Зброю не можна освятити
loc_crafting_upgrade_max,Неможливо далі освячувати зброю
loc_crafting_upgrade_option,Освятити
loc_crafting_upgrade_rarity,"{#color({rarity_color_r:%d},{rarity_color_g:%d},{rarity_color_b:%d})}{rarity_name:%s}{#reset()},"
loc_crafting_upgrade_reward_popup_title,Освячено
loc_crafting_upgrade_success,Предмет освячено
loc_crafting_upgrade_title,Освятити зброю
loc_crafting_upgrade_unknown_perk_description,Нова перевага
loc_crafting_upgrade_unknown_trait_description,Освячення цього предмета додасть благословення.
loc_crafting_upgrade_unknown_trait_name,Нове благословення
loc_crafting_view,Святилище Омнісії
loc_crafting_view_intro_description,Подавай свій запит швидше. У мене ще безліч справ.
loc_crafting_view_intro_title,Гадрона Омега-7-7
loc_crafting_view_option_fuse,Об’єднати благословення
loc_crafting_view_option_modify,Благати Гадрону
loc_crafting_warning_replace,"Щойно благословення замінено, інші благословення на цьому предметі не можуть бути змінені."
loc_crafting_warning_reroll,"Щойно перевагу замінено, інші переваги на цьому предметі не можуть бути змінені."
loc_credits_goods_vendor_description_text,Отримай блюзнірську зброю на свій вибір.
loc_credits_goods_vendor_title_text,Зброярня Бранта
loc_credits_vendor_view_intro_description,Якої з моїх скромних послуг ти потребуєш?
loc_credits_vendor_view_intro_title,Обмін в арсеналі
loc_credits_vendor_view_option_buy,Постачання зброї та реліквій
loc_credits_vendor_view_option_buy_character_cosmetics,Зовнішність оперативника
loc_credits_vendor_view_option_buy_weapon_cosmetics,Зовнішність зброї
loc_credits_vendor_view_title,Останні запаси
loc_credits_view_2d_art_freelance_title,2d арт фриланс
loc_credits_view_2d_art_title,2d арт
loc_credits_view_3D_art_title,3d арт
loc_credits_view_3d_character_artist_title,3d художник персонажів
loc_credits_view_3d_generalist_title,3d дженераліст
loc_credits_view_3d_modeling_artist_title,3d моделер
loc_credits_view_3d_texture_artist_title,3d текстурний художник
loc_credits_view_account_manager_title,Менеджер
loc_credits_view_additional_2d_art_title,Додатковий 2d арт
loc_credits_view_additional_animation_title,Додаткова анімація
loc_credits_view_additional_character_art_title,Додатковий арт персонажів
loc_credits_view_additional_creative_marketing_director_title,Додатковий креативний директор маркетингу
loc_credits_view_additional_game_design_title,Додатковий ґеймдизайн
loc_credits_view_additional_producer_title,Додатковий продюсер
loc_credits_view_additional_quality_assurance_title,Додатковий відділ забезпечення якості
loc_credits_view_amd_title,Amd
loc_credits_view_animation_consultant_title,Анімаційний консультант
loc_credits_view_animation_lead_title,Провідний аніматор
loc_credits_view_animation_title,Анімація
loc_credits_view_animator_title,Аніматор
loc_credits_view_announcement_servitors_title,Оповісні сервітори
loc_credits_view_armoury_exchange_servitor_title,Сервітор обміну в зброярні
loc_credits_view_art_director_title,Артдиректор
loc_credits_view_art_lead_title,Лід арту
loc_credits_view_art_specialist_title,Арт-спеціаліст
loc_credits_view_artist_title,Художник
loc_credits_view_associate_producer_title,Асистент продюсера
loc_credits_view_associate_project_director_title,Асистент керівника проєкту
loc_credits_view_associate_qc_lead_title,Асистент ліда qc
loc_credits_view_audio_manager_title,Аудіо-менеджер
loc_credits_view_audio_programmer_additional_title,Додатковий аудіо-програміст
loc_credits_view_babies_title,Діти виробництва
loc_credits_view_backend_developer_title,Бекенд-розробник
loc_credits_view_board_title,Рада директорів Fatshark – не виконавчі
loc_credits_view_build_engineer_title,Інженер білду
loc_credits_view_business_development_director,Директор бізнес-розвитку
loc_credits_view_business_development_director_title,Директор бізнес-розвитку
loc_credits_view_captain_wolfer_title,Капітан Вульфер
loc_credits_view_cast_title,Акторський склад
loc_credits_view_casting__and__voice_direction_title,Кастинг і голосова режисура
loc_credits_view_casting_assistant_title,Асистент кастингу
loc_credits_view_casting_director_title,Директор кастингу
loc_credits_view_casting_producer_title,Продюсер кастингу
loc_credits_view_cbdo_title,Головний директор бізнес-розвитку
loc_credits_view_ceo_title,Генеральний директор (ceo)
loc_credits_view_certification_test_engineers,Інженери сертифікаційного тестування
loc_credits_view_certification_test_lead,Керівник сертифікаційного тестування
loc_credits_view_cfo_title,Фінансовий директор (cfo)
loc_credits_view_cfx_td_title,Cfx td
loc_credits_view_cg_supervisor_title,Супервайзер cg
loc_credits_view_chaos_ogryns_title,Оґрини Хаосу
loc_credits_view_character_art_lead_title,Лід арту персонажів
loc_credits_view_character_art_title,Арт персонажів
loc_credits_view_character_supervisor_title,Супервайзер персонажів
loc_credits_view_cinematic_artist_title,Художник катсцен
loc_credits_view_cinematic_design_title,Дизайн катсцен
loc_credits_view_cinematic_director_title,Режисер катсцен
loc_credits_view_cinematic_producer_title,Продюсер катсцен
loc_credits_view_cio_title,Інформаційний директор (cio)
loc_credits_view_cmo_title,Маркетинговий директор (cmo)
loc_credits_view_combat_design_lead_title,Лід дизайну бою
loc_credits_view_combat_design_title,Дизайн бою
loc_credits_view_commodore_alice_hallowette_title,Коммодор еліс святинка
loc_credits_view_community_manager_title,Ком’юніті-менеджер
loc_credits_view_community_support_additional_title,Додаткова підтримка спільноти
loc_credits_view_community_support_title,Підтримка спільноти
loc_credits_view_concept_art_title,Концепт-арти
loc_credits_view_concept_artist_sr_title,Старший концепт-артист
loc_credits_view_consultant_title,Консультант
loc_credits_view_coo_title,Операційний директор (coo)
loc_credits_view_creative_marketing_lead_title,Керівник креативного маркетингу
loc_credits_view_cto_title,Технічний директор (cto)
loc_credits_view_daemonhost_title,Демононосій
loc_credits_view_data_analyst_additional_title,Додатковий аналітик даних
loc_credits_view_data_analyst_intern_title,Стажер-аналітик даних
loc_credits_view_data_analyst_title,Аналітик даних
loc_credits_view_data_engineer_title,Інженер даних
loc_credits_view_department_lead_title,Керівник відділу
loc_credits_view_developer_relations_title,Взаємини з розробниками
loc_credits_view_development_director_title,Директор з розробки
loc_credits_view_devtech_director_title,Директор devtech
loc_credits_view_devtech_engineer_title,Інженер devtech
loc_credits_view_dialogue_editor_title,Редактор діалогів
loc_credits_view_dialogue_recording_title,Запис діалогів
loc_credits_view_digital_marketing_manager_title,Менеджер цифрового маркетингу
loc_credits_view_director_business_development_title,Директор бізнес-розвитку
loc_credits_view_director_central_services_title,Директор центральних сервісів
loc_credits_view_director_title,Директор
loc_credits_view_display_name,Ордо-Кредити
loc_credits_view_dregs_title,Дреґи
loc_credits_view_engine_programmer_centraltech_title,Програміст ігрового рушія
loc_credits_view_engine_programmer_lead_title,Головний програміст ігрового рушія
loc_credits_view_engineering_director_title,Головний інженер
loc_credits_view_enginseer_a_title,"КХ-8, Техножрець"
loc_credits_view_environment_art_title,Арт оточення
loc_credits_view_executive_producer_title,Виконавчий продюсер
loc_credits_view_executive_production_director_title,Виконавчий директор виробництва
loc_credits_view_explicator_orgustine_zola_title,Слідча Орґустіна Зола
loc_credits_view_Fatshark_board_chairman_title,Голова ради
loc_credits_view_Fatshark_board_title,Рада директорів Fatshark
loc_credits_view_finance_coordinator_title,Фінансовий координатор
loc_credits_view_flight_lieutenant_gillia_masozi_title,Лейтенант авіації Ґіллія Масозі
loc_credits_view_freelance_character_artist_title,Фриланс-художник персонажів
loc_credits_view_frontend_programmer_title,Фронтенд-програміст
loc_credits_view_game_design_title,Ґеймдизайн
loc_credits_view_game_director_title,Ігровий директор
loc_credits_view_gameplay_programmer_additional_title,Додатковий програміст ґеймплею
loc_credits_view_gameplay_programmer_intern_title,Стажер-програміст ґеймплею
loc_credits_view_gameplay_programmer_lead_title,Керівний програміст ґеймплею
loc_credits_view_gameplay_programmer_singular_title,Програміст ґеймплею
loc_credits_view_general_manager_title,Генеральний менеджер
loc_credits_view_grendyls_servitor_title,Сервітор Ґрендила
loc_credits_view_groaners_title,Хрипуни
loc_credits_view_grooming_artist_title,Художник зачісок
loc_credits_view_gw_legal_1_title,"Warhammer 40,000: Darktide — © copyright games workshop limited 2022."
loc_credits_view_gw_legal_3_title,"Gw, games workshop, Warhammer 40,000,"
loc_credits_view_gw_thanks_title,Подяка games workshop
loc_credits_view_hadron_omega-seven-seven_title,Гадрона Омега-7-7
loc_credits_view_hadron_servitor_title,Фабрикатор 136/48
loc_credits_view_head_of_administration_title,Голова адміністрації
loc_credits_view_head_of_art_title,Голова арту
loc_credits_view_head_of_audio_title,Голова аудіо
loc_credits_view_head_of_code_title,Голова коду
loc_credits_view_head_of_design_title,Голова дизайну
loc_credits_view_head_of_motion_capture_title,Голова моушн кепчеру
loc_credits_view_hr_title,Hr (відділ кадрів)
loc_credits_view_india_production_head_title,Керівник виробництва в індії
loc_credits_view_interrogator_iven_rannick_title,Дознавач Айвен Раннік
loc_credits_view_it_engineer_title,Іт-інженер
loc_credits_view_it_infractructure_engineer_title,Інженер іт-інфраструктури
loc_credits_view_it_intern_title,Іт-стажер
loc_credits_view_it_specialist_title,Іт-спеціаліст
loc_credits_view_jr_character_artist_title,Молодший художник персонажів
loc_credits_view_jr_marketing_creative_additional_title,Додатковий молодший креативний маркетолог
loc_credits_view_jr_shot_td_title,Молодший шот td
loc_credits_view_lead_animator_title,Старший-аніматор
loc_credits_view_lead_cfx_title,Керівник cfx
loc_credits_view_lead_character_artist_title,Керівник художників персонажів
loc_credits_view_lead_character_td_title,Керівник character td
loc_credits_view_lead_environment_artist_title,Керівник художників оточення
loc_credits_view_lead_writer_title,Головний письменник
loc_credits_view_level_art_lead_title,Керівник арту рівнів
loc_credits_view_level_art_title,Арт рівнів
loc_credits_view_level_design_lead_title,Керівник дизайну рівнів
loc_credits_view_level_design_title,Дизайн рівнів
loc_credits_view_level_infinite_title,Безкінечний рівень
loc_credits_view_lighting_and_compositing_title,Керівник освітлення та композитингу
loc_credits_view_lighting_art_lead_title,Керівник арту освітлення
loc_credits_view_lighting_art_title,Арт освітлення
loc_credits_view_live_operations_specialist_title,Спеціаліст живих операцій
loc_credits_view_localization_manager_title,Менеджер локалізації
loc_credits_view_lord_darius_melk_title,Лорд Даріус Мелк
loc_credits_view_mara_vinci_title,Мара Вінчі
loc_credits_view_marketing_artist_title,Marketing artist
loc_credits_view_marketing_communications_director_title,Директор маркетингових комунікацій
loc_credits_view_marketing_consultant_title,Маркетинговий консультант
loc_credits_view_marketing_manager_title,Маркетинговий менеджер
loc_credits_view_medicae_servitor_title,Сервітор-медик
loc_credits_view_moebian_traitors_title,Моебіанські зрадники
loc_credits_view_molinare_title,Molinare
loc_credits_view_motion_capture_actor_title,Актор моушн кепчеру
loc_credits_view_motion_capture_animator_title,Аніматор моушн кепчеру
loc_credits_view_motion_capture_data_artist_title,Художник даних моушн кепчеру
loc_credits_view_motion_capture_lead_title,Лід моушн кепчеру
loc_credits_view_motion_capture_operator_title,Оператор моушн кепчеру
loc_credits_view_motion_capture_performer_title,Виконавець
loc_credits_view_motion_capture_stage_technitian_title,Сценічний технік
loc_credits_view_mourningstar_crew_title,Екіпаж Скорботної Зорі
loc_credits_view_mts_doftware_development_engineer_title,Інженер розробки пз mts
loc_credits_view_music_choir_orchestration_title,Хорова оркестрація
loc_credits_view_music_choir_performed_by_title,Хор у виконанні будапештських хористів scoring
loc_credits_view_music_composed_performed_by_title,"Музику написано, спродюсовано, виконано, запрограмовано, аранжовано та зведено"
loc_credits_view_music_dueling_instruments_title,"Скрипковий дует, барабани та перкусія у виконанні"
loc_credits_view_music_features_instrumental_soloist_title,Запрошений соліст інструменту
loc_credits_view_music_mastered_by_title,Мастеринг виконано
loc_credits_view_music_morinkhuur_title,Морін хур у виконанні та додатковий вокал
loc_credits_view_music_streetpiano_zithers_title,«вуличне піаніно проти цитр» у виконанні
loc_credits_view_music_title,Музика
loc_credits_view_mutant_title,Мутант
loc_credits_view_narrative_design_additional_title,Додатковий наративний дизайн
loc_credits_view_narrative_design_title,Наративний дизайн
loc_credits_view_narrative_director_title,Наративний директор
loc_credits_view_network_programmer_title,Мережевий програміст
loc_credits_view_noble_a_title,Мамзель дуреллія з дому баркетт
loc_credits_view_noble_b_title,Сір Санґолін з дому марґрейв
loc_credits_view_NVIDIA_title,NVIDIA
loc_credits_view_office_administration_title,Офісна адміністрація
loc_credits_view_office_coordinator_title,Офісний координатор
loc_credits_view_office_manager_title,Офіс-менеджер
loc_credits_view_omuk_london_title,Omuk лондон
loc_credits_view_operations_manager_title,Операційний менеджер
loc_credits_view_oska_krall_title,Оска кралл
loc_credits_view_outsource_manager_title,Менеджер з аутсорсу
loc_credits_view_performance_analyst_title,Аналітик продуктивності
loc_credits_view_pets_title,Тварини виробництва
loc_credits_view_poxburster_title,Чумовибухач
loc_credits_view_poxwalkers_title,Чумоходець
loc_credits_view_pr_manager_title,Pr-менеджер
loc_credits_view_president_and_ceo_title,Президент і генеральний директор (ceo)
loc_credits_view_previz_and_Animation_supervisor_title,Супервайзер превізу та анімації
loc_credits_view_principal_writer_world_building_and_narrative_title,Головний письменник: створення світу та наративу
loc_credits_view_producer_title,Продюсер
loc_credits_view_production_assistant_title,Асистент виробництва
loc_credits_view_production_consultant_title,Консультант виробництва
loc_credits_view_production_coordinator_title,Координатор виробництва
loc_credits_view_production_director_title,Директор виробництва
loc_credits_view_production_manager_lead_title,Головний менеджер виробництва
loc_credits_view_project_assistant_title,Асистент проєкту
loc_credits_view_project_lead_title,Керівник проєкту
loc_credits_view_project_manager_title,Менеджер проєкту
loc_credits_view_qa_lead_title,Лід відділу qa
loc_credits_view_qa_manager_title,Менеджер qa
loc_credits_view_qa_tester_title,Тестер qa
loc_credits_view_qa_title,Забезпечення якості
loc_credits_view_qc_artist_title,Qc-художник
loc_credits_view_quality_assurance_intern_title,Стажер у відділі забезпечення якості
loc_credits_view_recording_engineer_title,Звукоінженер
loc_credits_view_release_manager_lead_title,Лід менеджер релізів
loc_credits_view_release_manager_title,Менеджер релізів
loc_credits_view_reviewer_title,Рецензент
loc_credits_view_rigging_team_lead_title,Лід команди ріґінгу
loc_credits_view_rinda_karnak_title,Рінда Карнак
loc_credits_view_rodin_karnak_title,Родін Карнак
loc_credits_view_sefoni_title,Сефоні
loc_credits_view_senior_animator_title,Старший аніматор
loc_credits_view_senior_fx_td_title,Старший fx td
loc_credits_view_sergeant-major_vincent_morrow_title,Сержант-Майор Вінсент Морроу
loc_credits_view_shipmistress_emora_brahms_title,Капітанка Емора Брамс
loc_credits_view_shot_lead_title,Керівник шотів
loc_credits_view_sister_hestia_prine_title,Сестра Гестія Прайн
loc_credits_view_skinning_artist_title,Художник зі скінінгу
loc_credits_view_smocap_actor_title,Актор мокапу
loc_credits_view_sound_design_lead_title,Лід саунд-дизайну
loc_credits_view_sound_design_team_manager_title,Менеджер саунд-дизайну
loc_credits_view_sound_design_title,Саунд-дизайн
loc_credits_view_special_thanks_to_title,Особлива подяка:
loc_credits_view_sr_3D_artist_title,Старший 3d художник
loc_credits_view_sr_3d_character_artist_title,Старший 3d художник персонажів
loc_credits_view_sr_developer_relations_manager_title,Старший менеджер з взаємин із розробниками
loc_credits_view_sr_dialogue_editor_title,Старший редактор діалогів
loc_credits_view_sr_lighting_and_compositing_artist_title,Старший художник освітлення та композитингу
loc_credits_view_sr_manager_software_development_title,Старший менеджер розробки пз
loc_credits_view_sr_shading_artist_title,Старший художник шейдингу
loc_credits_view_sr_software_development_engineer_title,Старший інженер-розробник пз
loc_credits_view_storyboard_artist_title,Художник раскадровки
loc_credits_view_studio_animation_lead_title,Студійний лід-аніматор
loc_credits_view_studio_art_director_india_title,Студійний арт-директор індія
loc_credits_view_studio_coordinator_title,Студійний координатор
loc_credits_view_studio_director_title,Студійний директор
loc_credits_view_studio_head_pune_title,Голова студії пуна
loc_credits_view_studio_head_title,Голова студії
loc_credits_view_studio_project_director_title,Студійний керівник проєкту
loc_credits_view_talent_acquisition_specialist_title,Спеціаліст із пошуку талантів
loc_credits_view_tancred_bastion_guard_title,Варта «танкред бастіон»
loc_credits_view_tancred_bastion_soldiers_title,Солдати «танкред бастіон»
loc_credits_view_team_lead_title,Тім-лід
loc_credits_view_technical_animation_title,Технічна анімація
loc_credits_view_technical_art_intern_title,Стажер технічного арту
loc_credits_view_technical_art_title,Технічний арт
loc_credits_view_technical_director_title,Технічний директор
loc_credits_view_technical_sound_design_title,Технічний саунд-дизайн
loc_credits_view_technical_vo_design_title,Vo-дизайн (дизайн голосу)
loc_credits_view_tertium_soldiers_title,Солдати Тертіума
loc_credits_view_test_automation_engineer_lead_title,Лід інженер автоматизованого тестування
loc_credits_view_test_automation_engineer_title,Інженер автоматизованого тестування
loc_credits_view_thanks_title,Особлива подяка:
loc_credits_view_the_agitator_title,Агітатор
loc_credits_view_the_bodyguard_title,Охоронець
loc_credits_view_the_brawler_title,Боєць
loc_credits_view_the_bully_title,Забіяка
loc_credits_view_the_cut_throat_title,Горлоріз
loc_credits_view_the_fanatic_title,Фанатик
loc_credits_view_the_judge_title,Суддя
loc_credits_view_the_loner_title,Самітник
loc_credits_view_the_loose_cannon_title,Нестримний
loc_credits_view_the_professional_title,Професіонал
loc_credits_view_the_savant_title,Учений
loc_credits_view_the_seer_title,Провидець
loc_credits_view_title,Титри
loc_credits_view_title_gw_legal_6,"® або ™ та/або © games workshop limited, зареєстровані у світі з різним статусом і використані за ліцензією."
loc_credits_view_tools_programmer_additional_title,Додатковий програміст інструментів
loc_credits_view_tools_programmer_intern_title,Стажер-програміст інструментів
loc_credits_view_tools_programmer_lead_title,Лід програміст інструментів
loc_credits_view_tools_programmer_singular_title,Програміст інструментів
loc_credits_view_tools_qa_title,Qa інструментів
loc_credits_view_traitor_captains_title,Капітани-зрадники
loc_credits_view_ui_programmer_lead_title,Лід програміст ui
loc_credits_view_ui_programmer_title,Програміст ui
loc_credits_view_ux_design_lead_title,Лід дизайну ux
loc_credits_view_ux_design_title,Дизайн ux
loc_credits_view_ux_research_title,Ux-дослідження
loc_credits_view_video_editor_title,Відеоредактор
loc_credits_view_visual_effects_art_additional_title,Додатковий vfx-арт
loc_credits_view_visual_effects_art_intern_title,Стажер vfx-арту
loc_credits_view_visual_effects_art_lead_title,Лід vfx-арту
loc_credits_view_visual_effects_art_title,Vfx-арт
loc_credits_view_vocators_title,Вокатори
loc_credits_view_voice_director_title,Режисер голосу
loc_credits_view_weapon_art_lead_title,Лід арту зброї
loc_credits_view_weapon_art_title,Арт зброї
loc_credits_view_witness_camera_operator_title,Оператор камери свідка
loc_credits_view_writer_additional_narrative_material_title,Додатковий наративний матеріал
loc_credits_view_writers_title,Письменники
loc_cross_play_disabled_by_a_player,Один з членів твоєї ударної групи має вимкнений кросплей.
loc_cross_play_disabled_by_me,У тебе вимкнено кросплей.
loc_cross_play_disabled_by_me_other_team_is_cross_platform,"У тебе вимкнено кросплей, а ударна група цього гравця його підтримує."
loc_cross_play_disabled_by_other,У гравця вимкнено кросплей.
loc_cross_play_disabled_by_other_my_team_is_cross_platform,"У гравця вимкнено кросплей, але твоя ударна група має його увімкненим."
loc_cross_play_disabled_globally,"Кросплей наразі вимкнений для всіх гравців. Будь ласка, спробуй пізніше."
loc_cross_play_disabled_in_my_team,Один із членів твоєї ударної групи має вимкнений кросплей.
loc_cross_play_disabled_in_other_team,Один із членів ударної групи цього гравця має вимкнений кросплей.
loc_cross_play_support_accept_button_label,Я розумію
loc_cross_play_support_information,У грі можуть бути доступні міжмережеві взаємодії.
loc_cross_play_support_title,Кросплей доступний
loc_cultist_captain_male_name_001,Торгрист Нестворений
loc_cultist_captain_male_name_002,Ураґа Сліпа
loc_cultist_captain_male_name_003,Сорретта Непохитна
loc_cultist_captain_male_name_004,Слааґор Зламаний
loc_cultist_captain_male_name_005,Балтазан Неспокійний
loc_cultist_captain_male_name_006,Йорен Кульгавий
loc_cultist_captain_male_name_007,Реюн Чумонесець
loc_cultist_captain_male_name_008,Бурлосс Огидний
loc_cultist_captain_male_name_009,Фраґус Стражденний
loc_cultist_captain_male_name_010,Калептус Загублений
loc_cultist_captain_male_name_011,Оріоль Проклятий
loc_cultist_captain_male_name_012,Гаррелл Гнійний
loc_cultist_captain_male_name_013,Гемофаг Кровогнилий
loc_cultist_captain_male_name_014,Ісмаїл Порочний
loc_cultist_captain_male_name_015,Мералт Праведний
loc_cultist_captain_male_name_016,Камарас Уболевний
loc_cultist_captain_male_name_017,Блуфосс Ненажерливий
loc_cultist_captain_male_name_018,Арденій Оратор
loc_cultist_captain_male_name_019,Саарґ Сонливий
loc_cultist_captain_male_name_020,Тассадра Жорстока
loc_cultist_captain_male_name_021,Намто Скверний
loc_cultist_captain_male_name_022,Леонас Відступник
loc_cultist_captain_male_name_023,Хеймсуль Роздертий
loc_cultist_captain_male_name_024,Ксавіан Визволитель
loc_cultist_captain_male_name_025,Манус Знедолений
loc_currency_name_credits,Ордо-Кредити
loc_currency_name_diamantine,Діамантин
loc_currency_name_marks,Злитки Ордо
loc_currency_name_plasteel,Пласталь
loc_currency_name_premium,Моебіанські Аквіли
loc_custom_settings_confirm,Підтвердити
loc_custom_settings_display_name,Користувацькі налаштування
loc_cutscene_skip_hold_no_input,"Утримувати, щоб пропустити"
loc_cutscene_skip_no_input,Пропустити катсцену
loc_daemonhost_name,Демононосій
loc_defeat_sub_title,Єресь ...
loc_defeat_title,Поразка
loc_delete_save_failed_desc,Не вдалося видалити дані збереження
loc_disable_rule_borderless_window,Вимкнено через режим екрана
loc_disable_rule_dlss_aa,Вимкнено через DLSS super resolution
loc_disable_rule_dlss_g_reflex,Вимкнено через DLSS frame generation
loc_disable_rule_dlss_g_vsync,Вимкнено через DLSS frame generation
loc_disable_rule_fsr_aa,Fsr 1.0 потребує taa
loc_disable_rule_lens_quality_distortion,Потрібна якість лінз
loc_disable_rule_lens_quality_fringe,Потрібна якість лінз
loc_disable_rule_rt_reflections_ssr,Вимкнено через рейтрейсингові відбиття
loc_disable_rule_rtxgi_gi,Вимкнено через RTX глобальне освітлення
loc_disable_rule_xess_aa,Вимкнути intel xess
loc_discard_items_button,Викинути предмети
loc_discard_items_view_favorite_info,Улюблені ({favorite_icon:%s}) не буде утилізовано.
loc_discard_items_view_rarity_title,Якість для включення
loc_discard_items_view_rating_lower,Рейтинг нижче ніж
loc_discard_items_view_title_item,Зібрати трофеї  
loc_disconnect_by_kick,Тебе вигнали з поточної місії шляхом голосування.
loc_disconnected_from_server,Відключено від сервера
loc_dlc_adamant_name_deluxe,Deluxe Edition Класу Арбітр 
loc_dlc_cta,Отримати DLC
loc_dlc_installed,{dlc_name}\n-\n{dlc_description}
loc_dodging_objective_1,Ухилитись ліворуч
loc_dodging_objective_2,Ухилитись назад
loc_dodging_objective_3,Ухилитись праворуч
loc_dodging_objective_4,Ухилитись від атак у ближньому бою
loc_dodging_tutorial,Ухилитись
loc_dodging_tutorial_desc,"{#color(216,237,190)}ухилення{#reset()} дозволяє уникати атак дальнього та ближнього бою."
loc_door_interlude,Очікування
loc_eac_error_auth_eac_failed,Не вдалося пройти автентифікацію easy anti-cheat
loc_eac_error_not_running_eac,Easy anti-cheat не запущено
loc_eac_error_not_running_steam,Неможливо використати eac без запущеного steam
loc_eac_error_server_auth_eac_failed,Помилка автентифікації сервера easy anti-cheat
loc_eac_error_timeout_auth_eac,Перевищено час очікування під час автентифікації easy anti-cheat
loc_ember_event_name,Інферно
loc_empty_headgear,Порожньо
loc_end_view_mission_sub_header_defeat,Ти підвів Імператора!
loc_end_view_mission_sub_header_victory,"Убито всього:{#size({font_size:%d});offset(0,-0.3);color({font_color})} {total_kills}{#reset()} смертей всього:{#size({font_size});offset(0,-0.3);color({font_color})} {total_deaths}{#reset()} час:{#size({font_size});offset(0,-0.3);color({font_color})} {mission_time}{#reset()}"
loc_end_view_stat_title_total_deaths,Смертей всього: {deaths:%d}
loc_end_view_stat_title_total_kills,Убито всього: {kills:%d}
loc_end_view_stat_title_total_time,Час: {minutes:%d} хв {seconds:%d} сек
loc_eor_card_base_credits,Ордо-Кредити:
loc_eor_card_base_diamantine,Діамантин:  
loc_eor_card_base_plasteel,Пласталь:
loc_eor_card_base_xp,Місія:
loc_eor_card_circumstance_xp,Особлива умова:
loc_eor_card_mastery_added_exp,{exp:%d} досвіду 
loc_eor_card_side_mission_bonus_xp,Бонус за додаткову ціль:
loc_eor_card_side_mission_credits_label,З додаткової цілі:
loc_eor_card_side_mission_xp_label,Додаткова ціль:
loc_eor_card_talent_group_unlocked,Переглянь свої таланти в огляді оперативника.
loc_eor_card_title_experience,Нагорода за місію\nдосвід
loc_eor_card_title_level_up_reward,Розблокування зброї
loc_eor_card_title_mastery,Майстерність зброї
loc_eor_card_title_random_reward,Дар Імператора
loc_eor_card_title_salary,Нагорода за основну ціль
loc_eor_card_total_bonus_xp,Загальний бонус:
loc_eor_stay_in_party_continue_tooltip,"Треба зачекати, доки голосування завершиться."
loc_eor_stay_in_party_no,Ні
loc_eor_stay_in_party_vote_done_tooltip,Голосування завершено. Буде сформовано нову ударну групу.
loc_eor_stay_in_party_vote_text,Об’єднати ударні групи?
loc_eor_stay_in_party_vote_tooltip,Буде сформовано нову ударну групу.
loc_eor_stay_in_party_yes,Так
loc_eor_unlocked_talents_label,Таланти розблоковано:
loc_eor_unlocked_weapon_label,Зброю розблоковано
loc_eor_weapon_unlocked_desc,Ця зброя тепер доступна в обміні зброярні
loc_eor_xp_bar_progression_text," {#color(255,242,230)} {experience}{#reset()}/{experience_for_next_level}"
loc_eos_acccar_authenticationfailed,Помилка автентифікації easy anti-cheat. \n\nкод помилки: {error:%s}
loc_eos_acccar_backendviolation,Не вдалося виконати серверну перевірку під час роботи easy anti-cheat. \n\nкод помилки: {error:%s}
loc_eos_acccar_clientviolation,Не вдалося виконати клієнтську перевірку під час роботи easy anti-cheat. \n\nкод помилки: {error:%s}
loc_eos_acccar_heartbeattimeout,Не отримано сигналу від easy anti-cheat. \n\nкод помилки: {error:%s}
loc_eos_acccar_internalerror,Сталася помилка з easy anti-cheat. \n\nкод помилки: {error:%s}
loc_eos_acccar_invalidmessage,Easy anti-cheat отримав пошкоджене або недійсне повідомлення. \n\nкод помилки: {error:%s}
loc_eos_acccar_nullclient,Не вдалося завантажити модуль easy anti-cheat під час запуску. \n\nкод помилки: {error:%s}
loc_eos_acccar_temporarybanned,Тебе тимчасово заблоковано easy anti-cheat. \n\nкод помилки: {error:%s}
loc_eos_acccar_temporarycooldown,Easy anti-cheat тимчасово заборонив тобі гру на цьому сервері. \n\nкод помилки: {error:%s}
loc_eos_acccar_unknown_error,Easy anti-cheat зіткнувся з помилкою. \n\nкод помилки: {error:%s}
loc_error_banned_auth_failure,Помилка автентифікації облікового запису.
loc_error_banned_bhv,Твій обліковий запис було заблоковано через негідну поведінку.
loc_error_banned_crg,"Твій обліковий запис заблоковано через відкликання платежу за покупку в магазині. Обліковий запис залишатиметься заблокованим, доки проблема не буде вирішена."
loc_error_banned_frozen,"Твій обліковий запис заморожено. Ми розслідуємо причину. Будь ласка, спробуй пізніше."
loc_error_banned_gen,Твій обліковий запис заблоковано.
loc_error_banned_with_expire_time,"{description:%s}\n\nчас, що лишився: {time_remaining:%s}"
loc_error_code_with_line_break,\n(код помилки: {error_code})
loc_error_reason,{error_reason:%s}
loc_eula_title,Eula
loc_event_briefing,Брифінг події
loc_event_category_label,Особлива подія
loc_event_objectives,Цілі
loc_event_objectives,Цілі
loc_event_tier_completed,Рівень події завершено!
loc_event_time_left,Подія закінчується за:
loc_exit_to_main_menu_display_name,Змінити оперативника
loc_expertise_crafting_button_upgrade,Покращити
loc_expertise_crafting_description,"Підвищує модифікатори. Твоя сила може бути не вищою, ніж поточний рівень майстерності цієї зброї."
loc_expertise_crafting_modifiers_changes,Зміни  
loc_expertise_crafting_modifiers_max,Макс  
loc_expertise_crafting_title,Посилити
loc_eye_color,Колір очей
loc_face,Обличчя
loc_face_hair,Борода
loc_face_scar,Шрами
loc_face_tattoo,Татуювання на обличчі
loc_failed_joining_server,Не вдалося приєднатися до сервера
loc_failed_to_redeem_dlc,Не вдалося активувати {dlc_name:%q}
loc_forced_rename_account_description,"Ти мусиш придумати ім’я облікового запису Fatshark, щоб продовжити. Ти не зможеш змінити ім’я облікового запису Fatshark після підтвердження."
loc_forced_rename_account_title,Придумай ім’я свого облікового запису Fatshark
loc_forced_rename_note,Ти не можеш змінити ім’я облікового запису Fatshark після підтвердження.
loc_forcestaff_p1_m1_attack_primary,Зв’язана із посохом вогняна стріла
loc_forcestaff_p1_m1_attack_secondary,Зв’язаний із посохом вогняний вибух  
loc_forcestaff_p1_m1_attack_special,Ударна операція
loc_forcestaff_p2_m1_attack_primary,Зв’язаний із посохом сяйвострум
loc_forcestaff_p3_m1_attack_secondary,Зв’язаний із посохом громобій
loc_forcesword_2h_weapon_special,Розсікання варп-шоком  
loc_forcesword_p1_m1_attack_special,Заряджений варпом
loc_friends_list_failed_desc,Не вдалося додати {player_name} у друзі
loc_game_session_aborted_popup_close_button,Закрити
loc_game_session_aborted_popup_description,"Вибачте, але вашу місію було перервано через неочікувану помилку."
loc_game_session_aborted_popup_title,Місію перервано
loc_gender,Тип тіла
loc_gender_display_name_female,Тип a
loc_gender_display_name_male,Тип b
loc_generic_interaction,Н/д
loc_gestalt_linesman,Лінійний удар
loc_gestalt_ninja_fencer,Точний удар
loc_gestalt_smiter,Нищівний удар
loc_gestalt_tank,Розмашистий удар
loc_gibbing_enabled,Розкидання на шматки
loc_gibbing_enabled_mouseover,Розчленування ворогів.
loc_glossary_armour_type_resistant,Непохитні
loc_glossary_talent_ability_modifier,Модифікатор здібності
loc_glossary_talent_aura_modifier,Модифікатор аури
loc_glossary_talent_default,Пасивно
loc_glossary_talent_keystone,Основа
loc_glossary_talent_keystone_modifier,Модифікатор основи
loc_glossary_talent_stat,Модифікатор оперативника
loc_glossary_term_ammunition,Набої
loc_glossary_term_aura,Аура
loc_glossary_term_charge,Ривок
loc_glossary_term_circumstance_hazard,Особливі умови
loc_glossary_term_circumstance_hazard,Спеціальна умова
loc_glossary_term_class_ability,Здібність
loc_glossary_term_combat_ability,Здібність
loc_glossary_term_melee_damage,Шкода у ближньому бою
loc_glossary_term_melee_weapons,Зброя ближнього бою
loc_glossary_term_passive,Знаковий
loc_glossary_term_ranged_attacks,Дистанційні атаки
loc_glossary_term_ranged_weapons,Зброя дальнього бою
loc_glossary_term_tactical,Бліц
loc_grenade_input_description_aim,Прицілитись
loc_grenade_input_description_aim_underhand,Прицілитися для низького кидка гранати
loc_grenade_input_description_cancel,Скасувати
loc_grenade_input_description_quick_throw,Шидкий кидок
loc_grenade_input_description_throw,Кидок
loc_grenade_objective,Убити ворогів гранатами
loc_grenade_objective_shock,Оглушити ворогів гранатами
loc_grim_input_description_discard,Відмовитися
loc_grim_input_description_push,Штовхнути
loc_group_class_challenges_ogryn_2_1_name,За Імператора (1)
loc_group_class_challenges_ogryn_2_2_name,За Імператора (2)
loc_group_class_challenges_ogryn_2_3_name,За Імператора (3)
loc_group_class_challenges_ogryn_2_x_description,"Завершити наступні спокути, граючи за Оґрина."
loc_group_class_challenges_psyker_2_1_name,За Імператора (1)
loc_group_class_challenges_psyker_2_2_name,За Імператора (2)
loc_group_class_challenges_psyker_2_3_name,За Імператора (3)
loc_group_class_challenges_psyker_2_x_description,"Завершити наступні спокути, граючи за Псайкера."
loc_group_class_challenges_veteran_2_1_name,За Імператора (1)
loc_group_class_challenges_veteran_2_2_name,За Імператора (2)
loc_group_class_challenges_veteran_2_3_name,За Імператора (3)
loc_group_class_challenges_veteran_2_x_description,"Завершити наступні спокути, граючи за Ветерана."
loc_group_class_challenges_zealot_2_1_name,За Імператора (1)
loc_group_class_challenges_zealot_2_2_name,За Імператора (2)
loc_group_class_challenges_zealot_2_3_name,За Імператора (3)
loc_group_class_challenges_zealot_2_x_description,"Завершити наступні спокути, граючи за Бузувіра."
loc_group_finder_cancel_group_button,Прибрати оголошення
loc_group_finder_category_adventure,Пригода
loc_group_finder_category_difficulty,Обрати бажану Складність
loc_group_finder_category_game_mode,У який Ігровий Режим хочеш грати?
loc_group_finder_category_havoc,Божевілля
loc_group_finder_category_key_words,Обрати додаткові ключові слова
loc_group_finder_category_language,Бажана мова
loc_group_finder_category_maelstrom,Вихор
loc_group_finder_category_option_difficulty,Складність
loc_group_finder_category_option_game_mode,Ігровий режим
loc_group_finder_category_option_key_words,Ключові Слова
loc_group_finder_category_option_language,Мова
loc_group_finder_category_start_group,"Знайти наявні ударні групи для гри або створити власну, відповідно до бажаного режиму."
loc_group_finder_create_group_button,Створити власну ударну групу
loc_group_finder_create_group_button_header,"Не може знайти те, що шукаєш?"
loc_group_finder_difficulty_02,Повстання
loc_group_finder_difficulty_03,Злоба
loc_group_finder_difficulty_04,Єресь
loc_group_finder_difficulty_05,Прокляття
loc_group_finder_group_invite_popup_desc,Ваш запит був прийнятий
loc_group_finder_group_invite_popup_title,Запрошення до групи
loc_group_finder_group_list_last_time_updated,Останнє оновлення: %s тому
loc_group_finder_group_list_last_time_updated_start,Останнє оновлення: менше хвилини тому
loc_group_finder_group_player_title,Гравці
loc_group_finder_group_status_request_approved,Запит схвалено
loc_group_finder_group_status_request_declined,Запит відхилено
loc_group_finder_group_status_request_sent,Запит надіслано
loc_group_finder_havoc_my_order,Моє Божевільне задання
loc_group_finder_havoc_rank_threshold_01,1–10
loc_group_finder_havoc_rank_threshold_02,11–20
loc_group_finder_havoc_rank_threshold_03,21–25
loc_group_finder_havoc_rank_threshold_04,25-30
loc_group_finder_havoc_rank_threshold_05,31–35
loc_group_finder_havoc_rank_threshold_06,35–40
loc_group_finder_join_notification_sent,Запит на вступ надіслано
loc_group_finder_join_request_button,Запит на приєднання
loc_group_finder_keyword_campaign,Кампанія
loc_group_finder_keyword_casual,Полегшений режим
loc_group_finder_keyword_contract,Контракт(и)
loc_group_finder_keyword_grinding,Виснажливе Прокачування
loc_group_finder_keyword_hardcore,Хардкор
loc_group_finder_keyword_penances,Покути
loc_group_finder_keyword_powerleveling,Прискорене Підвищення Рівня
loc_group_finder_keyword_quickplay,Швидка гра
loc_group_finder_keyword_welcome,Усім раді
loc_group_finder_language_cantonese,Кантонська
loc_group_finder_language_english,Англійська
loc_group_finder_language_french,Французька
loc_group_finder_language_german,Німецька
loc_group_finder_language_italian,Італійська
loc_group_finder_language_japanese,Японська
loc_group_finder_language_korean,Корейська
loc_group_finder_language_mandarin,Мандаринська
loc_group_finder_language_polish,Польська
loc_group_finder_language_portuguese,Португальська
loc_group_finder_language_russian,Російська
loc_group_finder_language_spanish,Іспанська
loc_group_finder_menu_title,Пошук групи
loc_group_finder_navigation_back_button,Назад
loc_group_finder_no_groups_found_desc,Змодифікувати пошук або створити власний загін
loc_group_finder_no_groups_found_title,Не знайдено доступних ударних груп
loc_group_finder_party_member_failed_level_requirements,Один із членів твого загону не відповідає вимогам рівня.
loc_group_finder_player_host_party_list_empty_slot,Порожнє місце
loc_group_finder_player_host_party_list_title,Загін
loc_group_finder_player_request_action_accept,Прийняти
loc_group_finder_player_request_action_decline,Відхилити
loc_group_finder_player_requests_title,Запити на приєднання
loc_group_finder_refresh_group_list_button,Оновити
loc_group_finder_slot_tag_button_default_value,Нічого не обрано
loc_group_finder_slot_tag_multiple_selected_tags_text,Обрано {num_tags:%s} теґів
loc_group_finder_status_panel_player_request,{num_requests:%s} × запит гравця в очікуванні
loc_group_finder_subcategory_havoc_thresholds,Обрати бажаний Ранг або вказати Ранг власного Завдання.
loc_group_finder_tag_level_requirement_warning,Вимога до рівня не виконана
loc_group_ogryn_2_rank_1_difficulty_1_description,"Завершити наступні спокути, граючи за Оґрина."
loc_group_ogryn_2_rank_1_difficulty_1_name,Перший крок (1)
loc_group_ogryn_2_rank_2_difficulty_2_description,"Завершити наступні спокути, граючи за Оґрина."
loc_group_ogryn_2_rank_2_difficulty_2_name,Перший крок (2)
loc_group_ogryn_2_rank_4_difficulty_3_description,"Завершити наступні спокути, граючи за Оґрина."
loc_group_ogryn_2_rank_4_difficulty_3_name,Рекламний матеріал (1)
loc_group_ogryn_2_rank_5_difficulty_4_description,"Завершити наступні спокути, граючи за Оґрина."
loc_group_ogryn_2_rank_5_difficulty_4_name,Рекламний матеріал (2)
loc_group_psyker_2_rank_1_difficulty_1_description,"Завершити наступні спокути, граючи за Псайкера."
loc_group_psyker_2_rank_1_difficulty_1_name,Перший крок (1)
loc_group_psyker_2_rank_2_difficulty_2_description,"Завершити наступні спокути, граючи за Псайкера."
loc_group_psyker_2_rank_2_difficulty_2_name,Перший крок (2)
loc_group_psyker_2_rank_4_difficulty_3_description,"Завершити наступні спокути, граючи за Псайкера."
loc_group_psyker_2_rank_4_difficulty_3_name,Рекламний матеріал (1)
loc_group_psyker_2_rank_5_difficulty_4_description,"Завершити наступні спокути, граючи за Псайкера."
loc_group_psyker_2_rank_5_difficulty_4_name,Рекламний матеріал (2)
loc_group_veteran_2_rank_1_difficulty_1_description,"Завершити наступні спокути, граючи за Ветерана."
loc_group_veteran_2_rank_1_difficulty_1_name,Перший крок (1)
loc_group_veteran_2_rank_2_difficulty_2_description,"Завершити наступні спокути, граючи за Ветерана."
loc_group_veteran_2_rank_2_difficulty_2_name,Перший крок (2)
loc_group_veteran_2_rank_4_difficulty_3_description,"Завершити наступні спокути, граючи за Ветерана."
loc_group_veteran_2_rank_4_difficulty_3_name,Рекламний матеріал (1)
loc_group_veteran_2_rank_5_difficulty_4_description,"Завершити наступні спокути, граючи за Ветерана."
loc_group_veteran_2_rank_5_difficulty_4_name,Рекламний матеріал (2)
loc_group_zealot_2_rank_1_difficulty_1_description,"Завершити наступні спокути, граючи за Бузувіра."
loc_group_zealot_2_rank_1_difficulty_1_name,Перший крок (1)
loc_group_zealot_2_rank_2_difficulty_2_description,"Завершити наступні спокути, граючи за Бузувіра."
loc_group_zealot_2_rank_2_difficulty_2_name,Перший крок (2)
loc_group_zealot_2_rank_4_difficulty_3_description,"Завершити наступні спокути, граючи за Бузувіра."
loc_group_zealot_2_rank_4_difficulty_3_name,Рекламний матеріал (1)
loc_group_zealot_2_rank_5_difficulty_4_description,"Завершити наступні спокути, граючи за Бузувіра."
loc_group_zealot_2_rank_5_difficulty_4_name,Рекламний матеріал (2)
loc_hair,Зачіски
loc_happening_assault,Увага: в цьому районі триває масований ворожий штурм.
loc_happening_darkness,Увага: знеструмлення по всьому вулику.
loc_happening_hunting_grounds,Увага: у цьому районі почастішали появи чумних псів.
loc_happening_nurgle_manifestation,Увага: виявлено демонічну присутність. Стережись погані.
loc_happening_ventilation_purge,Увага: збій у системі вентиляції вулика.
loc_havoc_armored_infected_description,"Розвідка повідомляє, що в зоні були помічені інфіковані солдати 21-ого."
loc_havoc_armored_infected_name,Моебіанський 21-ий
loc_havoc_attempts,Висадок до пониження рангу:  
loc_havoc_bolstering_enemies_name,Скажені вороги
loc_havoc_chaos_ritual_desc,"Звіти свідчать, що «Покарання» почало створювати більше Демононосіїв у цьому районі. Необхідно зупинити ці ритуали, доки не стало запізно."
loc_havoc_chaos_ritual_name,Мерзенні ритуали
loc_havoc_encroaching_garden_description,"Позначені вороги, благословенні володарем чуми, лікуватимуть союзників поруч із собою — вони швидко відновлюватимуть сили ворожих загонів.  "
loc_havoc_encroaching_garden_name,Сад скверни 
loc_havoc_enemies_corrupted_name,Поширення Зарази
loc_havoc_enemies_parasite_headshot_description,"Звіти вказують на значну кількість ворогів у цьому секторі, інфікованих паразитом голови."
loc_havoc_enemies_parasite_headshot_name,Розклад черепу
loc_havoc_eor_highest,Рівень допуску до «Божевілля» підвищено!
loc_havoc_eor_promotion,Ранг завдання підвищено!
loc_havoc_eor_week_highest,Ранг тижневого завдання підвищено
loc_havoc_female_twin_name_01,Л-т Сага Маккарілл
loc_havoc_female_twin_name_02,Л-т Ліса Поррок
loc_havoc_female_twin_name_03,Л-т Фрея Сьольд
loc_havoc_female_twin_name_04,Л-т Ронья Розбійниця
loc_havoc_female_twin_name_05,Л-т Астрід Окріл
loc_havoc_female_twin_name_06,Л-т Сіґрід Зміїноока
loc_havoc_highest_difficulty_name,Згасле Світло Імператора (ІІ)
loc_havoc_highest_order_reached,Рівень Доступу
loc_havoc_increased_difficulty_description,Активовано хаотичну інтенсивність — період невразливості щитів відсутній.  
loc_havoc_increased_difficulty_name,Згасаюче світло Імператора (I)  
loc_havoc_male_twin_name_01,Л-т Торбйорн Окріл
loc_havoc_male_twin_name_02,Л-т Стен Сьольд
loc_havoc_male_twin_name_03,Л-т Бірк Боркассон
loc_havoc_male_twin_name_04,Л-т Гаральд Зеленозуб
loc_havoc_male_twin_name_05,Л-т Олаф Поррок
loc_havoc_male_twin_name_06,Л-т Хельґе Маккарілл
loc_havoc_must_cancel_ongoing_mission,Скасовано: хтось в Ударній Групі має припинити свою поточну місію Божевілля.
loc_havoc_mutator_enraged_description,"Елітні вороги впадають у лють за наявності менш ніж 50% здоров’я, збільшуючи швидкість атаки, завдану шкоду та стаючи невразливими до контролю."
loc_havoc_mutator_enraged_name,Останній Дзвін
loc_havoc_mutators,++ Божевільні дані++
loc_havoc_name,Божевілля  
loc_havoc_order_info_overlay,Поточний ранг завдання  
loc_havoc_play_party_prohibited,Гравець у загоні не має права виконувати завдання Хаосу.  
loc_havoc_play_player_prohibited,Ти не маєш допуску до Завдань «Божевілля».
loc_havoc_plus_flawless_win_name,Божевільні
loc_havoc_reset_rewards,Божевільні нагороди
loc_havoc_revoke_mission,Відкликати місію  
loc_havoc_revoke_warning_desc,"Пониження завдання надасть нову місію, але за прийняття буде накладено штраф — зниження рівня завдання на (1)."
loc_havoc_revoke_warning_header,"Ти впевнений, що хочеш понизити своє завдання?"
loc_havoc_reward_objective_description,"Необхідно виконати завдання, щоб отримати право на сховище нагород на початку наступного тижня.  "
loc_havoc_reward_objective_highest_weekly,"Найвищий ранг завдання, виконаний цього тижня:  "
loc_havoc_reward_objective_order,Виконати божевільне завдання   
loc_havoc_rotten_armor_description,"Звіти свідчать, що елітні війська в цьому районі уражені  дарами погані свого руйнівного бога."
loc_havoc_rotten_armor_name,Гнила броня
loc_havoc_rotten_armour_description,"Звіти свідчать, що елітні війська в цьому районі уражені  дарами погані свого руйнівного бога."
loc_havoc_stimmed_minions_description,"Звіти свідчать, що місцеві сили перебувають під впливом заражених стимів зрадників.  "
loc_havoc_stimmed_minions_name,Заражені стимулятори 
loc_havoc_time,Час до скидання завдання:  
loc_havoc_tougher_skin_description,"Деякі вороги в цьому секторі були «благословенні» своїми мерзотними богами, що загартували їхню шкіру."
loc_havoc_tougher_skin_name,Загартована гноєм шкіра
loc_havoc_weekly_cache_name,Сховище нагород  
loc_healing_objective_1,Розмістити медпак
loc_healing_objective_2,Розмістити ящик з набоями
loc_healing_objective_3,Відновити здоров’я
loc_healing_objective_4,Поповнити набої
loc_healing_self_and_others,Медпаки та ящики з набоями
loc_healing_self_and_others_desc,"{#color(216,237,190)}медпаки{#reset()} та {#color(216,237,190)}ящики з набоями{#reset()} можна підібрати та {#color(216,237,190)}розмістити{#reset()}, щоб допомогти своїй команді."
loc_health_station,Мед-станція
loc_health_station_full_health,Твоє здоров’я вже на максимумі.
loc_health_station_missing_battery,Відсутня батарея
loc_health_station_tutorial,Мед-станції
loc_health_station_tutorial_desc,"{#color(216,237,190)}здоров’я{#reset()} можна відновити, а {#color(130,66,170)}погань{#reset()} очистити на {#color(216,237,190)}мед-станціях{#reset()}.\n\n{#color(216,237,190)}мед-станції{#reset()} мають обмежену кількість використань, що позначається сяйвом індикаторів."
loc_health_staton_objective_1,Активувати мед-станцію
loc_health_staton_objective_2,Зцілитися та очиститися на мед-станції
loc_heavy_attack,Сильна атака
loc_hide_mission_list,Приховати список кампаній
loc_holybook_input_description_push,Штовхнути
loc_horde_backstory_chapter_1,Розділ 1
loc_horde_backstory_chapter_10,Розділ 10
loc_horde_backstory_chapter_11,Розділ 11
loc_horde_backstory_chapter_2,Розділ 2
loc_horde_backstory_chapter_3,Розділ 3
loc_horde_backstory_chapter_4,Розділ 4
loc_horde_backstory_chapter_4,Розділ 4
loc_horde_backstory_chapter_5,Розділ 5
loc_horde_backstory_chapter_5,Розділ 5
loc_horde_backstory_chapter_6,Розділ 6
loc_horde_backstory_chapter_7,Розділ 7
loc_horde_backstory_chapter_8,Розділ 8
loc_horde_backstory_chapter_9,Розділ 9
loc_horde_brahms_story_desc,Зібрати всі голосові спогади Корабельниці Брамс.
loc_horde_brahms_story_title,Оповіді Загону: Брамс
loc_horde_morrow_story_desc,Зібрати всі голосові спогади Морроу.
loc_horde_morrow_story_title,Оповіді Загону: В окопах
loc_horde_tactical_overlay_build_lesser,Малі індульгенції  
loc_horde_tactical_overlay_category_active,Активні індульгенції  
loc_horde_tactical_overlay_category_loadout,Спорядження  
loc_horde_tactical_overlay_category_misc,Різне  
loc_horde_tactical_overlay_category_talents,Таланти  
loc_horde_zola_story_desc,Зібрати всі голосові спогади Золи.
loc_horde_zola_story_title,Оповіді Загону: Сага Родичів
loc_horde_zorin_story_desc,Зібрати всі голосові спогади Проктора-Екзактанта Зоріна.
loc_horde_zorin_story_title,Оповіді Загону: Довга рука Закону
loc_hot_join_they_are_blocking,Один із гравців у місії тебе заблокував.
loc_hot_join_they_are_cross_play_blocking,"Один із гравців у місії вимкнув кросплей, але в тебе він увімкнений."
loc_hot_join_you_are_blocking,Ти заблокував одного з гравців у місії.
loc_hot_join_you_are_cross_play_blocking,"У тебе вимкнено кросплей, а один із гравців у місії його ввімкнув."
loc_hub_interaction_body_shop,Цирульник-хірург
loc_hub_interaction_contracts,Реквізиторіум Сіра Мелка
loc_hub_interaction_crafting,Святилище Омнісії
loc_hub_interaction_havoc,Термінал Божевілля Дюкейна
loc_hub_interaction_mission_board,Термінал місій
loc_hub_interaction_penances,Святилище Пенітентакс
loc_hub_interaction_store,Убрання Коммодора
loc_hub_interaction_training_ground,Псайканіум
loc_hub_interaction_vendor,Обмін в арсеналі
loc_hub_vendor_unlocks_at,Відкривається на рівні довіри {level:%d}
loc_hud_combat_feed_kill_message,"{killer:%s}{#color(216,237,190)} вбив {#color(246,69,69)}{victim:%s}"
loc_hud_display_name_stamina,Витривалість
loc_hud_display_overheat_death_danger,Загроза
loc_hud_mission_objective_popup_title_complete,Завдання виконано
loc_hud_mission_objective_popup_title_start,Нове завдання
loc_hud_mission_objective_popup_title_update,Оновлення завдання
loc_hud_player_rich_presence_default,Ще не розгорнуто
loc_hud_player_state_dead,Втрати
loc_hud_presence_cinematic,Катсцена
loc_hud_presence_end_of_round,Місію виконано
loc_hud_presence_hub,Скорботна зоря
loc_hud_presence_loading,Завантаження
loc_hud_presence_main_menu,Вибір оперативника
loc_hud_presence_matchmaking,Підбір гравців
loc_hud_presence_mission,Завданні
loc_hud_presence_prologue,Пролог
loc_hud_presence_training_grounds,Псайканіум
loc_hud_resurrectable,Можна врятувати
loc_hud_resurrectable_in,Порятунок через: {time:%d}
loc_hud_tactical_overlay_cycle_tab,Перемкнути вкладку
loc_immaterium_placeholder_account_name,[визначення імені облікового запису ... ]
loc_inbox_view_display_name,Послання
loc_incoming_suppression,Вхідне пригнічення
loc_incoming_suppression_desc,"Дальні атаки ворога спричиняють {#color(216,237,190)}пригнічення{#reset()}, що ускладнює точні постріли.\n\nвийди з лінії вогню, щоб відновити влучність."
loc_incoming_suppression_objective_0,Присісти за укриттям
loc_incoming_suppression_objective_1,Стріляти під час пригнічення
loc_incoming_suppression_objective_2,Вийти з лінії вогню
loc_incoming_suppression_objective_3,Убити ворога
loc_ingame_action_one,Основна дія
loc_ingame_action_two,Додаткова дія
loc_ingame_com_wheel,Відкрити колесо команд
loc_ingame_combat_ability,Активувати здібність
loc_ingame_crouch,Присісти
loc_ingame_dodge,Ухилитись
loc_ingame_grenade_ability,Активувати бліц
loc_ingame_interact,Взаємодіяти
loc_ingame_jump,Стрибок
loc_ingame_keyboard_move_backward,Рух назад
loc_ingame_keyboard_move_forward,Рух вперед
loc_ingame_keyboard_move_left,Рух ліворуч
loc_ingame_keyboard_move_right,Рух праворуч
loc_ingame_look_raw,Огляд мишею
loc_ingame_look_raw_controller,Огляд контролером
loc_ingame_move_controller,Рух контролером
loc_ingame_quick_wield,Змінити зброю
loc_ingame_slide,Ковзання
loc_ingame_smart_tag,Позначити
loc_ingame_spectate_next,Спостерігати за наступним гравцем
loc_ingame_sprint,Спринт
loc_ingame_tactical_overlay,Відкрити тактичний вид
loc_ingame_tactical_overlay_swap,Перемкнути вкладку тактичного оверлею
loc_ingame_voip_push_to_talk,"Натиснути, щоб говорити"
loc_ingame_weapon_extra,Особлива дія зброї
loc_ingame_weapon_inspect,Оглянути зброю
loc_ingame_weapon_reload,Перезарядити зброю
loc_ingame_wield_1,Взяти основну зброю
loc_ingame_wield_2,Взяти другорядну зброю
loc_ingame_wield_3,Екіпірувати предмет
loc_ingame_wield_3_4_gamepad,Взяти/поміняти предмет
loc_ingame_wield_3_v2,Взяти великий предмет
loc_ingame_wield_4,Взяти ауспекс
loc_ingame_wield_4_v2,Взяти малий предмет
loc_ingame_wield_5,Взяти ауспекс
loc_ingame_wield_next,Взяти наступний предмет
loc_ingame_wield_prev,Взяти попередній предмет
loc_input_com_wheel_delay,Затримка колеса позначок
loc_input_com_wheel_delay_new,Затримка відкриття
loc_input_description_vent,Розсіювання перегріву
loc_input_hold,Утримувати
loc_input_legend_inventory,Озброєння
loc_input_legend_loadout_hide,Сховати спорядження
loc_input_legend_loadout_show,Показати спорядження
loc_input_legend_text_template,"{#color(226,199,126)}%s{#reset()} %s"
loc_input_release,Відпустити
loc_input_setting_invert_mouse,Інвертувати вісь y огляду
loc_input_setting_mouse_sensitivity,Чутливість
loc_input_setting_mouse_sensitivity_ranged,Чутливість (дальній бій)
loc_input_setting_mouse_sensitivity_ranged_alternate_fire,Чутливість (альтернативний вогонь у дальньому бою)
loc_input_slide,Ковзання (під час спринту)
loc_input_sprint,Спринт
loc_insignia_event_abhuman_explosions,Гуркітливий велетевбивця
loc_insignia_event_stimms,Стим-ульований
loc_inspect_input_description_alternate_inspect_start,Оглянути
loc_inspect_input_description_alternate_inspect_stop,Інспектувати
loc_interactable_airlock_door,Контрольно-пропускний пункт
loc_interactable_button,Кнопка
loc_interactable_button_battery_release,Панель від’єднання батареї
loc_interactable_button_cargo_control_room,Двері кімнати управління
loc_interactable_button_cargo_end_event_01,ППО
loc_interactable_button_cargo_end_event_02,Маяк
loc_interactable_button_cargoe_end_event_03,Міст
loc_interactable_button_cartel_cipher_ident,Шифро-ідентифікатор
loc_interactable_button_cartel_mid_event_01,Вантажний ліфт
loc_interactable_button_cartel_security_protocol,Охоронний сектор
loc_interactable_button_cooling_end_event_01,Вивільнити кріо-стрижні
loc_interactable_button_cooling_end_event_02,Перезапустити енергетичну матрицю
loc_interactable_button_cooling_escape_hatch,Люк для втечі
loc_interactable_button_cooling_mid_event_01,Розгорнути шпиль матриці
loc_interactable_button_cooling_mid_event_leave,Охолоджувальна шахта
loc_interactable_button_cooling_start,Вентиляційний тунель
loc_interactable_button_end_event_propaganda_bridge,Міст доступу
loc_interactable_button_end_event_scavenge_end,Пневматичний конвеєр
loc_interactable_button_end_event_scavenge_start,Сховище HL-32-2-791
loc_interactable_button_forge_end_event,Активувати плавильню
loc_interactable_button_forge_enter_metal_fab,Металфаб HL-17-36
loc_interactable_button_forge_furnace,Конвеєрна лінія
loc_interactable_button_fuel_depot_strain,Паливне сховище HL-32-2
loc_interactable_button_furnace_buckets,Панель керування піччю
loc_interactable_button_habs_mid_event_01,Керування герметичними дверима
loc_interactable_button_habs_mid_event_02,Герметичні двері
loc_interactable_button_habs_start_01,Карантинні двері
loc_interactable_button_market,Система керування потягом
loc_interactable_button_mid_event_strain,Регулятор потоку
loc_interactable_button_rails_compartment_door,Двері відсіку
loc_interactable_button_rails_mid_event_01,Технічний доступ
loc_interactable_button_resurgence_mid_event_01,Міст Скайлінк
loc_interactable_button_scavange_platform,Вантажний ліфт
loc_interactable_button_security_door,Охоронні двері
loc_interactable_button_servitor_colony,Колонія сервіторів
loc_interactable_button_stockpile_end_event,Запаси води
loc_interactable_button_strain_elevator,Ліфт очисного заводу
loc_interactable_button_vault_door,Двері сховища
loc_interactable_cooling_matrix_spire,Шпиль матриці
loc_interactable_door,Двері
loc_interactable_elevator_controls,Панель керування ліфтом
loc_interactable_elevator_controls_hangar,Ангар дельта-175
loc_interactable_elevator_controls_obscura_den,Ліфт Лігва Пітьми
loc_interactable_elevator_controls_prologue_loading_bay,Зона завантаження
loc_interactable_elevator_controls_stockpile_mid_event,Вантажний ліфт
loc_interactable_elevator_door,Ліфт
loc_interactable_flare,Сигнальний вогонь
loc_interactable_gate,Ворота
loc_interactable_lever,Важіль
loc_interactable_lever_rails_end_event_01,ППО
loc_interactable_lever_small,Важіль
loc_interactable_lever_small_enforcer_mid_event_01,Панель керування підіймача
loc_interactable_lever_small_rotate_antenna_01,Дата-ретранслятор
loc_interactable_lever_small_rotate_antenna_03,Ретрансляційна станція
loc_interactable_lever_turbine,Повітряний потік вентиляції
loc_interactable_locked,Заблоковано
loc_interactable_locker,Шафка
loc_interactable_locker_rails_01,Сейф з набоями
loc_interactable_luggable_ammo,Спеціальні набої
loc_interactable_machine_inside_switch,Важіль
loc_interactable_mourningstar_cathedral,Святилище диктатіс
loc_interactable_prismata_case,Контейнер призмати
loc_interactable_prison_cells,Тюремні камери
loc_interactable_roof_controls,Керування відкриття даху
loc_interactable_servitor,Писар-сервітор
loc_interactable_servitor_info,Сувій з даними
loc_interactable_servo_skull_scanner,Сервочереп
loc_interactable_servo_skull_scanner_continue,Щоб завантажити дані
loc_interactable_servo_skull_scanner_deploy,Щоб задіяти
loc_interactable_shower,Душеві
loc_interactable_skull_weight,Вага черепу
loc_interactable_switch,Автоматичний вимикач
loc_interactable_synchronistor_override,Ручне перевизначення синхронізатора
loc_interactable_train_door_lock,Механізм блокування
loc_interactable_traitor_terminal,Термінал шифру
loc_interactable_valve,Клапан
loc_interactable_valve_ascension_riser,Підіймальна Секція
loc_interactable_valve_rails_end_event_01,Вантажні двері
loc_interaction_attach,Прикріпити
loc_interaction_c3_40,C3-40
loc_interaction_chandelier,Люстра
loc_interaction_input_type,"{#color(226,199,126)}{input:%s} {#reset()}{action:%s}"
loc_interaction_input_type,"{#color(226,199,126)}{input:%s} {#reset()}{action:%s}"
loc_interaction_input_type_hold,"Утримувати {#color(226,199,126)}{input:%s} {#reset()}{action:%s}"
loc_interaction_start_event_text,Увага!
loc_interface_setting_camera_sway_intensity,Інтенсивність хитання камери
loc_interface_setting_companion_nameplate_in_hub,Іменна табличка напарника на Скорботній Зорі
loc_interface_setting_companion_nameplate_in_mission,Іменна табличка напарника у завданнях
loc_interface_setting_companion_outline_in_mission,Контур напарника у завданнях
loc_interface_setting_companion_tag_in_mission,Мітка цілі напарника
loc_interface_setting_flash_taskbar_enabled,Блимаюча іконка на панелі завдань
loc_interface_setting_forced_dot_crosshair,Точка в центрі екрана
loc_interface_setting_hud_scale,Масштаб hud
loc_interface_setting_input_hints_enabled,Підказки вводу
loc_interface_setting_intro_cinematic_enabled,Відтворювати вступний ролик при запуску гри
loc_interface_setting_my_title_in_hub,Моя ім’яна плашка
loc_interface_setting_my_title_in_hub_mouseover,Відображати твою ім’яну плашку в хабі.
loc_interface_setting_nameplates_in_mission,Титули в місіях
loc_interface_setting_nameplates_in_mission_mouseover,Налаштувати відображення ім’яних плашок інших гравців у місіях.
loc_interface_setting_penance_unlock_chat_message_type,Повідомлення чату про відкриття покут
loc_interface_setting_player_outlines_enabled,Контури персонажів гравців
loc_interface_setting_portrait_rendering_enabled,Увімкнути відображення портретів
loc_interface_setting_profanity_filter_enabled,Фільтр ненормативної лексики
loc_interface_setting_rumble_enabled,Увімкнути вібрацію
loc_interface_setting_show_crafting_pickup_notification,Показувати сповіщення про підбір матеріалів для крафту
loc_interface_setting_show_group_buff_icon_in_categories,Групові іконки підсилень
loc_interface_setting_show_group_buff_icon_in_categories_mouseover,"Групувати іконки підсилень у hud за категоріями: загальні підсилення, підсилення талантів або підсилення благословень зброї."
loc_interface_setting_show_show_aura_buff_icons,Показувати іконки аур підсилення
loc_interface_setting_show_show_aura_buff_icons_mouseover,Відображати іконки підсилення аури в hud.
loc_interface_setting_show_stamina_percentage_text,Показувати відсоток витривалості
loc_interface_setting_show_stamina_with_fixed_dividers,Показувати витривалість із поділками по 25%
loc_interface_setting_stamina_and_dodge_hud_syncronized,Показувати лічильник ухилень разом зі шкалою витривалості
loc_interface_setting_stamina_and_dodge_hud_visibility_setting,Видимість шкали витривалості / ухилень
loc_interface_setting_subtitle_background_opacity,Прозорість поштової скриньки
loc_interface_setting_subtitle_enabled,Субтитри
loc_interface_setting_subtitle_font_size,Розмір тексту
loc_interface_setting_subtitle_secondary_enabled,Додаткові субтитри
loc_interface_setting_subtitle_secondary_font_size,Розмір тексту додаткових субтитрів
loc_interface_setting_subtitle_speaker_enabled,Індикатор диктора
loc_interface_setting_subtitle_text_opacity,Прозорість тексту
loc_interface_setting_title_color_type,Колір титулу у Cкорботній Зорі
loc_interface_setting_title_color_type_mouseover,Колір титулу у Cкорботній Зорі
loc_interface_setting_title_in_mission_color_type,Колір титулу в місіях
loc_interface_setting_title_in_mission_color_type_mouseover,Колір титулу в місіях
loc_interface_setting_voice_chat_visible_all_time,Показувати індикатор голосу
loc_interface_settings_flash_taskbar_mouseover,"Блимає іконка Darktide на панелі завдань, коли гра ну у фокусі і потребує уваги."
loc_inventory_add_favorite,Додати до улюблених
loc_inventory_background_view_display_name,Озброєння
loc_inventory_cosmetic_item_acquisition_penance_description_multiple_requirement,Потребує {penance_amount:%s} інших покут для завершення
loc_inventory_count,У власності
loc_inventory_error_loadout_items,Знайдено проблеми з поточним вибраним спорядженням. Перевір споряджені предмети.
loc_inventory_item_discard,Продати предмет
loc_inventory_item_grid_sort_format_key,"{#color(102,102,102)}сортувати за:{#reset()} {name:%s}"
loc_inventory_item_grid_sort_title_format_decreasing_letters,{sort_name:%s} я - а
loc_inventory_item_grid_sort_title_format_high_low,{sort_name:%s} від більшого до меншого
loc_inventory_item_grid_sort_title_format_increasing_letters,{sort_name:%s} а - я
loc_inventory_item_grid_sort_title_format_low_high,{sort_name:%s} від меншого до більшого
loc_inventory_item_grid_sort_title_item_power,Рейтинг
loc_inventory_item_grid_sort_title_item_price,Ціна
loc_inventory_item_grid_sort_title_item_type,Тип
loc_inventory_item_grid_sort_title_name,Назва
loc_inventory_item_grid_sort_title_rarity,Рідкісність
loc_inventory_loadout_group_attachments,Реліквії
loc_inventory_loadout_group_primary_weapon,Основна зброя
loc_inventory_loadout_group_secondary_weapon,Додаткова зброя
loc_inventory_menu_favorite_item,Улюблене
loc_inventory_menu_preview_with_gear_off,Показати на манекені
loc_inventory_menu_preview_with_gear_on,Показати на оперативнику
loc_inventory_menu_profile_preset_add,Створити новий комплект озброєння
loc_inventory_menu_profile_preset_customize,Налаштувати комплект озброєння
loc_inventory_menu_profile_preset_customize_text,Обери іконку для свого комплекту озброєння
loc_inventory_menu_profile_preset_cycle,Перемкнути наступний комплект озброєння
loc_inventory_menu_profile_preset_delete,Видалити
loc_inventory_menu_profile_preset_intro_text_1,Тепер ти можеш створювати власні комплекти озброєння для свого персонажа.
loc_inventory_menu_profile_preset_intro_text_2,"Екіпірування, косметика та таланти буде збережено."
loc_inventory_menu_swap_weapon,Змінити зброю
loc_inventory_menu_zoom_in,Наблизити
loc_inventory_menu_zoom_out,Віддалити
loc_inventory_remove_favorite,Видалити з улюблених
loc_inventory_title_slot_animation_emote_1,Емоція i
loc_inventory_title_slot_animation_emote_2,Емоція ii
loc_inventory_title_slot_animation_emote_3,Емоція iii
loc_inventory_title_slot_animation_emote_4,Емоція iv
loc_inventory_title_slot_animation_emote_5,Емоція v
loc_inventory_title_slot_animation_end_of_round,Стійки
loc_inventory_title_slot_attachment_1,Перша реліквія
loc_inventory_title_slot_attachment_2,Друга реліквія
loc_inventory_title_slot_attachment_3,Третя реліквія
loc_inventory_title_slot_character_title,Титул
loc_inventory_title_slot_companion_gear_full,Кібер-мастиф
loc_inventory_title_slot_gear_extra_cosmetic,Аксесуар
loc_inventory_title_slot_gear_head,Голова
loc_inventory_title_slot_gear_lowerbody,Нижня частина тіла
loc_inventory_title_slot_gear_upperbody,Верхня частина тіла
loc_inventory_title_slot_insignia,Відзнака
loc_inventory_title_slot_portrait_frame,Рамка
loc_inventory_title_slot_primary,Основна зброя
loc_inventory_title_slot_secondary,Додаткова зброя
loc_inventory_view_display_name,Спорядження
loc_inventory_weapon_button_cosmetics,Зовнішній вигляд
loc_inventory_weapon_button_inspect,Оглянути
loc_inventory_weapon_button_marks,Моделі
loc_inventory_weapon_marks_title,Моделі {pattern_name:%s}  
loc_item_display_level_format_key,Рейтинг {level:%s}
loc_item_display_rank_format_key,Ранг {rank:%d}
loc_item_display_rarity_type_format_key,"{#color({rarity_color_r:%d},{rarity_color_g:%d},{rarity_color_b:%d})}{rarity_name:%s}{#reset()} в· {item_type:%s}"
loc_item_equippable_on_header,Можна оснастити на
loc_item_grid_empty,Немає доступних предметів
loc_item_information_actions,Дії
loc_item_information_equipped_label,Зараз оснащено
loc_item_information_item_level,Рейтинг
loc_item_information_item_power,Рейтинг
loc_item_information_power,Сила  
loc_item_information_stats_title_modifiers,Модифікатори
loc_item_owned,У власності
loc_item_property_change_voice,Змінює голос гравця
loc_item_property_change_walk,Змінює звук кроків
loc_item_property_header,Унікальні ефекти
loc_item_result_overlay_input_description,"Натисни будь-яку кнопку, щоб продовжити"
loc_item_result_overlay_title,Отримано
loc_item_rewarded_from_live_event,Нагороду рівня події додано до військового спорядження.  
loc_item_slot_empty,Порожньо
loc_item_source_achievement,Покута {achievement_label:%s}
loc_item_source_credits_cosmetics,Інтендант
loc_item_source_live_event,Подія в реальному часі {live_event_label:%s}
loc_item_source_obtained_title,Отримано з:
loc_item_source_penance_track,Благословення Гестії
loc_item_source_premium_store,Убрання коммодора
loc_item_toggle_equipped_compare,Порівняти
loc_item_type_body_tattoo,Татуювання тіла
loc_item_type_bundle,Набір
loc_item_type_character_insignia,Відзнака оперативника
loc_item_type_device,Пристрій
loc_item_type_emote,Емоція
loc_item_type_end_of_round,Місію виконано
loc_item_type_eye_color,Колір очей
loc_item_type_face,Обличчя
loc_item_type_face_hair,Борода
loc_item_type_face_scar,Шрами
loc_item_type_face_tattoo,Татуювання
loc_item_type_gadget,Реліквії
loc_item_type_gear_extra_cosmetic,Аксесуар
loc_item_type_gear_head,Голова
loc_item_type_gear_lowerbody,Нижня частина тіла
loc_item_type_gear_upperbody,Верхня частина тіла
loc_item_type_hair,Волосся
loc_item_type_hair_color,Колір волосся
loc_item_type_luggable,Корисне навантаження
loc_item_type_perk,Перк
loc_item_type_pocketable,Розгортаний пристрій
loc_item_type_portrait_frame,Рамка портрета
loc_item_type_set,Набір
loc_item_type_skin,Шкіра
loc_item_type_skin_color,Відтінок шкіри
loc_item_type_title,Титул
loc_item_type_trait,Риса
loc_item_type_trinket,Талісман
loc_item_type_weapon_melee,Зброя близького бою
loc_item_type_weapon_ranged,Зброя дальнього бою
loc_item_type_weapon_skin,Оздоба зброї
loc_item_weapon_description_additional_data_name,Додаткові дані
loc_item_weapon_description_manufacture_002,Невідомо
loc_item_weapon_rarity_1,Нечестивий
loc_item_weapon_rarity_2,Спокутаний
loc_item_weapon_rarity_3,Освячений
loc_item_weapon_rarity_4,Звеличений
loc_item_weapon_rarity_5,Трансцендентний
loc_item_weapon_rarity_6,Святий
loc_item_weapon_variant_assault,Штурм
loc_item_weapon_variant_bfg,Перенавантаження
loc_item_weapon_variant_demolition,Вибух
loc_item_weapon_variant_killshot,Снайпер
loc_item_weapon_variant_linesman,Штурмовик
loc_item_weapon_variant_ninjafencer,Убивця
loc_item_weapon_variant_smiter,Кат
loc_item_weapon_variant_tank,Невпинний
loc_keybind_category_combat,Бій
loc_keybind_category_hotkeys,Гарячі клавіші
loc_keybind_category_interface,Інтерфейс
loc_keybind_category_movement,Рух
loc_keybind_unassigned,[непризначено]
loc_keyboard_input_alt,Alt
loc_keyboard_input_arrow_down,Стрілка вниз
loc_keyboard_input_arrow_left,Стрілка вліво
loc_keyboard_input_arrow_right,Стрілка вправо
loc_keyboard_input_arrow_up,Стрілка вгору
loc_keyboard_input_ctrl,Ctrl
loc_keyboard_input_enter,Увійти
loc_keyboard_input_esc,Esc
loc_keyboard_input_numpad_0,Numpad 0
loc_keyboard_input_numpad_1,Numpad 1
loc_keyboard_input_numpad_2,Numpad 2
loc_keyboard_input_numpad_3,Numpad 3
loc_keyboard_input_numpad_4,Numpad 4
loc_keyboard_input_numpad_5,Numpad 5
loc_keyboard_input_numpad_6,Numpad 6
loc_keyboard_input_numpad_7,Numpad 7
loc_keyboard_input_numpad_8,Numpad 8
loc_keyboard_input_numpad_9,Numpad 9
loc_keyboard_input_shift,Shift
loc_keyboard_input_space,Space
loc_keyboard_input_tab,Tab
loc_kicked_from_game_session,Попереднє голосування за вигнання не дозволяє тобі приєднатися до місії.
loc_kill_mission_desc,Do not translate
loc_kill_mission_header,Do not translate
loc_leave_mission_display_name,Покинути місію
loc_leave_party_display_name,Покинути ударну групу
loc_level_up_reward_title_acquired,Отримано
loc_level_up_reward_title_item,Предмет отримано
loc_level_up_reward_title_unlock,Розблоковано
loc_live_event_abhuman_explosions_grenade_regen_on_elite_kill_description,"Тримати очі розплющеними. Ті здоровенні телепні не надто спритні — можуть впустити гранати, коли їх ліквідувати. Обов’язково використати це. Дайте їм скуштувати власних ліків!"
loc_live_event_abhuman_explosions_grenade_regen_on_elite_kill_title,Незграбні Громили
loc_live_event_broker_stimms_perma_buff_description,"Під час завдань Підтримки Картелю тривалість усіх стимів збільшується на 5 секунд. Крім того, всі стими надають опір Чумному Газу разом зі своїми стандартними ефектами."
loc_live_event_broker_stimms_perma_buff_title,Картельна Винахідливість
loc_live_event_broker_stimms_toxic_gas_resistance_buff_description,Надає опір Чумному Газу та покращує фізичні здібності гравця під час перебування в Чумному Газі.
loc_live_event_broker_stimms_toxic_gas_resistance_buff_title,Опір Чумному Газу
loc_live_event_saints_in_area_buff,Ревність Вірних
loc_live_event_saints_in_area_buff_description,Споглядання благословенного святилища додає сил і надихає творити великі діяння в ім’я Святої.
loc_live_event_stolen_rations_destroy_ranged_buff_description,"Набоїв більше, і вони мають кращу пробивну здатність.  "
loc_live_event_stolen_rations_destroy_ranged_buff_title,Нагорода за викрадені запаси: набої «пронизувач сердець»  
loc_live_events_view_title,Події
loc_load_save_failed_desc,Не вдалося завантажити дані збереження
loc_loading_hint_000,++видалено: за наказом інквізиції++
loc_loading_hint_001,Віра долає все
loc_loading_hint_002,Імператор захищає
loc_loading_hint_003,Радій у покаянні
loc_loading_hint_004,У поразці — Злоба. У перемозі — Помста.
loc_loading_hint_005,Ненавидь мутанта
loc_loading_hint_006,Ненавидь ксеноса
loc_loading_hint_007,Довіряй лише Імператору
loc_loading_hint_008,Вірі не потрібні виправдання
loc_loading_hint_009,У світлі Терри ми служимо
loc_loading_hint_010,Слав Імператора
loc_loading_hint_011,"Імператор, веди мою руку"
loc_loading_hint_012,Твоя рука — то справедливість
loc_loading_hint_013,Нехай жоден ворог не вистоїть проти тебе
loc_loading_hint_014,Будь жнецем Імператора
loc_loading_hint_015,Праведний нічого не боїться
loc_loading_hint_016,Цілься без милосердя
loc_loading_hint_017,Благословенний люттю
loc_loading_hint_018,Я говорю язиками полум'я
loc_loading_hint_019,"Знищуй всіх, хто протистоїть Імператору"
loc_loading_hint_020,Стань помстою
loc_loading_hint_021,Неси смерть
loc_loading_hint_022,Imperialis Dominatus
loc_loading_hint_023,У всьому служити Імператору
loc_loading_hint_024,Смерть приходить до всіх
loc_loading_hint_025,Буть оплотом людства
loc_loading_hint_026,Вбивай в ім'я Імператора
loc_loading_hint_027,Не проявляй милосердя
loc_loading_hint_028,Вбивай єретика з палким завзяттям
loc_loading_hint_029,Я несу смерть
loc_loading_hint_030,Вітати суд Імператора
loc_loading_hint_031,Імператор — усе
loc_loading_hint_032,Невігластво — твій найкращий захист
loc_loading_hint_033,Шануй свій обов'язок
loc_loading_hint_034,Не сумнівайся в гніві Імператора
loc_loading_hint_035,"Благословенним буде розум, надто малий для сумнівів"
loc_loading_hint_036,Плекай підозрілий розум — він здоровий
loc_loading_hint_037,Терпимість породжує єресь
loc_loading_hint_038,"Неси волю Імператора, мов смолоскип у темряві"
loc_loading_hint_039,"Честь, обов'язок і покора"
loc_loading_hint_040,Сміливість — дар Імператора
loc_loading_hint_041,Нетерпимість — благословення
loc_loading_hint_042,Благословенні будуть ті що безжальні
loc_loading_hint_043,Імператор несе тягар недугів людства
loc_loading_hint_044,Тільки боягузи шукають компроміс
loc_loading_hint_045,Будь карою для зрадників
loc_loading_hint_046,Дозвольте вірі розчавити здоровий глузд
loc_loading_hint_047,"Дозвольте зброї бути фанатизмом, а броні презирством"
loc_loading_hint_048,Віра. Честь. Пильність.
loc_loading_hint_049,Шануй Його ім'я через пролиття крові
loc_loading_hint_050,Винагорода за сміливість - мучеництво
loc_loading_hint_051,Не дозволяйте зрадникові жити
loc_loading_hint_052,Зрадник пожне гіркий урожай помсти і смерті
loc_loading_hint_053,Ніяка ціна не надто велика заради перемоги
loc_loading_hint_054,Смерть краща за поразку
loc_loading_hint_055,Існування — найбільший злочин ксеносів
loc_loading_hint_056,Краще смерть ніж осквернення
loc_loading_hint_057,Імперіум заснований на крові мучеників
loc_loading_hint_058,Сила людства — в Імператорі
loc_loading_hint_059,"Шукай не справедливість, а помсту"
loc_loading_hint_060,Помстіться за людство
loc_loading_hint_061,Знання наближає нас до знищення
loc_loading_hint_062,Славте Імператора. Проклинайте його ворогів
loc_loading_hint_063,Віра і лють служать праведним
loc_loading_hint_064,Не шкодуйте думок про муки
loc_loading_hint_065,"Нехай розум буде чистим, а приціл — точним"
loc_loading_hint_066,Набожні переможуть
loc_loading_hint_067,Фортуна посміхається вірним
loc_loading_hint_068,За святу Терру — навіки
loc_loading_hint_069,Змусьте ворогів страждати
loc_loading_hint_070,Нехай світло Терри буде вашим маяком
loc_loading_hint_071,Освітіть галактику світлом Імператора
loc_loading_hint_072,Благословенні будуть ті що мстиві
loc_loading_hint_073,Мудрі мають чимало боятися; невігласи благословенні мужністю
loc_loading_hint_074,Ревність і завзяття нехай ведуть вас
loc_loading_hint_075,Паліть єретика! Вбивайте мутанта! Очищайте нечистих!
loc_loading_hint_076,Не дозволяйте зрадникам жити
loc_loading_hint_077,"Благословенні ті, чиє око влучне"
loc_loading_hint_078,Знищіть нечистих!
loc_loading_hint_079,Ми не відступаємо перед обличчям смерті
loc_loading_hint_080,Підозрілий розум — здоровий розум
loc_loading_hint_081,Благословений буде покоритель
loc_loading_hint_082,Шануйте ремесло смерті
loc_loading_hint_083,Немає майбутнього без благословення Імператора
loc_loading_hint_084,"На кожного зовнішнього ворога, сто всередині"
loc_loading_hint_085,За їх смертю ми пізнаємо їх самих
loc_loading_hint_086,Перемога не потребує пояснень; поразка не дозволяє жодних
loc_loading_hint_087,"Жодна людина, що вмерла на службі Імператора, не вмерла марно"
loc_loading_hint_088,Тут і скінчиться твій урок
loc_loading_hint_089,Не забувайте; нічого не прощайте
loc_loading_hint_090,"Прощення — злочин, що карається смертю"
loc_loading_hint_091,Зрадник згорить
loc_loading_hint_092,Правосуддя не дозволяє сумніву
loc_loading_hint_093,Смерть приносить спокій невірним
loc_loading_hint_094,Від обов'язку і смерті нема шляху назад
loc_loading_hint_095,Прислухайтесь до слова Імператора
loc_loading_hint_096,Мир - хибна ілюзія
loc_loading_hint_097,Лише в смерті обов'язок закінчується
loc_loading_hint_098,Життя швидкоплинне; обов'язок вічний
loc_loading_hint_099,Існувати заради Імператора
loc_loading_hint_100,Боягузтво породжує нерішучість; нерішучість породжує зраду
loc_loading_hint_101,Відмовитись від презирства — означає капітуляцію
loc_loading_hint_102,Жаліти зрадника — запрошувати погань
loc_loading_hint_103,Ставити під сумнів свого повелителя — зраджувати Імператора
loc_loading_hint_104,Правосуддя Імператора прекрасне
loc_loading_hint_105,Милосердя — хвороба; нетерпимість — ліки
loc_loading_hint_106,Насіння єресі сіється в умах просвічених
loc_loading_hint_107,Людство стоїть на плечах замучених
loc_loading_hint_108,Ось тут згуба мутантів
loc_loading_hint_109,Станьте самою праведністю
loc_loading_hint_110,"Бутьте пильними, швидкими у правосудді і безжальними у ненависті"
loc_loading_hint_111,"Шукайте не знання, а помсту"
loc_loading_hint_112,Станьте кулаком Імператора
loc_loading_hint_113,Зробіть свою смерть гідною
loc_loading_hint_114,Не слухайте благань слабких
loc_loading_hint_115,Слово Імператора — закон Імперіуму
loc_loading_hint_116,Швидка смерть варта сотні допитів
loc_loading_hint_117,Поза світлом Імператора — тільки відчай
loc_loading_hint_118,Воля Імператора — міць Імперіуму
loc_loading_hint_119,Малий розум — чистий розум
loc_loading_hint_120,"Життя міряється не роками, а вчинками вірних"
loc_loading_hint_121,Не бійтесь знищення — воно чекає нас усіх
loc_loading_hint_122,Слава Імператору людства
loc_loading_hint_123,Славетна смерть на службі варта десяти життів у ганьбі
loc_loading_hint_124,"Не славте нікого, окрім Імператора"
loc_loading_hint_125,Благословення Імператора — світло Імперіуму
loc_loading_hint_126,Зневажайте ворога!
loc_loading_hint_127,Нехай жодна зрада не лишиться без покарання
loc_loading_hint_128,Нехай полум'я ненависті ніколи не згасне
loc_loading_hint_129,Відвойовуйте галактику в ім'я Імператора
loc_loading_hint_130,"Не спочивайте, доки мерзота дихає"
loc_loading_hint_131,Немає спокути за зраду
loc_loading_hint_132,Ненавидьте ксеноса
loc_loading_hint_133,Війна — єдина дипломатія
loc_loading_hint_134,Ваша зброя — ваше єдине спасіння
loc_loading_hint_135,"Факти — ланцюги, що зв'язують сприйняття й стримують істину"
loc_loading_hint_136,Кинджал у темряві вартує тисячі мечів на світанку
loc_loading_hint_137,Ваше призначення — смерть
loc_loading_hint_138,Із Золотого Трону він бачить усе...
loc_loading_hint_139,Знання — це сила; сила розбещує
loc_loading_hint_140,Лише дурень відкидає благословення Імператора
loc_loading_hint_141,Без переконаності немає перемоги
loc_loading_hint_142,У переконаності немає страху
loc_loading_hint_143,Радійте руйнації ворогів Імператора
loc_loading_hint_144,Щастя — омана слабких
loc_loading_hint_145,Капітуляції бути не може
loc_loading_hint_146,Миру серед зірок не існує
loc_loading_hint_147,Несіть волю Імператора крізь зірки
loc_loading_hint_148,Невинність нічого не доводить
loc_loading_hint_149,"Очистіть вогнем те, що нечисте"
loc_loading_hint_150,Принесіть все в жертву на вівтарі битви
loc_loading_hint_151,Ненависть загартовує рішучість
loc_loading_hint_152,Гробниця мученика — наріжний камінь Імперіуму
loc_loading_hint_153,Обов'язок — винагорода сама по собі
loc_loading_hint_154,Віра й ревність здолають усіх ворогів
loc_loading_hint_155,Ревність — сама собою виправдання
loc_loading_hint_156,"Ревність торжествує там, де знання зазнає поразки"
loc_loading_hint_157,"Свобода купується працею, сльозами й кров'ю"
loc_loading_hint_158,Смерть — ремесло; відточуйте його майстерно
loc_loading_hint_159,"Шануйте своє бойове спорядження так, як шанували б Імператора"
loc_loading_hint_160,Знищити єретика!
loc_loading_hint_161,Ненависть — невідпорна сила
loc_loading_hint_162,"Краще вмерти з честю, ніж жити зрадником"
loc_loading_hint_163,Очистесь і пізнайте спасіння
loc_loading_hint_164,Для проклятих немає порятунку
loc_loading_hint_165,Вмри зараз і проклинай скільки хочеш
loc_loading_hint_166,Тобі не наказано думати; лише діяти
loc_loading_hint_167,Відкиньте знання; прийміть віру
loc_loading_hint_168,Мета життя — служити Імператору
loc_loading_hint_169,Ти впадеш. Але впадеш не один.
loc_loading_hint_170,Порядок і слухняність — їжа й питво для вірних
loc_loading_hint_171,"Той, хто вагається, падає, а непохитний стоїть"
loc_loading_hint_172,Інтелект — маска зрадника
loc_loading_hint_173,Помста ніколи не спить
loc_loading_hint_174,Шлях до перемоги починається з ненависті
loc_loading_hint_175,Усіма засобами ми виконуємо накази Імператора
loc_loading_hint_176,Хто гартує твої руки для битви?
loc_loading_hint_177,По шрамах твоїх ми пізнаємо тебе
loc_loading_hint_178,Вижити — недостатньо; проженіть сумніви
loc_loading_hint_179,Будьте певні і безжальні
loc_loading_hint_180,"Не спочивати, поки мерзота дихає"
loc_loading_hint_181,Провина єресі лежить тяжким тягарем на душі
loc_loading_hint_182,Ваша честь — ваше життя. Нехай ніхто на неї не зазіхає
loc_loading_hint_183,Виконуйте обов'язок без страху та вагань 
loc_loading_hint_184,"Вистояти зараз, щоб ті, хто прийде після, продовжили почате"
loc_loading_hint_185,"Шкода, що на службі Імператора можна вмерти лише раз"
loc_loading_hint_186,Нехай ненависть не буде підкорена страхом
loc_loading_hint_187,Благословенні будуть ті хто нетерпимі
loc_loading_hint_188,Покарайте зорі в ім'я Імператора
loc_loading_hint_189,Відступити в огиді — це не апатія
loc_loading_hint_190,Справжня віра сліпа і виправдана
loc_loading_hint_191,"Зважте кулак, що вбиває людей, і вшановуйте виграні битви"
loc_loading_hint_192,Нема терпіння нечистим
loc_loading_hint_193,Порочність в справах та думках — зрада
loc_loading_hint_194,Істина породжує ненависть
loc_loading_hint_195,Розуміння послаблює волю до дій
loc_loading_hint_196,"Прокляніть зрадників, осуди слабких"
loc_loading_hint_197,Помилятися — означає запрошувати відплату
loc_loading_hint_198,Питати — означає сумніватися
loc_loading_hint_199,Озбройтеся світлом Імператора
loc_loading_hint_200,Перемога належить Імператору
loc_loading_hint_201,Не цурайся безнадійної боротьби — сама спроба є винагородою
loc_loading_hint_202,"Зберігайте віру, вбивайте ворога"
loc_loading_hint_203,"Немає істоти більш гидкої, ніж зрадник"
loc_loading_hint_204,Постаньте задля помсти
loc_loading_hint_205,"Не існує стін достатньо міцних, щоб захистити ворогів людства"
loc_loading_hint_206,"Карайте всіх, хто опорочує ім'я Імператора"
loc_loading_hint_207,"Він знає, що ховається в темряві, і не боїться цього"
loc_loading_hint_208,Будьте непохитними у захисті
loc_loading_hint_209,Бійтеся гніву праведних
loc_loading_hint_210,"Здобудьте смерть, гідну пам'яті"
loc_loading_hint_211,Носіть шрами з честю
loc_loading_hint_212,Мудрі вчаться на смертях інших
loc_loading_hint_213,"Зневажайте слабких, бо вони ринуть за голосом відступника"
loc_loading_hint_214,У вірі праведних — чистота намірів
loc_loading_hint_215,Честь — пролити кров за Імператора
loc_loading_hint_216,Плата за недбалість — повне знищення
loc_loading_hint_217,Ідіть до світла Імператора
loc_loading_hint_218,"Знищуйте погань всюди, де її знайдете"
loc_loading_hint_219,Остерігайтеся згуби людських душ
loc_loading_hint_220,Виносьте вирок без милосердя
loc_loading_hint_221,Війна кличе: чи відповіси ти?
loc_loading_hint_222,Відплата — ваше природне право
loc_loading_hint_223,Обов'язок вимагає жертв
loc_loading_hint_224,Осудіть проклятих на їхню нагороду
loc_loading_hint_225,Прискорьте шлях проклятих до відплати.
loc_loading_hint_226,Не слухайте шепоту невірних
loc_loading_hint_227,"Правда тягар, занадто жахливий"
loc_loading_hint_228,"Рука зрадника ближча, ніж вам здається"
loc_loading_hint_229,Ти — молот Імператора
loc_loading_hint_230,Захищайте душу від безладу
loc_loading_hint_231,"Той самий молот, що розбиває скло, кує сталь"
loc_loading_hint_232,Радійте службі
loc_loading_hint_233,Говоріть лише похвалу свого повелителя
loc_loading_hint_234,Мутант несе свою єресь назовні; зрадник ховає її всередині
loc_loading_hint_235,Виконайте свою частину для Повелителя Людства
loc_loading_hint_236,"Смертний тягар, несений сумлінно до свого призначення, — найбільша похвала Імператора"
loc_loading_hint_237,"Що глибше пізнаєш ксеноса, то сильніша відраза до нього."
loc_loading_hint_238,"Ненависть слід загартовувати, як сталь клинка"
loc_loading_hint_239,"Позначте зрадника, вбийте зрадника"
loc_loading_hint_240,10 000 років зради — достатньо довго
loc_loading_hint_241,Пильність — погибель для мутанта
loc_loading_hint_242,Загострюйте свій розум для ненависті
loc_loading_hint_243,"Той, хто нічого не має, все ще може мати віру"
loc_loading_hint_244,"Полюйте на мутанта, вбийте мутанта"
loc_loading_hint_245,Не шукайте втіхи; її нема
loc_loading_hint_246,Працьовиті можуть уникнути смерті
loc_loading_hint_247,Коли все темно — пам'ятайте про Імператора
loc_loading_hint_248,Його світло не згасає
loc_loading_hint_249,Навіть найбільший герой — лише пшик у космосі
loc_loading_hint_250,"Мутант підступний, не довіряйте йому"
loc_loading_hint_251,Віра не лишає місця для сумнівів
loc_loading_hint_252,"Імператор знає, Імператор стереже"
loc_loading_hint_253,Заколот починається з браку віри.
loc_loading_hint_254,Дурні довіряють вдачі; мудрі довіряють Імператору
loc_loading_hint_255,"Переслідувати, карати, не відступати."
loc_loading_hint_256,"Благословенні ті, хто без самозаглиблення"
loc_loading_hint_257,Вузькі уми — вірні уми
loc_loading_hint_258,Імператор дарує нам дар нетерпимості
loc_loading_hint_259,Слава Золотому Трону
loc_loading_hint_260,Із Золотого Трону він бачить усе
loc_loading_hint_261,"Милосердя — розкіш, яку людство не може собі дозволити"
loc_loading_hint_262,"Невірні ті, хто покидає свої обов'язки"
loc_loading_hint_263,Черпайте силу з волі Імператора
loc_loading_hint_264,"Коли тіні загрожують, Імператор з нами"
loc_loading_hint_265,Жалітися на долю — перший крок дорогою до загибелі
loc_loading_hint_266,Один акт поблажливості — як зрада на все життя
loc_loading_hint_267,"Не сумнівайтеся в своїй силі, поки панує віра"
loc_loading_hint_268,Надія зайва
loc_loading_hint_269,"Вам не треба розуміти, щоб виконувати свій обов'язок"
loc_loading_hint_270,Обов'язок важливий; розуміння — ні
loc_loading_hint_271,"Обов'язок спочатку, обов'язок наприкінці"
loc_loading_hint_272,Шануйте свого Імператора
loc_loading_hint_273,Шануйте свій полк
loc_loading_hint_274,Шануйте свою зброю
loc_loading_hint_275,Ви не вівдступите
loc_loading_hint_276,Імперіум людства ніколи не відступить
loc_loading_hint_277,Цільтесь точно і бийте глибоко
loc_loading_hint_278,"Ніч спадає, та світло Імператора все одно вказує шлях"
loc_loading_hint_279,Вас пам'ятатимуть по вчинках ваших
loc_loading_hint_280,За нашими шрамами й вчинками пізнають нас
loc_loading_hint_281,Не вимовляйте імен зрадників
loc_loading_hint_282,Якщо ви не бачите жодних ознак заколоту — ви просто недостатньо уважно дивитесь.
loc_loading_hint_283,Брак віри прирівнюється до зради
loc_loading_hint_284,Відраза — дар; користуйтеся ним мудро
loc_loading_hint_285,"Імператор наказує, Астра Мілітарум підкоряється"
loc_loading_hint_286,"Ненавидьте ніч, бо світло це те, що веде нас!"
loc_loading_hint_287,Віра — найкращий захист
loc_loading_hint_288,"Шануйте клятви, шануйте Імператора"
loc_loading_hint_289,Охороняйте людство; бійтеся ворога поза ним
loc_loading_hint_290,"Все смертне життя — марнотратство, яке не живить дух"
loc_loading_hint_291,Благословенний буде ваш приціл
loc_loading_hint_292,"Єдине, що чекає боягуза — жити в страху ще один день"
loc_loading_hint_293,"Славте Імператора, який навчає нас війні"
loc_loading_hint_294,Існує лише Імператор
loc_loading_hint_295,Очистіть світ від мутанта; спаліть єретика; знищіть ксеноса
loc_loading_hint_296,Ясну думку слід відкидати з непохитною впевненістю віри!
loc_loading_hint_297,Ти — щит людства
loc_loading_hint_298,Не дозволяйте нечистим жити
loc_loading_hint_299,"Як Імператор захищає, так і ми маємо захищати"
loc_loading_hint_300,Єресь починається з бездіяльності
loc_loading_hint_301,Прокляття вічне
loc_loading_hint_302,Справжнє щастя походить лише з обов'язку
loc_loading_hint_303,"Сміливі ті, хто знає все і нічого не боїться"
loc_loading_hint_304,"Є лише Імператор, і він — наш щит і захисник"
loc_loading_hint_305,Різниця між єрессю та зрадою — невігластво
loc_loading_hint_306,"Знання — це сила, оберігайте його ретельно"
loc_loading_hint_307,Надія — перший крок дорогою до розчарування
loc_loading_hint_308,"Дурні ті, хто нічого не боїться, та при цьому стверджує, що все знає"
loc_loading_hint_309,Переможець живе в честі; переможений помирає в ганьбі
loc_loading_hint_310,"Життя — валюта Імператора, розпоряджайтеся нею мудро"
loc_lobby_entry_inspect,Оглянути оперативника
loc_lobby_entry_ready,Готово
loc_lobby_entry_unready,Скасувати
loc_lobby_finding_player,Пошук гравця ...
loc_lobby_legend_talents_show,Показати таланти
loc_lobby_legend_tooltip_visibility_off,Сховати підказку
loc_lobby_legend_tooltip_visibility_on,Показати підказку
loc_lobby_legend_weapons_show,Показати зброю
loc_lobby_player_inpect_button,Оглянути
loc_lobby_player_inventory_button,Відкрити спорядження
loc_lobby_timer_description,Початок через
loc_location_dust_consulate_full,HL-32-2-732 Cтратус 
loc_location_dust_consulate_short,Страт
loc_location_dust_dunes_full,HL-32-2 Порт Інтерлінк  
loc_location_dust_dunes_short,Пилова Западина  
loc_location_dust_dust_junction_full,HL-32-2-757
loc_location_dust_dust_junction_short,Перехід сліпої сторони
loc_location_dust_fuel_depot_full,Очисний завод дельта-17 HL-32-2-741 
loc_location_dust_fuel_depot_short,Звалище
loc_location_dust_personal_vaults_full,Сховище Шпиль-13 HL-32-2-791 
loc_location_dust_personal_vaults_short,Сховища
loc_location_dust_security_office_full,HL-32-2-736
loc_location_dust_security_office_short,Примаріус безпеки
loc_location_dust_shantytown_full,HL-32-2  порт жилої зона 
loc_location_dust_shantytown_short,Сухе містечко
loc_location_dust_ship_elevator_full,HL-32-2 вантаж
loc_location_dust_ship_elevator_short,Вантажопідіймач 32
loc_location_dust_ship_port_full,HL-32-2
loc_location_dust_ship_port_short,Піщаний годинник
loc_location_dust_start_propaganda_full,Піщаний годинник HL-32-2 
loc_location_dust_start_propaganda_short,Зала доступу
loc_location_dust_start_scavenge_full,Піщаний годинник HL-32-2 
loc_location_dust_start_scavenge_short,Вхідна алея
loc_location_dust_start_strain_full,Піщаний годинник HL-32-2 
loc_location_dust_start_strain_short,Пилопад
loc_location_dust_surveillance_full,Центр контролю HL-32-2 
loc_location_dust_surveillance_short,Варта
loc_location_dust_trenches_full,Портова зона HL-32-2-731 
loc_location_dust_trenches_short,Лази
loc_location_entertainment_backalleys_bar_full,Санкціонована трапезна Альфа 12
loc_location_entertainment_backalleys_bar_short,Голова Імператора
loc_location_entertainment_backalleys_full,HL-70-04-531 завулки
loc_location_entertainment_backalleys_short,Лабіринт
loc_location_entertainment_beer_hall_full,HL-70-04-291 Лока Гастова
loc_location_entertainment_beer_hall_short,Підвали
loc_location_entertainment_black_market_full,HL-70-04-360 чорний ринок
loc_location_entertainment_black_market_short,Найкраща крамниця бальдевара
loc_location_entertainment_cathedral_bridge_full,Магістраль HL-70-04-Альфа
loc_location_entertainment_cathedral_bridge_short,Міст мучеників  
loc_location_entertainment_cathedral_full,HL-70-04-300: Собор Месселіни Мстивої
loc_location_entertainment_cathedral_short,Собор Месселіни Мстивої
loc_location_entertainment_cellar_full,HL-70-04-291 заклад ґастова
loc_location_entertainment_cellar_short,Холодне сховище
loc_location_entertainment_diner_full,HL-70-04-947 Трапезна
loc_location_entertainment_diner_short,«Кухня»
loc_location_entertainment_distribution_full,HL-70-04-153 Амфітеатр
loc_location_entertainment_distribution_short,Кишковий казан
loc_location_entertainment_drug_habs_full,Цівітас Хабікум 851b
loc_location_entertainment_drug_habs_short,Хаб робітників 851b
loc_location_entertainment_drug_lab_full,Рафінерія альхем 61
loc_location_entertainment_drug_lab_short,Виробничий комплекс стиммів
loc_location_entertainment_hideout_full,HL-70-04-291 заклад ґастова
loc_location_entertainment_hideout_short,Ферментаційна зала
loc_location_entertainment_hideout_transition_full,HL-70-04-268: зона доставки
loc_location_entertainment_hideout_transition_short,Зона доставки
loc_location_entertainment_obscura_den_full,+++ офіційне позначення відсутнє +++
loc_location_entertainment_obscura_den_short,Лігво пітьми
loc_location_entertainment_rooftops_full,"HL-70-04-254: зона, призначена для торгівлі.  "
loc_location_entertainment_rooftops_short,Відстійники  
loc_location_entertainment_square_full,HL-70-04-503
loc_location_entertainment_square_short,Площа Гастова
loc_location_entertainment_start_armoury_full,HL-70-04 «Карнавал»
loc_location_entertainment_start_armoury_short,Дах Трапезної
loc_location_entertainment_start_heresy_full,Житловий блок HL-70-04-436.  
loc_location_entertainment_start_heresy_short,Житловий блок Варинкс
loc_location_entertainment_uptown_full,Висоти асторіуму
loc_location_entertainment_uptown_short,Верхнє місто
loc_location_entertainment_uptown_transition_full,Акведук HL-70-04-тета  
loc_location_entertainment_uptown_transition_short,Водовід
loc_location_name,Do not translate
loc_location_name_full,Do not translate
loc_location_name_short,Do not translate
loc_location_prologue_bay_full,Бастіон танкреда
loc_location_prologue_bay_short,Обробка в'язня
loc_location_prologue_cellblock_full,Бастіон танкреда
loc_location_prologue_cellblock_short,Утримання єретиків
loc_location_prologue_facility_full,Бастіон танкреда: логістикіам 11-Альфа
loc_location_prologue_facility_short,Шлях покаянних
loc_location_prologue_hangar_full,Бастіон танкреда
loc_location_prologue_hangar_short,Аварійний вихід 141/зета
loc_location_prologue_sewers_full,Бастіон танкреда: каналізаційний провід 3972-а
loc_location_prologue_sewers_short,"Відходи, переробка та утилізація"
loc_location_tankfoundry_control_room_full,Центр контролю HL-17-36-925
loc_location_tankfoundry_control_room_short,Камера контролю Металофабу
loc_location_tankfoundry_cooling_shaft_full,Охолоджувальна шахта HL-17-36-900 
loc_location_tankfoundry_cooling_shaft_short,Довгий шлях донизу
loc_location_tankfoundry_dust_arrival_full,Робочий перехід HL-17-36-821 
loc_location_tankfoundry_dust_arrival_short,Ряд Металофабу
loc_location_tankfoundry_endcooling_full,Вихідний канал HL-17-36-951 
loc_location_tankfoundry_endcooling_short,Сервісний вихід
loc_location_tankfoundry_forge_full,Металофаб HL-17-36 
loc_location_tankfoundry_forge_habs_full,Кузнечні хаби HL-17-36-828 
loc_location_tankfoundry_forge_habs_short,Робітничі хаби
loc_location_tankfoundry_forge_short,Фаб
loc_location_tankfoundry_foundry_full,Плавильний комплекс HL-17-36-828 
loc_location_tankfoundry_foundry_short,Ливарня
loc_location_tankfoundry_furnace_full,Виробничий комплекс (зала печей) HL-17-36-826 
loc_location_tankfoundry_furnace_short,Плавильна зала
loc_location_tankfoundry_loading_bay_full,Вантажний двір HL-17-36-997 
loc_location_tankfoundry_loading_bay_short,Зона завантаження
loc_location_tankfoundry_processing_full,HL-17-36-911
loc_location_tankfoundry_processing_short,Технологічний цех
loc_location_tankfoundry_reactor_full,Металофаб (термоконтроль) HL-17-36-950 
loc_location_tankfoundry_reactor_short,Піч
loc_location_tankfoundry_start_cooling_full,Металофаб 36 HL-17-36
loc_location_tankfoundry_start_cooling_short,Підхідний доступ
loc_location_tankfoundry_start_forge_full,36 HL-17-36 Металофаб 
loc_location_tankfoundry_start_forge_short,Підхідний доступ
loc_location_tankfoundry_workers_hub_full,Робітничий центр HL-17-36-823
loc_location_tankfoundry_workers_hub_short,Робочий конвеєр
loc_location_tankfoundry_workers_section_full,Трудова ділянка HL-17-36-919 
loc_location_tankfoundry_workers_section_short,Трудовий блок 
loc_location_throneside_absconditum_full,HL-19-24-153 Архівум Сікоракс
loc_location_throneside_absconditum_short,Абскондіторіум Сігма
loc_location_throneside_admin_office_atrium_full,HL-19-24 Архівум
loc_location_throneside_admin_office_atrium_short,Атріум
loc_location_throneside_admin_office_cogitator_full,HL-19-24 Адміністратура Архівуму
loc_location_throneside_admin_office_cogitator_short,Когітаторна башта
loc_location_throneside_admin_office_full,HL-19-24 Архівум (Адміністрація)
loc_location_throneside_admin_office_short,Інвентар
loc_location_throneside_archives_deep_full,HL-19-24-152 Архівум Сікоракс
loc_location_throneside_archives_deep_short,Аудиторія
loc_location_throneside_archives_upper_full,HL-19-24 Архівум (верхній сектор)
loc_location_throneside_archives_upper_short,Верхні Сховища
loc_location_throneside_basement_old_full,HL-19-24 Архівум (нижній сектор)
loc_location_throneside_basement_old_short,Підхід до доступу
loc_location_throneside_boulevard_full,HL-19-24 Архівум (процесійний)
loc_location_throneside_boulevard_short,Вулиця старої святині
loc_location_throneside_lobby_full,HL-19-24 Архівум (Атріум)
loc_location_throneside_lobby_short,Вхід
loc_location_throneside_start_complex_full,Тронсайд HL-19-24 
loc_location_throneside_start_complex_short,Шлях Запису
loc_location_throneside_summit_full,HL-19-24-913 Комм-плекс 154/2f
loc_location_throneside_summit_short,Верхня Таріль
loc_location_throneside_traitor_base_full,HL-19-24-458 енклавум баросс
loc_location_throneside_traitor_base_short,Без повернення
loc_location_throneside_transition_full,HL-19-24 Архівум (з’єднувальний)
loc_location_throneside_transition_short,Зв’язка
loc_location_throneside_vantage_point_of_archive_secundus_full,HL-19-24 Архівум (дільниця)
loc_location_throneside_vantage_point_of_archive_secundus_short,Верхній савант
loc_location_throneside_vantage_point_of_overpass_full,HL-19-24 Міст Скайлінк
loc_location_throneside_vantage_point_of_overpass_short,Оглядовий майданчик
loc_location_transit_bridge_full,HL-16-11
loc_location_transit_bridge_short,Карантинна зона Дрейко — межа
loc_location_transit_deck_full,Політна палуба HL-16-11-318
loc_location_transit_deck_short,Підхід до політної палуби
loc_location_transit_elevator_shaft_full,HL-16-11
loc_location_transit_elevator_shaft_short,Мертвий схил
loc_location_transit_hab_a_full,Хаб (Дрейко) HL-16-11-315
loc_location_transit_hab_a_short,Поверх 176
loc_location_transit_hab_b_full,Хаб (Ларанакс) HL-16-11-318
loc_location_transit_hab_b_short,Хаб Ларанакс
loc_location_transit_hab_lobby_full,Хаб (Дрейко) HL-16-11-315 
loc_location_transit_hab_lobby_short,Вхід А
loc_location_transit_junction_full,Безодня Логістратуму HL-16-11-244
loc_location_transit_junction_short,Вузол горіння
loc_location_transit_lockdown_command_full,HL-16-11-419
loc_location_transit_lockdown_command_short,Технічна колія Форос-31-а
loc_location_transit_market_full,Хаб інтерлінк 315-318 (Дрейко-Ларанакс) HL-16-11
loc_location_transit_market_short,Базар вигорання
loc_location_transit_precipice_full,HL-16-11
loc_location_transit_precipice_short,Термінальний стрибок
loc_location_transit_refectory_full,HL-16-11-421
loc_location_transit_refectory_short,Квартал рефекторіїв
loc_location_transit_shaft_depot_full,HL-16-11-667
loc_location_transit_shaft_depot_short,Підіймальна Секція 31
loc_location_transit_shaft_escape_full,HL-16-11-667
loc_location_transit_shaft_escape_short,Гніздо Еди
loc_location_transit_start_rise_full,HL-16-11 «Безодня Термінусу»
loc_location_transit_start_rise_short,Прохід Мерця
loc_location_transit_start_trench_full,Безодня Термінусу HL-16-11
loc_location_transit_start_trench_short,Підхід Дрейко
loc_location_transit_station_inside_full,Станція Безодня HL-16-11
loc_location_transit_station_inside_short,Конкорс Безодні Термінусу 
loc_location_transit_station_outside_full,Станція Безодні HL-16-11
loc_location_transit_station_outside_short,Спалений район
loc_location_transit_station_platform_full,Станція Безодня HL-16-11-263
loc_location_transit_station_platform_short,Платформа смерті
loc_location_transit_storehouse_full,HL-16-11-419
loc_location_transit_storehouse_hub_full,HL-16-11-419
loc_location_transit_storehouse_hub_short,Сховище 22
loc_location_transit_storehouse_short,Сховище локомотивів 31
loc_location_transit_streets_full,HL-16-11-421
loc_location_transit_streets_short,Залізна алея
loc_location_transit_subrails_full,HL-16-11
loc_location_transit_subrails_short,Підземні колії
loc_location_transit_tunnels_full,HL-16-11
loc_location_transit_tunnels_rise_full,HL-16-11-419
loc_location_transit_tunnels_rise_short,Відгалуження 419-667 (Маршрут Альфа)
loc_location_transit_tunnels_short,Щуряче гніздо
loc_location_transit_void_full,Транзитний хаб HL-16-11-421
loc_location_transit_void_short,Сервісна галерея
loc_location_transit_wall_insides_full,Хаб (Дрейко) HL-16-11-315
loc_location_transit_wall_insides_short,Секція обслуговування
loc_location_void_detour_full,Міжзонний порожній сектор Омега-12
loc_location_void_detour_short,Технічний прохід Лямбда
loc_location_void_machine_inside_full,Кландестіум глоріана
loc_location_void_machine_inside_short,Машинна зала
loc_location_void_machine_outside_full,Ливарний комплекс ателіум Омега V
loc_location_void_machine_outside_short,Підступ кландестіуму глоріана
loc_location_void_pillars_full,Міжзонний порожній сектор Омега-12
loc_location_void_pillars_short,Вузол розподілу енергії
loc_location_void_start_core_full,Приречений: HL-99-11-19
loc_location_void_start_core_short,Кінець надії
loc_location_void_transport_arrival_full,Ливарний плекс ателіум Омега V
loc_location_void_transport_arrival_short,Бічний конкорс прибуття шатлів
loc_location_void_transport_gantry_full,Міжзоновий порожній сектор Омега-12
loc_location_void_transport_gantry_short,Бічний шатл ливарного комплексу
loc_location_watertown_acid_street_arcade_full,HL-18-66 хаб (коммерція)
loc_location_watertown_acid_street_arcade_short,Ряд торговців
loc_location_watertown_acid_street_full,Хаб (коммерція) HL-18-66
loc_location_watertown_acid_street_short,Їдка вулиця
loc_location_watertown_bazaar_elevator_full,Хаб (фрейтлінк) HL-18-66
loc_location_watertown_bazaar_elevator_short,Підхід картелю
loc_location_watertown_bazaar_full,Хаб (коммерція) HL-18-66
loc_location_watertown_bazaar_short,Базар Раґтауну
loc_location_watertown_cartel_hq_bridge_full,Житловий блок B HL-18-66
loc_location_watertown_cartel_hq_bridge_short,Безодня
loc_location_watertown_cartel_hq_full,Житловий хаб HL-18-66
loc_location_watertown_cartel_hq_habs_full,Житло/проживання HL-18-66
loc_location_watertown_cartel_hq_habs_short,Лігво
loc_location_watertown_cartel_hq_short,Двір Обідраного Короля
loc_location_watertown_courtroom_full,Магістратум (Юрис) HL-18-66
loc_location_watertown_courtroom_short,Лава
loc_location_watertown_data_center_full,Станція пильності HL-18-66-513
loc_location_watertown_data_center_short,Вартова станція Облівіум 
loc_location_watertown_enforcer_station_full,Магістратум HL-18-66
loc_location_watertown_enforcer_station_short,Будинок Магістратуму
loc_location_watertown_flooded_maintenance_full,Техобслуговування HL-18-66
loc_location_watertown_flooded_maintenance_short,Галерея повітроводів
loc_location_watertown_flooded_slum_full,Ресурс (Танк) HL-18-66
loc_location_watertown_flooded_slum_short,Сток
loc_location_watertown_pipe_slum_full,Сумп HL-18-66
loc_location_watertown_pipe_slum_short,Трущоби трубного міста
loc_location_watertown_prison_full,Магістратум (Пенал) HL-18-66
loc_location_watertown_prison_short,Темниця
loc_location_watertown_start_cartel_full,Потік HL-18-66
loc_location_watertown_start_cartel_short,Міст Сампвей
loc_location_watertown_start_stockpile_full,Потік HL-18-66
loc_location_watertown_start_stockpile_short,Зона висадки Потоку
loc_location_watertown_stockpile_full,Силосний кластер 18-66/a HL-18-66-533
loc_location_watertown_stockpile_short,Оазис
loc_location_watertown_water_collection_full,Доступ до збору HL-18-66
loc_location_watertown_water_collection_short,Злива
loc_lock_in_melee,Зв'язаний ближнім боєм
loc_lock_in_melee_desc,"Подолання дистанції до {#color(216,237,190)}дальнобійної{#reset()} цілі змушує її припинити стрільбу та вступити в {#color(216,237,190)}ближній бій{#reset()}."
loc_lock_in_melee_objective,Зв'язати стрільця ближнім боєм
loc_lock_in_melee_objective_2,Вбити ворогів
loc_luggable_input_description_aim,Прицілитись
loc_luggable_input_description_push,Штовхнути
loc_luggable_input_description_throw,Кидок
loc_luggable_name_contagion_sample_desc,Зразок Моебіанського чумного Зетафіту-13
loc_main_menu,Меню
loc_main_menu_account_wallet_title,Гаманець облікового запису
loc_main_menu_create_button,Створити оперативника
loc_main_menu_delete_button,Видалити оперативника
loc_main_menu_delete_character_popup_cancel,Скасувати
loc_main_menu_delete_character_popup_confirm,Підтвердити
loc_main_menu_delete_character_popup_description,Ти збираєшся видалити цього оперативника. Видаленого оперативника неможливо відновити.
loc_main_menu_delete_character_popup_title,Бажаєш видалити {character_name:%s}?
loc_main_menu_fetching_profiles,"Будь ласка, зачекайте, доки завантажуються профілі оперативників"
loc_main_menu_friends_online_count,Друзів онлайн
loc_main_menu_play_button,Почати
loc_main_menu_show_news,Показати новини
loc_main_menu_slots_remaining,Залишилось {count:%d} місць для оперативників
loc_main_menu_warband_count,Ударна група
loc_mark_vendor_view_title_standard,Таємничі придбання
loc_mark_vendor_view_title_temporary,Обмежені придбання
loc_marks_vendor_view_title,Реквізиторіум Сіра Мелка
loc_masteries_view_display_name,Майстерність
loc_mastery_alert_max_mastery,Досягнуто максимальної Майстерності
loc_mastery_button_mastery_unlocks,Меню благословень
loc_mastery_button_sacrifice_weapon,Пожертвувати зброю
loc_mastery_crafting_sacrifice_weapon_select_description,"Обрати тип зброї, щоб підвищити її рівень майстерності, пожертвувавши будь-яку зброю зі свого інвентарю.
Жертвувати можна лише зброю якості {rarity} або вище. Зброя того ж типу, що і обрана для жертви, дає більше досвіду майстерності."
loc_mastery_crafting_sacrifice_weapon_title,Пожертвувати зброю
loc_mastery_current_trait,Поточний рівень риси
loc_mastery_exp_current_next,{current} / {next} досвід
loc_mastery_level_current,Майстерність: {level}
loc_mastery_level_current_max,Майстерність: {current} / {max}
loc_mastery_mastery,Майстерність
loc_mastery_max_power,Максимальна потуга
loc_mastery_next_trait,Наступний рівень риси
loc_mastery_reward_blessingpoints_tooltip,"Очки, які можна витратити на розблокування нових благословень для будь-якої зброї цього типу."
loc_mastery_reward_expertise_cap,Межа потужності
loc_mastery_reward_mastery_points,Очки благословення
loc_mastery_reward_perk_tooltip,"Відкриває новий ранг перків для будь-якої зброї цього типу. Їх можна застосувати, відвідавши святилище Омнісії.  "
loc_mastery_reward_perk_unlock,Розблокування перку рангу {rarity:%d}
loc_mastery_reward_power_tooltip,"Збільшує максимальну потужність, яку зброя цього типу може посилити у Святилищі Омнісії."
loc_mastery_reward_track_select,Обрати гілку майстерності  
loc_mastery_trait_cost,Вартість очок благословення: {cost:%d}  
loc_mastery_trait_level_locked,Рівень благословення {rarity_level} заблоковано  
loc_mastery_trait_no_points,Недостатньо доступних очок  
loc_matchmaking_cancel_search,"Натисни {#color(226,199,126)}{input:%s}{#reset()}, щоб скасувати підбір гравців."
loc_matchmaking_cancelled,Підбір гравців скасовано
loc_matchmaking_change_region_confirmation_desc,"Регіон, що використовується для підбору матчів, за замовчуванням обирається на основі твоєї затримки до цих серверів. Змінивши це налаштування, ти зможеш потрапляти в ігри обраного регіону. Це може призвести до відчутної різниці в ігровому досвіді залежно від твого мережевого з’єднання."
loc_matchmaking_connecting_to_mission,Відправка на місію
loc_matchmaking_failed,Підбір гравців не вдався {error_code}
loc_matchmaking_looking_for_team,Пошук ударної групи...
loc_matchmaking_region_afr_south,Південна африка
loc_matchmaking_region_ap_central,Азія та тихоокеанський центр
loc_matchmaking_region_ap_north,Азія та тихоокеанська північ
loc_matchmaking_region_ap_south,Азія та тихоокеанський південь
loc_matchmaking_region_eu,Європа
loc_matchmaking_region_hk,Гонконґ
loc_matchmaking_region_mei,Центральна та південна азія
loc_matchmaking_region_sa,Південна америка
loc_matchmaking_region_us_east,Північна америка схід
loc_matchmaking_region_us_west,Північна америка захід
loc_mechanicus_event_condition,Вбити {target:%s} спеціалістів і елітних ворогів.
loc_mechanicus_event_description,"Пробудження clandestium gloriana приносить більше ресурсів для війни. До арсеналу додано нову зброю. Озброюйся цим знаряддям і знеси ворогів Імперіуму. Використай міні-болтер, двоствольний дробовик, шоковий буздиган або кайло, щоб вбивати еліту та спеціалістів; вбивства, що підпадають під умову, зараховуються від усіх членів партії."
loc_mechanicus_event_name,Випробуй свою міць
loc_medkit_input_description_deploy,Розгорнути
loc_medkit_input_description_push,Штовхнути
loc_melee_chain_objective,Виконати серію легких атак
loc_melee_chain_objective_heavy,Виконати серію важких атак
loc_menu_show_attack_patterns,Переглянути розбір атак
loc_menu_show_weapon_actions_extended,Показати деталі зброї
loc_menu_skip_prologue,Пропустити пролог
loc_menu_toggle_ui_visibility_off,Приховати інформацію
loc_menu_toggle_ui_visibility_on,Показати інформацію
loc_mindwipe_insufficient_funds_popup_description,"Ти не можеш дозволити собі, щоб у тебе стерли пам'ять.
Вартість: {#color(246,189,69)} {#color(245,39,39)}{cost:%d}{#reset()} (твій поточний баланс: {#color(246,189,69)} {#color(245,39,39)}{balance:%d}{#reset()})"
loc_mindwipe_insufficient_funds_popup_title,Недостатньо коштів
loc_minimum_participants_required,Ударній групі потрібно щонайменше {amount} учасників.  
loc_minion_wounds_enabled,Рани ворогів
loc_minion_wounds_enabled_mouseover,"Вороги з видимими ранами, як-от кульові отвори чи порізи від меча на їхніх тілах чи шкірі."
loc_misison_board_main_objective_title,Головна ціль  
loc_mission_board_campaign_playlist_flavor_text_1,Передача даних
loc_mission_board_locked_issue,Заблоковано
loc_mission_board_main_objective_heresy_description,Розповсюдження заражених стимів потрібно зупинити. Звіти Вирмвуда вказують на активність поблизу Собору Месселіни Мстивої. Треба спустись туди і провести розслідування.  
loc_mission_board_main_objective_train_description,"Вантажний поїзд RTX-590 було захоплено. Агенти Вирмвуда повідомляють, що зрадники начиняють його вибухівкою. Зупинити цей поїзд, перш ніж він дістанеться транспортної станції!"
loc_mission_board_mission_locked_requirement,"Заверши {campaign_name:%s} {chapters:%s}, щоб отримати доступ до цього завдання."
loc_mission_board_switch_tab,Перемкнути вкладку цілей
loc_mission_board_view_options,Параметри термінала місій
loc_mission_board_view_options_Matchmaking_Location,Розташування сервера підбору гравців
loc_mission_name_km_heresy,Темне причастя
loc_mission_name_op_train,Каток сталі
loc_mission_speaker_title_text,Вхідне повідомлення...
loc_mission_type_operations_name,Операції
loc_mission_type_undefined_name,loc_mission_type_undefined_name
loc_mission_voting_view_accept_mission,Прийняти
loc_mission_voting_view_decline_mission,Відхилити
loc_mission_voting_view_hide_details,Сховати деталі
loc_mission_voting_view_salary,Нагороди
loc_mission_voting_view_show_details,Показати деталі
loc_mission_voting_view_title,Запит місії
loc_mission_voting_view_title_format,{player_name} розпочинає місію
loc_mission_voting_view_waiting_for_players,Очікування всіх гравців
loc_missions_ogryn_2_easy_difficulty_1_description,Виконати {target} місій на рівні загрози «заколот» чи вище.
loc_missions_ogryn_2_easy_difficulty_1_name,Довести на що ти здатен (1)
loc_missions_ogryn_2_easy_difficulty_2_description,Виконати {target} місій на рівні загрози «повстання» чи вище.
loc_missions_ogryn_2_easy_difficulty_2_name,Довести на що ти здатен (2)
loc_missions_ogryn_2_easy_difficulty_3_description,Виконати {target} місій на рівні загрози «Злоба» чи вище.
loc_missions_ogryn_2_easy_difficulty_3_name,Довести на що ти здатен (3)
loc_missions_ogryn_2_easy_difficulty_4_description,Виконати {target} місій на рівні загрози «Єресь» чи вище.
loc_missions_ogryn_2_easy_difficulty_4_name,Довести на що ти здатен (4)
loc_missions_ogryn_2_easy_difficulty_5_description,Виконати {target} місій на рівні загрози «Прокляття» чи вище.
loc_missions_ogryn_2_easy_difficulty_5_name,Довести на що ти здатен (5)
loc_missions_ogryn_2_medium_difficulty_1_description,Виконати {target} місій на рівні загрози «заколот» чи вище.
loc_missions_ogryn_2_medium_difficulty_1_name,Битися за праведну справу (1)
loc_missions_ogryn_2_medium_difficulty_2_description,Виконати {target} місій на рівні загрози «повстання» чи вище.
loc_missions_ogryn_2_medium_difficulty_2_name,Битися за праведну справу (2)
loc_missions_ogryn_2_medium_difficulty_3_description,Виконати {target} місій на рівні загрози «Злоба» чи вище.
loc_missions_ogryn_2_medium_difficulty_3_name,Битися за праведну справу (3)
loc_missions_ogryn_2_medium_difficulty_4_description,Виконати {target} місій на рівні загрози «Єресь» чи вище.
loc_missions_ogryn_2_medium_difficulty_4_name,Битися за праведну справу (4)
loc_missions_ogryn_2_medium_difficulty_5_description,Виконати {target} місій на рівні загрози «Прокляття» чи вище.
loc_missions_ogryn_2_medium_difficulty_5_name,Битися за праведну справу (5)
loc_missions_psyker_2_easy_difficulty_1_description,Виконати {target} місій на рівні загрози «заколот» чи вище.
loc_missions_psyker_2_easy_difficulty_1_name,Довести на що ти здатен (1)
loc_missions_psyker_2_easy_difficulty_2_description,Виконати {target} місій на рівні загрози «повстання» чи вище.
loc_missions_psyker_2_easy_difficulty_2_name,Довести на що ти здатен (2)
loc_missions_psyker_2_easy_difficulty_3_description,Виконати {target} місій на рівні загрози «Злоба» чи вище.
loc_missions_psyker_2_easy_difficulty_3_name,Довести на що ти здатен (3)
loc_missions_psyker_2_easy_difficulty_4_description,Виконати {target} місій на рівні загрози «Єресь» чи вище.
loc_missions_psyker_2_easy_difficulty_4_name,Довести на що ти здатен (4)
loc_missions_psyker_2_easy_difficulty_5_description,Виконати {target} місій на рівні загрози «Прокляття» чи вище.
loc_missions_psyker_2_easy_difficulty_5_name,Довести на що ти здатен (5)
loc_missions_psyker_2_medium_difficulty_1_description,Виконати {target} місій на рівні загрози «заколот» чи вище.
loc_missions_psyker_2_medium_difficulty_1_name,Битися за праведну справу (1)
loc_missions_psyker_2_medium_difficulty_2_description,Виконати {target} місій на рівні загрози «повстання» чи вище.
loc_missions_psyker_2_medium_difficulty_2_name,Битися за праведну справу (2)
loc_missions_psyker_2_medium_difficulty_3_description,Виконати {target} місій на рівні загрози «Злоба» чи вище.
loc_missions_psyker_2_medium_difficulty_3_name,Битися за праведну справу (3)
loc_missions_psyker_2_medium_difficulty_4_description,Виконати {target} місій на рівні загрози «Єресь» чи вище.
loc_missions_psyker_2_medium_difficulty_4_name,Битися за праведну справу (4)
loc_missions_psyker_2_medium_difficulty_5_description,Виконати {target} місій на рівні загрози «Прокляття» чи вище.
loc_missions_psyker_2_medium_difficulty_5_name,Битися за праведну справу (5)
loc_missions_veteran_2_easy_difficulty_1_description,Виконати {target} місій на рівні загрози «заколот» чи вище.
loc_missions_veteran_2_easy_difficulty_1_name,Довести на що ти здатен (1)
loc_missions_veteran_2_easy_difficulty_2_description,Виконати {target} місій на рівні загрози «повстання» чи вище.
loc_missions_veteran_2_easy_difficulty_2_name,Довести на що ти здатен (2)
loc_missions_veteran_2_easy_difficulty_3_description,Виконати {target} місій на рівні загрози «Злоба» чи вище.
loc_missions_veteran_2_easy_difficulty_3_name,Довести на що ти здатен (3)
loc_missions_veteran_2_easy_difficulty_4_description,Виконати {target} місій на рівні загрози «Єресь» чи вище.
loc_missions_veteran_2_easy_difficulty_4_name,Довести на що ти здатен (4)
loc_missions_veteran_2_easy_difficulty_5_description,Виконати {target} місій на рівні загрози «Прокляття» чи вище.
loc_missions_veteran_2_easy_difficulty_5_name,Довести на що ти здатен (5)
loc_missions_veteran_2_medium_difficulty_1_description,Виконати {target} місій на рівні загрози «заколот» чи вище.
loc_missions_veteran_2_medium_difficulty_1_name,Битися за праведну справу (1)
loc_missions_veteran_2_medium_difficulty_2_description,Виконати {target} місій на рівні загрози «повстання» чи вище.
loc_missions_veteran_2_medium_difficulty_2_name,Битися за праведну справу (2)
loc_missions_veteran_2_medium_difficulty_3_description,Виконати {target} місій на рівні загрози «Злоба» чи вище.
loc_missions_veteran_2_medium_difficulty_3_name,Битися за праведну справу (3)
loc_missions_veteran_2_medium_difficulty_4_description,Виконати {target} місій на рівні загрози «Єресь» чи вище.
loc_missions_veteran_2_medium_difficulty_4_name,Битися за праведну справу (4)
loc_missions_veteran_2_medium_difficulty_5_description,Виконати {target} місій на рівні загрози «Прокляття» чи вище.
loc_missions_veteran_2_medium_difficulty_5_name,Битися за праведну справу (5)
loc_missions_zealot_2_easy_difficulty_1_description,Виконати {target} місій на рівні загрози «заколот» чи вище.
loc_missions_zealot_2_easy_difficulty_1_name,Довести на що ти здатен (1)
loc_missions_zealot_2_easy_difficulty_2_description,Виконати {target} місій на рівні загрози «повстання» чи вище.
loc_missions_zealot_2_easy_difficulty_2_name,Довести на що ти здатен (2)
loc_missions_zealot_2_easy_difficulty_3_description,Виконати {target} місій на рівні загрози «Злоба» чи вище.
loc_missions_zealot_2_easy_difficulty_3_name,Довести на що ти здатен (3)
loc_missions_zealot_2_easy_difficulty_4_description,Виконати {target} місій на рівні загрози «Єресь» чи вище.
loc_missions_zealot_2_easy_difficulty_4_name,Довести на що ти здатен (4)
loc_missions_zealot_2_easy_difficulty_5_description,Виконати {target} місій на рівні загрози «Прокляття» чи вище.
loc_missions_zealot_2_easy_difficulty_5_name,Довести на що ти здатен (5)
loc_missions_zealot_2_medium_difficulty_1_description,Виконати {target} місій на рівні загрози «заколот» чи вище.
loc_missions_zealot_2_medium_difficulty_1_name,Битися за праведну справу (1)
loc_missions_zealot_2_medium_difficulty_2_description,Виконати {target} місій на рівні загрози «повстання» чи вище.
loc_missions_zealot_2_medium_difficulty_2_name,Битися за праведну справу (2)
loc_missions_zealot_2_medium_difficulty_3_description,Виконати {target} місій на рівні загрози «Злоба» чи вище.
loc_missions_zealot_2_medium_difficulty_3_name,Битися за праведну справу (3)
loc_missions_zealot_2_medium_difficulty_4_description,Виконати {target} місій на рівні загрози «Єресь» чи вище.
loc_missions_zealot_2_medium_difficulty_4_name,Битися за праведну справу (4)
loc_missions_zealot_2_medium_difficulty_5_description,Виконати {target} місій на рівні загрози «Прокляття» чи вище.
loc_missions_zealot_2_medium_difficulty_5_name,Битися за праведну справу (5)
loc_moving_platform_stockpile,Спуститися до базару
loc_moving_platform_up,Викликати ліфт
loc_ms_store_mismatched_accounts,"Обліковий запис Microsoft Store, під яким ви увійшли, відрізняється від вашого облікового запису Xbox Live. Щоб придбати додатки чи вміст для цієї гри, увійдіть у microsoft store через обліковий запис Xbox Live."
loc_ms_store_mismatched_xuid,"Виявлено невідповідність між вашим активним профілем і профілем, під яким виконано вхід у Windows. Доступ до крамниці буде обмежено."
loc_ms_store_missing_store_id,Ви не ввійшли до Microsoft Store. Доступ до крамниці буде обмежено.
loc_ms_store_popup_header_error,Доступ до крамниці обмежено.
loc_ms_store_read_error,Не вдалося перевірити доступ до крамниці. Доступ буде обмежено.
loc_multiplayer_privilege_fail_desc,Не вдалося під’єднатися до мережі xbox.
loc_mutator_daemonhost_name,Закляттєзв’язаний Демононосій
loc_news_traitor_curse_header_1,"Прокляття зрадника, частина 1 — у етері зараз!"
loc_news_traitor_curse_subheader_1,Darktide святкує 1 рік двочастинним безплатним оновленням!
loc_news_traitor_curse_subheader_2,Нова зона і місія
loc_news_traitor_curse_subheader_4,Функція огляду
loc_news_traitor_curse_subheader_5,Оновлення дерева талантів Ветерана
loc_news_traitor_curse_text_1,"Частина 1 «прокляття зрадника» вже доступна! Святкуйте перший рік Warhammer 40,000: Darktide з цим двочастинним ювілейним оновленням, що додає ще більше контенту до гри. Частина 2 вийде до зимових свят."
loc_news_traitor_curse_text_2,"Завдайте удару в саме серце операцій VI-ого Моебіанського  та відбийте орди ворогів у зоні меркантиль, розташованій у Карнавалі."
loc_news_traitor_curse_text_4,Оглянути екіпірування гравців на Скорботній Зорі.
loc_news_traitor_curse_text_5,"Насолоджуйтеся численними змінами і покращеннями в дереві талантів Ветерана, включно з додаванням ключових талантів (через ці зміни дерево талантів Ветеранів буде скинуто, і гравцям доведеться повторно розподілити очки талантів)."
loc_news_view_close,Закрити
loc_news_view_next,Далі
loc_news_view_previous,Назад
loc_news_view_title,Що нового
loc_next,Далі
loc_not_enough_resources,Недостатньо ресурсів
loc_notification_acqusition_failed,"Отримання від Інтенданта не вдалось, спробуй ще раз."
loc_notification_collectible_picked_up,{player_name:%s} знайшов череп мученика
loc_notification_desc_achievement_completed,Покуту завершено!
loc_notification_desc_added_to_inventory,Додано до бойового спорядження
loc_notification_desc_assisted_by,За підтримки {player_name:%s}
loc_notification_desc_cleanced_by,Очищено {player_name:%s}
loc_notification_desc_contract_task_completed,Контракт виконано!
loc_notification_desc_gifted_by,{player_name:%s} подарував тобі предмет
loc_notification_desc_penance_item_can_be_claimed,"Нагороду за нову покуту можна отримати, навідавши Гестію на Скорботній Зорі."
loc_notification_desc_rescued_by,Врятований гравцем {player_name:%s}
loc_notification_desc_revived_by,Піднятий гравцем {player_name:%s}
loc_notification_desc_saved_by,Збережений гравцем {player_name:%s}
loc_notification_desc_stimmed_by,Вколотий гравцем {player_name:%s}
loc_notification_destructible_destroyed,{player_name:%s} знищив ідолів єресі
loc_notification_feed_currency_acquired,Отримано {amount:%s}
loc_notification_guild_invitation,"{#color(239,193,82)}{requesting_player}{#reset()} запросив тебе до {guild_name}"
loc_notification_guild_invitation_title,Запрошення до конклаву
loc_notification_helped_collectible_picked_up,Допоміг {player_names:%s} знайти череп мученика.
loc_notification_invitation_join_button,Приєднатися
loc_notification_new_contract,Доступні нові щотижневі контракти
loc_notification_party_invitation,"{#color(239,193,82)}{requesting_player}{#reset()} запросив тебе до своєї ударної групи."
loc_notification_party_invitation_title,Запрошення в ударну групу
loc_notification_queue_more,{queue:%d} більше
loc_notification_remove_button,Видалити
loc_notification_sacrifice_complete,Жертвопринесення завершено  
loc_notification_title_contract_completed,Тижневий контракт виконано!
loc_npc_full_name_barber-chirurgeon_a,Оска Кралл
loc_npc_full_name_boon_vendor_a,Сестра Гестія Прайн
loc_npc_full_name_captain_twin_female_a,Рінда Карнак
loc_npc_full_name_captain_twin_male_a,Родін Карнак
loc_npc_full_name_cargo_pilot_a,Лейтенант авіації Борович
loc_npc_full_name_commissar_a,Комісарка Дюкейн
loc_npc_full_name_contract_vendor_a,Сір Даріус Мелк
loc_npc_full_name_credit_store_servitor_a,Крамар 138/143
loc_npc_full_name_credit_store_servitor_b,Крамар 51/78
loc_npc_full_name_credit_store_servitor_c,Крамар 98/130
loc_npc_full_name_dreg_lector_a,Таємничий культист
loc_npc_full_name_enemy_captain_brute_a,Капітан
loc_npc_full_name_enemy_captain_maniac_a,Капітан зрадник
loc_npc_full_name_enemy_captain_officer_a,Капітан
loc_npc_full_name_enemy_captain_sadist_a,Капітан
loc_npc_full_name_enemy_captain_spiritual_a,Капітан
loc_npc_full_name_enemy_chaos_newly_infected,Хрипун
loc_npc_full_name_enemy_chaos_ogryn_armoured_executor,Трощитель
loc_npc_full_name_enemy_chaos_ogryn_bulwark,Щитоносець
loc_npc_full_name_enemy_chaos_ogryn_heavy_gunner,Жнець
loc_npc_full_name_enemy_cultist_flamer,Токсинометник
loc_npc_full_name_enemy_cultist_melee_fighter,Дреґ-Громило
loc_npc_full_name_enemy_cultist_rusher,Дреґ-Сталкер
loc_npc_full_name_enemy_daemonhost_a,Демононосій
loc_npc_full_name_enemy_nemesis_wolfer_a,Капітан Вульфер
loc_npc_full_name_enemy_ritualist_a,Таємничий голос  
loc_npc_full_name_enemy_traitor_lieutenant_a,Скаб лейтенант
loc_npc_full_name_enemy_wolfer_adjutant_a,Ад'ютант VI-ого Моебіанського
loc_npc_full_name_enemy_wolfer_adjutant_b,Офіцер зв’язку VI-ого Моебіанського
loc_npc_full_name_tank_commander_a,Лицар-Командир Раксимілліан Драґор
loc_npc_short_name_adamant_officer_a,Зорін
loc_npc_short_name_barber-chirurgeon_a,Кралл
loc_npc_short_name_boon_vendor_a,Сестра Прайн
loc_npc_short_name_captain_twin_female_a,Рінда Карнак
loc_npc_short_name_captain_twin_male_a,Родін Карнак
loc_npc_short_name_cargo_pilot_a,Боровітч
loc_npc_short_name_commissar_a,Дюкейн
loc_npc_short_name_contract_vendor_a,Сір Мелк
loc_npc_short_name_credit_store_servitor_a,Крамар 138/143
loc_npc_short_name_credit_store_servitor_b,Крамар 51/78
loc_npc_short_name_credit_store_servitor_c,Крамар 98/130
loc_npc_short_name_crowd_a,Оперативники
loc_npc_short_name_dreg_lector_a,Таємничий культист
loc_npc_short_name_enemy_captain_brute_a,Капітан зрадник
loc_npc_short_name_enemy_captain_maniac_a,Капітан зрадник
loc_npc_short_name_enemy_captain_officer_a,Капітан зрадник
loc_npc_short_name_enemy_captain_sadist_a,Капітан зрадник
loc_npc_short_name_enemy_captain_spiritual_a,Капітан зрадник
loc_npc_short_name_enemy_champion_brute_a,Чемпіон культу
loc_npc_short_name_enemy_champion_infested_a,Чемпіон Культу
loc_npc_short_name_enemy_champion_preacher_a,Чемпіон культу
loc_npc_short_name_enemy_chaos_newly_infected,Хрипун
loc_npc_short_name_enemy_chaos_ogryn_armoured_executor,Трощитель
loc_npc_short_name_enemy_chaos_ogryn_bulwark,Щитоносець
loc_npc_short_name_enemy_chaos_ogryn_heavy_gunner,Жнець
loc_npc_short_name_enemy_cultist_flamer,Токсинометник
loc_npc_short_name_enemy_cultist_melee_fighter,Дреґ-Громило
loc_npc_short_name_enemy_cultist_rusher,Дреґ-Сталкер
loc_npc_short_name_enemy_daemonhost_a,Демононосій
loc_npc_short_name_enemy_nemesis_wolfer_a,Капітан Вульфер
loc_npc_short_name_enemy_ritualist_a,Таємничий голос  
loc_npc_short_name_enemy_traitor_enforcer_executor_a,Скаб-Крушитель
loc_npc_short_name_enemy_traitor_lieutenant_a,Капітан
loc_npc_short_name_enemy_wolfer_adjutant_a,Ад'ютант VI-ого Моебіанського
loc_npc_short_name_enemy_wolfer_adjutant_b,Офіцер зв’язку VI-ого Моебіанського
loc_npc_short_name_enginseer_a,Каєкс
loc_npc_short_name_explicator_a,Зола
loc_npc_short_name_interrogator_a,Раннік
loc_npc_short_name_medicae_servitor_a,Сервітор-медик
loc_npc_short_name_mourningstar_initiate_a,Адепт Стейн
loc_npc_short_name_mourningstar_initiate_b,Адепт Ленґ
loc_npc_short_name_mourningstar_officer_male_a,Наглядач Марсетт
loc_npc_short_name_mourningstar_officer_male_b,Наглядач Нессян
loc_npc_short_name_mourningstar_soldier_female_a,Оперативник Таллар
loc_npc_short_name_mourningstar_soldier_male_a,Оперативник Дралл
loc_npc_short_name_mourningstar_soldier_male_b,Оперативник Молск
loc_npc_short_name_mourningstar_soldier_male_c,Оперативник Клаар
loc_npc_short_name_mourningstar_soldier_male_d,Оперативник Ленск
loc_npc_short_name_mourningstar_soldier_male_e,Оперативник Праск
loc_npc_short_name_mourningstar_soldier_male_f,Оперативник Солтаґ
loc_npc_short_name_mourningstar_soldier_male_g,Оперативник Морті
loc_npc_short_name_mourningstar_soldier_male_h,Оперативник Маррок
loc_npc_short_name_past_tech_priest_a,Гадрона Омега-7-7
loc_npc_short_name_pilot_a,Масозі
loc_npc_short_name_prison_guard_a,Тюремний охоронець
loc_npc_short_name_prologue_traitor_a,Зрадник
loc_npc_short_name_purser_a,Гелловетт
loc_npc_short_name_reject_npc_a,Мара Вінчі
loc_npc_short_name_reject_npc_servitor_a,Підрозділ покути MV 1
loc_npc_short_name_sergeant_a,Морроу
loc_npc_short_name_servitor_female_a,Сервітор
loc_npc_short_name_servitor_male_a,Сервітор
loc_npc_short_name_shipmistress_a,Брамс
loc_npc_short_name_steelhead_a,Ґвардієць Праґґ  
loc_npc_short_name_steelhead_b,Ґвардієць Гаркет  
loc_npc_short_name_tank_commander_a,Лицар-Командувач Драґор
loc_npc_short_name_tech_priest_a,Гадрона
loc_npc_short_name_tertium_noble_a,Мамзель Дуреллія
loc_npc_short_name_tertium_noble_b,Сір Манґолін
loc_npc_short_name_training_ground_psyker_a,Сефоні
loc_npc_short_name_travelling_salesman_a,Піжон
loc_npc_short_name_vocator_a,Голосовий оповісник
loc_npc_short_name_warp_echo,Відлуння варпу
loc_objective_cm_archives_absconditum_collect_data_desc,Забрати і доберися до точки евакуації
loc_objective_cm_archives_absconditum_collect_data_header,Взяти сувій
loc_objective_cm_archives_absconditum_escape_desc,Втекти ліфтом
loc_objective_cm_archives_absconditum_escape_header,Втекти!
loc_objective_cm_archives_absconditum_printing_progress_desc,"Відбивати ворога, поки сервіттор-писар готує сувій"
loc_objective_cm_archives_absconditum_printing_progress_header,Дочекатись завершення процесу перепису
loc_objective_cm_archives_absconditum_start_printing_desc,"Активувати сервіттора-писаря, натиснувши перемикач"
loc_objective_cm_archives_absconditum_start_printing_header,Запустити сервіттора-писаря
loc_objective_cm_archives_archives_deep_desc,Знайти шлях крізь глибокі архіви
loc_objective_cm_archives_archives_deep_header,Дістатись до абскондіторіуму
loc_objective_cm_archives_archives_upper_desc,Пройти через верхні архіви та офіс адміністрації
loc_objective_cm_archives_archives_upper_header,Знайти глибокі архіви
loc_objective_cm_archives_basement_deactivate_alarm_desc,"Дістатись до панелі керування, щоб вимкнути тривогу."
loc_objective_cm_archives_basement_deactivate_alarm_header,Вимкнути тривогу
loc_objective_cm_archives_basement_desc,"Пройди через підсекцію вентиляції, щоб вимкнути тривогу і увійти до Архівуму Сікоракс"
loc_objective_cm_archives_basement_first_lockdown_desc,"Зняти блокування, щоб відкрити шлях"
loc_objective_cm_archives_basement_first_lockdown_header,Зняти блокування
loc_objective_cm_archives_basement_header,Просунутися через підсекцію вентиляції
loc_objective_cm_archives_basement_mid_section_desc,"Шлях заблоковано. Перенаправити потік повітря, щоб зняти блокування."
loc_objective_cm_archives_basement_mid_section_header,Перенаправити потік повітря
loc_objective_cm_archives_basement_second_lockdown_desc,"Зняти блокування, щоб відкрити шлях уперед"
loc_objective_cm_archives_basement_second_lockdown_header,Зняти блокування
loc_objective_cm_archives_basement_second_mid_section_desc,"Шлях заблоковано. Перенаправ потік повітря, щоб зняти блокування."
loc_objective_cm_archives_basement_second_mid_section_header,Перенаправити потік повітря
loc_objective_cm_archives_basement_start_desc,"Активувати процес вентиляції, щоб дістатися всередину Архівуму Сікоракс"
loc_objective_cm_archives_basement_start_header,Запустити процес вентиляції
loc_objective_cm_archives_control_end_event_desc,Збери інформацію з кількох терміналів даних
loc_objective_cm_archives_control_end_event_header,Сканувати термінали даних
loc_objective_cm_archives_outside_desc,Знайти альтернативний шлях до архівів
loc_objective_cm_archives_outside_header,Увійти до архівів
loc_objective_cm_habs_b_wait_desc,"Утримувати зону, доки дані не буде передано"
loc_objective_cm_habs_b_wait_header,Захищатись до передачі даних
loc_objective_cm_habs_b_wait_poison_desc,"Переконатись, що отрута знищує заражене дерево"
loc_objective_cm_habs_b_wait_poison_header,Дочекатись підтвердження очищення втілення плоті
loc_objective_cm_habs_cross_street_desc,Знайти шлях у зону карантину хабу Дрейко
loc_objective_cm_habs_cross_street_header,Увійти до HL-16-11-315 хабу Дрейко
loc_objective_cm_habs_find_first_desc,Увійти до карантинної зони хабу Дрейко
loc_objective_cm_habs_find_first_header,Увійти на карантинний поверх 176
loc_objective_cm_habs_hab_b_interrogators_desc,Зробити ін'єкцію у заражене дерево отрутою з біо-зчитувача
loc_objective_cm_habs_hab_b_interrogators_header,Отруїти заражене дерево
loc_objective_cm_habs_lobby_gate_desc,Обійти протоколи безпеки для карантинної секції хабу
loc_objective_cm_habs_lobby_gate_header,Обійти протоколи безпеки дверей
loc_objective_cm_habs_scan_hab_a_desc,Просканувати кілька джерел залишків чуми всередині хабу Дрейко
loc_objective_cm_habs_scan_hab_a_header,Використати серво-череп
loc_objective_cm_habs_scan_hab_b_desc,Просканувати кілька джерел патогену всередині хабу Ларанакс
loc_objective_cm_habs_scan_hab_b_header,Використати серво-череп
loc_objective_cm_habs_to_deck_desc,Зустріти Шторм Раптора для евакуації
loc_objective_cm_habs_to_deck_header,Дістатись до точки евакуації
loc_objective_cm_habs_to_pipe_desc,Пройти крізь технічний відсік до житлового блоку Ларанакс
loc_objective_cm_habs_to_pipe_header,Просунутись до житлового сектора HL-16-11-318 (Ларанакс)
loc_objective_cm_raid_decode_refraction_field_desc,"Розшифрувати систему, щоб зняти поле заломлення"
loc_objective_cm_raid_decode_refraction_field_header,Розшифрувати рефракторне поле
loc_objective_cm_raid_destroy_filtration_tanks_desc,"Знайти і знищ резервуари фільтрації, що використовуються для виробництва стимів"
loc_objective_cm_raid_destroy_filtration_tanks_header,Знищити резервуари фільтрації
loc_objective_cm_raid_drug_lab_desc,Просканувати декілька зразків стимуляторів
loc_objective_cm_raid_drug_lab_header,Просканувати партію стимуляторів
loc_objective_cm_raid_escape_desc,Добратись до ліфта
loc_objective_cm_raid_escape_header,Втекти
loc_objective_cm_raid_filtration_tank_final_destruction_desc,"Знищити резервуари фільтрації, щоб припинити постачання стимуляторів"
loc_objective_cm_raid_filtration_tank_final_destruction_header,Знищити резервуар фільтрації
loc_objective_cm_raid_find_drug_lab_desc,Знайти лабораторію у житловому секторі
loc_objective_cm_raid_find_drug_lab_header,Знайти виробничий комплекс стимуляторів
loc_objective_cm_raid_find_obscura_den_desc,Пройти тильними провулками і знайти Лігва Пітьми
loc_objective_cm_raid_find_obscura_den_header,Знайти Лігва Пітьми
loc_objective_cm_raid_obscura_breaching_charge_desc,"Використати підривний заряд, щоб відкрити новий шлях"
loc_objective_cm_raid_obscura_breaching_charge_header,Використати підривний заряд
loc_objective_cm_raid_obscura_den_decode_desc,"Розшифрувати систему Лігва Пітьми, щоб відкрити двері безпеки"
loc_objective_cm_raid_obscura_den_decode_header,Зламати систему безпеки
loc_objective_cm_raid_obscura_exit_desc,Відкрити двері та вийти з Лігва Пітьми
loc_objective_cm_raid_obscura_exit_header,Вийти з Лігва Пітьми
loc_objective_cm_raid_obscura_progress_cellar_desc,"Добратися до нижнього поверху, щоб активувати систему вентиляції"
loc_objective_cm_raid_obscura_progress_cellar_header,Прорватися до нижнього поверху
loc_objective_cm_raid_obscura_survive_desc,"Вижити під час засідки, поки не буде знайдено альтернативний шлях"
loc_objective_cm_raid_obscura_survive_header,Пережити засідку
loc_objective_cm_raid_progress_second_floor_desc,Добратися до виробничого поверху
loc_objective_cm_raid_progress_second_floor_header,Перейти до виробництва
loc_objective_cm_raid_progress_third_floor_desc,Добратися до верхнього поверху
loc_objective_cm_raid_progress_third_floor_header,Добратися до верхнього поверху
loc_objective_cm_raid_start_desc,Пройти тильними провулками
loc_objective_cm_raid_start_header,Увійти в тильні провулки
loc_objective_common_captain_kill_desc,Captain_kill_target description
loc_objective_common_captain_kill_header,Captain_kill_target header
loc_objective_common_control_desc,Опис зайняття контрольної точки
loc_objective_common_control_header,Зайняти контрольну точку
loc_objective_common_decoding_desc,Опис розшифрування системи
loc_objective_common_decoding_header,Розшифрувати систему
loc_objective_common_default_desc,Опис усталено
loc_objective_common_default_header,Заголовок усталено
loc_objective_common_demolition_desc,Опис підриву цілі
loc_objective_common_demolition_header,Підірвати ціль
loc_objective_common_luggable_desc,Опис перенесення обʼєкта
loc_objective_common_luggable_header,Перенести обʼєкт
loc_objective_common_timed_test_desc,Опис завдання з обмеженим часом
loc_objective_common_timed_test_header,Завдання на час
loc_objective_core_research_activate_transistors_desc,"Задіяти вимикач, щоб активувати сінхроністори"
loc_objective_core_research_activate_transistors_header,Запустити нексус розподілу живлення
loc_objective_core_research_auxiliary_gen_desc,"Натиснути кнопку, щоб відновити живлення"
loc_objective_core_research_auxiliary_gen_header,Увімкнути допоміжний генератор
loc_objective_core_research_break_ice_desc,Звільнити заморожені шестерні
loc_objective_core_research_break_ice_header,Збити лід із шестерень
loc_objective_core_research_climb_machine_desc,Пройти крізь внутрішні механізми машини
loc_objective_core_research_climb_machine_header,Просунутися через обʼєкт
loc_objective_core_research_enter_machine_desc,Просунутися та здобути доступ
loc_objective_core_research_enter_machine_header,Увійти до кландестіум глоріана
loc_objective_core_research_excavation_cables_desc,Знайти та обійти живлення на лініях передачі
loc_objective_core_research_excavation_cables_header,Переключити автоматичні вимикачі
loc_objective_core_research_excavation_decode_desc,Прикріпити і спрямувати зчитувача даних
loc_objective_core_research_excavation_decode_header,Відкалібрувати конденсатори
loc_objective_core_research_excavation_luggable_desc,Знайти та перенести батареї до ядра машини
loc_objective_core_research_excavation_luggable_header,Знайти та встановити батареї
loc_objective_core_research_excavation_start_conveyor_desc,Доставити матеріали
loc_objective_core_research_excavation_start_conveyor_header,Запустити конвеєр
loc_objective_core_research_extract_desc,Добратися до Валькірії та унести матеріали
loc_objective_core_research_extract_header,Втекти на Валькірії!
loc_objective_core_research_heatshields_desc,"Циклічно відкривати щити, щоб дістатися до льоду"
loc_objective_core_research_heatshields_header,Відкрити теплові щити
loc_objective_core_research_heatshields_ice_desc,"Швидше, поки тепловий щит відкритий"
loc_objective_core_research_heatshields_ice_header,"Знищити лід, щоб звільнити шестерні"
loc_objective_core_research_leave_research_desc,Просунутися вперед
loc_objective_core_research_leave_research_header,Просунутися до Ливарного Комплексу Сакраріуму
loc_objective_core_research_locate_power_central_desc,Оглянути підвісний перехід
loc_objective_core_research_locate_power_central_header,Знайти нексус розподілу живлення
loc_objective_core_research_reach_research_desc,Просунутися вперед
loc_objective_core_research_reach_research_header,Піднятися до дослідницького ядра
loc_objective_core_research_repair_transistor_desc,Перевірити несправний вузол живлення
loc_objective_core_research_repair_transistor_header,Перезапустити несправний сінхроністор
loc_objective_core_research_ride_transport_desc,"Задіяти вимикач, щоб активувати транспорт"
loc_objective_core_research_ride_transport_header,Сісти у шатл і дістатися до обʼєкту
loc_objective_core_research_start_desc,Добратися до підвісного переходу
loc_objective_core_research_start_header,Увійти до технічного сектора Лямбда
loc_objective_core_research_start_machine_desc,"Використати вимикач, щоб пробудити дух машини"
loc_objective_core_research_start_machine_header,Пробудити кландестіум ґлоріана
loc_objective_core_research_transfer_power_desc,"Натиснути кнопку, щоб завершити передачу живлення"
loc_objective_core_research_transfer_power_header,Передати живлення до вежі модулятора
loc_objective_core_research_transfer_power2_desc,"Використати вимикач, щоб перенаправити живлення"
loc_objective_core_research_transfer_power2_header,Перенаправити живлення до шатлу
loc_objective_counter,%d/%d
loc_objective_debug_area_objective_desc,"У зоні подій ти можеш випробувати різні події, доступні в грі на цей момент!"
loc_objective_debug_area_objective_header,DO NOT TRANSLATE
loc_objective_debug_demolition_test_1_desc,Опис підриву цілі
loc_objective_debug_demolition_test_1_header,Підірвати ціль
loc_objective_debug_destination_test_desc,Do not translate
loc_objective_debug_destination_test_header,Do not translate
loc_objective_debug_locate_scanner_desc,Розгорнути сканер серво-черепа
loc_objective_debug_locate_scanner_header,Використати серво-череп
loc_objective_dm_forge_activate_smelter_desc,Знайти і знищити демонічні нарости
loc_objective_dm_forge_activate_smelter_header,Активувати головну плавильню
loc_objective_dm_forge_call_elevator_desc,"Використати панель керування, щоб викликати ліфт"
loc_objective_dm_forge_call_elevator_header,Викликати ліфт постачання
loc_objective_dm_forge_clear_desc,"Забезпечити безпеку ливарні, очистивши зону від ворогів"
loc_objective_dm_forge_clear_header,Очистити зону
loc_objective_dm_forge_destroy_corruptor_one_desc,"Знайти і знищити демонічний нарости, що заражають плавильню"
loc_objective_dm_forge_destroy_corruptor_one_header,Знищити демонічний нарости
loc_objective_dm_forge_extract_desc,Використати ліфт плавильні для евакуації
loc_objective_dm_forge_extract_header,Дістатись до точки евакуації
loc_objective_dm_forge_find_forge_desc,Просунутися крізь розпечений зал далі до виробничого комплексу
loc_objective_dm_forge_find_forge_header,Просунутися до фабу
loc_objective_dm_forge_find_foundry_desc,Пройти крізь металфаб і знайти плавильні ливарні
loc_objective_dm_forge_find_foundry_header,Знайти плавильні
loc_objective_dm_forge_find_furnace_entrance_desc,Знайти ліфт постачання робочиого конвеєру  
loc_objective_dm_forge_find_furnace_entrance_header,Знайти ліфт постачання
loc_objective_dm_forge_hold_position_desc,Дочекатись перезапуску головної плавильні
loc_objective_dm_forge_hold_position_header,Перезапустити плавильню
loc_objective_dm_forge_leave_start_desc,Просунутися крізь ряди металфабу
loc_objective_dm_forge_leave_start_header,Увійти до Металофабу HL-17-36
loc_objective_dm_forge_purge_daemonic_growth_desc,"Знищити осквернителів, що заражають механізми"
loc_objective_dm_forge_purge_daemonic_growth_header,Знешкодити демонічний наріст
loc_objective_dm_forge_reactivate_smelter_desc,Викликати Омнісая
loc_objective_dm_forge_reactivate_smelter_header,Пробудити дух машини плавильні
loc_objective_dm_forge_restart_furnace_machinery_desc,Активувати піч у виробничому комплексі
loc_objective_dm_forge_restart_furnace_machinery_header,Активувати піч
loc_objective_dm_forge_ride_elevator_desc,Спуститися ліфтом постачання до виробничого комплексу
loc_objective_dm_forge_ride_elevator_header,Просунутися до комплексу плавилень
loc_objective_dm_forge_survive_desc,Утримувати позицію та захищати зону від ворогів
loc_objective_dm_forge_survive_header,Тримати оборону
loc_objective_dm_forge_wait_for_elevator_desc,Чекати прибуття ліфта постачання
loc_objective_dm_forge_wait_for_elevator_header,Дочекатись ліфта постачання
loc_objective_dm_propaganda_activate_first_bridge_desc,Активувати головний механізм мосту
loc_objective_dm_propaganda_activate_first_bridge_header,Активувати головний міст
loc_objective_dm_propaganda_activate_second_bridge_desc,Активувати допоміжний механізм мосту
loc_objective_dm_propaganda_activate_second_bridge_header,Активувати допоміжний міст
loc_objective_dm_propaganda_demolition_a_desc,"Знищити демонічний наріст, щоб відновити роботу головного механізму мосту"
loc_objective_dm_propaganda_demolition_a_header,Очистити демонічний наріст
loc_objective_dm_propaganda_demolition_b_desc,"Знищити демонічний наріст, щоб відновити роботу допоміжного механізму мосту"
loc_objective_dm_propaganda_demolition_b_header,Очистити демонічний наріст
loc_objective_dm_propaganda_demolition_final_desc,"Знищити демонічний наріст, щоб відновити керування передавачем"
loc_objective_dm_propaganda_demolition_final_header,Очистити демонічний наріст
loc_objective_dm_propaganda_demolition_first_desc,"Знищити демонічний наріст, щоб відновити функцію мосту"
loc_objective_dm_propaganda_demolition_first_header,Очистити демонічний наріст
loc_objective_dm_propaganda_enter_dish_desc,Просунутися до командного центру головного керування TRS-150
loc_objective_dm_propaganda_enter_dish_header,Увійти до командного центру головного керування TRS-150
loc_objective_dm_propaganda_enter_tower_desc,Просунутися до міжорбітальної ретрансляційної станції TRS-150
loc_objective_dm_propaganda_enter_tower_header,Увійти до ретрансляційної станції TRS-150
loc_objective_dm_propaganda_enter_trenches_desc,Просунутись крізь систему вентиляції X-14 до HL-32-2-716
loc_objective_dm_propaganda_enter_trenches_header,Пройти крізь систему вентиляції X-14
loc_objective_dm_propaganda_extract_desc,Зустріти Шторм Раптора для евакуації
loc_objective_dm_propaganda_extract_header,Дістатись до точки евакуації
loc_objective_dm_propaganda_leave_start_desc,"Обійти систему безпеки, щоб просунутися до портового інтерлінку HL-32-2"
loc_objective_dm_propaganda_leave_start_header,Вийти з HL-32-2 732 Cтратус
loc_objective_dm_propaganda_navigate_dunes_desc,Знайти систему вентиляції ангару в бік HL-32-2-716
loc_objective_dm_propaganda_navigate_dunes_header,Знайти доступ до системи вентиляції
loc_objective_dm_propaganda_override_antenna_one_desc,Дочекатись вирівнювання передавача
loc_objective_dm_propaganda_override_antenna_one_header,Чекати вирівнювання
loc_objective_dm_propaganda_override_antenna_two_desc,Дочекатись вимкнення сигналу трансляції
loc_objective_dm_propaganda_override_antenna_two_header,Чекати вимкнення сигналу
loc_objective_dm_propaganda_power_door_desc,"Зібрати термоелектричні елементи, щоб активувати систему вентиляції"
loc_objective_dm_propaganda_power_door_header,Зібрати термоелектричні елементи
loc_objective_dm_propaganda_reach_second_floor_desc,"Знищити демонічний наріст, щоб активувати керування мостами"
loc_objective_dm_propaganda_reach_second_floor_header,Відновити мости
loc_objective_dm_propaganda_rotate_antenna_one_desc,"Вирівняти передавач, щоб відрізати сигнал"
loc_objective_dm_propaganda_rotate_antenna_one_header,Вирівняти ретранслятор даних
loc_objective_dm_propaganda_rotate_antenna_three_desc,Вимкнути передавач
loc_objective_dm_propaganda_rotate_antenna_three_header,Вирівняти передавач
loc_objective_dm_propaganda_rotate_antenna_two_desc,Вимкнути сигнал з радіопередавача
loc_objective_dm_propaganda_rotate_antenna_two_header,Вимкнути трансляцію
loc_objective_dm_propaganda_start_shaft_desc,Активувати механізм шахти TRS-150
loc_objective_dm_propaganda_start_shaft_header,Увімкнути TRS-150
loc_objective_dm_propaganda_stop_fan_desc,"Отримати доступ до системи, щоб вимкнути вентилятор"
loc_objective_dm_propaganda_stop_fan_header,Отримати доступ до системи вентиляції
loc_objective_dm_propaganda_survive_desc,"Захищати зону, поки передавач не буде вимкнено"
loc_objective_dm_propaganda_survive_header,Тримати оборону
loc_objective_dm_rise_demo_floor_one_desc,loc_objective_dm_rise_demo_floor_one_desc
loc_objective_dm_rise_demo_floor_one_header,Знешкодити демонічний наріст
loc_objective_dm_rise_demo_floor_two_desc,Опис завдання підйому – демонтаж другого поверху
loc_objective_dm_rise_demo_floor_two_header,Знешкодити демонічний наріст
loc_objective_dm_rise_enter_platform_desc,loc_objective_dm_rise_enter_platform_desc
loc_objective_dm_rise_enter_platform_header,Активувати Підіймальну Секцію 31
loc_objective_dm_rise_enter_platform_two_desc,loc_objective_dm_rise_enter_platform_two_desc
loc_objective_dm_rise_enter_platform_two_header,Перезапустити Підіймальну Секцію 31
loc_objective_dm_rise_escape_desc,loc_objective_dm_rise_escape_desc
loc_objective_dm_rise_escape_header,Здобути кристали призмати і просунутися до зони евакуації
loc_objective_dm_rise_lockdown_desc,loc_objective_dm_rise_lockdown_desc
loc_objective_dm_rise_lockdown_header,Прибрати потяг з дороги
loc_objective_dm_rise_lockdown_two_desc,loc_objective_dm_rise_lockdown_two_desc
loc_objective_dm_rise_lockdown_two_header,Прибрати другий потяг з дороги
loc_objective_dm_rise_open_depot_doors_desc,loc_objective_dm_rise_open_depot_doors_desc
loc_objective_dm_rise_open_depot_doors_header,Відкрити двері
loc_objective_dm_rise_open_luggables_desc,loc_objective_dm_rise_open_luggables_desc
loc_objective_dm_rise_open_luggables_header,Зібрати ядра живлення
loc_objective_dm_rise_power_trains_desc,Loc_objective_dm_rise_power_trains_desc
loc_objective_dm_rise_power_trains_header,Спровокувати блокувальний конденсатор
loc_objective_dm_rise_reach_lockdown_command_desc,Loc_objective_dm_rise_reach_lockdown_command_desc
loc_objective_dm_rise_reach_lockdown_command_header,Досягти технічного шляху
loc_objective_dm_rise_reach_shaft_depot_desc,loc_objective_dm_rise_reach_shaft_depot_desc
loc_objective_dm_rise_reach_shaft_depot_header,Досягти транзитного хабу HL-16-11-202
loc_objective_dm_rise_survive_desc,Утримати ворогів до досягнення наступного поверху
loc_objective_dm_rise_survive_header,Тримати оборону!
loc_objective_dm_rise_survive_two_desc,loc_objective_dm_rise_survive_two_desc
loc_objective_dm_rise_survive_two_header,Тримати оборону!
loc_objective_dm_stockpile_corruptor_event_desc,"Знищити демонічну матерію, щоб усунути зараження води"
loc_objective_dm_stockpile_corruptor_event_header,Очистити демонічний наріст
loc_objective_dm_stockpile_enter_hq_desc,"Знайти та увійти до HL-18-66, «Двір Обідраного Короля»"
loc_objective_dm_stockpile_enter_hq_header,Просуватись до Двору Обідраного Короля
loc_objective_dm_stockpile_enter_stockpile_desc,Увійти до випускного силосного кластера HL-18-66
loc_objective_dm_stockpile_enter_stockpile_header,Просунутись до силосного кластера 18-66
loc_objective_dm_stockpile_escape_desc,Зустріти Шторм Раптора для евакуації
loc_objective_dm_stockpile_escape_header,Дістатись до точки евакуації
loc_objective_dm_stockpile_initiate_clean_desc,"Увімкнути автоочищення, щоб очистити систему від токсину"
loc_objective_dm_stockpile_initiate_clean_header,Активувати автоочищення
loc_objective_dm_stockpile_purge_system_desc,Завершити процес очищення води
loc_objective_dm_stockpile_purge_system_header,Розпочати відновлення системи
loc_objective_dm_stockpile_reach_elevator_desc,"Знайти вантажний шлях HL-18-66, що веде до виходу HL-18-66"
loc_objective_dm_stockpile_reach_elevator_header,Знайти вантажний ліфт
loc_objective_dm_stockpile_ride_elevator_desc,"Скористатись вантажним шляхом HL-18-66, щоб спуститись на нижні рівні"
loc_objective_dm_stockpile_ride_elevator_header,Спуститись на нижні рівні
loc_objective_dm_stockpile_wait_elevator_desc,Оборонятись доки не прибуде ліфт
loc_objective_dm_stockpile_wait_elevator_header,Утримувати позиції
loc_objective_dm_stockpile_wait_purge_desc,"Стримувати ворогів, поки очищення системи завершить свої цикли"
loc_objective_dm_stockpile_wait_purge_header,Дочекатись завершення очищення системи
loc_objective_find_corruptor_desc,Знищити демонічне зараження в районі
loc_objective_find_corruptor_header,Очистити демонічне зараження
loc_objective_fm_armoury_activate_beacon_desc,Викликати групу евакуації
loc_objective_fm_armoury_activate_beacon_header,Подати сигнал евакуації
loc_objective_fm_armoury_brewery_desc,Просуватись крізь пивоварню
loc_objective_fm_armoury_brewery_header,Просуватись крізь пивоварню
loc_objective_fm_armoury_clear_area_desc,Очистити територію від ворогів
loc_objective_fm_armoury_clear_area_header,Очистити територію від ворогів
loc_objective_fm_armoury_confirm_intel_desc,Отримати шифри з термінала зрадників (взаємодіяти після завершення злому)
loc_objective_fm_armoury_confirm_intel_header,Отримати шифри
loc_objective_fm_armoury_enter_black_market_area_header,Дістатись амфітеатру
loc_objective_fm_armoury_find_stims_desc,Підтвердити розташування стимуляторів
loc_objective_fm_armoury_find_stims_header,Підтвердити стимулятори
loc_objective_fm_armoury_gauntlet_start_desc,Пробитись до першого поверху
loc_objective_fm_armoury_gauntlet_start_header,Дістатись трапезної
loc_objective_fm_armoury_open_roof_desc,"Знайти кімнату керування та відкрити дах, щоб підкріплення могло прибути"
loc_objective_fm_armoury_open_roof_header,Відкрити дах
loc_objective_fm_armoury_proceed_desc,Пройти вулицями
loc_objective_fm_armoury_proceed_header,Пройти вулицями
loc_objective_fm_armoury_reach_valkyrie_desc,Пройти до зони висадки для евакуації
loc_objective_fm_armoury_reach_valkyrie_header,Евакуюватися
loc_objective_fm_armoury_secure_intel_desc,Отримати сьогоднішні шифри з термінала зрадників
loc_objective_fm_armoury_secure_intel_header,Вкрасти сьогоднішні шифри
loc_objective_fm_armoury_survive_final_desc,"Тримати позиції, доки алькірія не прибуде"
loc_objective_fm_armoury_survive_final_header,Дочекатись евакуації
loc_objective_fm_armoury_wait_for_roof_desc,Остерігатись зрадників — вони точно з'являться
loc_objective_fm_armoury_wait_for_roof_header,"Дочекатись, поки відкриється дах "
loc_objective_fm_cargo_activate_beacon_desc,"Використати маяк, щоб подати сигнал команді підтримки"
loc_objective_fm_cargo_activate_beacon_header,Викликати підмогу
loc_objective_fm_cargo_clear_area_desc,"Очистити товарний двір від ворогів, щоб команда підтримки могла приземлитися"
loc_objective_fm_cargo_clear_area_header,Захищати потяг постачання
loc_objective_fm_cargo_decode_desc,"Використати зчитувач даних, щоб розблокувати доступ до термоконтролю"
loc_objective_fm_cargo_decode_header,Взламати безпеку дверей
loc_objective_fm_cargo_destroy_aa_guns_desc,"Вимкнути ППО, щоб можна було викликати команду підтримки"
loc_objective_fm_cargo_destroy_aa_guns_header,Вивести з ладу ППО
loc_objective_fm_cargo_leave_start_desc,Направитися до робочого конвеєру через технологічний цех
loc_objective_fm_cargo_leave_start_header,Проникнути у виробничий комплекс HL-17-36
loc_objective_fm_cargo_maintenance_desc,"Просунутись через трудовий блок, щоб дістатися нексусу виробництва"
loc_objective_fm_cargo_maintenance_header,Рухатись до нексусу виробництва сігма-57
loc_objective_fm_cargo_open_door_desc,Знайти потяг постачання в вантажному дворі
loc_objective_fm_cargo_open_door_header,Рухатись до вантажного двору сігма-57
loc_objective_fm_cargo_proceed_desc,"Пройти через термоконтроль, щоб отримати доступ до вантажного двору"
loc_objective_fm_cargo_proceed_header,Іти до вантажного двору
loc_objective_fm_cargo_reach_valkyrie_desc,Зустріти Шторм Раптора для евакуації
loc_objective_fm_cargo_reach_valkyrie_header,Дістатись до точки евакуації
loc_objective_fm_cargo_survive_final_desc,"Утримувати вантажний двір, доки не прибуде підкріплення"
loc_objective_fm_cargo_survive_final_header,Очистити вантажний двір
loc_objective_fm_resurgence_activate_beacon_desc,"Використати маяк, щоб подати сигнал команді підтримки"
loc_objective_fm_resurgence_activate_beacon_header,Викликати команду підтримки
loc_objective_fm_resurgence_approach_desc,Направитися до станції Аегіс поблизу мосту безлічі мучеників  
loc_objective_fm_resurgence_approach_header,Знайти станцію Аегіс
loc_objective_fm_resurgence_bridge_desc,Міст Скайлінк знеструмлено. Замінити елементи живлення панелі керування
loc_objective_fm_resurgence_bridge_header,Відновити живлення
loc_objective_fm_resurgence_clear_desc,Очистити станцію Аегіс від ворогів
loc_objective_fm_resurgence_clear_header,Знищити єретиків!
loc_objective_fm_resurgence_destroy_aa_guns_desc,"Підкріплення не прибуде, доки гармати не перестануть гамселити"
loc_objective_fm_resurgence_destroy_aa_guns_header,Деактивувати ППО
loc_objective_fm_resurgence_end_event_desc,Відбити контратаку на станцію Аегіс 
loc_objective_fm_resurgence_end_event_header,Зачистити станцію Аегіс
loc_objective_fm_resurgence_extract_desc,Місію виконано. Час відходити
loc_objective_fm_resurgence_extract_header,Дістатись до точки евакуації
loc_objective_fm_resurgence_lower_desc,"Використати панель керування, щоб опустити міст"
loc_objective_fm_resurgence_lower_header,Опустити міст
loc_objective_fm_resurgence_start_desc,"Просунутися через Тронсайд, щоб знайти міст"
loc_objective_fm_resurgence_start_header,Знайти міст
loc_objective_fm_resurgence_survive_end_desc,Підкріплення вже на підході — дожити до їх підходу
loc_objective_fm_resurgence_survive_end_header,Вижити!
loc_objective_fm_resurgence_survive_mid_desc,Тримати позиції. За Імператора!
loc_objective_fm_resurgence_survive_mid_header,Пережити напад!!
loc_objective_follow_servo_skull,Слідувати за сервочерепом
loc_objective_hm_cartel_deactivate_second_protocol_desc,"Встановити зчитувач даних на комірках безпеки, щоб отримати доступ до процесорної матриці"
loc_objective_hm_cartel_deactivate_second_protocol_header,Зчитати дані з комірок безпеки
loc_objective_hm_cartel_elevator_desc,"Сісти у вантажний ліфт, щоб дістатися Двору Обідраного Короля"
loc_objective_hm_cartel_elevator_header,Викликати вантажний ліфт
loc_objective_hm_cartel_elevator_ride_desc,"Піднятися вантажним ліфтом, щоб дістатися дДвору Обідраного Короля"
loc_objective_hm_cartel_elevator_ride_header,Скористатися вантажним ліфтом
loc_objective_hm_cartel_enter_slum_desc,Пройти крізь трущоби трубного міста та рухатись у бік Раґтауна
loc_objective_hm_cartel_enter_slum_header,Просунутись до Раґтауна
loc_objective_hm_cartel_extract_desc,"Скористатись ліфтом, щоб залишити вартову станцію облівіум "
loc_objective_hm_cartel_extract_header,Втекти!
loc_objective_hm_cartel_find_bazaar_desc,"Пройти крізь Раґтаун, доки не знайдете базар Раґтауна"
loc_objective_hm_cartel_find_bazaar_header,Просунутись до базару Раґтауна
loc_objective_hm_cartel_find_datacenter_desc,Пройти крізь Двів Обідраного Короля та знайти вартову станцію Облівіум 
loc_objective_hm_cartel_find_datacenter_header,Увійти до вартової станція облівіум 
loc_objective_hm_cartel_first_interact_deactivate_second_protocol_desc,"Вимкнути комірки безпеки, щоб отримати доступ до процесорної матриці"
loc_objective_hm_cartel_first_interact_deactivate_second_protocol_header,Вимкнути комірки безпеки
loc_objective_hm_cartel_follow_servoskull_desc,"Використати ауспекс для сканування цілей, визначених сервочерепом"
loc_objective_hm_cartel_follow_servoskull_header,Слідувати за сервочерепом
loc_objective_hm_cartel_interact_deactivate_first_protocol_desc,"Отримати доступ до комірок безпеки, встановивши шифро-ідентифікатор"
loc_objective_hm_cartel_interact_deactivate_first_protocol_header,Вставити шифро-ідентифікатор
loc_objective_hm_cartel_locate_scanner_desc,"Використати сервочереп, щоб знайти шифро-ідентифікатор"
loc_objective_hm_cartel_locate_scanner_header,Використати серво-череп
loc_objective_hm_cartel_plant_misinformation_data_desc,"Використати зчитувач даних, щоб завантажити фальшиві дані до процесорної матриці"
loc_objective_hm_cartel_plant_misinformation_data_header,Завантажити фальшиві дані до процесорної матриці
loc_objective_hm_cartel_scan_bodies_desc,"Сканувати тіла картелю в районі, щоб знайти шифро-ідентифікатор"
loc_objective_hm_cartel_scan_bodies_header,Знайти шифро-ідентифікатор
loc_objective_hm_cartel_second_interact_deactivate_second_protocol_desc,"Вимкнути комірки безпеки, щоб отримати доступ до процесорної матриці"
loc_objective_hm_cartel_second_interact_deactivate_second_protocol_header,Зчитати дані з башт безпеки
loc_objective_hm_cartel_wait_elevator_desc,Пержити засідку
loc_objective_hm_cartel_wait_elevator_header,Дочекатись ліфта
loc_objective_hm_complex_activate_transmission_desc,"Використати термінал, щоб надіслати повідомлення"
loc_objective_hm_complex_activate_transmission_header,Надіслати звіт
loc_objective_hm_complex_cross_desc,"Пройти через міст Архівуму, щоб отримати доступ до вулиці старого святилища"
loc_objective_hm_complex_cross_header,Перетнути міст Архівуму 
loc_objective_hm_complex_elevator_event_survive_desc,"Будівля заблокована, використати зчитувач даних, щоб відновити живлення систем ліфтів"
loc_objective_hm_complex_elevator_event_survive_header,Відновити живлення
loc_objective_hm_complex_elevator_office_desc,Пройти через сховище та знайти точку доступу до  зв’язковий центр на даху
loc_objective_hm_complex_elevator_office_header,Отримати доступ до зв’язкового центру
loc_objective_hm_complex_elevator_up_desc,Викликати ліфт
loc_objective_hm_complex_elevator_up_header,Викликати ліфт
loc_objective_hm_complex_enter_desc,Подальший шлях заблоковано. Знайти інший вхід до будівлі архіва
loc_objective_hm_complex_enter_header,Отримати доступ до архіву
loc_objective_hm_complex_escape_desc,"Валькірія прибула, щоб вас забрати — дійти до неї, доки вас не оточили"
loc_objective_hm_complex_escape_header,Дістатись до Шторм Раптора
loc_objective_hm_complex_final_event_running_desc,"Переналаштувати передавач, щоб мати змогу надіслати повідомлення"
loc_objective_hm_complex_final_event_running_header,Переналаштувати передавач
loc_objective_hm_complex_locate_desc,Антена передавача зв’язкового центру розташована на даху будівлі архіву Сікоракс. Знайти та переналаштувати антену
loc_objective_hm_complex_locate_header,Знайти будівлю Архіву Сікоракс
loc_objective_hm_strain_call_elevator_desc,"Викликати ліфт, щоб отримати доступ до переробників"
loc_objective_hm_strain_call_elevator_header,Викликати ліфт
loc_objective_hm_strain_demo_one_desc,Знайти і знищити демонічні нарости
loc_objective_hm_strain_demo_one_header,Очистити демонічне зараження
loc_objective_hm_strain_demo_two_desc,Знайти і знищити демонічні нарости
loc_objective_hm_strain_demo_two_header,Знищити нечисть!
loc_objective_hm_strain_extract_desc,Втекти з району за допомогою ліфта
loc_objective_hm_strain_extract_header,Дістатись до точки евакуації
loc_objective_hm_strain_leave_start_desc,Просунутись до регулятору потоку у центрі контролю HL-32-2-741
loc_objective_hm_strain_leave_start_header,Дійти до регулятору потоку HL-32-2-741 
loc_objective_hm_strain_override_pressure_desc,"Знищити патоген, підвищивши тиск у діючих інкубаторах"
loc_objective_hm_strain_override_pressure_header,Знищити інкубатори
loc_objective_hm_strain_reach_fuel_depot_desc,"Пройти через HL-32-2-716, щоб дістатись до паливного депо"
loc_objective_hm_strain_reach_fuel_depot_header,Просунутись до паливного депо
loc_objective_hm_strain_start_machine_desc,"Використати насоси, щоб перенаправити потік до паливного депо"
loc_objective_hm_strain_start_machine_header,Запустити насоси
loc_objective_hm_strain_survive_desc,Дочекатись перезапуску системи
loc_objective_hm_strain_survive_header,Вижити!
loc_objective_hm_strain_wait_elevator_desc,"Дочекатись, поки ліфт досягне паливного депо"
loc_objective_hm_strain_wait_elevator_header,"Залишатись напоготові, доки не прибуде ліфт"
loc_objective_hub_command_central_desc,Зустрітися з Морроу та Золою в Стратегіумі
loc_objective_hub_command_central_header,Доповісти у Стратегіум
loc_objective_hub_contracts,Отримати доступ до Реквозіторіума Сіра Мелка
loc_objective_hub_cosmetics_shop,Отримати доступ до Інтенданта
loc_objective_hub_crafting,Отримати доступ до Святилища Омнісії
loc_objective_hub_mission_board_desc,Обов'язок чекає
loc_objective_hub_mission_board_header,Отримати доступ до терміналу місій
loc_objective_hub_weapon_shop,Отримати доступ до обміну арсеналу
loc_objective_km_enforcer_activate_mechanism_desc,"Скористатися панеллю керування підіймача, щоб отримати доступ до вулиці їдких парів"
loc_objective_km_enforcer_activate_mechanism_header,Активувати панель керування підіймача
loc_objective_km_enforcer_elevator_desc,"Підійти ліфтом до Магістрат Облієт TM8-707, щоб дістатися до цілі"
loc_objective_km_enforcer_elevator_header,Піднятися до Магістрату Облієт
loc_objective_km_enforcer_eliminate_target_desc,Знищити ціль Санкції Редактус  
loc_objective_km_enforcer_eliminate_target_header,Винести суд Імператора!
loc_objective_km_enforcer_enter_acid_street_desc,Просунутись крізь зруйновані хаби до вулиці їдких парів  
loc_objective_km_enforcer_enter_acid_street_header,Рухатись по вулиці їдких парів  
loc_objective_km_enforcer_find_enforcer_desc,"Просунутись крізь вулиця їдких парів, до станції Правоохоронців"
loc_objective_km_enforcer_find_enforcer_header,Рухатись до станції Правоохоронців
loc_objective_km_enforcer_leave_flooded_slum_desc,"Знайти шлях через технічний відсік, щоб отримати доступ до вулиці їдких парів  "
loc_objective_km_enforcer_leave_flooded_slum_header,Дістатись до вулиці їдких парів  
loc_objective_km_enforcer_leave_start_desc,Знайти вихід із каналізації та прямувати до технічного відсіку
loc_objective_km_enforcer_leave_start_header,Просунутись через технічний відсік
loc_objective_km_enforcer_navigate_station_desc,Ціль перебуває в Магістрат Облієт. Знайти вхід і ліквідувати ціль
loc_objective_km_enforcer_navigate_station_header,Знайти Магістрат Облієт TM8-707
loc_objective_km_enforcer_power_mechanism_desc,"Використати важіль, щоб активувати живлення панелі керування підіймача"
loc_objective_km_enforcer_power_mechanism_header,Увімкнути живлення панелі керування підіймача
loc_objective_km_enforcer_twins_elevator_desc,"Знайти та скористатись ліфтом, що спускається вниз"
loc_objective_km_enforcer_twins_elevator_header,Увійти до лігва Близнюків
loc_objective_km_enforcer_twins_eliminate_twins_desc,Убити Рінду та Родіна
loc_objective_km_enforcer_twins_eliminate_twins_header,Знищити близнюків Карнак
loc_objective_km_enforcer_wait_for_mechanism_desc,"Вижити, очікуючи на підіймача"
loc_objective_km_enforcer_wait_for_mechanism_header,Дочекатись підіймача
loc_objective_km_heresy_disrupt_ritual_desc,Знищити тіло родіна Карнака для зупинення ритуалу
loc_objective_km_heresy_disrupt_ritual_header,Знищити баки зі стімом!  
loc_objective_km_heresy_kill_monster_desc,Перемогти породження Хаосу.  
loc_objective_km_heresy_kill_monster_header,Знищити потвору  
loc_objective_km_heresy_kill_summoners_desc,"Убий усіх заклиначів, щоб знизити щити"
loc_objective_km_heresy_kill_summoners_header,Зірвати ритуал  
loc_objective_km_heresy_survive_mid_desc,Пережити штурм зрадників.  
loc_objective_km_heresy_survive_mid_header,Це засідка!  
loc_objective_km_station_decoder_desc,"Перенаправити потяг цілі Санкції Редактус, під'єднавшись до авто-диспетчеру"
loc_objective_km_station_decoder_header,Під'єднатися до авто-диспетчеру
loc_objective_km_station_elevator_desc,"Дістатись платформи, щоб знайти ціль Санкції Редактус  "
loc_objective_km_station_elevator_header,"Скористатися ліфтом, щоб дістатися платформи"
loc_objective_km_station_eliminate_target_desc,Знищити ціль Санкції Редактус  
loc_objective_km_station_eliminate_target_header,Винести суд Імператора!
loc_objective_km_station_find_target_desc,Перехопити ціль Санкції Редактус на станції Безодні
loc_objective_km_station_find_target_header,Дійти до станції Безодні
loc_objective_km_station_find_voxarray_desc,Отримати доступ до авто-диспетчеру з точки під’єднання на ринку
loc_objective_km_station_find_voxarray_header,Знайти точку під’єднання на ринку
loc_objective_km_station_leave_start_desc,Перетнути кордон карантинної зони Дрейко
loc_objective_km_station_leave_start_header,Увійти до карантинної зони Дрейко
loc_objective_km_station_reach_platform_desc,Дістатись призначеної платформи та завершити місію
loc_objective_km_station_reach_platform_header,Убити ціль Санкції Редактус  
loc_objective_km_station_vox_exit_desc,"Використати збирача даних, щоб перенаправити потяг до станції Безодні"
loc_objective_km_station_vox_exit_header,Перенаправити ціль до станції Безодні
loc_objective_lm_cooling_carry_luggable_desc,Взяти кріо-стрижні до системи охолодження
loc_objective_lm_cooling_carry_luggable_header,Розмістити кріо-стрижні
loc_objective_lm_cooling_clear_desc,Очистити територію від ворогів перед виходом із силової матриці
loc_objective_lm_cooling_clear_header,Очистити територію силової матриці
loc_objective_lm_cooling_decrypt_desc,"Використати зчитувач даних, щоб завантажити кріосистему на шпиль матриці"
loc_objective_lm_cooling_decrypt_header,Завантажити кріо-стрижні
loc_objective_lm_cooling_descend_desc,"Використати диспетчер шпиля матриці, щоб дістатись системи охолодження"
loc_objective_lm_cooling_descend_header,Активувати шпиль матриці
loc_objective_lm_cooling_escape_desc,"Повернутись через службовий вихід, щоб дістатись зони висадки Валькірії"
loc_objective_lm_cooling_escape_header,Дістатись до точки евакуації
loc_objective_lm_cooling_leave_start_desc,Просунутись крізь вентиляційні тунелі до металфаб 36
loc_objective_lm_cooling_leave_start_header,Отримати доступ до вентиляційних тунелів
loc_objective_lm_cooling_locate_desc,Просунутись через металфаб до кімнати управління системою охолодження
loc_objective_lm_cooling_locate_header,Знайти управління системою охолодження
loc_objective_lm_cooling_machine_desc,Активувати аварійну систему охолодження
loc_objective_lm_cooling_machine_header,Перезапустити систему охолодження
loc_objective_lm_cooling_reactor_desc,Активувати диспетчер шпиля матриці
loc_objective_lm_cooling_reactor_header,Відправити кріо-стрижні
loc_objective_lm_cooling_send_elevator_desc,Запустити систему диспетчера шпиля матриці
loc_objective_lm_cooling_send_elevator_header,Ініціювати систему відправлення
loc_objective_lm_cooling_unlock_desc,"Використати систему доставки, щоб отримати доступ до кріо-стрижнів"
loc_objective_lm_cooling_unlock_header,Відкрити кріо-стрижні
loc_objective_lm_cooling_wait_desc,"Тримати позиції, поки промивка охолоджувача не завершить свій цикл"
loc_objective_lm_cooling_wait_header,Дочекатись стабілізації системи охолодження
loc_objective_lm_rails_carry_luggable_desc,Перенести склад боєприпасів до вантажного контейнера
loc_objective_lm_rails_carry_luggable_header,Перемістити вантаж
loc_objective_lm_rails_collect_cargo_desc,Перенести склад боєприпасів до вантажного контейнера
loc_objective_lm_rails_collect_cargo_header,Розграбувати поставку боєприпасів
loc_objective_lm_rails_deactivate_skyfire_desc,Вивести з ладу ППО у вантажній зоні
loc_objective_lm_rails_deactivate_skyfire_header,Розчистити шлях для Шторм Раптору
loc_objective_lm_rails_descend_elevator_shaft_desc,Спуститися до точки доступу технічного обслуговування
loc_objective_lm_rails_descend_elevator_shaft_header,Знайти технічний відсік
loc_objective_lm_rails_escape_valkyrie_desc,Евакуюватися на Шторм Рапторі
loc_objective_lm_rails_escape_valkyrie_header,Дістатись до точки евакуації
loc_objective_lm_rails_find_control_cogitator_desc,"Знайти кімнату керування логістратум, щоб отримати доступ до зони висадки"
loc_objective_lm_rails_find_control_cogitator_header,Дійти до кімнати керування
loc_objective_lm_rails_find_rail_tunnels_desc,Знайти технічний вхід поблизу станція Безодні
loc_objective_lm_rails_find_rail_tunnels_header,Дійти до станції Безодні
loc_objective_lm_rails_hack_door_desc,"Використати збирач даних, щоб відкрити двері технічного відсіку"
loc_objective_lm_rails_hack_door_header,Отримати доступ до технічного відсіку
loc_objective_lm_rails_open_mid_airlock_desc,"Використати збирач даних, щоб відкрити технічний шлюз"
loc_objective_lm_rails_open_mid_airlock_header,Відкрити шлюз технічнго відсіку
loc_objective_lm_rails_reach_logistratum_desc,Знайти шлях всередину логістратуму
loc_objective_lm_rails_reach_logistratum_header,Отримати доступ до логістратуму
loc_objective_lm_rails_through_abandoned_railway_desc,"Рухатись вздовж колії постачання, щоб знайти логістратум"
loc_objective_lm_rails_through_abandoned_railway_header,Дістатись логістратуму
loc_objective_lm_rails_through_railways_desc,Пройти через секцію підземних колій до логістратум
loc_objective_lm_rails_through_railways_header,Просунутись через підземні колії
loc_objective_lm_scavenge_decrypt_desc,"Використати збирачі даних, щоб отримати шифро-ідентифікатор від колонії сервіторів"
loc_objective_lm_scavenge_decrypt_header,Отримати шифро-ідентифікатор
loc_objective_lm_scavenge_deposit_assets_desc,"Запустити пневматичну систему, потім доставити до неї ресурси"
loc_objective_lm_scavenge_deposit_assets_header,Отримати зразки зараження
loc_objective_lm_scavenge_escape_desc,Просунутись до ліфту та втекти
loc_objective_lm_scavenge_escape_header,Дістатись до точки евакуації
loc_objective_lm_scavenge_find_location_desc,"Знайти колонію сервіторів, щоб отримати шифро-ідентифікатор"
loc_objective_lm_scavenge_find_location_header,Знайти колонію сервіторів
loc_objective_lm_scavenge_interact_vaults_panel_desc,"Використати шифро-ідентифікатор, щоб відкрити сховища"
loc_objective_lm_scavenge_interact_vaults_panel_header,Використати шифро-ідентифікатор
loc_objective_lm_scavenge_leave_start_desc,Просунутись через Cтратус HL-32-2-732 
loc_objective_lm_scavenge_leave_start_header,Знайти колонію сервіторів
loc_objective_lm_scavenge_lower_platform_desc,"Переналаштувати вантажний ліфт, щоб отримати доступ до колонії сервіторів"
loc_objective_lm_scavenge_lower_platform_header,Переналаштувати вантажний ліфт
loc_objective_lm_scavenge_proceed_hangars_desc,Пройти через ангари до Cховища
loc_objective_lm_scavenge_proceed_hangars_header,Рухатись до ангару Дельта-175
loc_objective_lm_scavenge_reach_vault_desc,Увійти до Cховища та знайти зразки зараження
loc_objective_lm_scavenge_reach_vault_header,Отримати доступ до Cховища HL-32-2-791
loc_objective_lm_scavenge_send_assets_desc,Доставити зразки зараження через пневматичну конвеєрну систему
loc_objective_lm_scavenge_send_assets_header,Вивезти зразки зараження
loc_objective_om_hub_01_goto_cathedral_desc,Прийти в Орден Діктатіс для аудієнції з інквізитором
loc_objective_om_hub_01_goto_cathedral_header,Прийти в Орден Діктатіс
loc_objective_om_hub_01_goto_command_central_desc,Пройти до стратегіуму та поговорити зі Слідчою Золою та сержантом морроу
loc_objective_om_hub_01_goto_command_central_header,Доповісти у стратегіум
loc_objective_om_hub_01_goto_training_grounds_desc,З'явитись на базову підготовку
loc_objective_om_hub_01_goto_training_grounds_header,Прийти в Псайкаріум
loc_objective_op_extract_desc,Сісти у Валькірію
loc_objective_op_extract_header,Евакуація
loc_objective_op_no_mans_clear_bastion_desc,Зачистити бастіон від усіх ворогів.
loc_objective_op_no_mans_clear_bastion_header,Зачистити ворогів
loc_objective_op_no_mans_collect_coordinates_desc,Зібрати координати інших локацій культистів.
loc_objective_op_no_mans_collect_coordinates_header,Зібрати координати
loc_objective_op_no_mans_dead_zone_breaching_charge_desc,Підірвати стіну.
loc_objective_op_no_mans_dead_zone_breaching_charge_header,Підірвати стіну
loc_objective_op_no_mans_dead_zone_desc,Дістатися Бастіону.
loc_objective_op_no_mans_dead_zone_header,Дістатись Бастіону
loc_objective_op_no_mans_light_flare_desc,"Запалити сигнальний вогонь, щоб викликати підкріплення."
loc_objective_op_no_mans_light_flare_header,Запалити сигнальний огонь
loc_objective_op_no_mans_locate_basement_desc,Знайти підвал.
loc_objective_op_no_mans_locate_basement_header,Знайти підвал.
loc_objective_op_no_mans_reach_valkyrie_desc,Дістатись до Валькірії для евакуації.
loc_objective_op_no_mans_reach_valkyrie_header,Дістатись до Валькірії
loc_objective_op_no_mans_ruined_archway_bridge_desc,Опустити міст для «Леман Русса».
loc_objective_op_no_mans_ruined_archway_bridge_header,Опустити міст
loc_objective_op_no_mans_ruined_archway_desc,Пробратись крізь руїни.
loc_objective_op_no_mans_ruined_archway_header,Пробратися крізь руїни
loc_objective_op_stop_train_desc,"Знищити когітатори, щоб зупинити поїзд"
loc_objective_op_stop_train_header,"Знищити когітатори, щоб зупинити поїзд"
loc_objective_op_train_activate_mechanism_desc,Увімкнути механізм завантаження
loc_objective_op_train_activate_mechanism_header,Увімкнути механізм завантаження
loc_objective_op_train_alert_desc,Зіткнення неминуче
loc_objective_op_train_alert_header,Сповіщення
loc_objective_op_train_defuse_final_desc,Знешкодити бомби
loc_objective_op_train_defuse_final_header,Знешкодити бомби
loc_objective_op_train_defuse_one_desc,Знешкодити бомби
loc_objective_op_train_defuse_one_header,Знешкодити бомби
loc_objective_op_train_defuse_two_desc,Знешкодити бомби
loc_objective_op_train_defuse_two_header,Знешкодити бомби
loc_objective_op_train_kill_captain_desc,"Усунути чемпіона культу, що став на шляху."
loc_objective_op_train_kill_captain_header,Усунути чемпіона культу
loc_objective_op_train_luggable_one_desc,Увімкнути механізм завантаження
loc_objective_op_train_luggable_one_header,Увімкнути механізм завантаження
loc_objective_op_train_timer_desc,"Зупинити поїзд, поки не стало надто пізно!"
loc_objective_op_train_timer_header,"Зупинити поїзд, поки не стало надто пізно!"
loc_objective_prologue_goto_bay_header,Прямувати до вантажної зони
loc_objective_prologue_goto_hangar_desc,Зустрітись із штурмовою групою золи
loc_objective_prologue_goto_hangar_header,Йти до ангару
loc_objective_prologue_guardhouse_interact_desc,Знайти керування дверима
loc_objective_prologue_guardhouse_interact_header,Втекти з в’язничного відсіку
loc_objective_prologue_hangar_reach_desc,Пробитись до ангару
loc_objective_prologue_hangar_reach_header,Дістатись до Шторм Раптора
loc_objective_prologue_hangar_survive_desc,"Оборонятись, доки не відремонтується Шторм Раптор"
loc_objective_prologue_hangar_survive_header,Знищити єретиків!
loc_objective_prologue_melee_desc,Не залишати нікого в живих
loc_objective_prologue_melee_header,"Бийся, щоб вижити!"
loc_objective_prologue_start_desc,Корабель під атакою — знайти спосіб утекти
loc_objective_prologue_start_header,Втекти з в’язничного сектору 
loc_objective_survive_desc,Утримувати позицію та обороняти територію
loc_objective_survive_header,Тримати позицію
loc_objective_tg_basic_combat_end_header,Покинути псайканіум
loc_objective_zone_capture_desc,"Захопити зону, щоб завершити подію"
loc_objective_zone_capture_header,"Захопити зону, щоб завершити подію"
loc_objective_zone_scanning_desc,Сканувати об’єкти навколо за допомогою ауспекса
loc_objective_zone_scanning_header,Сканувати навколишню територію
loc_objective_zone_scanning_pathogen_desc,Сканувати об’єкти навколо на наявність джерел патогену за допомогою ауспекса
loc_objective_zone_scanning_pathogen_header,Сканувати кілька джерел патогену
loc_objective_zone_scanning_residue_desc,Сканувати об’єкти навколо на залишки чуми за допомогою ауспекса
loc_objective_zone_scanning_residue_header,Сканувати залишки чуми
loc_objective_zone_scanning_return_to_servoskull_desc,Усі цілі відскановано. Повернутись до сервочерепа та передати результати
loc_objective_zone_scanning_return_to_servoskull_header,Повернутись до сервочерепа
loc_ogryn_a__lore_hive_cities_one_b_01,"Коли ти досяг повноліття, тебе почали мучити дивні напади, під час яких ти говорив незнаними мовами. Незабаром усі, хто тебе знав, відвернулись."
loc_ogryn_career_01_lvl_01_full_set_02,Спорядження робітяги (XXXXL)
loc_ogryn_career_01_lvl_01_full_set_03,Спорядження кочегара (XXXXL)
loc_ogryn_career_01_lvl_01_full_set_04,Спорядження носія набоїв (XXXXL)
loc_ogryn_career_01_lvl_01_full_set_05,Спорядження канавника (XXXXL)
loc_ogryn_career_01_lvl_02_full_set_02,Спорядження землекопа (XXXXL)
loc_ogryn_career_01_lvl_02_full_set_03,Спорядження каторжника (XXXXL)
loc_ogryn_career_01_lvl_02_full_set_04,Спорядження важковаговика (XXXXL)
loc_ogryn_career_01_lvl_02_full_set_05,Спорядження кулаколаза (XXXXL)
loc_ogryn_career_01_lvl_03_full_set_02,Спорядження тягловика (XXXXL)
loc_ogryn_career_01_lvl_03_full_set_03,Спорядження латриника (XXXXL)
loc_ogryn_career_01_lvl_03_full_set_04,Спорядження сапера (XXXXL)
loc_ogryn_career_01_lvl_03_full_set_05,Спорядження пастуха ґроксів (XXXXL)
loc_ogryn_career_01_lvl_04_full_set_02,Вбрання головоріза
loc_ogryn_career_01_lvl_04_full_set_04,Вбрання колінолама (XXXXL)
loc_ogryn_career_01_lvl_05_full_set_02,Найлютіша броня здоровила (XXXXL)
loc_ogryn_career_01_lvl_05_full_set_03,Блискуча броня здоровила (XXXXL)
loc_ogryn_career_02_lvl_01_full_set_02,Спорядження гармашного візника (XXXXL)
loc_ogryn_career_02_lvl_01_full_set_03,Спорядження проламувача (XXXXL)
loc_ogryn_career_02_lvl_02_full_set_02,Найкраще спорядження гармашного візника (XXXXL)
loc_ogryn_career_02_lvl_02_full_set_04,Найкраще спорядження тягаря зброї (XXXXL)
loc_onboarding_hub_training_grounds,Прийти в Псайкаріум
loc_onboarding_popup_contracts,"Реквізіторіум розблоковано. Потрібно поговорити з Сіром Мелком, щоб отримати контракти та пов’язані з ними винагороди."
loc_onboarding_popup_cosmetics_shop,Надано доступ до Інтенданта. Тут можна придбати нове спорядження.
loc_onboarding_popup_crafting,Ти розблокував святилище Омнісії і тепер можеш звертатись до Гадрони Омега-7-7 по благословення озброєння.
loc_onboarding_popup_device_slot_01,Ти отримав доступ до нового слоту для реліквії.\nнатиснути {input_key:%s} і щоб спорядити реліквії в інвентарі.
loc_onboarding_popup_difficulty_unlocked_auric,Надано доступ до задань рівня Загрози «Хаос».
loc_onboarding_popup_difficulty_unlocked_damnation,Доступ до завдань рівня загрози «Прокляття» надано.  
loc_onboarding_popup_difficulty_unlocked_heresy,Надано доступ до завдань рівня Загрози «Єресь».
loc_onboarding_popup_inventory,"Натиснути {input_key:%s}, щоб відкрити інвентар."
loc_onboarding_popup_live_events_unlocked,"Події розблоковано! Завітай до терсінала місій, щоб їх знайти."
loc_onboarding_popup_maelstrom_unlocked,"Доступні місії Вихору! Відвідай термінал місій, щоб оглянути їх."
loc_onboarding_popup_mission_board_01,Отримано доступ до термінала місій
loc_onboarding_popup_mission_board_02,Твій рівень довіри зростає.\nдоступно більше місій у терміналі місій.
loc_onboarding_popup_talent_points_reminder,Є незадіяні очки талантів.\nнатиснути {input_key:%s} щоб перейти до розділу таланти.
loc_onboarding_popup_talents,Встановити новий талант.\nнатиснути {input_key:%s} щоб обрати таланти в меню оперативника.
loc_onboarding_popup_weapon_shop,Розблоковано обмін арсеналу.
loc_open_door,Відкрити двері
loc_options_view_display_name,Опції
loc_paper_pickup,Координати
loc_party_invite_has_expired,Запрошення до ударної групи прострочене
loc_party_invite_party_full,Неможливо надіслати запрошення — твоя ударна група заповнена
loc_party_invite_they_have_crossplay_disabled,Не вдалося запросити оперативника до ударної групи. Один із учасників має вимкнений кросплей.
loc_party_invite_unknown_error,"Запрошення до ударної групи не вдалося, спробуй пізніше."
loc_party_invite_you_have_crossplay_disabled,Не вдалося запросити оперативника до ударної групи. У тебе вимкнений кросплей.
loc_party_invite_your_party_is_blocked,"Гравець, якого ти намагаєшся запросити, блокує одного з членів твоєї ударної групи."
loc_party_invite_your_party_is_blocking,"Гравець, якого ти намагаєшся запросити, заблокований одним із членів твоєї ударної групи."
loc_party_join_communication_blocked,Не вдалося надіслати запит на приєднання через обмеження зв’язку.
loc_party_join_not_compatible_with_you_error,"Ударна група, до якої ти намагаєшся приєднатися, використовує іншу версію гри. Перезапусти гру, щоб завантажити останню версію."
loc_party_join_party_full,"Ударна група, до якої ти намагаєшся приєднатись, заповнена."
loc_party_join_private_session_not_friend,"Місія, до якої ти намагаєшся приєднатись, має приватний доступ."
loc_party_join_they_have_crossplay_disabled,Не вдалося приєднатись до ударної групи. Один із учасників має вимкнений кросплей.
loc_party_join_unknown_error,"Спроба приєднання до ударної групи не вдалася, спробуй пізніше."
loc_party_join_you_are_blocked,Один із членів ударної групи заблокував тебе.
loc_party_join_you_are_in_cinematic,Не вдалося приєднатись до ударної групи — ти зараз переглядаєш заставку.
loc_party_join_you_are_in_loading,Не вдалося приєднатись до ударної групи — триває завантаження.
loc_party_join_you_are_in_matchmaking,Не вдалося приєднатись до ударної групи — ти перебуваєш у підборі гравців.
loc_party_join_you_are_in_mission,Не вдалося приєднатись до ударної групи — ти вже виконуєш місію.
loc_party_join_you_are_in_onboarding,Не вдалося приєднатись до ударної групи — ти проходиш вступне навчання.
loc_party_join_you_are_rate_limited,"Ти надіслав забагато запитів на приєднання за короткий час, зачекай трохи перед новою спробою."
loc_party_join_you_have_crossplay_disabled,"Не вдалося приєднатись до ударної групи. У тебе вимкнений кросплей, а в одного з гравців у групі він увімкнений."
loc_party_kick_instructions_header,Голосування за вигнання: {player_name}
loc_party_kick_instructions_new,{yes_input:%s} так   {no_input:%s} ні
loc_party_kick_instructions_vote_not_passed,Голосування не пройшло.
loc_party_kick_instructions_yes_vote,"Ти проголосував {#color({yes_color_r:%d},{yes_color_g:%d},{yes_color_b:%d})}так{#reset()}. Очікування інших гравців."
loc_party_kick_vote_description,Бажаєш вигнати {player_name} з команди?
loc_party_kick_vote_header,Голосування за вигнання
loc_party_kick_vote_vote_to_keep,Ні
loc_party_kick_vote_vote_to_kick,Так
loc_party_notification_accept_mission_voting_decline,"{#color(239,193,82)}{member_character_name}{#reset()} відмовився від місії."
loc_party_notification_canceled_invite,Запрошення до ударної групи відкликано.
loc_party_notification_canceled_invite_party_full,Запрошення до ударної групи скасовано (група вже заповнена).
loc_party_notification_invite_accepted,"{#color(239,193,82)}{invitee_character_name}{#reset()} прийняв твоє запрошення."
loc_party_notification_invite_accepted_no_character,Твій запит на запрошення прийнято.
loc_party_notification_invite_canceled,"Запрошення, надіслане {invitee_character_name}, було скасовано."
loc_party_notification_invite_declined,"{#color(239,193,82)}{invitee_character_name}{#reset()} відхилив твоє запрошення."
loc_party_notification_invite_expired,"Запрошення, надіслане {invitee_character_name}, прострочене."
loc_party_notification_member_disconnected,"{#color(239,193,82)}{member_character_name}{#reset()} відключився від твоєї ударної групи."
loc_party_notification_member_joined,"{#color(239,193,82)}{member_character_name}{#reset()} приєднався до твоєї ударної групи."
loc_party_notification_member_kicked,"{#color(239,193,82)}{member_character_name}{#reset} був вигнаний із твоєї ударної групи."
loc_party_notification_member_left,"{#color(239,193,82)}{member_character_name}{#reset()} покинув твою штурмову групу."
loc_party_request_to_join_accept_button,Прийняти
loc_party_request_to_join_decline_button,Відхилити
loc_party_request_to_join_description,"{#color(239,193,82)}{player_name}{#reset()} просить приєднатися до твоєї ударної групи"
loc_party_request_to_join_header,Запит на приєднання до твоєї ударної групи
loc_party_request_to_join_member_declined_error,Твій запит на приєднання до ударної групи було відхилено.
loc_penance_menu_additional_objectives_info,+{num_extra_objectives:%s} додаткових завдань
loc_penance_menu_carousel_title,Рекомендовані покути
loc_penance_menu_claim_button,Отримати нагороду
loc_penance_menu_completed_title,Завершено
loc_penance_menu_input_desc_focus_penances,Обрати покути
loc_penance_menu_input_desc_focus_track,Вибір напряму винагороди
loc_penance_menu_input_desc_show_grid,Показати режим сітки
loc_penance_menu_input_desc_show_list,Показати списком
loc_penance_menu_panel_option_browser,Покути
loc_penance_menu_panel_option_higHLights,Основне
loc_penance_menu_panel_option_highlights,Основне
loc_personality_effect_description,"Особистість твого оперативника впливає на те, як твій персонаж реагує на інших і на події."
loc_personality_name_female_adamant_1,Авторитарій
loc_personality_name_female_adamant_2,Фаталіст
loc_personality_name_female_adamant_3,Молот
loc_personality_name_female_psyker_1,Самітник
loc_personality_name_female_psyker_2,Провидець
loc_personality_name_female_psyker_3,Учений
loc_personality_name_female_veteran_1,Професіонал
loc_personality_name_female_veteran_2,Нестримний
loc_personality_name_female_veteran_3,Горлоріз
loc_personality_name_female_zealot_1,Агітатор
loc_personality_name_female_zealot_2,Фанатик
loc_personality_name_female_zealot_3,Суддя
loc_personality_name_male_adamant_1,Авторитарій
loc_personality_name_male_adamant_2,Фаталіст
loc_personality_name_male_adamant_3,Дробило
loc_personality_name_male_psyker_1,Самітник
loc_personality_name_male_psyker_2,Провидець
loc_personality_name_male_psyker_3,Учений
loc_personality_name_male_veteran_1,Професіонал
loc_personality_name_male_veteran_2,Нестримний
loc_personality_name_male_veteran_3,Горлоріз
loc_personality_name_male_zealot_1,Агітатор
loc_personality_name_male_zealot_2,Фанатик
loc_personality_name_male_zealot_3,Суддя
loc_personality_name_ogryn_1,Охоронець
loc_personality_name_ogryn_2,Забіяка
loc_personality_name_ogryn_3,Боєць
loc_personality_name_ogryn_4,Здоровило
loc_pickup_breaching_charge,Підривний заряд
loc_pickup_collectible,Череп мученика
loc_pickup_consumable_large_clip_01,Схованка набоїв
loc_pickup_consumable_small_clip_01,Банка з набоями
loc_pickup_consumable_small_grenade_01,Граната
loc_pickup_deployable_ammo_crate_01,Поповнити набої
loc_pickup_deployable_medical_crate_01,Відновити здоров’я
loc_pickup_large_metal,Велика схованка пласталі
loc_pickup_large_platinum,Велика схованка діамантину
loc_pickup_luggable_battery_01,Батарея
loc_pickup_luggable_container_01,Вакуумна капсула
loc_pickup_luggable_control_rod_01,Кріо-стрижень
loc_pickup_luggable_prismata_case_01,Сховище кристалів призмати
loc_pickup_pocketable_01,Мед-стим
loc_pickup_pocketable_ammo_crate_01,Ящик із набоями
loc_pickup_pocketable_give,Передати предмет
loc_pickup_pocketable_give_aim,Прицілитись на союзника
loc_pickup_pocketable_medical_crate_01,Мед-бокс
loc_pickup_side_mission_consumable_01,Реліквія
loc_pickup_side_mission_pocketable_01,Ґримоар
loc_pickup_side_mission_pocketable_02,Писання
loc_pickup_small_metal,Мала схованка пласталі
loc_pickup_small_platinum,Мала схованка діамантину
loc_pickup_syringe_pocketable_02,Стим концентрації
loc_pickup_syringe_pocketable_03,Бойовий стим
loc_pickup_syringe_pocketable_04,Стим прудкості
loc_plague_ogryn_name,Чумний Оґрин
loc_plasma_smugglers_event_name,Контрабандні набої
loc_platform_name_psn,Playstation™network
loc_platform_name_steam,Steam
loc_platform_name_xbox_live,Xbox network
loc_platform_unfriend_reason_for_disabled_steam,Друзями steam можна керувати лише в steam.  
loc_play_debrief_video_input,Грати аналіз місії 
loc_player_buff_coherency_toughness_regen,Відновлення щитів у єдності
loc_player_buff_coherency_toughness_regen,Відновлення щитів у єдності
loc_player_buff_coherency_toughness_regen_desc,За кожного союзника в єдності ти відновлюєш щити.
loc_player_buff_sprint_with_stamina_buff,Спринт
loc_player_buff_sprint_with_stamina_buff_desc,"Спринт підвищує швидкість руху, але виснажує витривалість."
loc_player_journey_battle,Битва за Тертіум
loc_player_journey_campaign,Кампанія
loc_player_report_abuse,Зловживання чатом
loc_player_report_afk,AFK
loc_player_report_bad_username,Неприйнятне ім’я
loc_player_report_cheating,Шахрайство
loc_player_report_griefing,Навмисне псування гри
loc_player_report_reason_text_title,Надати деталі
loc_player_report_reason_title,Оберіть причину скарги
loc_player_report_sent,Скаргу на гравця надіслано
loc_player_report_title,ПОСКАРЖИТИСЯ НА ГРАВЦЯ
loc_player_saints_relic_pickup_amount,+{points:%d} спокути
loc_player_saints_relic_pickup_notification,{player_name:%s} знайшов {amount:%s}.
loc_popup_button_cancel,Скасувати
loc_popup_button_cancel_destroy_weapon,Скасувати
loc_popup_button_cancel_leave_party,Скасувати
loc_popup_button_cancel_settings_reset_default,Скасувати
loc_popup_button_close,Закрити
loc_popup_button_confirm,Підтвердити
loc_popup_button_continue_game,Скасувати
loc_popup_button_destroy_weapon,Знищити
loc_popup_button_leave_continue_game,Скасувати
loc_popup_button_leave_continue_mission,Скасувати
loc_popup_button_leave_game,Змінити оперативника
loc_popup_button_leave_mission,Покинути місію
loc_popup_button_leave_party,Вийти
loc_popup_button_quit_game,Вийти з гри
loc_popup_button_settings_reset_default,Підтвердити
loc_popup_cutscene_strategium_accept_button,Підкоритись
loc_popup_cutscene_waiting_strategium_description,Тебе викликають до стратегіуму.
loc_popup_cutscene_waiting_strategium_header,Повідомлення
loc_popup_desc_signed_in_gamertag,Увійшов як {gamertag:%q}
loc_popup_desc_signed_out_error,"Переконайся, що твій контролер підключений і ти увійшов як \n{gamertag:%q}"
loc_popup_description_afk_kick_warning_dynamic,"Тебе буде відключено через {time:%s} хв бездіяльності. Натисни скасувати, щоб знову стати активним."
loc_popup_description_afk_kicked,Тебе відключено через бездіяльність.
loc_popup_description_backend_error,Помилка бекенду
loc_popup_description_barber_finalise_changes,"Хочеш, щоб крал переробив твого оперативника під цей новий вигляд?"
loc_popup_description_barber_finalise_mindwipe,"Хочеш, щоб крал і сефоні переробили твоє тіло і розум, щоб прийняти цю нову особистість?\n\nвартість: {#color(246,189,69)} {cost:%d}{#reset()} (твій поточний баланс: {#color(246,189,69)} {balance:%d}{#reset()})"
loc_popup_description_create_character,"Ти впевнений, що хочеш завершити створення оперативника з цими параметрами?"
loc_popup_description_destroy_weapon,"Ця дія знищить обрану зброю. Ти впевнений, що хочеш продовжити?"
loc_popup_description_eac_kick,"Твій акаунт було позначено за чітерство і заблоковано.\nбудь ласка, пройди за посиланням, щоб дізнатися більше про нашу політику античіту.\n\nкод помилки: {error:%s}\n"
loc_popup_description_failed_joining_session,"Не вдалося приєднатися до сесії, спробуй ще раз або залишайся у поточній сесії"
loc_popup_description_initialize_wan_error,Не вдалося прив’язатися до мережевої адреси.
loc_popup_description_leave_game,"Ти впевнений, що хочеш залишити гру і повернутися до вибору оперативника?"
loc_popup_description_leave_mission,"Ти впевнений, що хочеш залишити місію?"
loc_popup_description_leave_party,"Ти впевнений, що хочеш покинути свою ударну групу?"
loc_popup_description_leave_psykhanium,"Ти впевнений, що хочеш залишити псайканіум?"
loc_popup_description_load_mission_error,Не вдалося завантажити місію
loc_popup_description_loading_host_sync_error,Не вдалось синхронізуатись з іншими гравцями
loc_popup_description_logged_in_another_location_error,"Ти увійшов із іншого місця, необхідно вийти з гри."
loc_popup_description_path_of_trust_cutscene_waiting,Тебе викликають.
loc_popup_description_quit_game,"Ти впевнений, що хочеш вийти з гри?"
loc_popup_description_reconnect_to_session,"Ти зараз у грі. Будь ласка, перепідключись до неї."
loc_popup_description_service_unavailable_console,Технічне обслуговування триває
loc_popup_description_service_unavailable_win,Технічне обслуговування триває
loc_popup_description_settings_reset_default,Хочете відновити ці налаштування до усталених значень
loc_popup_description_signin_error_console,Помилка входу
loc_popup_description_signin_error_win,Помилка входу
loc_popup_description_skip_journey,"Ти можеш вирішити, чи пропустити, чи пройти кампанію «Битва за Тертіум» з самого початку.
Якщо грати кампанію з початку, доведеться просуватися сюжетом, щоб знову отримати доступ до більшої різноманітності завдань, можливостей Скорботної Зорі і інших режимів гри.
Поточний рівень персонажа та оснащення не буде змінено."
loc_popup_description_skip_prologue,"Ти впевнений, що хочеш пропустити пролог?"
loc_popup_description_slow_internet,Відповідь від серверів Fatshark здається повільною; ігровий процес може бути порушений. Перевір своє мережеве з’єднання.
loc_popup_description_steam_offline_error,Не вдалося підключитися до мережі steam.\nперевір інтернет-з’єднання та запусти свій клієнт steam у режимі онлайн.
loc_popup_description_wrong_game_version_console,"Твоя гра застаріла, перезапусти її."
loc_popup_description_wrong_game_version_win,Твоя гра застаріла і потребує оновлення.
loc_popup_failed_joining_session_retry_button,Повторити
loc_popup_failed_joining_session_stay_button,Залишитися
loc_popup_header_afk_kick_warning,Виявлено бездіяльність
loc_popup_header_barber_finalise_changes,Змінити зовнішність
loc_popup_header_barber_finalise_mindwipe,Видалення особистості
loc_popup_header_controller_disconnect_error,Контролер відключено
loc_popup_header_create_character,Завершити сторення оперативника
loc_popup_header_destroy_weapon,Здати до арсеналу
loc_popup_header_eac_error,Помилка античіту
loc_popup_header_error,Помилка
loc_popup_header_failed_joining_session,Не вдалося приєднатися до сесії
loc_popup_header_initialize_wan_error,Мережева помилка
loc_popup_header_leave_game,Вийти до вибору оперативника
loc_popup_header_leave_mission,Покинути місію
loc_popup_header_leave_party,Покинути ударну групу
loc_popup_header_loading_host_sync_error,Помилка синхронізації
loc_popup_header_logged_in_another_location_error,Увійшов з іншого місця
loc_popup_header_new_dlc_installed,Встановлено нове dlc
loc_popup_header_path_of_trust_cutscene_waiting,Повідомлення
loc_popup_header_quit_game,Вийти з гри
loc_popup_header_reconnect_to_session,Перепідключитися до поточної ігрової сесії
loc_popup_header_service_unavailable_error,++ сервіс недоступний ++
loc_popup_header_settings_reset_default,Відновити налаштування
loc_popup_header_signed_out_error,Ти вийшов з профілю
loc_popup_header_signin_error,Помилка бекенду
loc_popup_header_skip_journey,Пропустити кампанію «Битва за Тертіум»
loc_popup_header_wrong_game_version,Оновити гру
loc_popup_info,Інформація
loc_popup_link_description_eac_error,Політика античіту Fatshark
loc_popup_link_eac_error,Https://support.Fatshark.se/hc/en-us/articles/360021424713--pc-have-you-been-banned-in-Darktide-c
loc_popup_path_of_trust_cutscene_waiting_hangar_description,Тебе викликають до ангару.
loc_popup_path_of_trust_cutscene_waiting_hangar_header,Повідомлення
loc_popup_path_of_trust_cutscene_waiting_rannick_description,Тебе викликали до офіціуму допитів.
loc_popup_path_of_trust_cutscene_waiting_rannick_header,Повідомлення
loc_popup_reconnect_to_session_leave_button,Покинути сесію
loc_popup_reconnect_to_session_reconnect_button,Перепідключитися
loc_popup_settings_require_restart_description,Одна або більше змін вимагають перезапуску гри. Після цього всі зміни набудуть чинності.
loc_popup_settings_require_restart_header,Потрібен перезапуск
loc_popup_skip_journey_no_button,Грати з початку
loc_popup_skip_journey_yes_button,Пропустити кампанію
loc_popup_unavailable_view_button_confirm,Підтвердити
loc_popup_unavailable_view_contract_description,Реквізиторіум недоступний. Спробуйте пізніше.
loc_popup_unavailable_view_contract_header,Недоступно
loc_popup_unavailable_view_crafting_description,Святилище Омнісії недоступне. Спробуйте пізніше.
loc_popup_unavailable_view_crafting_header,Недоступно
loc_popup_unavailable_view_marks_store_description,Реквізиторіум недоступний. Спробуйте пізніше.
loc_popup_unavailable_view_marks_store_header,Недоступно
loc_popup_unavailable_view_premium_store_description,Убрання коммодора недоступні. Спробуйте пізніше.
loc_popup_unavailable_view_premium_store_header,Недоступно
loc_premium_store_bundle_button_subtitle,Придбати всі %s предмети одразу.
loc_premium_store_bundle_button_title,Набір %s
loc_premium_store_bundle_items_owned,Володіє %s із %s предметів
loc_premium_store_category_skins_title_adamant,Арбітр
loc_premium_store_category_skins_title_broker,Покидьок вулику
loc_premium_store_category_skins_title_ogryn,Оґрин
loc_premium_store_category_skins_title_psyker,Псайкер
loc_premium_store_category_skins_title_veteran,Ветеран
loc_premium_store_category_skins_title_zealot,Бузувір
loc_premium_store_category_title_currency,Моебіанські аквіли
loc_premium_store_category_title_featured,Рекомендоване
loc_premium_store_confirm_purchase_description,Бажаєш придбати {item_name:%s} за {item_cost:%d}?
loc_premium_store_confirm_purchase_title,Придбати предмет
loc_premium_store_credits_bonus,{amount:%s} бонус
loc_premium_store_inspect_item,Оглянути
loc_premium_store_item_owned,Уже в тебе є
loc_premium_store_items_in_collection,%s предметів у наборі
loc_premium_store_main_title,Убрання коммодора
loc_premium_store_notification_fail,Не вдалося придбати
loc_premium_store_notification_success_bundle,Отримано набір {item:%s}
loc_premium_store_notification_success_set,Отримано комплект {item:%s}
loc_premium_store_num_items,{count:%d} предметів
loc_premium_store_num_items,{count:%d} предметів
loc_premium_store_owned_note,Уже в тебе є
loc_premium_store_preview_weapon_no_skin_button,Сховати скін зброї
loc_premium_store_preview_weapon_with_skin_button,Переглянути скін зброї
loc_premium_store_purchase_credits,Отримати аквіли
loc_premium_store_purchase_credits_storefront_button,Отримати аквіли
loc_premium_store_purchase_item,Придбати
loc_premium_store_required_credits,Необхідна кількість для придбання {offer:%s}: {value:%s}
loc_premium_store_set_includes_title,Уніформа включає
loc_premium_vendor_view_title,Убрання коммодора
loc_preview_voice,Прослухати голос
loc_previous,Назад
loc_price,Внести
loc_privacy_policy_accept_button_label,Я приймаю політику конфіденційності
loc_privacy_policy_accept_eula_button_label,Я приймаю умови ліцензійної угоди (eula)
loc_privacy_policy_decline_button_console_label,Відхилити
loc_privacy_policy_decline_button_label,Відхилити (вийти з гри)
loc_privacy_policy_eula_url,Https://www.playDarktide.com/eula/
loc_privacy_policy_information_01b,"Щоб продовжити, потрібно прийняти політику конфіденційності Fatshark."
loc_privacy_policy_information_01c,"Щоб продовжити, потрібно прийняти ліцензійну угоду (eula)."
loc_privacy_policy_privacy_url,Https://www.playDarktide.com/game-privacy-policy/
loc_privacy_policy_read_eula,Прочитати eula
loc_privacy_policy_read_privacy_policy,Прочитати політику конфіденційності
loc_privacy_policy_title,Політика конфіденційності
loc_private_tag_description,Покуту можна виконати лише в приватній грі
loc_private_tag_name,Приватна гра
loc_privilege_fetch_fail_desc,Не вдалося отримати привілеї
loc_progression_step_01,Виправдай своє відтермінування страти. Досягни рівня довіри {level:%d}.
loc_progression_step_02,Ти довів свою цінність... Поки що. Досягни рівня довіри {level:%d}.
loc_progression_step_03,Ти починаєш здобувати собі ім’я. Досягни рівня довіри {level:%d}.
loc_progression_step_04,Через службу очистись від підозри. Досягни рівня довіри {level:%d}.
loc_progression_step_05,Працювати в ім’я Імператора — уже нагорода. Досягни рівня довіри {level:%d}.
loc_progression_step_06,Залиши свій слід. Ніхто не зробить цього за тебе. Досягни рівня довіри {level:%d}.
loc_progression_step_07,Ти став надбанням системи. Але навіть надбання — розхідний матеріал. Досягни рівня довіри {level:%d}.
loc_progression_step_08,"Довіра — не мета, а шлях без кінця. Досягни рівня довіри {level:%d}."
loc_progression_step_09,"Досягни рівня довіри {level:%d}, щоб дізнатися більше."
loc_psyker_ability_desc,"Псайкери завжди мають доступ до психічних здібностей у бою. Психічні здібності накопичують {#color(216,237,190)}перегрів{#reset()}. Надмірний {#color(216,237,190)}перегрів{#reset()} — смертельний. Потрібно розсіювати, щоб зменшити {#color(216,237,190)}перегрів{#reset()}."
loc_psyker_ability_objective,Вбити ворогів
loc_psyker_biomancer_grenade_input_description_attack,Використати Псайкерську силу
loc_psyker_biomancer_grenade_input_description_cancel,Скасувати
loc_psyker_biomancer_grenade_input_description_charge_power,Зарядити Псайкерську силу
loc_psyker_biomancer_grenade_input_description_lock_target,Зафіксувати Псайкерську силу на цілі
loc_psyker_career_01_lvl_01_full_set_02,Вбрання з повідком відьми розуму
loc_psyker_career_01_lvl_01_full_set_03,Вбрання з повідком відьми провидіння
loc_psyker_career_01_lvl_01_full_set_04,Вбрання з повідком відьми болі
loc_psyker_career_01_lvl_01_full_set_05,Вбрання з повідком відьми часу
loc_psyker_career_01_lvl_02_full_set_02,Покутне вбрання відьми розуму
loc_psyker_career_01_lvl_02_full_set_03,Покутне вбрання відьми провидіння
loc_psyker_career_01_lvl_02_full_set_04,Покутне вбрання відьми болі
loc_psyker_career_01_lvl_02_full_set_05,Покутне вбрання відьми часу
loc_psyker_career_01_lvl_03_full_set_02,Вбрання служби відьми розуму
loc_psyker_career_01_lvl_03_full_set_03,Вбрання служби відьми провидіння
loc_psyker_career_01_lvl_03_full_set_04,Вбрання служби відьми болі
loc_psyker_career_01_lvl_03_full_set_05,Вбрання служби відьми часу
loc_psyker_career_01_lvl_04_full_set_02,Вбрання обов’язку відьми розуму
loc_psyker_career_01_lvl_04_full_set_04,Вбрання обов’язку відьми болі
loc_psyker_career_01_lvl_05_full_set_02,Псі-провідна броня спокути відьми розуму
loc_psyker_career_01_lvl_05_full_set_03,Вбрання спокути відьми провидіння
loc_psyker_career_02_lvl_01_full_set_02,Вбрання з повідком сліпої відьми
loc_psyker_career_02_lvl_01_full_set_05,Вбрання з повідком відьми далекого кроку
loc_psyker_career_02_lvl_02_full_set_02,Вбрання спокути сліпої відьми
loc_psyker_career_02_lvl_02_full_set_04,Вбрання спокути відьми емпатії
loc_psyker_protectorate_grenade_input_charge_heavy,Зарядити смертельний удар
loc_psyker_protectorate_grenade_input_description_attack,Вивільнити Псайкерську силу
loc_psyker_protectorate_grenade_input_description_charge,Зафіксуватись та оглушити цілі
loc_psyker_shield_input_description_place,Встановити щит
loc_psyker_shield_input_description_rotate,Повернути щит
loc_psyker_thowing_knife_input_description_attack_quick,Запустити уламок
loc_psyker_thowing_knife_input_description_charge,Прицілитись у ворога
loc_psyker_thowing_knife_input_description_charge_attack,Запустити уламок
loc_pull_up,Підтягнути
loc_push_follow_objective,Виконати серію атак
loc_push_follow_up,Штовхнути після атаки
loc_push_follow_up_desc,"Ти можеш виконати унікальну {#color(216,237,190)}наступну атаку {#reset()} після {#color(216,237,190)}штовхання{#reset()}."
loc_push_objective,Штовхати ворогів
loc_pushf,Штовхати (під час блоку)
loc_pushing,Штовхнути
loc_pushing_desc,"{#color(216,237,190)}штовхання{#reset()} може збивати з рівноваги групи ворогів.\n{#color(216,237,190)}штовхання{#reset()} потребує {#color(216,237,190)}витривалості{#reset()}."
loc_query_storage_failed_desc,Не вдалося перевірити сховище
loc_quit_game_display_name,Вийти з гри
loc_randomize,Рандомізувати
loc_ranged_attack_primary,Від стегна
loc_ranged_attack_secondary_ads,Прицілювання
loc_ranged_attack_secondary_braced,В упорі
loc_ranged_basic_gun_desc,"{#color(216,237,190)}постріли в голову{#reset()} підвищують шкоду і збивання з рівноваги пострілами. Деяка зброя сповільнює швидкість руху під час {#color(216,237,190)}прицілювання{#reset()} або {#color(216,237,190)}перезарядки{#reset()}."
loc_ranged_grenade_desc,"{#color(216,237,190)}гранати{#reset()} можна екіпірувати й кидати. Кожен клас має доступ до різних {#color(216,237,190)}гранат{#reset()}."
loc_ranged_suppression,Пригнічення дальнього бою
loc_ranged_suppression_desc,"Коли по ворогах дальнього бою стріляють, вони здригаються, стаючи {#color(216,237,190)}пригніченими{#reset()}. {#color(216,237,190)}пригнічені{#reset()} вороги намагаються сховатися і не відкривають вогонь у відповідь."
loc_ranged_warp_charge,Перегрів
loc_ranged_warp_charge_desc,"Виконання заклять накопичує {#color(216,237,190)}перегрів{#reset()}. Забагато {#color(216,237,190)}перегріву{#reset()} — смертельно. Розсіюй, щоб знизити {#color(216,237,190)}перегрів{#reset()}."
loc_ranged_warp_charge_objective_3,Розсіяти перегрів
loc_ray_tracing,Ray tracing
loc_redacted_generic,++ВИДАЛЕНО++
loc_remove_net,Звільнити товариша по команді
loc_rename_account_cancel_label,Назад
loc_rename_account_description,Обери нове ім’я облікового запису Fatshark. Ти не зможеш змінити його після підтвердження.
loc_rename_account_state_error_label,Це ім’я є неприйнятним або недоступним.
loc_rename_account_state_initial_label,"Введи ім’я, використовуючи лише літери, цифри та дефіси."
loc_rename_account_state_pending_label,Перевірка імені...
loc_rename_account_title,Змінити ім’я облікового запису Fatshark
loc_rename_account_virtual_keyboard_label,Введи бажане ім’я для свого облікового запису Fatshark:
loc_rename_failure_description,Наразі ти не можеш перейменувати свій обліковий запис Fatshark.
loc_rename_failure_title,Неможливо змінити ім’я облікового запису Fatshark
loc_renegade_captain_male_name_001,Капітан Свейн Брок
loc_renegade_captain_male_name_002,Капітан Орвар Дорсворт
loc_renegade_captain_male_name_003,Капітан Пер Блейк
loc_renegade_captain_male_name_004,Капітан Мальте Шеллкоут
loc_renegade_captain_male_name_005,Капітан Даніель Кітінґ
loc_renegade_captain_male_name_006,Капітан Мальте Бернок
loc_renegade_captain_male_name_007,Капітан Клас Скоттор
loc_renegade_captain_male_name_008,Капітан Ейнар Гуґо
loc_renegade_captain_male_name_009,Капітан Андерс Амерсон
loc_renegade_captain_male_name_010,Капітан Фредрік Пускар
loc_renegade_captain_male_name_011,Капітан Нільс Бодларн
loc_renegade_captain_male_name_012,Капітан Свейн Барбор
loc_renegade_captain_male_name_013,Капітан Альбін Кларен
loc_renegade_captain_male_name_014,Капітан Генрік Смітер
loc_renegade_captain_male_name_015,Капітан Рун Ламарк
loc_renegade_captain_male_name_016,Капітан Вальтер Фуселл
loc_renegade_captain_male_name_017,Капітан Ейнар Новар
loc_renegade_captain_male_name_018,Капітан Генрік Міккар
loc_renegade_captain_male_name_019,Капітан Торбйорн Шайґор
loc_renegade_captain_male_name_020,Капітан Свейн Монтов
loc_renegade_captain_male_name_021,Капітан Мац Теккер
loc_renegade_captain_male_name_022,Капітан Б’ярні Дорфан
loc_renegade_captain_male_name_023,Капітан Мальте Дерлін
loc_renegade_captain_male_name_024,Капітан Лейф Вадсок
loc_renegade_captain_male_name_025,Капітан К’яртан Шиллер
loc_renegade_captain_male_name_026,Капітан Бірґер Онседа
loc_renegade_captain_male_name_027,Капітан Інгвар Запард
loc_renegade_captain_male_name_028,Капітан Ларс Арнок
loc_renegade_captain_male_name_029,Капітан Клас Фаскал
loc_renegade_captain_male_name_030,Капітан Сіґурд Муссат
loc_renegade_captain_male_name_031,Капітан Бірґер Генам
loc_renegade_captain_male_name_032,Капітан Фредрік Ганток
loc_renegade_captain_male_name_033,Капітан Сіґурд Туттор
loc_renegade_captain_male_name_034,Капітан Орвар Акор
loc_renegade_captain_male_name_035,Капітан Бірґер Нзоні
loc_renegade_captain_male_name_036,Капітан Торбйорн Братанок
loc_renegade_captain_male_name_037,Капітан Ейнар Віллан
loc_renegade_captain_male_name_038,Капітан Раґнар Ґаутар
loc_renegade_captain_male_name_039,Капітан Сіґурд Діккот
loc_renegade_captain_male_name_040,Капітан Фредрік Бронток
loc_renegade_captain_male_name_041,Капітан Юакім Ґоян
loc_renegade_captain_male_name_042,Капітан Генрік Турнат
loc_renegade_captain_male_name_043,Капітан Альбін Турнок
loc_renegade_captain_male_name_044,Капітан Мальте Джерікан
loc_renegade_captain_male_name_045,Капітан Лейф Доран
loc_renegade_captain_male_name_046,Капітан Арвід Доррок
loc_renegade_captain_male_name_047,Капітан Андерс Рускат
loc_renegade_captain_male_name_048,Капітан Клас Корот
loc_renegade_captain_male_name_049,Капітан Генрік Тадемар
loc_renegade_captain_male_name_050,Капітан Орвар Салдар
loc_renegade_captain_male_name_051,Капітан Бірґер Салок
loc_renegade_captain_male_name_052,Капітан Ларс Салкан
loc_renegade_captain_male_name_053,Капітан Ларс Стаббок
loc_renegade_captain_male_name_054,Капітан Мальте Рунґе
loc_renegade_captain_male_name_055,Капітан Даніель Мартак
loc_renegade_captain_male_name_056,Капітан Ейнар Форонат
loc_renegade_captain_male_name_057,Капітан Юакім Блават
loc_renegade_captain_male_name_058,Капітан Альбін Ґраттар
loc_renegade_captain_male_name_059,Капітан Вальтер Форнок
loc_renegade_captain_male_name_060,Капітан Пер Карусат
loc_renegade_captain_male_name_061,Капітан Лейф Каррок
loc_renegade_captain_male_name_062,Капітан Юакім Брак
loc_renegade_captain_male_name_063,Капітан Мальте Боррогат
loc_renegade_captain_male_name_064,Капітан Арвід Радж
loc_renegade_captain_male_name_065,Капітан Вальтер Фаррідж
loc_renegade_captain_male_name_066,Капітан Ларс Кокерілл
loc_renegade_captain_male_name_067,Капітан Фредрік Подерак
loc_renegade_captain_male_name_068,Капітан Андерс Кандорік
loc_renegade_captain_male_name_069,Капітан Ларс Крадд
loc_renegade_captain_male_name_070,Капітан Альбін Воррок
loc_renegade_captain_male_name_071,Капітан Торбйорн Хормон
loc_renegade_captain_male_name_072,Капітан Даніель Пардек
loc_renegade_captain_male_name_073,Капітан Генрік Поррок
loc_renegade_captain_male_name_074,Капітан Орвар Гарнок
loc_renegade_captain_male_name_075,Капітан К’яртан Драннок
loc_renegade_captain_male_name_076,Капітан Рун Баранар
loc_renegade_captain_male_name_077,Капітан Рун Трад
loc_renegade_captain_male_name_078,Капітан Мальте Фрад
loc_renegade_captain_male_name_079,Капітан Раґнар Фродан
loc_renegade_captain_male_name_080,Капітан Сіґурд Каррівон
loc_renegade_captain_male_name_081,Капітан К’яртан Бокрілл
loc_renegade_captain_male_name_082,Капітан Пер Браван
loc_renegade_captain_male_name_083,Капітан Ульф Токрілл
loc_renegade_captain_male_name_084,Капітан Нільс Таккерілл
loc_renegade_captain_male_name_085,Капітан Мальте Такрок
loc_renegade_captain_male_name_086,Капітан Ульф Браккен
loc_renegade_captain_male_name_087,Капітан Фредрік Броккен
loc_renegade_captain_male_name_088,Капітан Ейнар Фарангар
loc_renegade_captain_male_name_089,Капітан Ейнар Броваст
loc_renegade_captain_male_name_090,Капітан Орвар Бранваст
loc_renegade_captain_male_name_091,Капітан Торбйорн Горваст
loc_renegade_captain_male_name_092,Капітан Ейнар Карваст
loc_renegade_captain_male_name_093,Капітан Ґуннар Фарнваст
loc_renegade_captain_male_name_094,Капітан Бірґер Даст
loc_renegade_captain_male_name_095,Капітан Даніель Ґаст
loc_renegade_captain_male_name_096,Капітан Генрік Ларнаст
loc_renegade_captain_male_name_097,Капітан Ульф Варнаст
loc_renegade_captain_male_name_098,Капітан Андерс Воррон
loc_renegade_captain_male_name_099,Капітан Торбйорн Доррон
loc_renegade_captain_male_name_100,Капітан Даніель Воррок
loc_renegade_captain_male_name_101,Капітан Свейн Норрок
loc_renegade_captain_male_name_102,Капітан Арвід Нарваст
loc_renegade_captain_male_name_103,Капітан Арвід Ґандар
loc_renegade_captain_male_name_104,Капітан Юакім Кандар
loc_renegade_captain_male_name_105,Капітан Фредрік Олеок
loc_renegade_captain_male_name_106,Капітан Альбін Бранґе
loc_renegade_captain_male_name_107,Капітан Рун Кранґе
loc_renegade_captain_male_name_108,Капітан Генрік Вранґ
loc_renegade_captain_male_name_109,Капітан Арвід Парнаст
loc_renegade_captain_male_name_110,Капітан Мац Тарнаст
loc_renegade_captain_male_name_111,Капітан Рун Оноррок
loc_renegade_captain_male_name_112,Капітан Б’ярні Єдріл
loc_renegade_captain_male_name_113,Капітан Сіґурд Ядерілл
loc_renegade_captain_male_name_114,Капітан Рун Хонорілл
loc_renegade_captain_male_name_115,Капітан Торбйорн Брейзен
loc_renegade_captain_male_name_116,Капітан Андерс Браззок
loc_renegade_captain_male_name_117,Капітан Мальте Браст
loc_renegade_captain_male_name_118,Капітан Б’ярні Краст
loc_renegade_captain_male_name_119,Капітан Фредрік Крастілл
loc_renegade_captain_male_name_120,Капітан Ларс Красток
loc_renegade_captain_male_name_121,Капітан Альбін Дарвілл
loc_renegade_captain_male_name_122,Капітан Вальтер Дастіґ
loc_renegade_captain_male_name_123,Капітан Пер Драсток
loc_renegade_captain_male_name_124,Капітан Сіґурд Ґраст
loc_renegade_captain_male_name_125,Капітан Свейн Ґрастілл
loc_renegade_captain_male_name_126,Капітан Даніель Ґрасток
loc_renegade_captain_male_name_127,Капітан Б’ярні Горрік
loc_renegade_captain_male_name_128,Капітан Ульф Горрілл
loc_renegade_captain_male_name_129,Капітан Ульф Хораст
loc_renegade_captain_male_name_130,Капітан Вальтер Хордок
loc_renegade_captain_male_name_131,Капітан К’яртан Ібілок
loc_renegade_captain_male_name_132,Капітан Торбйорн Іблен
loc_renegade_captain_male_name_133,Капітан Альбін Ілдарок
loc_renegade_captain_male_name_134,Капітан Б’ярні Ілдрін
loc_renegade_captain_male_name_135,Капітан Мальте Ілдаррілл
loc_renegade_captain_male_name_136,Капітан Юакім Яста
loc_renegade_captain_male_name_137,Капітан Раґнар Йоста
loc_renegade_captain_male_name_138,Капітан Андерс Яґґа
loc_renegade_captain_male_name_139,Капітан Альбін Яґґанот
loc_renegade_captain_male_name_140,Капітан Андерс Яґґарок
loc_renegade_captain_male_name_141,Капітан Нільс Йоґґрін
loc_renegade_captain_male_name_142,Капітан Генрік Йоґґок
loc_renegade_captain_male_name_143,Капітан Ульф Ланн
loc_renegade_captain_male_name_144,Капітан Ґуннар Ланнок
loc_renegade_captain_male_name_145,Капітан Бірґер Ластак
loc_renegade_captain_male_name_146,Капітан Сіґурд Ластрілл
loc_renegade_captain_male_name_147,Капітан Даніель Лоґґарок
loc_renegade_captain_male_name_148,Капітан Ґуннар Лаґґарот
loc_renegade_captain_male_name_149,Капітан Торбйорн Луґґ
loc_renegade_captain_male_name_150,Капітан Інгвар Лурґа
loc_renegade_captain_male_name_151,Капітан Мац Луґґерілл
loc_renegade_captain_male_name_152,Капітан Раґнар Луґаста
loc_renegade_captain_male_name_153,Капітан Інгвар Луґанда
loc_renegade_captain_male_name_154,Капітан Ґуннар Маґра
loc_renegade_captain_male_name_155,Капітан Клас Маґранок
loc_renegade_captain_male_name_156,Капітан Ульф Маґронот
loc_renegade_captain_male_name_157,Капітан Клас Маґеррілл
loc_renegade_captain_male_name_158,Капітан Мальте Маккерілл
loc_renegade_captain_male_name_159,Капітан Клас Маґґрін
loc_renegade_captain_male_name_160,Капітан Пер Маґранн
loc_renegade_captain_male_name_161,Капітан Бірґер Могрілл
loc_renegade_captain_male_name_162,Капітан Генрік Морґа
loc_renegade_captain_male_name_163,Капітан Раґнар Моранстак
loc_renegade_captain_male_name_164,Капітан Андерс Маранкал
loc_renegade_captain_male_name_165,Капітан Мальте Муґрот
loc_renegade_captain_male_name_166,Капітан Даніель Муґрані
loc_renegade_captain_male_name_167,Капітан Генрік Маккерілл
loc_renegade_captain_male_name_168,Капітан К’яртан Маґор
loc_renegade_captain_male_name_169,Капітан Арвід Наґра
loc_renegade_captain_male_name_170,Капітан Б’ярні Наґґарок
loc_renegade_captain_male_name_171,Капітан Клас Наґрат
loc_renegade_captain_male_name_172,Капітан Пер Наґґ
loc_renegade_captain_male_name_173,Капітан Рун Наґорін
loc_renegade_captain_male_name_174,Капітан Мац Наґорілл
loc_renegade_captain_male_name_175,Капітан Юакім Наґеста
loc_renegade_captain_male_name_176,Капітан Торбйорн Ноґор
loc_renegade_captain_male_name_177,Капітан Мац Ноґорок
loc_renegade_captain_male_name_178,Капітан Б’ярні Ноґра
loc_renegade_captain_male_name_179,Капітан Клас Ноґранік
loc_renegade_captain_male_name_180,Капітан Мац Ноґрот
loc_renegade_captain_male_name_181,Капітан Ульф Наґрок
loc_renegade_captain_male_name_182,Капітан Ларс Нунак
loc_renegade_captain_male_name_183,Капітан Генрік Нунаґґа
loc_renegade_captain_male_name_184,Капітан Ейнар Нунорік
loc_renegade_captain_male_name_185,Капітан Лейф Наккор
loc_renegade_captain_male_name_186,Капітан Бірґер Натхок
loc_renegade_captain_male_name_187,Капітан Ґуннар Оррок
loc_renegade_captain_male_name_188,Капітан Раґнар Орґок
loc_renegade_captain_male_name_189,Капітан Вальтер Орґерілл
loc_renegade_captain_male_name_190,Капітан Бірґер Оранкал
loc_renegade_captain_male_name_191,Капітан Ульф Оґрі
loc_renegade_captain_male_name_192,Капітан Ґуннар Оккарак
loc_renegade_captain_male_name_193,Капітан Мац Аґґарак
loc_renegade_captain_male_name_194,Капітан Торбйорн Оґран
loc_renegade_captain_male_name_195,Капітан Ульф Оґрілл
loc_renegade_captain_male_name_196,Капітан Андерс Оґранік
loc_renegade_captain_male_name_197,Капітан Бірґер Окнар
loc_renegade_captain_male_name_198,Капітан Сіґурд Окрік
loc_renegade_captain_male_name_199,Капітан Андерс Окк
loc_renegade_captain_male_name_200,Капітан Андерс Брак
loc_renegade_captain_male_name_201,Капітан Даніель Озрак
loc_renegade_captain_male_name_202,Капітан Мац Озеррок
loc_renegade_captain_male_name_203,Капітан Ейнар Оппарак
loc_renegade_captain_male_name_204,Капітан Клас Позок
loc_renegade_captain_male_name_205,Капітан Раґнар Парак
loc_renegade_captain_male_name_206,Капітан Сіґурд Пардек
loc_renegade_captain_male_name_207,Капітан Мац Паккерілл
loc_renegade_captain_male_name_208,Капітан Орвар Пондерілл
loc_renegade_captain_male_name_209,Капітан Мальте Пондер
loc_renegade_captain_male_name_210,Капітан Рун Пондаррак
loc_renegade_captain_male_name_211,Капітан К’яртан Поґґерак
loc_renegade_captain_male_name_212,Капітан Ейнар Паґрі
loc_renegade_captain_male_name_213,Капітан Андерс Паґорна
loc_reply_smart_tag_dibs,Мені це треба!
loc_reply_smart_tag_follow,Іду!
loc_reply_smart_tag_ok,Підтверджую!
loc_requires_achievement,Потребує покуту: {achievement_label:%s}
loc_requires_level,Потребує рівня довіри {level:%d}
loc_requires_player_journey_progress,Потрібен подальший поступ у кампанії.  
loc_requires_pot_access,"Відвідай стратегіум, щоб розблокувати"
loc_rescue,Врятувати
loc_retry,Повторити
loc_revive,Відродити
loc_reviving_objective,Підняти напарника
loc_reviving_tutorial,Підняття
loc_reviving_tutorial_desc,"{#color(216,237,190)}поваленим{#reset()} напарникам можна допомогти піднятися. {#color(216,237,190)}знешкоджені{#reset()} напарники захоплюються ворогом, але їх можна врятувати."
loc_rotate,Обернути
loc_rotten_armor_event_name,Гнила броня
loc_rt_reflections_quality,Ray traced reflections
loc_rt_reflections_quality_mouseover,Увімкни directx raytracing (dxr) для реалістичних відбиттів. Низький пресет поєднує dxr з ssr.
loc_rt_setting_off,Вимкнено
loc_rt_setting_on,Увімкнено
loc_RTXgi_quality,RTX глобальне освітлення
loc_RTXgi_quality_mouseover,Рейтрейсингова динамічна глобальна ілюмінація.
loc_saint_description_lore,"Тривожні вісті дійшли до нас із найбідніших житлових зон Тертіума. Пайки, які нещодавно повернули й роздали нещасним душам цих районів, виявилися отруєними. Жахлива недуга поширилася цими місцями.
Мої владики з Еклезіархії проголосили День Спокути. Ти маєш благати нашу Святу Меселіну Ґлоріану про прощення та захист для нашого любого Тертіума.
Молися біля її Благословенних Вівтарів і прочісуй вулик у пошуках Святих Реліквій. Лише відданість може дати нам надію врятувати наше місто.

— Сестра Гестія Прайн"
loc_saints_event_context,"Щоб просуватися в події, тобі потрібно проходити місії з умовами «Спокута», взаємодіяти зі святилищами, розташованими на рівнях, і долати ворогів, що з’являються після їх активації. Як особливу святкову винагороду гравці, які завершать останній щабель цієї річниці, отримають 500 Аквіл."
loc_saints_event_objective_notification_title,Спокутуй свої провини!
loc_saints_event_wave_progress_subtitle_01,Загартуй свою Віру!
loc_saints_event_wave_progress_subtitle_02,Славімо Його Ім’я!
loc_saints_event_wave_progress_subtitle_03,Не давати милості!
loc_saints_event_wave_progress_subtitle_04,Жодної миті спокою!
loc_saints_event_wave_progress_subtitle_05,За Меселіну та Тертіум!
loc_saints_relic_pickup_large,Святий Сосуд
loc_saints_relic_pickup_medium,Священний Артефакт
loc_saints_relic_pickup_medium,Священний Артефакт
loc_saints_relic_pickup_small,Молитовний Оберіг
loc_saints_relic_pickup_small,Молитовний Оберіг
loc_saints_shrine_interaction_action_text,Молитися
loc_saints_shrine_interaction_description,Спокутуй свої провини перед цим благословенним вівтарем.
loc_scanner_display_name,Дисплей ауспекса
loc_scanning,Сканування ...
loc_scroll_text_down,Прокрутити текст вниз
loc_scroll_text_up,Прокрутити текст вгору
loc_select,Вибрати
loc_select_profile,Обрати профіль
loc_sequence_transition_text,Завантаження наступної послідовності ...
loc_setting_aim_assist,Автоприцілювання
loc_setting_aim_assist_mouseover_text_format,{assist_title_1:%s} - {assist_desc_1:%s}\n\n{assist_title_2:%s} - {assist_desc_2:%s}\n\n{assist_title_3:%s} - {assist_desc_3:%s}\n\n{assist_title_4:%s} - {assist_desc_4:%s}
loc_setting_aim_assist_new_full,Повне
loc_setting_aim_assist_new_full_desc,"Наш найновіший код автоприцілювання. Швидше й зручніше у використанні з уповільненням при наведенні на ворогів. Застосовується як у ближньому, так і в дальньому бою. Супроводжує ціль у повороті, якщо ти прицілюєшся й рухаєшся вбік."
loc_setting_aim_assist_new_slim,Легке
loc_setting_aim_assist_new_slim_desc,"Те саме, що «повне», але з вимкненими деякими функціями, включно з блокуванням обертання під час руху вбік."
loc_setting_aim_assist_off,Вимкнено
loc_setting_aim_assist_off_desc,Вимкнути асистент прицілювання.
loc_setting_aim_assist_old,Legacy
loc_setting_aim_assist_old_desc,"Класичний код асистента прицілювання, використаний у Vermintide 2 та попередніх версіях Darktide."
loc_setting_aim_trajectory_enabled,Показати траєкторію пострілу
loc_setting_always_dodge,Завжди ухилятися
loc_setting_always_dodge_desc,Завжди виконувати ухилення незалежно від напрямку введення.
loc_setting_ambient_occlusion_quality,Якість оклюзії навколишнього освітлення
loc_setting_ambient_occlusion_quality_mouseover,Fidelityfx ambient occlusion обчислює непряме світло та тіні. Збільшує навантаження на GPU.
loc_setting_anti_ailiasing,Згладжування
loc_setting_anti_ailiasing_fxaa,FXAA
loc_setting_anti_ailiasing_mouseover,"Методи згладжування прибирають пікселізацію країв. TAA забезпечує вищу якість порівняно з fxaa, але потребує більше ресурсів GPU."
loc_setting_anti_ailiasing_taa,TAA
loc_setting_bloom_enabled,Світіння (bloom)
loc_setting_bloom_enabled_mouseover,Яскраві ігрові ефекти світіння через постобробку. Злегка збільшує навантаження на GPU.
loc_setting_brightness,Яскравість
loc_setting_brightness_gamma_description,"Налаштуйте, доки ліве зображення не зникне."
loc_setting_brightness_mouseover,Зміщує усталене значення яскравості в грі.
loc_setting_checkbox_off,Вимкнено
loc_setting_checkbox_on,Увімкнено
loc_setting_com_wheel_double_tap,Подвійне натиснення для мітки
loc_setting_com_wheel_single_tap,Одинарне натиснення для мітки
loc_setting_com_wheel_tap_attention,Увага
loc_setting_com_wheel_tap_none,Немає
loc_setting_com_wheel_tap_ping,Розташування
loc_setting_com_wheel_tap_threat,Загроза
loc_setting_combat_feed_enabled,Показувати бойові логи
loc_setting_combat_feed_max_messages,Максимум повідомлень
loc_setting_combat_feed_message_duration,Тривалість повідомлення
loc_setting_controller_enable_acceleration,Прискорення огляду
loc_setting_controller_enable_acceleration_new,Прискорення
loc_setting_controller_invert_look_y,Інвертувати вісь y огляду
loc_setting_controller_layout,Схема керування контролера
loc_setting_controller_layout_advanced,Розширені
loc_setting_controller_layout_advanced_new,Альтернатива 1
loc_setting_controller_layout_blitz_focus,Альтернатива 3
loc_setting_controller_layout_bumper_attacker,Альтернатива 4
loc_setting_controller_layout_bumper_attacker_dodger,Альтернатива 5
loc_setting_controller_layout_default,Усталені налаштування
loc_setting_controller_layout_toms,Альтернатива 2
loc_setting_controller_layout_v2,Класика Vermintide 2
loc_setting_controller_look_dead_zone,Поріг мертвої зони огляду
loc_setting_controller_look_dead_zone_new,Поріг мертвої зони
loc_setting_controller_look_scale,Чутливість огляду
loc_setting_controller_look_scale_horizontal,Горизонтальна чутливість
loc_setting_controller_look_scale_horizontal_ranged,Горизонтальна (дистанційна)
loc_setting_controller_look_scale_horizontal_ranged_alternate_fire,Горизонтальна (дистанційна альтернативний вогонь)
loc_setting_controller_look_scale_vertical,Вертикальна чутливість
loc_setting_controller_look_scale_vertical_ranged,Вертикальна (дистанційна)
loc_setting_controller_look_scale_vertical_ranged_alternate_fire,Вертикальна (дистанційна альтернативний вогонь)
loc_setting_controller_rotation_speed_curves,Крива відгуку (ближній бій)
loc_setting_controller_rotation_speed_curves_dynamic,Динамічна
loc_setting_controller_rotation_speed_curves_exponential,Експоненційна
loc_setting_controller_rotation_speed_curves_linear,Лінійна
loc_setting_controller_rotation_speed_curves_ranged,Крива відгуку (дистанційна)
loc_setting_controller_rotation_speed_curves_strength,Сила кривої відгуку (ближній бій)
loc_setting_controller_rotation_speed_curves_strength_mouseover,"Масштабує силу застосованого модифікатора кривої під час використання типів відгуку, відмінних від лінійного."
loc_setting_controller_rotation_speed_curves_strength_ranged,Сила кривої відгуку (дистанційна)
loc_setting_crosshair_enabled,Показувати приціл
loc_setting_crosshair_type_override,Тип прицілу
loc_setting_crosshair_type_override_assault,Штурм
loc_setting_crosshair_type_override_bfg,Важкий
loc_setting_crosshair_type_override_dot,Крапка
loc_setting_crosshair_type_override_killshot,Швидкострільний
loc_setting_crosshair_type_override_shotgun,Дробовий постріл
loc_setting_crosshair_type_override_spray_n_pray,Потік
loc_setting_crosshair_type_override_weapon,Залежно від зброї
loc_setting_decal_lifetime,Тривалість декалей
loc_setting_decal_lifetime_mouseover,Визначає тривалість життя категорій декалей. Збільшує навантаження на GPU.
loc_setting_default_device,Пристрій усталено
loc_setting_diagonal_forward_dodge,Ухилення по діагоналі вперед
loc_setting_diagonal_forward_dodge_mouseover,"Якщо вимкнено, запобігає виконанню ухилень під час діагонального руху вперед."
loc_setting_dlss,Суперроздільність
loc_setting_dlss_g,Генерація кадрів
loc_setting_dlss_g_mouseover,DLSS frame generation використовує ші для створення додаткових кадрів без втрати якості зображення чи швидкодії. Для цієї функції потрібна відеокарта geforce RTX серії 40.
loc_setting_dlss_mouseover,DLSS super resolution використовує ші для виведення кадрів із вищою роздільністю без втрати якості зображення чи швидкодії. Для цієї функції потрібна відеокарта geforce RTX.
loc_setting_dlss_quality_auto,Автоматично
loc_setting_dlss_quality_balanced,Збалансовано
loc_setting_dlss_quality_max_performance,Продуктивність
loc_setting_dlss_quality_max_quality,Якість
loc_setting_dlss_quality_ultra_performance,Надвисока продуктивність
loc_setting_dof_quality,Глибина різкості
loc_setting_dof_quality_mouseover,Додає ефект фокусування камери з різними рівнями якості. Збільшує навантаження на GPU.
loc_setting_ffx_frame_gen,AMD FSR 3.1 Генерація Кадрів
loc_setting_framerate_cap,Обмеження кадрової частоти
loc_setting_framerate_cap_mouseover,Фіксує частоту кадрів на максимальному значенні.
loc_setting_fsr,Amd FSR 1
loc_setting_fsr_mouseover,"Amd fidelityfx super resolution 1.0 — це надоптимізована просторова технологія масштабування, яка забезпечує чудову якість зображення при високій частоті кадрів для будь-якої GPU. Найпродуктивніші налаштування знижують якість зображення та рекомендуються переважно для екранів з високою роздільністю."
loc_setting_fsr_quality_balanced,Збалансовано
loc_setting_fsr_quality_off,Вимкнено
loc_setting_fsr_quality_performance,Продуктивність
loc_setting_fsr_quality_quality,Якість
loc_setting_fsr_quality_ultra_quality,Надвисока якість
loc_setting_fsr2,Amd FSR 2
loc_setting_fsr2_mouseover,"AMD FidelityFX Super Resolution 2 — це передовий часовий алгоритм масштабування, що створює кадри високої роздільності з нижчої. Найпродуктивніші налаштування знижують якість зображення та рекомендуються переважно для екранів з високою роздільністю."
loc_setting_fsr3,AMD FSR 3.1
loc_setting_gi_quality,Глобальне освітлення
loc_setting_gi_quality_mouseover,Запечена симуляція непрямого відбитого освітлення.
loc_setting_graphics_quality,Якість графіки
loc_setting_graphics_quality_mouseover,Попередні налаштування якості графіки.
loc_setting_graphics_quality_option_custom,Користувацькі
loc_setting_hit_indicator_duration,Тривалість індикатора влучання
loc_setting_hit_indicator_enabled,Показувати індикатори влучання
loc_setting_hold_to_crouch,Утримувати для присідання
loc_setting_hold_to_crouch_desc,Присідати лише під час утримання кнопки.
loc_setting_hold_to_sprint,Утримувати для бігу
loc_setting_hold_to_sprint_desc,Бігти лише під час утримання кнопки.
loc_setting_keybinding_press_new_button,"Натисніть нову кнопку для цієї дії або {#color(226,199,126)}{cancel_input:%s}{#reset()} щоб скасувати."
loc_setting_lens_flare_quality,Світлові відблиски
loc_setting_lens_flare_quality_mouseover,Додає ефекти засвічення лінз від сонця або всіх джерел світла. Збільшує навантаження на GPU.
loc_setting_lens_flare_quality_setting_all_lights,Усі джерела світла
loc_setting_lens_flare_quality_setting_sun_light_only,Лише сонячне світло
loc_setting_lens_quality_color_fringe_enabled,Якість лінз — кольорове відхилення
loc_setting_lens_quality_color_fringe_enabled_mouseover,Додає ефект хроматичної аберації лінз через постобробку.
loc_setting_lens_quality_distortion_enabled,Якість лінз — викривлення
loc_setting_lens_quality_distortion_enabled_mouseover,Додає ефект викривлення лінз через постобробку.
loc_setting_lens_quality_enabled,Якість лінз
loc_setting_lens_quality_enabled_mouseover,Увімкнути ефекти постобробки для кольорового відхилення та викривлення лінз. Збільшує навантаження на GPU.
loc_setting_light_quality,Якість освітлення
loc_setting_light_quality_mouseover,Попередні налаштування якості світла й тіней. Збільшує використання пам’яті та GPU.
loc_setting_lod_max_ragdolls,Максимум рагдолів
loc_setting_lod_max_ragdolls_mouseover,Визначає кількість активних тіл ворогів (рагдолів). Значно збільшує навантаження на cpu.
loc_setting_lod_object_multiplier,Якість мешів
loc_setting_lod_object_multiplier_mouseover,"Якість мешів масштабує відстань LOD для всіх об’єктів. Вищі значення зменшують спливання LOD, але збільшують навантаження на GPU."
loc_setting_lod_scatter_density,Густота розсіювання
loc_setting_lod_scatter_density_mouseover,"Регулює щільність дрібних елементів, таких як уламки. Збільшує навантаження на cpu."
loc_setting_max_blood_decals,Максимум кривавих декалей
loc_setting_max_blood_decals_mouseover,Визначає кількість одночасно відображених кривавих декалей. Збільшує навантаження на GPU.
loc_setting_max_impact_decals,Максимум декалей від ударів зброї
loc_setting_max_impact_decals_mouseover,Визначає кількість одночасно відображених декалей від ударів зброї. Збільшує навантаження на GPU.
loc_setting_melee,у ближньому бою
loc_setting_menu_group_horizontal_sensitivity,Горизонтальна чутливість
loc_setting_menu_group_notification_settings,Сповіщення
loc_setting_menu_group_response_curve_strength,Сила сривої відгуку
loc_setting_menu_group_response_curve_type,Тип кривої відгуку
loc_setting_menu_group_vertical_sensitivity,Вертикальна чутливість
loc_setting_microphone_device,Мікрофонний пристрій
loc_setting_mix_preset_dakka_dakka,Динамічно низько
loc_setting_mix_preset_flat,Усталені налаштування
loc_setting_mix_preset_hi_fi,Динамічно високо
loc_setting_mix_preset_nightmode,Нічний режим
loc_setting_mix_presets,Попередні налаштування звукового міксу
loc_setting_motion_blur_enabled,Розмиття руху
loc_setting_motion_blur_enabled_mouseover,Імітує ефект розмиття під час руху через постобробку. Збільшує навантаження на GPU.
loc_setting_nameplates_in_mission_name,Лише ім’я
loc_setting_nameplates_in_mission_name_and_title,Ім’я та звання
loc_setting_nameplates_in_mission_none,Без іменної таблички
loc_setting_notification_assist_notification_type,Допомога
loc_setting_notification_crafting_pickup_notification_type,Підбір ремісничих матеріалів
loc_setting_notification_type_all,Мої та інших гравців
loc_setting_notification_type_combat_feed,Бойовий журнал
loc_setting_notification_type_mine,Мої
loc_setting_notification_type_none,Немає
loc_setting_notification_type_notification,Сповіщення
loc_setting_notification_type_others,Інші гравці
loc_setting_nv_reflex,NVIDIA reflex низька затримка
loc_setting_nv_reflex_disabled,Вимкнено
loc_setting_nv_reflex_framerate_cap_120,120
loc_setting_nv_reflex_framerate_cap_30,30
loc_setting_nv_reflex_framerate_cap_40,40
loc_setting_nv_reflex_framerate_cap_60,60
loc_setting_nv_reflex_framerate_cap_72,72
loc_setting_nv_reflex_framerate_cap_90,90
loc_setting_nv_reflex_framerate_cap_unlimited,Необмежено
loc_setting_nv_reflex_low_latency_boost,Увімкнено + прискорення
loc_setting_nv_reflex_low_latency_enabled,Увімкнено
loc_setting_nv_reflex_mouseover,NVIDIA reflex знижує системну затримку та підвищує чутливість пк.
loc_setting_NVIDIA_dlss,NVIDIA DLSS
loc_setting_NVIDIA_dlss_mouseover,"NVIDIA DLSS використовує ші, щоб забезпечити максимально можливу частоту кадрів без втрати якості зображення чи швидкодії. Для цієї функції потрібна відеокарта geforce RTX."
loc_setting_ranged,Дальній Бій
loc_setting_ranged_alt_fire,Дальній Бій (Альтернативний Вогонь)
loc_setting_ray_tracing_quality,Ray tracing
loc_setting_ray_tracing_quality_mouseover,Увімкнути directx raytracing (dxr) для реалістичних відбиттів і глобального освітлення.
loc_setting_resolution,Роздільність
loc_setting_resolution_custom,Користувацькі
loc_setting_resolution_mouseover,"Встановіть бажану роздільність екрана у віконному або повноекранному режимі. Вищі значення підвищують якість зображення, але можуть знизити продуктивність."
loc_setting_resolution_undefined,Невизначено
loc_setting_screen_mode,Режим екрана
loc_setting_screen_mode_borderless_fullscreen,Безрамковий повноекранний
loc_setting_screen_mode_fullscreen,Повноекранний
loc_setting_screen_mode_mouseover,Визначає режим відображення гри. Повноекранний режим є безрамковим і підтримує будь-яку дійсну роздільність монітора.
loc_setting_screen_mode_window,Вікно
loc_setting_sharpen_enabled,Різкість
loc_setting_sharpen_enabled_mouseover,Використовується разом із taa для покращення якості країв. Злегка збільшує навантаження на GPU.
loc_setting_skin_material_enabled,Підповерхневе розсіювання шкіри
loc_setting_skin_material_enabled_mouseover,Реалістичний ефект шкіри персонажів через постобробку. Збільшує навантаження на GPU.
loc_setting_sound_device,Звуковий пристрій
loc_setting_speaker_auto_detect,Автовизначення
loc_setting_speaker_five_one,45662
loc_setting_speaker_mono,Моно
loc_setting_speaker_settings,Налаштування динаміків
loc_setting_speaker_stereo,Стерео
loc_setting_speaker_stereo_headphones,Стерео навушники
loc_setting_ssr_quality,Екранні відбиття
loc_setting_ssr_quality_mouseover,Створює візуальні відбиття в грі через постобробку. Збільшує навантаження на GPU.
loc_setting_stationary_dodge,Ухилення на місці
loc_setting_stationary_dodge_desc,"Дозволяє гравцям виконувати ухилення назад, коли натиснуто кнопку(и) ухилення без напрямного введення."
loc_setting_texture_quality,Якість текстур
loc_setting_texture_quality_mouseover,"Параметр якості текстур визначає, наскільки високою буде роздільність текстур у грі. Збільшує використання пам’яті GPU."
loc_setting_title_color_type_no_colors,Без кольорів
loc_setting_title_color_type_rarities,Кольори рідкісності
loc_setting_toggle_ads,Перемикач прицілювання/фіксації
loc_setting_toggle_ads_desc,Перемикає режим прицілювання (ads) та фіксованого прицілу замість усталеного утримання кнопки для прицілювання.
loc_setting_voice_chat_presets,Налаштування мікрофона
loc_setting_voice_chat_presets_mic_muted,Вимкнено
loc_setting_voice_chat_presets_mic_push_to_talk,"Натиснути, щоб говорити"
loc_setting_voice_chat_presets_mic_voice_activated,Активація голосом
loc_setting_volumetric_fog_quality,Якість об’ємного туману
loc_setting_volumetric_fog_quality_mouseover,Підвищує візуальну якість туману. Збільшує навантаження на GPU.
loc_setting_weapon_switch_scroll_wrap,Циклічне перемикання озброєння
loc_setting_weapon_switch_scroll_wrap_desc,Дозволяє продовжити вибір ізнизу чи зверху списку зброї/спорядження на екрані під час використання колеса миші.
loc_setting_xbs_quality_preset,Режим якості
loc_setting_xbs_quality_preset_mouseover,Обрати між продуктивністю або якістю зображення.
loc_setting_xbs_quality_preset_performance,Продуктивність
loc_setting_xbs_quality_preset_quality,Якість
loc_setting_xess,Intel XeSS
loc_setting_xess_mouseover,"Технологія Intel Xe Super Sampling (XeSS) використовує машинне навчання, щоб забезпечити вищу продуктивність із винятковою якістю зображення."
loc_settings_audio_backstab_sound,Звук удару в спину
loc_settings_audio_headgear_voice_effect,Голосовий ефект для шолома
loc_settings_audio_headshot_sound,Звук пострілу в голову
loc_settings_audio_mute_in_background_enabled,Заглушити фон
loc_settings_audio_mute_in_background_mouseover,"Вимикає всі звуки, коли гра неактивна."
loc_settings_audio_teammate_ping,Звук командного пінгу
loc_settings_audio_voice_chat_volume,Гучність голосового чату
loc_settings_change,Змінити
loc_settings_crosshair_type_override_mouseover,"Встановити інший приціл для зброї, яка не використовує точковий приціл."
loc_settings_forced_dot_crosshair_mouseover,"Показує точку в центрі екрана для дій зі зброєю, якщо приціл інакше не відображався б."
loc_settings_gameplay_fov,Поле зору
loc_settings_gameplay_fov_mouseover,Керує шириною огляду камери гравця. Вищі значення збільшують навантаження на GPU і cpu.
loc_settings_gameplay_fov_presentation_format,{#left()}гфов: {hfov}°\nвфов: {vfov}°
loc_settings_master_volume,Загальна гучність
loc_settings_menu_category_input,Ввід
loc_settings_menu_category_interface,Інтерфейс
loc_settings_menu_category_keybind,Прив’язки клавіш
loc_settings_menu_category_render,Відео
loc_settings_menu_category_sound,Аудіо
loc_settings_menu_close_menu,Назад
loc_settings_menu_continue,Продовжити
loc_settings_menu_credits_fast_forward,Прискорити
loc_settings_menu_credits_pause,Утримувати для паузи
loc_settings_menu_extreme,Екстремальний
loc_settings_menu_group_accessibility_settings,Доступність
loc_settings_menu_group_audio_settings,Налаштування аудіо
loc_settings_menu_group_buff_interface_settings,Підсилення
loc_settings_menu_group_com_wheel_settings,Колесо позначок
loc_settings_menu_group_combat_feed_settings,Бойовий журнал
loc_settings_menu_group_controller_aim_settings_new,Огляд і приціл
loc_settings_menu_group_controller_rumble_settings,Вібрація
loc_settings_menu_group_controller_sensitivity_settings,Чутливість
loc_settings_menu_group_controller_settings,Контролер
loc_settings_menu_group_display,Відображення
loc_settings_menu_group_gameplay_settings,Налаштування геймплею
loc_settings_menu_group_gore,Налаштування кривавості
loc_settings_menu_group_graphics,Графіка
loc_settings_menu_group_graphics_advanced,Розширені графічні налаштування
loc_settings_menu_group_graphics_preset,Пресет графіки
loc_settings_menu_group_mouse_settings,Миша
loc_settings_menu_group_movement_settings,Рух
loc_settings_menu_group_nameplate_settings,Ім’яна плашка
loc_settings_menu_group_other_settings,Інше
loc_settings_menu_group_performance,Продуктивність
loc_settings_menu_group_subtitle_settings,Субтитри
loc_settings_menu_group_voice_chat_settings,Голосовий чат
loc_settings_menu_group_volume,Гучність
loc_settings_menu_header,Опції
loc_settings_menu_high,Високий
loc_settings_menu_low,Низький
loc_settings_menu_medium,Середній
loc_settings_menu_off,Вимкнено
loc_settings_menu_on,Увімкнено
loc_settings_menu_peril_effect,Інтенсивність ефектів перегріву
loc_settings_menu_reset_to_default,Скинути до усталених налаштувань
loc_settings_menu_rumble_gameplay,Вібрація гейиплею
loc_settings_menu_rumble_gameplay_mouseover,"Інтенсивність для інформативних вібрацій, як-от отримання шкоди."
loc_settings_menu_rumble_immersive,Атмосферна вібрація
loc_settings_menu_rumble_immersive_mouseover,"Інтенсивність для емоційних вібрацій, як-от від зброї чи вибухів."
loc_settings_menu_rumble_intensity,Інтенсивність вібрації
loc_settings_menu_rumble_intensity_mouseover,Загальна інтенсивність вібрації контролера.
loc_settings_music_volume,Гучність музики
loc_settings_option_unavailable,Н/д
loc_settings_portrait_rendering_mouseover,Увімкнути відображення портретів в інтерфейсі.
loc_settings_resolution_native,Нативна
loc_settings_sfx_volume,Гучність звукових ефектів
loc_sg_exit_shooting_range,Покинути м’ясорубку
loc_sharpness_slider,Рівень фільтру різкості
loc_sharpness_slider_mouseover,Регулює ступінь різкості
loc_show_mission_list,Показати список кампаній
loc_signed_in_multiplayer_privilege_fail_desc,Втрачено з’єднання з мережею xbox
loc_signin_acquire_storage,Отримання сховища
loc_signin_acquiring_user_profile,Витяг профілю користувача
loc_signin_delete_save,Видалення даних
loc_signin_fetch_privileges,Перевірка привілеїв
loc_signin_fetch_sandbox_id,Отримати кінцеву точку бекенду
loc_signin_load_save,Завантаження даних
loc_signin_query_storage,Перевірка сховища
loc_skip,Пропустити
loc_skulls_condition,Знищити {target:%s} черепи ворогів
loc_skulls_description,"Як благословенна месселіна ґлоріана, ми сьогодні розіб’ємо ворогів. Їхні обезголовлені тіла спокутають душі і стануть даниною нашій великій святій."
loc_skulls_name,Хрестовий похід обезголовлення Гестії
loc_smart_tag_description_format_key,{distance:%s} - {description:%s}
loc_smart_tag_type_attention,Увага
loc_smart_tag_type_location,Сюди!
loc_smart_tag_type_threat,Єретик!
loc_social_cannot_befriend_reason_max_num_friends,Ти вже досяг максимальної кількості друзів
loc_social_cannot_block_reason_max_num_reached,Не вдалося заблокувати. Досягнуто максимальної кількості заблокованих гравців.
loc_social_fail_reason_platform_blocked,Заблоковано на цій ігровій платформі
loc_social_fail_reason_platform_muted,Приглушено на цій ігровій платформі
loc_social_fail_reason_user_not_online,Не в мережі
loc_social_fail_too_few_to_kick_vote,"Занадто мало гравців, щоб почати голосування"
loc_social_menu_accept_friend_request,Прийняти
loc_social_menu_block,Заблокувати
loc_social_menu_cancel_friend_request,Скасувати запит дружби
loc_social_menu_cancel_party_invite,Скасувати запрошення до ударної групи
loc_social_menu_character_name_format,{character_level} {character_name}
loc_social_menu_confirmation_popup_block_account_description,Бажаєш заблокувати {player_name}? Тебе більше не буде підбирати для однієї місії чи з’являтися в тому ж хабі. Продовжити?
loc_social_menu_confirmation_popup_block_account_header,Заблокувати {player_name}
loc_social_menu_confirmation_popup_confirm_button,Так
loc_social_menu_confirmation_popup_decline_button,Ні
loc_social_menu_confirmation_popup_initiate_kick_vote_description,"Бажаєш почати голосування, щоб викинути {player_name} зі ударної групи? Якщо обереш «так», то всі інші учасники отримають право голосувати, чи слід вигнати {player_name} з ударної групи."
loc_social_menu_confirmation_popup_initiate_kick_vote_header,"Вигнати {#color(239,193,82)}{player_name}{#reset()} зі ударної групи"
loc_social_menu_confirmation_popup_leave_party_description,Ти справді хочеш покинути ударну групу?
loc_social_menu_confirmation_popup_leave_party_header,Покинути ударну групу
loc_social_menu_confirmation_popup_unblock_account_description,"Ти знову зможеш потрапляти на ту саму місію та з’являтися в тому ж хабі, що s {player_name}. Бажаєш продовжити?"
loc_social_menu_confirmation_popup_unblock_account_header,Розблокувати {player_name}
loc_social_menu_confirmation_popup_unfriend_player_description,Хочеш видалити {player_name} зі списку друзів? Ти все одно зможеш потрапляти на ту саму місію та з’являтися в тому ж хабі.
loc_social_menu_confirmation_popup_unfriend_player_header,Видалити {player_name} з друзів?
loc_social_menu_find_player,Знайти гравця
loc_social_menu_find_player_failed,Код не співпав із жодним гравцем...
loc_social_menu_find_player_fetch_id,Отримання Fatshark коду друга...
loc_social_menu_find_player_input_id_title,"Введи Fatshark код друга, щоб знайти гравця."
loc_social_menu_find_player_player_id_title,Fatshark код друга:
loc_social_menu_find_player_searching,"Пошук, будь ласка почекайте"
loc_social_menu_find_player_virtual_keyboard_title,Ввести Fatshark код друга
loc_social_menu_find_player_wait_for_input,Очікування Fatshark коду друга...
loc_social_menu_friend_list_group_header_blocked,Заблоковані гравці ({num_in_group:%d})
loc_social_menu_friend_list_group_header_in_game,У Darktide ({num_in_group:%d})
loc_social_menu_friend_list_group_header_no_invites,Немає отриманих запрошень
loc_social_menu_friend_list_group_header_not_in_hub,Не на борту Скорботної Зорі
loc_social_menu_friend_list_group_header_offline,Офлайн ({num_in_group:%d})
loc_social_menu_friend_list_group_header_online,Онлайн на {platform} ({num_in_group:%d})
loc_social_menu_friend_list_group_header_received_invites,Отримані запити в друзі ({num_in_group:%d})
loc_social_menu_friend_list_group_header_sent_invites,Надіслані запити в друзі ({num_in_group:%d})
loc_social_menu_in_activity,У {activity}
loc_social_menu_invite_to_party,Запросити до ударної групи
loc_social_menu_join_party,Приєднатися до ударної групи
loc_social_menu_leave_party,Покинути ударну групу
loc_social_menu_list_group_header_in_game_platform,{platform}: у Darktide ({num_in_group:%d})
loc_social_menu_list_header_offline_platform,{platform}: офлайн ({num_in_group:%d})
loc_social_menu_list_header_online,Онлайн ({num_in_group:%d})
loc_social_menu_mute_chat,Заглушити в чаті
loc_social_menu_mute_voice,Заглушити в голосовому чаті
loc_social_menu_no_account_name,++видалено++
loc_social_menu_no_name_or_activity,Н/д
loc_social_menu_notifications_age_days,{days} днів
loc_social_menu_notifications_age_hours,{hours} год
loc_social_menu_notifications_age_minutes,{minutes} хв
loc_social_menu_notifications_age_seconds,Щойно
loc_social_menu_notifications_clear_all_notifications,Очистити все
loc_social_menu_party_header,Ударна група {num_party_members:%d}/{max_num_party_members:%d}
loc_social_menu_player_blocked,Заблоковано  
loc_social_menu_player_online_status_offline,Офлайн
loc_social_menu_player_online_status_platform_online,Онлайн на {platform}
loc_social_menu_psn_profile,Обліковий запис playstation network
loc_social_menu_received_friend_request_header,{player} надіслав запит у друзі. Як відповісти?
loc_social_menu_reject_friend_request,Відхилити
loc_social_menu_rename,Перейменувати обліковий запис Fatshark
loc_social_menu_report,Поскаржитись  
loc_social_menu_roster_view_display_name,Ударна група
loc_social_menu_send_friend_request,Надіслати запит у друзі
loc_social_menu_unblock,Розблокувати
loc_social_menu_unfriend_player,Видалити гравця з друзів
loc_social_menu_vote_to_kick_from_party,Проголосувати за виключення з ударної групи
loc_social_menu_xbox_profile,Профіль xbox
loc_social_party_invite_accept,"Утримуй {#color(226,199,126)}{input:%s}{#reset()} щоб прийняти"
loc_social_party_invite_received_accept_button,Прийняти
loc_social_party_invite_received_decline_and_block_button,Відхилити та заблокувати
loc_social_party_invite_received_decline_button,Відхилити
loc_social_party_invite_received_description,{player_name} запросив тебе до ударної групи
loc_social_party_invite_received_header,Запрошення в ударну групу
loc_social_party_join_rejection_reason_invite_pending,Запрошення в ударну групу очікує
loc_social_party_join_rejection_reason_party_full,Ударна група заповнена
loc_social_party_join_rejection_reason_player_in_matchmaking,Оперативник у підборі гри
loc_social_party_join_rejection_reason_player_in_mission,Оперативник у місії
loc_social_party_join_rejection_reason_same_party,Гравець уже в тій самій ударній групі
loc_social_party_join_rejection_reason_you_are_in_matchmaking,Ти у підборі гри
loc_social_party_join_rejection_reason_you_are_in_mission,Ти у місії
loc_social_party_request_to_join_decline_and_block_button,Відхилити та заблокувати
loc_social_view_display_name,Спільнота
loc_socket_luggable_container_02,Точка докування
loc_spectator_mode_input_cycle_player,"Натисни {#color(226,199,126)}{input:%s}{#reset()} щоб перемикати гравця"
loc_spectator_mode_spectating_player,Спостереження за {player_name:%s}
loc_spectator_mode_waiting_to_be_rescued,Очікування порятунку
loc_splash_view_games_workshop_warhammer_description,"Warhammer 40,000: Darktide в© copyright games workshop limited 2022. Darktide, логотип Darktide, gw, games workshop, space marine, 40k, Warhammer, Warhammer 40,000, 40,000, логотип «аквіла» з двоголовим орлом, а також усі пов’язані логотипи, ілюстрації, зображення, назви, істоти, раси, транспорт, локації, зброя, персонажі та їхні впізнавані образи є або в® чи tm, та/або в© games workshop limited, з різним ступенем реєстрації по всьому світу та використовуються за ліцензією. В© Fatshark ab 2022. Усі права належать їхнім відповідним власникам."
loc_splash_view_photosensitivity_epileptic_seizures_description,"У дуже малого відсотка людей можуть виникнути епілептичні напади при впливі певних світлових візерунків або миготливих вогнів. Вплив певних візерунків чи фонів на комп’ютерному екрані, або під час гри у відеоігри, може спричинити епілептичний напад у таких людей. \n\nпевні умови можуть викликати раніше невиявлені епілептичні симптоми навіть у осіб, які не мали жодної історії нападів чи епілепсії. Якщо у тебе або когось із твоєї родини є епілептичний стан, порадься зі своїм лікарем перед початком гри. \n\nякщо ти відчуваєш будь-які з наступних симптомів під час гри у відео- чи комп’ютерну гру -- запаморочення, зміну зору, сіпання очей чи м’язів, втрату свідомості, дезорієнтацію, будь-які мимовільні рухи чи конвульсії - негайно припини гру і проконсультуйся зі своїм лікарем перед відновленням."
loc_splash_view_photosensitivity_epileptic_seizures_title,Фоточутливість/епілептичні напади
loc_sprint_slide,Спринт і ковзання
loc_sprint_slide_desc,"{#color(216,237,190)}спринт{#reset()} допомагає уникати ворожого вогню. Присідання під час спринту виконує {#color(216,237,190)}ковзання{#reset()}. {#color(216,237,190)}ковзання{#reset()} допомагає ухилятися від атак, подібно до {#color(216,237,190)}ухилення{#reset()}."
loc_sprint_slide_objective_1,Виконати ковзання
loc_sprint_slide_objective_2,Пробігти через перехресний вогонь
loc_stagger,Збивання з рівноваги
loc_stagger_desc,"Удар або постріл по ворогу може збити його з рівноваги. {#color(216,237,190)}збиті{#reset()} вороги не можуть атакувати чи рухатися.\n\nбільші вороги вимагають важчої зброї та сильніших атак, щоб їх {#color(216,237,190)}збити{#reset()}."
loc_stagger_objective_1,Збити ворога з рівноваги
loc_stagger_objective_2,Збити великого ворога з рівноваги
loc_start_training,Базове тренування
loc_state_title_authenticating_queue,Позиція в черзі: {position:%d}
loc_stats_display_ammo_stat,Набої
loc_stats_display_ap_stat,Проникність
loc_stats_display_burn_stat,Опік
loc_stats_display_charge_speed,Швидкість заряду
loc_stats_display_cleave_damage_stat,Шкода розсіченням
loc_stats_display_cleave_targets_stat,Кількість цілей для розсічення
loc_stats_display_control_stat_melee,Контроль натовпу
loc_stats_display_control_stat_melee_mouseover,"Підвищує збивання з рівноваги, імпульс та розсічення зброї."
loc_stats_display_control_stat_ranged,Побічна шкода
loc_stats_display_crit_stat,Бонус до криту
loc_stats_display_damage_stat,Шкода
loc_stats_display_damage_stat_desc,Скільки шкоди завдає зброя.
loc_stats_display_defense_stat,Захист
loc_stats_display_explosion_ap_stat,Проникність (вибух)
loc_stats_display_explosion_damage_stat,Шкода від вибуху
loc_stats_display_explosion_stat,Радіус вибуху
loc_stats_display_finesse_stat,Вправність
loc_stats_display_first_saw_damage,Подрібнювач
loc_stats_display_first_target_stat,Перша ціль
loc_stats_display_flame_size_stat,Радіус хмари
loc_stats_display_heat_management,Термощити
loc_stats_display_heat_management_powersword_2h,Керування нагрівом  
loc_stats_display_mobility_stat,Мобільність
loc_stats_display_power_output,Вихідна потужність
loc_stats_display_power_output_powermaul_shield_p1,Вихідна потужність
loc_stats_display_power_stat,Зупиняюча сила
loc_stats_display_range_stat,Дальність
loc_stats_display_reload_speed_stat,Швидкість перезарядки
loc_stats_display_stability_stat,Стабільність зброї
loc_stats_display_stamina_title,Витривалість
loc_stats_display_vent_speed,Швидкість розсіювання
loc_stats_display_warp_resist_stat,Опір варпу
loc_stats_fire_mode_ads_desc,Прицілитись крізь оптику для кращого націлювання.
loc_stats_fire_mode_brace_desc,Зброю можна уперти для підвищення точності та стабільності.
loc_stats_fire_mode_chargeup_desc,Зарядити зброю для підвищеної шкоди.
loc_stats_fire_mode_hip_fire_desc,Стріляти швидко ціною частини точності.
loc_stats_gestalt_linesman_desc,"Широка атака, що завдає шкоди багатьом ворогам одночасно."
loc_stats_gestalt_ninjafencer_desc,"Швидкі атаки проти одного ворога, ефективні для ударів по слабких місцях."
loc_stats_gestalt_smite_desc,Потужна атака проти одного ворога.
loc_stats_gestalt_tank_desc,"Широка атака, що збиває з рівноваги багатьох ворогів одночасно."
loc_stats_special_action_chem_coating_alt2_saw_p1_m1_desc,"Наносить інше хімпокриття на пиляльне лезо, перемикаючись між покриттям Хім-Токсину та покриттям Крихкості."
loc_stats_special_action_chem_swap_needlepistol_p1_m1_desc,Перемкнути режим токсину між хімічним токсином і штамом зонального розсіювання.
loc_stats_special_action_chem_swap_needlepistol_p1_m2_desc,Перемкнути режим токсину між хімічним токсином і вибуховим штамом.
loc_stats_special_action_flasHLight_desc,"Увімкнути або вимкнути ліхтар, закріплений на зброї. Корисно у темних місцях."
loc_stats_special_action_melee_bayonette_desc,Атакувати прикріпленим багнетом.
loc_stats_special_action_melee_push_desc,Відштовхнути ворогів вільною рукою.
loc_stats_special_action_melee_weapon_bash_desc,Використання вогнепальної зброї для атаки ворога в ближньому бою.
loc_stats_special_action_melee_weapon_bash_forcestaff_desc,Комбо-атаки з використанням посоха як зброї ближнього бою.
loc_stats_special_action_powerup_desc,Зарядження зброї для потужнішої атаки.
loc_stats_special_action_powerup_forcesword_2h_desc,"Особлива дія зброї насичує твій клинок Варпом, випускаючи горизонтальну хвилю енергії наступним ударом.

Убиваючи ворогів і пожинаючи їхню життєву есенцію, ти зміцнюєш клинок, заряджаючи до двох додаткових рівнів потужності.

Більші вороги дають більше есенції."
loc_stats_special_action_special_attack_combataxe_p1m1_desc,"Хвилеподібний аперкот, що ігнорує зменшення збивання з рівноваги та наносить підвищену силу імпульсу та шкоди проти броньованих ворогів."
loc_stats_special_action_special_attack_combataxe_p2m1_desc,"Швидке комбо, що завдає менше шкоди, але сильніше збиває з рівноваги."
loc_stats_special_action_special_attack_combataxe_p2m2_desc,"Швидке комбо, що завдає менше шкоди, але сильніше збиває з рівноваги."
loc_stats_special_action_special_attack_combataxe_p2m3_desc,"Швидке комбо, що завдає менше шкоди, але сильніше збиває з рівноваги."
loc_stats_special_action_special_attack_combataxe_p3m1_desc,"Швидкий стаб, що ігнорує зменшення збивання з рівноваги. Збільшена сила імпульсу і шкоди проти броньованих ворогів."
loc_stats_special_action_special_attack_combatknife_p1m1_desc,"Швидкий стаб, який завдає невеликої шкоди, але ігнорує зменшення збивання з рівноваги. Хороший початок комбо."
loc_stats_special_action_special_attack_combatsword_p2m1_desc,"Зворотний розруб — початок комбо, що готує ворога до добивального удару."
loc_stats_special_action_special_attack_combatsword_p3m1_desc,Дуже швидкий прямий стаб.
loc_stats_special_action_special_attack_ogryn_club_p1m1_desc,"Потужний удар кулаком, що ігнорує зменшення збивання з рівноваги і готує ворогів до подальших атак."
loc_stats_special_action_special_attack_ogryn_club_p2m1_desc,"Низька шкода, але відносно високий імпульс; ігнорує зменшення збивання з рівноваги."
loc_stats_special_action_special_attack_ogryn_combatblade_p1m1_desc,"Важкий аперкот, що ігнорує зменшення збивання з рівноваги та готує ворогів до наступних атак."
loc_stats_special_action_special_attack_ogryn_gauntlet_p1m1_desc,"Ударити ворога рукавицею, а одразу після цього кинути/активувати гранату."
loc_stats_special_action_special_attack_pickaxe_m1_desc,"Різкий стаб, що завдає великої сили імпульсу."
loc_stats_special_action_special_attack_powermaul_p1m1_desc,Приголомшуй ворогів довгим стабом з високим збиванням з рівноваги. Ефект посилюється при тривалому контакті з ворогом.
loc_stats_special_action_special_attack_powermaul_p2m1_desc,"Завдає посиленої електричної атаки, що оглушує вже уражених електрикою ворогів."
loc_stats_special_action_special_attack_powermaul_shield_p1m1_desc,"Блокування атак заряджає енергію щита. Енергія також поволі накопичується пасивно з часом. Коли накопичено достатньо, Особлива дія споживає її частину та випускає високопотужний електричний спалах, що оглушує та пригнічує ворогів у конусі перед щитом."
loc_stats_special_action_special_bullet_shotgun_p1m1_desc,"Завантажує у зброю одну спеціальну гільзу, що робить наступний постріл із горизонтальним розсіюванням та високим збиванням з рівноваги."
loc_stats_special_action_special_bullet_shotgun_p1m2_desc,"Завантажує один твердий снаряд, що має високу точність, збивання з рівноваги та шкоди."
loc_stats_special_action_special_bullet_shotgun_p1m3_desc,"Завантажує один запальний снаряд, який накладає горіння на ворогів."
loc_stats_special_action_special_bullet_shotgun_p4m2_desc,"Перезаряджає зброю особливим набійником, що надає наступному пострілу властивість Крихкості."
loc_stats_special_action_venting_desc,"Швидко зменшує або перегрів гравця, або перегрів зброї (залежно від персонажа)."
loc_stats_special_action_weapon_powerup_dual_stubpistols_p1_desc,"Вправний пістолетний трюк, що посилює наступний зчеплений постріл."
loc_stay_in_kill_team_caption,Залишитися в ударній групі
loc_stay_in_kill_team_warning,Увага! Це розпустить твою попередню ударну групу
loc_stolen_rations_01_condition ,Відновити або знищити запаси
loc_stolen_rations_01_description,Єретики здійснили напад на конвой постачання.
loc_stolen_rations_01_name,Захоплені запаси
loc_stolen_rations_destroyed_notification,{player_name:%s} знищив {amount:%s}  
loc_stolen_rations_destroyed_team_name,Знищити
loc_stolen_rations_destroyed_won,Голод зламав волю слабких. Принеси їм милосердя Імператора.
loc_stolen_rations_event_stat_trigger_destroy_title_01,Голодні бунти!  
loc_stolen_rations_event_stat_trigger_recover_title_01,Розлючені Оґрини!  
loc_stolen_rations_event_stat_trigger_subtitle,Зіткнутися з наслідками!
loc_stolen_rations_first_round,"Штурмові групи VI-ого Моебіанського вкрали важливі запаси. Їм не можна дозволяти тримати їх у себе. Відновіть або знищіть всі сховища з запасами, які знайдете."
loc_stolen_rations_pickup_medium,Велике сховище запасів
loc_stolen_rations_pickup_small,Сховище запасів
loc_stolen_rations_recovered_notification,{player_name:%s} підібрав {amount:%s}
loc_stolen_rations_recovered_team_name,Повернути
loc_stolen_rations_recovered_won,Запаси були заражені хворобою. Широко поширені повідомлення про озброєних хрипунів та розлючених мутантів.
loc_store_category_display_name_devices,Реліквії
loc_store_category_display_name_emotes,Емоції
loc_store_category_display_name_nameplates,Рамки портрета
loc_store_category_display_name_outfits,Вбрання
loc_store_category_display_name_poses,Стійки
loc_store_category_display_name_weapons,Зброя
loc_store_view_display_name,Убрання коммодора
loc_story_mission_lore_menu_body_text_1,"Слухати уважно, вигнанці! Ми щойно отримали дані від одного з агентів Вирмвуда, засланих у водний картель."
loc_story_mission_lore_menu_body_text_2,"++++закодоване повідомлення Альфа 6++++\n++++відправник: Вирмвуд++++\n” скорботна зоря, це Вирмвуд—\nактивність Моебіанців зростає в житловій зоні HL 18-66\nзбільшені переміщення військ і вантажів\nкілька спостережень близнюків Карнак\nвиявлено ціль пріоритету\nпропоную негайні дії\n”—Вирмвуд кінець—"
loc_story_mission_lore_menu_body_text_3,"Пси Вульфера, близнюки Карнак, здається, провозять стимулятори з Карнавалу через потік. Зрив цього трафіку — пріоритет, і я не бачу кращого способу, ніж ліквідація ватажків."
loc_story_mission_lore_menu_body_text_4,"Ми виявили їхній головний маршрут через житлову зону. Масозі підвезе вас поближче, а далі — ваша справа. Знайдіть цілі і ліквідуйте їх."
loc_story_mission_lore_menu_body_text_5,"Це наша перша справжня можливість завдати вирішального удару єретикам, що осквернили це прекрасне місто. Покажіть тим виродкам ціну їхньої зради. Ви присягалися на вірність ґрендилу та його справі. Ви усі — воїни!"
loc_story_mission_lore_menu_body_text_6,Бийся за родини в житловій зоні.
loc_story_mission_lore_menu_body_text_7,Бийся за славу Імперіуму.
loc_story_mission_lore_menu_body_text_8,Бийся за Імператора!
loc_story_mission_lore_menu_title,Ортуський наступ
loc_story_mission_lore_menu_video_button_text,Дивитись ролик
loc_story_mission_menu_access_button_text,Особливе завдання
loc_story_mission_play_menu_bonus_reward_disclaimer_description,Нагорода за виконання
loc_story_mission_play_menu_button_start_mission,Грати
loc_story_mission_play_menu_button_start_mission,Грати
loc_story_mission_play_menu_difficulty_option_reward_title,Нагорода
loc_story_mission_play_menu_difficulty_options_header,Обрати рівень загрози
loc_story_mission_play_menu_info_button_text,Дізнатись більше
loc_story_mission_play_menu_title,Особливе завдання
loc_subtitle_speaker_format,"{#color(226,199,126)}{speaker:%s}: {#reset()}{subtitle:%s}"
loc_subtitle_speaker_format_player_slot_1,"{#color(226,210,117)}{speaker:%s}: {#reset()}{subtitle:%s}"
loc_subtitle_speaker_format_player_slot_2,"{#color(180,88,108)}{speaker:%s}: {#reset()}{subtitle:%s}"
loc_subtitle_speaker_format_player_slot_3,"{#color(84,172,121)}{speaker:%s}: {#reset()}{subtitle:%s}"
loc_subtitle_speaker_format_player_slot_4,"{#color(126,153,230)}{speaker:%s}: {#reset()}{subtitle:%s}"
loc_subtitle_speaker_format_speakerless,{subtitle:%s}
loc_suppression_objective_1,Пригнічити ворогів
loc_suppression_objective_2,Повністю пригнічити ворога
loc_switch_profile,Змінити профіль
loc_syringe_input_description_aim,Прицілитись стимом
loc_syringe_input_description_cancel,Скасувати прицілювання
loc_syringe_input_description_use_ally,Вколоти
loc_syringe_input_description_use_self,Вколоти собі
loc_system_view_display_name,Меню
loc_tactical_overlay_build_ability,Здібність
loc_tactical_overlay_build_aura,Аура
loc_tactical_overlay_build_blitz,Бліц  
loc_tactical_overlay_build_melee,Основна зброя  
loc_tactical_overlay_build_other,Інше  
loc_tactical_overlay_build_ranged,Додаткова зброя  
loc_tactical_overlay_build_talents_other,Інші таланти  
loc_tactical_overlay_crafting_mat_notification,{player_name:%s} знайшов {amount:%s}
loc_tag_input_description,Позначити ворога
loc_tag_smart_tag,Позначити
loc_tagging,Позначення
loc_tagging_desc,"Небезпечних ворогів можна {#color(216,237,190)}позначити{#reset()}, щоб повідомити команду.\nсвітові {#color(216,237,190)}маркери{#reset()} можна ставити для координації тактики команди."
loc_tagging_objective_1,Позначити Снайпера
loc_tagging_objective_2,Розмістити світовий маркер
loc_talent_ability_adamant_grenade,Граната Арбітра
loc_talent_ability_adamant_grenade_description,"Кинути гранату Арбітра, що вибухає після короткої затримки. {charges:%s} — максимум гранат."
loc_talent_ability_fire_grenade,Граната спалення
loc_talent_ability_fire_grenade_desc,"Кинути гранату, що залишає шар палаючої рідини, яка підпалює і збиває ворогів з рівноваги та перегороджує їхній шлях. Найефективніша проти незахищених ворогів."
loc_talent_ability_krak_grenade,Крак граната
loc_talent_ability_krak_grenade_desc,"Кидок гранати, яка завдає руйнівної шкоди. Прилипає до флак броні, панцерної броні і до непохитних ворогів."
loc_talent_adamant_ability_nuncio_base_desc,"Розгорнути nuncio-aquila у вказаному напрямку.
Союзники в межах {range:%s} м відновлюють {toughness:%s} щитів на секунду, а вороги в межах {range:%s} м отримують {damage_taken:%s} шкоди.
Триває {duration:%s} с. Перезарядка {cooldown:%s} с."
loc_talent_adamant_companion_coherency_desc,Кібер-мастиф враховується в межах єдності загону.  
loc_talent_arbites_mastiff_description,"Тебе супроводжує вірний кібер-мастиф, який автоматично атакує та стрибає на ворогів.  "
loc_talent_arbites_mastiff_target_description,Подвійне натискання (кнопки позначення) спрямовує кібер-мастифа на ціль.  
loc_talent_armor_pen_low,Посилення пробиття
loc_talent_armor_pen_low_desc,{rending:%s} пробиття.
loc_talent_bonebreaker_revive_uninterruptible,Вірний захисник  
loc_talent_bonebreaker_revive_uninterruptible_desc,Отримання шкоди під час відродження або допомоги союзникам більше не перериває дію.  
loc_talent_broker_ability_stimm_field_sub_3,Вправне Розгортання
loc_talent_broker_ability_stimm_field_sub_3_desc,"Щойно Стимм стає доступним для використання (зібраний чи отриманий іншим чином), {stimm_field:%s} негайно стає готовим до розгортання."
loc_talent_cleave_boost_medium,Підсилення розсічення
loc_talent_cleave_boost_medium_desc,{cleave:%s} розсічення.
loc_talent_execution_order_cdr_on_kill_description,{regen:%s} відновлення перезарядження протягом {time:%s}с після вбивства позначеного ворога.
loc_talent_execution_order_command_applies_brittleness_description,Гравець отримує {rending:%s} пробиття на {time:%s}с після вбивства позначеного ворога.
loc_talent_execution_order_crit_description,Отримується {crit_chance:%s} шанс критичного удару та {crit_damage:%s} шкоду критичного удару після вбивства позначеного ворога. Триває {time:%s}с.
loc_talent_execution_order_description,"Періодично позначає елітних, спеціальних та босів для акт милості. Вбивство позначеного ворога відновлює {toughness:%s} щитів.
Кібер-мастиф отримує {dog_damage:%s} шкоди кібер-мастифа на {time:%s}с після атаки по позначеному ворогу. Гравець отримує {damage:%s} шкоду та {attack_speed:%s} швидкість атаки на {time:%s}с після вбивства позначеного ворога."
loc_talent_execution_order_perma_buff,Протокол збереження
loc_talent_execution_order_perma_buff_new_description,Вбивство позначеного ворога надає {damage:%s} шкоду проти монструозних і {damage_red:%s} опір шкоді від монструозних. Максимум {max_stacks:%s} стаків. Діє до завершення місії.
loc_talent_impact_boost_medium,Підсилення удару
loc_talent_impact_boost_medium_desc,{impact:%s} сила імпульсу.
loc_talent_mechanic_exclusive_ability,Вибір цієї здібності блокує всі інші здібності.
loc_talent_mechanic_exclusive_aura,Вибір цієї аури блокує всі інші аури.
loc_talent_mechanic_exclusive_keystone,Вибір цього ключового таланту блокує всі інші ключові таланти.
loc_talent_mechanic_exclusive_tactical,Вибір цього блітцу блокує всі інші блітци.
loc_talent_mechanic_group_unlock,Витратити {total_points:%s} очок талантів у {group_talents_amount:%s} інших талантах.
loc_talent_mechanic_locked,Заблоковано
loc_talent_mechanic_min_unlock_child,Витрачено {total_points:%s} очок талантів.\nзалишилось очок талантів: {points_left:%s}
loc_talent_mechanic_mutually_exclusive,Цей талант заблокує деякі інші таланти.
loc_talent_mechanic_next_level,Наступний рівень
loc_talent_mechanic_unlock_requirement,Вимога для розблокування
loc_talent_melee_damage_boost_low,Підсилення шкоди в ближньому бою
loc_talent_melee_damage_boost_low_desc,{melee_damage:%s} шкоди в ближньому бою.
loc_talent_melee_damage_boost_medium,Підсилення шкоди в ближньому бою
loc_talent_melee_damage_boost_medium_desc,{melee_damage:%s} шкоди в ближньому бою.
loc_talent_melee_heavy_damage_low,Підсилення важких ударів у ближньому бою
loc_talent_melee_heavy_damage_low_desc,{melee_heavy_damage:%s} шкоди важких ударів у ближньому бою.
loc_talent_melee_heavy_damage_medium,Підсилення важких ударів у ближньому бою
loc_talent_melee_heavy_damage_medium_desc,{melee_heavy_damage:%s} шкоди важких ударів у ближньому бою.
loc_talent_menu_action_clear_all_points,Скинути все
loc_talent_menu_popup_clear_all_button_label,Скинути все
loc_talent_menu_popup_clear_all_points_description,Скидання всіх талантів очистить дерево талантів і поверне всі отримані очки талантів.
loc_talent_menu_popup_clear_all_points_title,Скинути всі таланти
loc_talent_menu_tooltip_button_hint_first_level,Активувати
loc_talent_menu_tooltip_button_hint_next_level,Підвищити рівень
loc_talent_menu_tooltip_button_hint_remove_level,Знизити рівень
loc_talent_menu_tooltip_button_hint_remove_level_first,Деактивувати
loc_talent_menu_tutorial_body_1,"Вітання, оперативнику!\n\nперед тобою — огляд твоїх талантів для бойової спеціалізації, де ти формуєш і вдосконалюєш свої навички та техніки. Поринь, експериментуй із різними конфігураціями і створи власну унікальну ідентичність."
loc_talent_menu_tutorial_body_2,"З кожним рівнем довіри ти отримуватимеш нове очко талантів. Очки можна розподіляти між будь-якими доступними талантами в дереві. Ти можеш вільно змінювати свої вибори, експериментуючи з комбінаціями для оптимальної побудови. Однак рухатися можна лише вниз по дереву."
loc_talent_menu_tutorial_body_4,"Усі класи починають із здібності, блітцу та аури. У процесі розвитку ти зможеш посилювати їх або здобувати нові. Ключовий талант додає додатковий рівень стратегічної складності до твого бойового стилю."
loc_talent_menu_tutorial_final_button_label,Почати
loc_talent_menu_tutorial_header_1,Таланти оперативника
loc_talent_menu_tutorial_header_2,Вільне перерозподілення
loc_talent_menu_tutorial_header_4,Бойові таланти
loc_talent_movement_speed_low,Підсилення швидкості руху
loc_talent_movement_speed_low_desc,{movement_speed:%s} швидкості руху.
loc_talent_ogryn_dodge_stagger,Геть з дороги!  
loc_talent_ogryn_dodge_stagger_desc,Ухилення збиває з рівноваги навколишніх неелітних і неспеціалістів — ворогів людського розміру.  
loc_talent_psyker_crits_regen_tougness_and_movement_speed,Відвага  
loc_talent_ranged_damage_low,Підсилення дистанційної шкоди
loc_talent_ranged_damage_low_desc,{ranged_damage:%s} шкода на відстані.
loc_talent_ranged_damage_medium,Підсилення дистанційної шкоди
loc_talent_ranged_damage_medium_desc,{ranged_damage:%s} шкода на відстані.
loc_talent_ranged_enemies_taunt,Шукач уваги
loc_talent_ranged_enemies_taunt_description,Блокування або відштовхування ворогів провокує їх на {duration:%s}с.
loc_talent_reduced_damage_after_dodge,Гарна рівновага
loc_talent_reduced_damage_after_dodge_description,Успішне ухилення надає {damage:%s} зменшення отриманої шкоди на {duration:%s}с.
loc_talent_reload_speed_low,Прискорення перезарядки
loc_talent_reload_speed_low_desc,{reload_speed:%s} швидкість перезарядки.
loc_talent_reload_speed_medium,Прискорення перезарядки
loc_talent_reload_speed_medium_desc,{reload_speed:%s} швидкість перезарядки.
loc_talent_stamina_low,Приріст витривалості
loc_talent_stamina_low_desc,{stamina:%s} витривалість.
loc_talent_stamina_regen_delay,Прискорене відновлення витривалості
loc_talent_stamina_regen_delay_desc,{duration:%s}с скорочення затримки відновлення витривалості
loc_talent_suppression_low,Приріст пригнічення
loc_talent_suppression_low_desc,{suppression:%s} завдане пригнічення.
loc_talent_talent_points,Очко таланту
loc_talent_toughness_boost_low,Збільшення щитів
loc_talent_toughness_boost_low_desc,{toughness:%s} щити.
loc_talent_toughness_boost_medium,Збільшення щитів
loc_talent_toughness_boost_medium_desc,{toughness:%s} щити.
loc_talent_toughness_damage_reduction_low,Зменшення шкоди по щитам
loc_talent_toughness_damage_reduction_low_desc,{toughness:%s} зменшення шкоди по щитам.
loc_talent_toughness_damage_reduction_medium,Зменшення шкоди по щитам
loc_talent_toughness_damage_reduction_medium_desc,{toughness:%s} зменшення шкоди по щитам.
loc_talent_veteran_2_combat_ability,Залповий вогонь  
loc_talent_veteran_cover_peeking,Непримітність  
loc_talent_veteran_cover_peeking_description,Може виглядати з-за укриття під час прицілювання у присіді.  
loc_talent_veteran_elite_kills_grant_ammo_coop,Падальник  
loc_talent_veteran_elite_kills_grant_ammo_coop_cd_desc,"Відновлює {ammo:%s} боєзапас для тебе та союзників у зоні єдності щоразу, коли хтось із вас убиває елітного або спеціалістського ворога. Це може відбуватися не частіше ніж раз на {cooldown:%s}с.  "
loc_talent_veteran_supression_immunity,Рішучий
loc_talent_veteran_supression_immunity_desc,Отримання імунітету до пригнічення.  
loc_talent_view_display_name,Таланти
loc_talent_view_display_name,Таланти
loc_talent_zealot_2_base_3,Воля Імператора  
loc_talent_zealot_2_combat,Кара грішників
loc_talent_zealot_2_combat_description_new,Ривок уперед із відновленням {toughness%s} щитів. Наступний удар у ближньому бою завдає на {damage%s} більше шкоди та гарантовано є критичним ударом.
loc_talent_zealot_aura_toughness_damage_coherency_desc,{damage_reduction:%s} зменшення шкоди по щитах для тебе та союзників у межах єдності.  
loc_talents_button_equip,Оснастити
loc_talents_button_unequip,Зняти
loc_talents_category_coherency_aura,Аура
loc_talents_category_combat,Здібність
loc_talents_category_passive,Знаковий
loc_talents_category_tactical,Бліц
loc_talents_choose_specialization_confirm_choice_button,Підтвердити вибір
loc_talents_choose_specialization_confirm_choice_popup_no,Скасувати
loc_talents_choose_specialization_confirm_choice_popup_text,Хочеш стати {archetype} {specialization}?
loc_talents_choose_specialization_confirm_choice_popup_title,Обери свій клас
loc_talents_choose_specialization_confirm_choice_popup_yes,Обери {specialization}
loc_talents_choose_specialization_hide_details_button_hint,{button_hint} приховати деталі
loc_talents_choose_specialization_show_description_button_hint,{button_hint} опис
loc_talents_choose_specialization_show_details_button_hint,{button_hint} показати деталі
loc_talents_choose_specialization_show_talents_button_hint,{button_hint} інформація
loc_talents_menu_new,Нове!
loc_talents_view_display_name,Таланти
loc_term_glossary_dlc,DLC
loc_text_short_day,{number}д
loc_text_short_hour,{number}г
loc_text_short_minute,{number}хв
loc_text_short_second,{number}с
loc_text_util_time_left_1_day,1 день
loc_text_util_time_left_1_hour,1 година
loc_text_util_time_left_1_minute,1 хвилина
loc_text_util_time_left_1_second,1 секунда
loc_text_util_time_left_days,{number} днів
loc_text_util_time_left_days,{number} днів  
loc_text_util_time_left_delimiter,"{major_time_unit}, {minor_time_unit}"
loc_text_util_time_left_hours,{number} годин
loc_text_util_time_left_hours,{number} годин  
loc_text_util_time_left_minutes,{number} хвилин
loc_text_util_time_left_seconds,{number} секунд
loc_tg_armor_heavy_attack,Сильна атака
loc_tg_attack_chain_heavy,Сильні атаки можна поєднувати в серію.\nлегкі та сильні атаки можна комбінувати разом у серію.
loc_tg_attack_chain_light,Повторювані швидкі атаки з’єднуються в серію. Ланцюгові атаки мають різні кути ударів і властивості шкоди.
loc_tg_exit_training_grounds,Покинути псайканіум
loc_tg_input_description_melee_heavy_attack,Сильна атака
loc_tg_input_description_melee_light_attack,Легка атака
loc_tg_input_description_melee_special_force_sword,Зарядити меч
loc_tg_push_follow,Наступна атака (під час блокування)
loc_tg_toughness_damage_objective_1,Отримати шкоди по щитам
loc_tg_toughness_damage_objective_2,Повністю втратити щити
loc_tg_toughness_damage_objective_3,Отримати шкоди по здоров’ю
loc_tg_weapon_special_chainsword,Завести ланцюговий меч
loc_tg_weapon_special_chainsword_active,Евісцерувати
loc_tg_weapon_special_combatblade,Аперкот
loc_title,Титул
loc_title_achievement_001_desc,"Ти вже вправно орієнтуєшся у лабіринтовій мережі транзитних шляхів і сервісних шахт, що в’ються крізь вулик, мов жили й артерії крізь живе тіло."
loc_title_achievement_001_female,Дослідниця
loc_title_achievement_001_male,Дослідник
loc_title_achievement_002_desc,Численні успішні місії в металфаб-36 змусили тебе чути дзвін молотів і скрегіт механізмів навіть уві сні. У ті миті ти уявляєш таке просте життя. Це приємно.
loc_title_achievement_002_female,Перша керівниця варти
loc_title_achievement_002_male,Перший керівник варти
loc_title_achievement_003_desc,"Піски пісочного годинника поглинули чимало ударних груп. Ймовірно, від нескінченних орд мерзотних культистів, що заражають те місце не легше. Тобі ж там, у сухій гробниці, незвично затишно. Лише не стань одним із місцевих!"
loc_title_achievement_003_female,Кочівниця
loc_title_achievement_003_male,Кочівник
loc_title_achievement_004_desc,"Водний картель давно тримає у зашморгу потік. У них так багато пальців стількох пирогах, що вони практично санкціонована організація на даний момент. Схоже, ти вже став упізнаваним обличчям. Продовжуй працювати з цими контактами і тримай Ранніка в курсі будь-яких подій."
loc_title_achievement_004_female,Кібер-сокіл  
loc_title_achievement_004_male,Кібер-сокіл  
loc_title_achievement_005_desc,"Пилові стоси кличуть тебе. Більше знань, ніж можна прочитати за десятки життів, зберігається тут для нащадків. Скрегіт серво-механізмів, ледь чутне відлуння архівного хору й невпинне дряпання авто-пер підносять тебе до спокою."
loc_title_achievement_005_female,Мудра Архівуму  
loc_title_achievement_005_male,Мудрець Архівуму  
loc_title_achievement_006_desc,"Судячи з твоїх записів, тебе завжди тягнуло до неприємностей, тож не дивно, що ти віддаєш перевагу Карнавалу. Лише не довіряй місцевим. 6-ий Моебіанський в тому районі виглядає надто добре забезпеченою, як на мій смак."
loc_title_achievement_006_female,Володарка арени 
loc_title_achievement_006_male,Володар арени 
loc_title_achievement_102_desc,Отримується за проходження 10 послідовних місій Вихору Хаосу без загибелі.
loc_title_achievement_102_female,Переживша вихор Хаосу
loc_title_achievement_102_male,Переживший вихор Хаосу
loc_title_achievement_103_desc,Отримується за проходження прологу гри.
loc_title_achievement_103_female,Вигнанка
loc_title_achievement_103_male,Вигнанець
loc_title_achievement_104_female,Зразок святості
loc_title_achievement_104_male,Зразок святості
loc_title_achievement_112,Починаючий дознавач
loc_title_achievement_112_desc,Титул за виконання 1000 місій.
loc_title_achievement_112_female,Шукач Міністоруму
loc_title_achievement_112_male,Починаючий дознавач
loc_title_achievement_113,Чумоборець
loc_title_achievement_113_desc,Титул за знищення 1 000 000 ворогів.
loc_title_achievement_113_female,Чумоборниця
loc_title_achievement_113_male,Чумоборець
loc_title_achievement_114,Кований божевіллям
loc_title_achievement_114_desc,Титул за досягнення 40-го рангу режиму божевілля.
loc_title_achievement_114_female,Кована божевіллям
loc_title_achievement_114_male,Кований божевіллям
loc_title_achievement_115,Справжній уцілілий
loc_title_achievement_115_desc,Титул за завершення рангу 35 режиму божевілля без жодного поваленого союзника.
loc_title_achievement_115_female,Справжня уціліла
loc_title_achievement_115_male,Справжній уцілілий
loc_title_achievement_116,Поборник божевілля
loc_title_achievement_116_desc,Титул за допомогу 100 гравцям у вдосконаленні їхнього рангу.
loc_title_achievement_116_female,Поборниця божевілля
loc_title_achievement_116_male,Поборник божевілля
loc_title_achievement_119_desc,Зібрати всі ехо пам’яті сефоні.
loc_title_creator_01,Творець контенту
loc_title_creator_01_female,Творець контенту
loc_title_creator_01_male,Творець контенту
loc_title_default,Без титулу
loc_title_default_description,Нічого
loc_title_developer_exclusive,Кархадон гаргантюа
loc_title_developer_exclusive_female,Кархадон гаргантюа
loc_title_developer_exclusive_male,Кархадон гаргантюа
loc_title_penance_track_001_desc,"Початок твоєї подорожі скромний, але святий бачить твої вчинки."
loc_title_penance_track_001_female,Служка міністоруму
loc_title_penance_track_001_male,Служка міністоруму
loc_title_penance_track_002_desc,"Справді, твій шлях розпочався. Месселіна з тобою. Шукай її ворогів і принеси їм її праведний гнів."
loc_title_penance_track_002_female,Шукач міністоруму
loc_title_penance_track_002_male,Шукач міністоруму
loc_title_penance_track_003_desc,"Твої вчинки говорять про захисника. Того, хто ризикне всім, аби боронити цінності нашого Імперіуму."
loc_title_penance_track_003_female,Захисник міністоруму
loc_title_penance_track_003_male,Захисник міністоруму
loc_title_penance_track_004_desc,"Міцний розум необхідний, коли стикаєшся зі слугами заклятого ворога. Обороняй свої думки. Завжди будь насторожі перед спокусами, що ведуть до прокляття."
loc_title_penance_track_004_female,Вартова міністоруму
loc_title_penance_track_004_male,Вартовий міністоруму
loc_title_screen_signing_in,++ ОБРОБКА ІНКВІЗИТОРСЬКОГО ДОСТУПУ ++
loc_title_view_input_description,Натиснути {input:%s} для продовження
loc_toughness_damage_tutorial,Щити
loc_toughness_damage_tutorial_desc,"Атаки ворогів спершу завдають шкоди твоїм {#color(216,237,190)}щитам{#reset()}. Коли {#color(216,237,190)}щити{#reset()} зламані, шкода починає проходити по твоєму здоров’ю.\n\nдодатково, атаки ворогів будуть {#color(216,237,190)}збивати з ніг{#reset()} і {#color(216,237,190)}приголомшувати{#reset()} тебе, у випадку якщо в тебе немає {#color(216,237,190)}щитів{#reset()}."
loc_toughness_objective_1,Відновити щити убивствами в ближньому бою
loc_toughness_objective_2,Відновити щити через єдність загону
loc_toughness_tutorial,Відновлення щитів
loc_toughness_tutorial_desc,"Убивства ворогів у ближньому бою відновлюють {#color(216,237,190)}щити{#reset()}.\nкожен союзник поруч також дарує відновлення {#color(216,237,190)}щитів{#reset()}."
loc_training_ground_dodge_description,Ухилення (під час руху в бік)
loc_training_ground_move_backward_description,Відхід назад
loc_training_ground_move_left_description,Рух ліворуч
loc_training_ground_move_right_description,Рух праворуч
loc_training_ground_view,Псайканіум
loc_training_grounds_choice_body,"Рекомендується продовжити навчання, але це не обов’язково.\nдо псайканіуму завжди можна отримати доступ із скорботної зорі."
loc_training_grounds_choice_continue,Додаткове навчання
loc_training_grounds_choice_header_advanced,Продовжити навчання?
loc_training_grounds_choice_quit,Вийти
loc_training_grounds_claimed_rewards,Ти вже отримав ці нагороди.
loc_training_grounds_force_down,Прийняти милість Імператора
loc_training_grounds_rewards_title,Нагороди
loc_training_grounds_start_training,Розпочати базове навчання
loc_training_grounds_training_end_desc,"Це кінець твого додаткового навчання — тепер гравець знає все необхідне, щоб вижити на Тертіумі."
loc_training_grounds_view_advanced_body_text,"Додаткове навчання навчає розширених бойових технік.\n\nхоча це навчання не є обов’язковим, записи показують, що оперативники, які його проходили, діяли ефективніше в польових умовах.\n\nі до речі жили довше."
loc_training_grounds_view_advanced_header_text,Додаткове навчання
loc_training_grounds_view_advanced_sub_header_text,Приблизний час 5-10 хвилин
loc_training_grounds_view_basic_body_text,Базове навчання — обов’язкове для кожного оперативника.\n\nпісля його проходження гравець отримує доступ до терміналу місій та стандартного спорядження.
loc_training_grounds_view_basic_header_text,Базове тренування
loc_training_grounds_view_basic_sub_header_text,Приблизний час 2-5 хвилин
loc_training_grounds_view_display_name,Псайканіум
loc_training_grounds_view_intro_description,Яке навчання може надати сефоні? Давай швидше.
loc_training_grounds_view_intro_title,Псайканіум
loc_training_grounds_view_option_enter,Увійти
loc_training_grounds_view_shooting_range_body_text,"Гравець має ознайомитися зі своїм спорядженням, щоб виходити в бій на стільки підготовленим, на скільки належить воїну. Шкода лише, що ці єретики не відчувають болю."
loc_training_grounds_view_shooting_range_sub_header_text,Оцінка спорядження і тренування стрільби
loc_training_grounds_view_shooting_range_text,М'ясорубка
loc_trait_display_armor_pierce_perk,Wip риса: пробиття броні
loc_trait_display_autogun_p1_m1_ammo_perk,Wip риса: автогвинтівка — боєзапас
loc_trait_display_autogun_p1_m1_dps_perk,Wip риса: автогвинтівка — шкода за секунду
loc_trait_display_autogun_p1_m1_mobility_perk,Wip риса: автогвинтівка — рухливість
loc_trait_display_autogun_p1_m1_power_perk,Wip риса: автогвинтівка — потужність
loc_trait_display_autogun_p1_m1_stability_perk,Wip риса: автогвинтівка — стійкість
loc_trait_display_chainsword_p1_m1_armor_pierce_perk,Wip риса: ланцюгомеч — пробиття броні
loc_trait_display_chainsword_p1_m1_dps_perk,Wip риса: ланцюгомеч — шкода за секунду
loc_trait_display_chainsword_p1_m1_finesse_perk,Wip риса: ланцюгомеч — майстерність
loc_trait_display_chainsword_p1_m1_first_target_perk,Wip риса: ланцюгомеч — перший цільовий удар
loc_trait_display_chainsword_p1_m1_mobility_perk,Wip риса: ланцюгомеч — рухливість
loc_trait_display_combataxe_p1_m1_armor_pierce_perk,Wip риса: бойова сокира — пробиття броні
loc_trait_display_combataxe_p1_m1_dps_perk,Wip риса: бойова сокира — шкода за секунду
loc_trait_display_combataxe_p1_m1_finesse_perk,Wip риса: бойова сокира — майстерність
loc_trait_display_combataxe_p1_m1_first_target_perk,Wip риса: бойова сокира — перший цільовий удар
loc_trait_display_combataxe_p1_m1_mobility_perk,Wip риса: бойова сокира — рухливість
loc_trait_display_combatknife_p1_m1_armor_pierce_perk,Wip риса: бойовий ніж — пробиття броні
loc_trait_display_combatknife_p1_m1_dps_perk,Wip риса: бойовий ніж — шкода за секунду
loc_trait_display_combatknife_p1_m1_finesse_perk,Wip риса: бойовий ніж — майстерність
loc_trait_display_combatknife_p1_m1_first_target_perk,Wip риса: бойовий ніж — перший цільовий удар
loc_trait_display_combatknife_p1_m1_mobility_perk,Wip риса: бойовий ніж — рухливість
loc_trait_display_combatsword_p1_m1_cleave_damage_perk,Wip риса: бойовий меч — розтин уражень
loc_trait_display_combatsword_p1_m1_cleave_targets_perk,Wip риса: бойовий меч — розтин цілей
loc_trait_display_combatsword_p1_m1_dps_perk,Wip риса: бойовий меч — шкода за секунду
loc_trait_display_combatsword_p1_m1_finesse_perk,Wip риса: бойовий меч — майстерність
loc_trait_display_combatsword_p1_m1_mobility_perk,Wip риса: бойовий меч — рухливість
loc_trait_display_dps_perk,Wip риса: перк — шкода за секунду
loc_trait_display_finesse_perk,Wip риса: вправність
loc_trait_display_flamer_p1_m1_ammo_perk,Wip риса: вогнемет — набої
loc_trait_display_flamer_p1_m1_burninating_perk,Wip риса: вогнемет — пекельне горіння
loc_trait_display_flamer_p1_m1_damage_perk,Wip риса: вогнемет — шкода
loc_trait_display_flamer_p1_m1_mobility_perk,Wip риса: вогнемет — рухливість
loc_trait_display_flamer_p1_m1_range_perk,Wip риса: вогнемет — дальність
loc_trait_display_flamer_p1_m1_spread_angle_perk,Wip риса: вогнемет — кут розпилу
loc_trait_display_forcestaff_p1_m1_charge_speed_perk,Wip риса: псайк-посох — швидкість заряду
loc_trait_display_forcestaff_p1_m1_dps_perk,Wip риса: псайк-посох — шкода за секунду
loc_trait_display_forcestaff_p1_m1_explosion_size_perk,Wip риса: псайк-посох — радіус вибуху
loc_trait_display_forcestaff_p1_m1_warp_charge_cost_perk,Wip риса: псайк-посох — вартість заряду варпу
loc_trait_display_forcesword_p1_m1_dps_perk,Wip риса: псайк-меч — шкода за секунду
loc_trait_display_forcesword_p1_m1_finesse_perk,Wip риса: псайк-меч — майстерність
loc_trait_display_forcesword_p1_m1_first_target_perk,Wip риса: псайк-меч — перший цільовий удар
loc_trait_display_forcesword_p1_m1_mobility_perk,Wip риса: псайк-меч — рухливість
loc_trait_display_forcesword_p1_m1_warp_charge_cost_perk,Wip риса: псайк-меч — вартість заряду варпу
loc_trait_display_lasgun_p1_m1_ammo_perk,Wip риса: лазґвинтівка — набої
loc_trait_display_lasgun_p1_m1_ammo_stat,Wip лазґвинтівка — статистика боєзапасу
loc_trait_display_lasgun_p1_m1_dps_perk,Wip риса: лазґвинтівка — шкода за секунду
loc_trait_display_lasgun_p1_m1_dps_stat,Wip лазґвинтівка — статистика шкоди за секунду
loc_trait_display_lasgun_p1_m1_mobility_perk,Wip риса: лазґвинтівка — рухливість
loc_trait_display_lasgun_p1_m1_mobility_stat,Wip лазґвинтівка — статистика рухливості
loc_trait_display_lasgun_p1_m1_power_perk,Wip риса: лазґвинтівка — потужність
loc_trait_display_lasgun_p1_m1_power_stat,Wip лазґвинтівка — статистика потужності
loc_trait_display_lasgun_p1_m1_stability_perk,Wip риса: лазґвинтівка — стійкість
loc_trait_display_lasgun_p1_m1_stability_stat,Wip лазґвинтівка — статистика стійкості
loc_trait_display_mobility_perk,Wip риса: рухливість
loc_trait_display_ogryn_gauntlet_p1_m1_ammo_perk,Wip риса: ґонтлет — набої
loc_trait_display_ogryn_gauntlet_p1_m1_dps_perk,Wip риса: ґонтлет — шкода за секунду
loc_trait_display_ogryn_gauntlet_p1_m1_explosion_antiarmor_perk,Wip риса: ґонтлет — вибухове пробиття броні
loc_trait_display_ogryn_gauntlet_p1_m1_explosion_damage_perk,Wip риса: ґонтлет — вибухова шкода
loc_trait_display_ogryn_gauntlet_p1_m1_explosion_size_perk,Wip риса: ґонтлет — радіус вибуху
loc_trait_display_ogryn_thumper_p1_m2_ammo_perk,Wip риса: трамплер — набої
loc_trait_display_ogryn_thumper_p1_m2_explosion_antiarmor_perk,Wip риса: трамплер — вибухове пробиття броні
loc_trait_display_ogryn_thumper_p1_m2_explosion_damage_perk,Wip риса: трамплер — вибухова шкода
loc_trait_display_ogryn_thumper_p1_m2_explosion_size_perk,Wip риса: трамплер — радіус вибуху
loc_trait_display_powersword_p1_m1_cleave_damage_perk,Wip риса: енергомеч — розтин уражень
loc_trait_display_powersword_p1_m1_cleave_targets_perk,Wip риса: енергомеч — розтин цілей
loc_trait_display_powersword_p1_m1_dps_perk,Wip риса: енергомеч — шкода за секунду
loc_trait_display_powersword_p1_m1_finesse_perk,Wip риса: енергомеч — майстерність
loc_trait_display_powersword_p1_m1_mobility_perk,Wip риса: енергомеч — рухливість
loc_trait_display_shotgun_p1_m1_ammo_perk,Wip риса: дробовик — боєзапас
loc_trait_display_shotgun_p1_m1_dps_perk,Wip риса: дробовик — шкода за секунду
loc_trait_display_shotgun_p1_m1_mobility_perk,Wip риса: дробовик — рухливість
loc_trait_display_shotgun_p1_m1_power_perk,Wip риса: дробовик — потужність
loc_trait_display_shotgun_p1_m1_stability_perk,Wip риса: дробовик — стійкість
loc_trait_display_thumper_p1_m2_mobility_perk,Wip риса: трамплер — рухливість
loc_trait_display_thunderhammer_p1_m1_armor_pierce_perk,Wip риса: громомолот — пробиття броні
loc_trait_display_thunderhammer_p1_m1_control_perk,Wip риса: громомолот — контроль
loc_trait_display_thunderhammer_p1_m1_defence_perk,Wip риса: громомолот — захист
loc_trait_display_thunderhammer_p1_m1_dps_perk,Wip риса: громомолот — перк шкоди за секунду
loc_trait_display_thunderhammer_p1_m1_first_target_perk,Wip риса: громомолот — перший цільовий удар
loc_tutorial_prologue_block_desc,"Утримувати {#color(216,237,190)}$INGAME_INPUT:action_two_pressed${#reset()} щоб блокувати зброєю ближнього бою"
loc_tutorial_prologue_block_header,Блокування
loc_tutorial_prologue_comm_bead_desc,Мережа Вокс під’єднана
loc_tutorial_prologue_comm_bead_header,Підібрано комбідів
loc_tutorial_prologue_jump_desc,"Натиснути {#color(216,237,190)}$INGAME_INPUT:jump${#reset()} щоб стрибнути"
loc_tutorial_prologue_jump_header,Стрибок
loc_tutorial_prologue_melee_desc,"Натиснути {#color(216,237,190)}$INGAME_INPUT:action_one_pressed${#reset()} щоб атакувати"
loc_tutorial_prologue_melee_header,Ближній бій
loc_tutorial_prologue_melee_heavy_desc,"Утримувати {#color(216,237,190)}$INGAME_INPUT:action_one_pressed${#reset()} щоб зарядити потужну атаку"
loc_tutorial_prologue_movement_desc,"Використати {#color(216,237,190)}$INGAME_INPUT:keyboard_move_forward$$INGAME_INPUT:keyboard_move_left$$INGAME_INPUT:keyboard_move_backward$$INGAME_INPUT:keyboard_move_right$$INGAME_INPUT:move_controller${#reset()} щоб рухатися"
loc_tutorial_prologue_movement_header,Рух
loc_tutorial_prologue_ranged_desc,"{#color(216,237,190)}$INGAME_INPUT:action_one_pressed${#reset()} щоб атакувати. Утримувати {#color(216,237,190)}$INGAME_INPUT:action_two_pressed${#reset()} щоб прицілитись."
loc_tutorial_prologue_ranged_header,Бій на відстані
loc_tutorial_prologue_sprint_desc,"Утримуй {#color(216,237,190)}$INGAME_INPUT:sprint${#reset()} під час руху, щоб бігти риссю."
loc_tutorial_prologue_sprint_header,Спринт
loc_tutorial_prologue_switch_desc,"Натиснути {#color(216,237,190)}$INGAME_INPUT:quick_wield${#reset()} щоб перемикатися між зброєю ближнього і дальнього бою"
loc_tutorial_prologue_switch_header,Перемикання зброї
loc_tutorial_weapons_text_03,"Уся зброя однієї моделі (mk) має однакову базову поведінку. Втім, кожна одиниця має п’ять додаткових показників, що діють як множники, роблячи зброю сильнішою (або слабшою) за інші зразки тої самої моделі."
loc_twin_darkness_event_condition,"Виконуй місії, шукаючи та знищуючи могутнього ворога, що ховається в темряві."
loc_twin_darkness_event_description,"Перебої з енергією охопили сектори вулика. Ще гірше — надходять повідомлення про когось чи щось, що блукає у пітьмі. Гравцю належить спуститися туди і навести лад."
loc_twin_darkness_event_name,Вісник докору
loc_unselect,Скасувати вибір
loc_untag_smart_tag,Скасувати
loc_user_signin_failed_desc,Не вдалося завантажити профіль гравця
loc_utility_input_description,Оснастити мед-пак або ящик набої
loc_vendor_purchase_button,Отримати
loc_vendor_view_title,Обмін в арсеналі
loc_veteran_career_01_lvl_01_full_set_03,Каральний однострій м’ясного щита
loc_veteran_career_01_lvl_01_full_set_04,Вартовий однострій м’ясного щита
loc_veteran_career_01_lvl_02_full_set_03,Каральний однострій вцілілого
loc_veteran_career_01_lvl_02_full_set_04,Вартовий однострій вцілілого
loc_veteran_career_02_lvl_01_full_set_02,Денний однострій руки-базуки
loc_veteran_career_02_lvl_01_full_set_03,Каральний однострій руки-базуки
loc_veteran_career_02_lvl_01_full_set_04,Вартовий однострій руки-базуки
loc_veteran_career_02_lvl_01_full_set_05,Парадний однострій руки-базуки
loc_veteran_career_02_lvl_02_full_set_02,Денний однострій пістольєра
loc_veteran_career_02_lvl_02_full_set_03,Каральний однострій пістольєра
loc_veteran_career_02_lvl_02_full_set_04,Вартовий однострій пістольєра
loc_veteran_career_02_lvl_02_full_set_05,Парадний однострій пістольєра
loc_veteran_career_02_lvl_03_full_set_02,Денний однострій стрільця
loc_veteran_career_02_lvl_03_full_set_03,Каральний однострій стрільця
loc_veteran_career_02_lvl_03_full_set_04,Вартовий однострій стрільця
loc_veteran_career_02_lvl_03_full_set_05,Парадний однострій стрільця
loc_veteran_career_02_lvl_04_full_set_03,Каральний однострій влучного ока
loc_veteran_career_02_lvl_04_full_set_04,Вартовий однострій влучного ока
loc_veteran_career_02_lvl_05_full_set_02,Денний однострій смертельного пострілу
loc_veteran_career_02_lvl_05_full_set_03,Каральний однострій смертельного пострілу
loc_victory_sub_title,Імператор захищає
loc_victory_title,Перемога
loc_view_back,Назад
loc_view_close,Закрити
loc_vsync,Vsync
loc_vsync_mouseover,"Vsync запобігає розривам зображення, синхронізуючи гру з частотою оновлення дисплея. Може спричиняти проблеми з відгуком керування при нестабільній частоті кадрів."
loc_wait_reason_backend,З'єднання з хостом
loc_wait_reason_dedicated_server,З'єднання з хостом
loc_wait_reason_other_player,Очікування інших гравців
loc_wait_reason_read_from_disk,Зчитування даних з диску
loc_wait_reason_store,З’єднання з магазином Fatshark
loc_wallet_merge_account_wallets,Гаманець облікового запису
loc_wallet_merge_character_wallets,Гаманці персонажів
loc_wallet_merge_desc,"Створено новий гаманець, прив’язаний до облікового запису, який замінює індивідуальні гаманці персонажів. Обліковий гаманець об’єднує валюти і ресурси між усіма персонажами, створеними в Darktide, включно з Орденськими докетами, злитками, пластосталлю та діамантином."
loc_wallet_merge_receipt_desc,Передача валюти до облікового гаманця виконана успішно. Для зручності вище наведено інформацію про попередній баланс гаманців персонажів і результат переказу до облікового гаманця.
loc_wallet_merge_receipt_title,Результати рахунку облікового запису
loc_wallet_merge_title,Гаманець облікового запису
loc_wallet_merge_total,Додано до облікового запису
loc_weakened_monster_prefix,{breed:%s} (ослаблений)
loc_weapon_action_title_heavy,Сильна атака
loc_weapon_action_title_light,Легка атака
loc_weapon_action_title_primary,Основна дія
loc_weapon_action_title_secondary,Додаткова дія
loc_weapon_action_title_special,Особлива дія
loc_weapon_cosmetic_empty,Стандартний зовнішній вигляд
loc_weapon_cosmetics_title_skins,Зовнішній вигляд
loc_weapon_cosmetics_title_trinkets,Талісмани
loc_weapon_details_body,Тіло
loc_weapon_details_crit,Критичний
loc_weapon_details_crit_hs,Критичне слабке місце
loc_weapon_details_weakspot,Слабке місце
loc_weapon_inventory_customize_button,Зовнішній вигляд
loc_weapon_inventory_equip_button,Оснастити
loc_weapon_inventory_equipped_button,Оснащено
loc_weapon_inventory_inspect_button,Оглянути
loc_weapon_inventory_perks_title_text,Перки
loc_weapon_inventory_traits_title_text,Благословення
loc_weapon_keyword_accurate,Точний
loc_weapon_keyword_accurate_mouseover,"Поліпшене прицілювання, що винагороджує ретельний вибір цілей і ощадні постріли."
loc_weapon_keyword_armor_piercing,Бронебійний
loc_weapon_keyword_burst,Стрільба чергою
loc_weapon_keyword_charged_attack,Заряджена атака
loc_weapon_keyword_charged_attack_mouseover,"Цю зброю можна зарядити, щоб завдати потужнішого удару. Що вищий рівень заряду — то більша завдана шкода."
loc_weapon_keyword_chem,Хімікати
loc_weapon_keyword_chem_mouseover,"Накладає різні форми ослаблень і тривалих ефектів шкоди на ворогів, уражених атаками цією зброєю."
loc_weapon_keyword_close_combat,Ближній бій
loc_weapon_keyword_close_combat_mouseover,"Зброя, створена для бою в тісноті."
loc_weapon_keyword_crowd_control,Контроль натовпу
loc_weapon_keyword_crowd_control_mouseover,Підвищена ефективність проти ворожих орд — дозволяє швидко знищувати або пригнічувати велику кількість противників одночасно.  
loc_weapon_keyword_delayed_detonation,Вибух із затримкою
loc_weapon_keyword_delayed_detonation_mouseover,"Вибуховий снаряд, що не детонує при зіткненні, даючи змогу здійснювати рикошетні постріли й кидки з таймером."
loc_weapon_keyword_explosive,Вибуховий
loc_weapon_keyword_explosive_mouseover,"Снаряд, що вибухає руйнівним осередком."
loc_weapon_keyword_fast_attack,Шквал
loc_weapon_keyword_fast_attack_mouseover,Покращена швидкість атаки під час ближнього бою.  
loc_weapon_keyword_heavy_charge,Нестримний
loc_weapon_keyword_heavy_charge_mouseover,"Режим важкого зарядженого удару, повільний у підготовці, але нищівний за результАтом."
loc_weapon_keyword_high_ammo_count,Висока ємність
loc_weapon_keyword_high_ammo_count_mouseover,Дальнобійна зброя зі збільшеним запасом набоїв.
loc_weapon_keyword_high_cleave,Розсічний удар
loc_weapon_keyword_high_damage,Висока шкода
loc_weapon_keyword_high_damage_mouseover,Високопотужна зброя зі значно підвищеною шкодою.
loc_weapon_keyword_mobile,Мобільний
loc_weapon_keyword_mobile_mouseover,"Легка, універсальна зброя з поліпшеною точністю під час руху."
loc_weapon_keyword_multi_purpose,Багатоцільовий
loc_weapon_keyword_multi_purpose_mouseover,"Цю зброю можна застосовувати як у ближньому бою, так і для завдання потужних дальніх ударів."
loc_weapon_keyword_ninja_fencer,Убивця
loc_weapon_keyword_piercing_shots,Проникні постріли
loc_weapon_keyword_piercing_shots_mouseover,Постріли цієї зброї ефективні проти Броні.
loc_weapon_keyword_power_weapon,Силова зброя
loc_weapon_keyword_power_weapon_mouseover,Особлива дія зброї надає їй додаткову ефективність при наступному ударі.  
loc_weapon_keyword_rapid_fire,Швидкострільний
loc_weapon_keyword_rapid_fire_mouseover,"Дальнобійна зброя, що жертвує точністю заради високої швидкості стрільби."
loc_weapon_keyword_sawing,Спустошення
loc_weapon_keyword_shock_weapon,Шок
loc_weapon_keyword_shock_weapon_mouseover,"Зброя, що б’є електрикою та здатна оглушувати ворогів."
loc_weapon_keyword_smiter,Поверження
loc_weapon_keyword_smiter_mouseover,"Використання найбільшого, найпотужнішого удару, створеного для знищення найміцніших цілей, яких інакше не здолати."
loc_weapon_keyword_spray_n_pray,Потік
loc_weapon_keyword_spray_n_pray_mouseover,Ідеальна для косіння орд ворогів і контролю великих секторів бойової арени щільністю вогню.
loc_weapon_keyword_spread_shot,Дробовий постріл
loc_weapon_keyword_spread_shot_mouseover,"Ефект дробового розсіювання, що створює конусоподібну зону ураження."
loc_weapon_keyword_thunder_hammer,Розгромний
loc_weapon_keyword_versatile,Універсальний
loc_weapon_keyword_versatile_mouseover,"Загалом ефективна проти більшості ворогів, але поступається спеціалізованій зброї проти окремих цілей."
loc_weapon_keyword_very_fast_attack,Швидкоудар
loc_weapon_keyword_warp_weapon,Силова зброя
loc_weapon_keyword_warp_weapon_mouseover,Ця зброя черпає силу з Варпу і за певних умов накопичує перегрів.
loc_weapon_pattern_name_autogun_p1,Піхотний автомат
loc_weapon_pattern_name_autogun_p2,Упірний автомат
loc_weapon_pattern_name_autogun_p3,Автомат «Мисливець за головами»
loc_weapon_pattern_name_autopistol_p1,Автопістолет «Шредер»
loc_weapon_pattern_name_bolter_p1,Проривний болтер
loc_weapon_pattern_name_chainaxe_p1,Штурмова ланцюгова сокира
loc_weapon_pattern_name_chainsword_2h_p1,Важкий евісцератор
loc_weapon_pattern_name_chainsword_p1,Штурмовий ланцюговий меч
loc_weapon_pattern_name_combataxe_p1,Бойова сокира
loc_weapon_pattern_name_combataxe_p2,Тактична сокира
loc_weapon_pattern_name_combataxe_p3,Саперна лопата
loc_weapon_pattern_name_combatknife_p1,Бойовий ніж
loc_weapon_pattern_name_combatsword_p1,Бойовий меч
loc_weapon_pattern_name_combatsword_p2,Важкий меч
loc_weapon_pattern_name_combatsword_p3,Дуельний меч
loc_weapon_pattern_name_flamer_p1,Вогнемет очищення
loc_weapon_pattern_name_forcestaff_p1,Силовий посох травми
loc_weapon_pattern_name_forcestaff_p2,Силовий посох очищення
loc_weapon_pattern_name_forcestaff_p3,Силовий посох сплеску
loc_weapon_pattern_name_forcestaff_p4,Силовий посох удару порожнечі
loc_weapon_pattern_name_forcesword_p1,Силовий меч полум’я
loc_weapon_pattern_name_lasgun_p1,Піхотна лазгвинтівка
loc_weapon_pattern_name_lasgun_p2,Лазгвинтівка пеклобій
loc_weapon_pattern_name_lasgun_p3,Лазгвинтівка розвідника
loc_weapon_pattern_name_laspistol_p1,Важкий лазпістолет
loc_weapon_pattern_name_ogryn_club_p1,Польова лопата
loc_weapon_pattern_name_ogryn_club_p2,Довбня хулігана
loc_weapon_pattern_name_ogryn_combatblade_p1,Тесак
loc_weapon_pattern_name_ogryn_gauntlet_p1,ГранАтометна рукавиця
loc_weapon_pattern_name_ogryn_heavystubber_p1,Спарений важкий кулемет
loc_weapon_pattern_name_ogryn_powermaul_p1,Силовий буздиган
loc_weapon_pattern_name_ogryn_powermaul_slabshield_p1,Бойовий буздиган і панцерний щит
loc_weapon_pattern_name_ogryn_rippergun_p1,Різник
loc_weapon_pattern_name_ogryn_thumper_p1_m1,Відбійник
loc_weapon_pattern_name_ogryn_thumper_p1_m2,Громовержець
loc_weapon_pattern_name_plasmagun_p1,Плазмопушка
loc_weapon_pattern_name_powermaul_2h_p1,Силовий буздиган
loc_weapon_pattern_name_powermaul_p1,Шоковий буздиган
loc_weapon_pattern_name_powersword_p1,Силовий меч
loc_weapon_pattern_name_shotgun_p1,Бойовий дробовик
loc_weapon_pattern_name_stubrevolver_p1,Блискавичний пороховий револьвер
loc_weapon_pattern_name_thunderhammer_2h_p1,Громовий молот
loc_weapon_progression_mastery,Майстерність зброї
loc_weapon_special,Особлива атака
loc_weapon_special_activate,Активувати
loc_weapon_special_bayonet,Багнетна атака
loc_weapon_special_defensive_stance,Захисна стійка
loc_weapon_special_defensive_stance_desc,"Встромити панцерний щит у землю та перейти в захисну стійку, здатну витримати всі атаки, окрім найпотужніших."
loc_weapon_special_desc,"Деякі види зброї мають потужну {#color(216,237,190)}особливу атаку{#reset()}. Інші мають {#color(216,237,190)}особливу здібність{#reset()}, що змінює їхню наступну атаку."
loc_weapon_special_fist_attack,Удар
loc_weapon_special_fist_attack_gauntlet,Вибуховий удар
loc_weapon_special_flashlight,Ліхтар
loc_weapon_special_hook_pull,Тягнути
loc_weapon_special_hook_pull_desc,"Притягнути ворогів до себе, збиваючи їх з рівноваги та роблячи їх вразливішими до наступних атак."
loc_weapon_special_mode_switch,Перемкнути режим
loc_weapon_special_mode_switch_foldable_desc,"Скласти лопату, готуючись до нищівної атаки поверження."
loc_weapon_special_objective,Виконати особливу атаку
loc_weapon_special_parry,Парирувати
loc_weapon_special_parry_desc,"Парирувати атаку опонента та завдати швидкого, смертельного контрудару."
loc_weapon_special_parry_psyker_desc,"Парирувати вхідну атаку та виконати швидкий, смертоносний контрудар. 

Ця дія створює Перегрів, якщо її виконує оперативник-псайкер."
loc_weapon_special_special_ammo,Особливі набої
loc_weapon_special_special_attack,Особлива атака ближнього бою
loc_weapon_special_weapon_bash,Удар прикладом
loc_weapon_special_weapon_vent,Охолодити
loc_weapon_stat_title_ammo,Набої
loc_weapon_stats_attack_pattern,Патерни атак
loc_weapon_stats_display_accumulative_stagger,Накопичувальне збивання з рівноваги
loc_weapon_stats_display_ads,Прицілювання крізь оптику
loc_weapon_stats_display_area_suppression,Пригнічення по області
loc_weapon_stats_display_area_suppression_size,Радіус пригнічення по області
loc_weapon_stats_display_armored,Флак-броня
loc_weapon_stats_display_attack_chains,Серія атак
loc_weapon_stats_display_attack_speed,Швидкість атаки
loc_weapon_stats_display_base_damage,Шкода
loc_weapon_stats_display_base_rating,Базовий рейтинг
loc_weapon_stats_display_base_rating_desc,"Рейтинг якості зброї, заснований на її характеристиках."
loc_weapon_stats_display_berzerker,Скажений
loc_weapon_stats_display_blast_radius,Радіус вибуху
loc_weapon_stats_display_block_efficiency,Вартість блокування
loc_weapon_stats_display_braced,Вогонь з упору
loc_weapon_stats_display_braced_damage,Шкода з вогню з упору
loc_weapon_stats_display_burn_apply_rate,Швидкість накладання шкоди з часом
loc_weapon_stats_display_charge_speed,Швидкість зарядки
loc_weapon_stats_display_charged_heat_generation,Генерація тепла при повному заряді
loc_weapon_stats_display_cleave_armored,Шкода розсіченням проти флак-броні
loc_weapon_stats_display_cleave_disgustingly_resilient,Шкода розсіченням проти інфікованих
loc_weapon_stats_display_cleave_mass_damage,Розподіл шкоди розсіченням
loc_weapon_stats_display_cleave_mass_stagger,Розподіл збивання з рівноваги при розсіченні
loc_weapon_stats_display_cleave_unarmored,Шкода розсіченням проти ворогів без броні
loc_weapon_stats_display_clip_size,Розмір магазину
loc_weapon_stats_display_crit_chance_melee,Шанс криту в ближньому бою
loc_weapon_stats_display_crit_chance_ranged,Шанс криту на дальній дистанції
loc_weapon_stats_display_crit_vs_armored,Критична шкода проти флак-броні
loc_weapon_stats_display_crit_vs_berzerker,Критична шкода проти скажених
loc_weapon_stats_display_crit_vs_disgustingly_resilient,Критична шкода проти інфікованих
loc_weapon_stats_display_crit_vs_resistant,Критична шкода проти непохитних
loc_weapon_stats_display_crit_vs_super_armor,Критична шкода проти панцерної броні
loc_weapon_stats_display_crit_vs_unarmored,Критична шкода проти ворогів без броні
loc_weapon_stats_display_defensive_desc,"Ця зброя використовується в обороні, забезпечуючи сильний захист і дозволяючи носієві відштовхувати ворогів."
loc_weapon_stats_display_disgustingly_resilient,Інфіковані
loc_weapon_stats_display_dmg_vs_armored,Шкода проти флак-броні
loc_weapon_stats_display_dmg_vs_berzerker,Шкода проти скажених
loc_weapon_stats_display_dmg_vs_disgustingly_resilient,Шкода проти інфікованих
loc_weapon_stats_display_dmg_vs_resistant,Шкода проти непохитних
loc_weapon_stats_display_dmg_vs_super_armor,Шкода проти панцерної броні
loc_weapon_stats_display_dmg_vs_unarmored,Шкода проти ворогів без броні
loc_weapon_stats_display_dodge_distance,Дистанція ухилення
loc_weapon_stats_display_dodge_speed,Швидкість ухилення
loc_weapon_stats_display_effective_dodges,Ліміт ухилень
loc_weapon_stats_display_effective_range,Ефективна дальність
loc_weapon_stats_display_explosions_vary,Ефективність шкоди від вибуху різниться залежно від ворогів.
loc_weapon_stats_display_far,(на відстані)
loc_weapon_stats_display_far_vs_armored,Шкода проти флак броні (на відстані)
loc_weapon_stats_display_far_vs_berzerker,Шкода проти скажених (на відстані)
loc_weapon_stats_display_far_vs_disgustingly_resilient,Шкода проти інфікованих (на відстані)
loc_weapon_stats_display_far_vs_resistent,Шкода проти непохитних (на відстані)
loc_weapon_stats_display_far_vs_super_armor,Шкода проти панцерної броні (на відстані)
loc_weapon_stats_display_far_vs_unarmored,Шкода проти ворогів без броні (на відстані)
loc_weapon_stats_display_finesse_power,Сила криту та шкоди по слабких місцях
loc_weapon_stats_display_first_target_damage,Шкода проти першої цілі
loc_weapon_stats_display_first_target_power,Сила проти першої цілі
loc_weapon_stats_display_first_target_stagger,Збивання з рівноваги проти першої цілі
loc_weapon_stats_display_heat_generation,Виділення тепла
loc_weapon_stats_display_heat_resistance,Опір теплу
loc_weapon_stats_display_high_cleave_desc,Кожен замах цією зброєю розтинає великі натовпи ворогів за раз.
loc_weapon_stats_display_hip_fire,Стрільба від стегна
loc_weapon_stats_display_inner_blast,Епіцентр
loc_weapon_stats_display_inner_blast_radius,Радіус епіцентру
loc_weapon_stats_display_max_burn_stacks,Максимум стеків шкоди з часом
loc_weapon_stats_display_melee_damage,Шкода у ближньому бою
loc_weapon_stats_display_mobility_recoil,Віддача під час руху
loc_weapon_stats_display_movement_spread,Розкид під час руху
loc_weapon_stats_display_near,(близько)
loc_weapon_stats_display_near_vs_armored,Шкода проти флак-броні (близько)
loc_weapon_stats_display_near_vs_berzerker,Шкода проти скажених (близько)
loc_weapon_stats_display_near_vs_disgustingly_resilient,Шкода проти інфікованих (близько)
loc_weapon_stats_display_near_vs_resistent,Шкода проти непохитних (близько)
loc_weapon_stats_display_near_vs_super_armor,Шкода проти панцерної броні (близько)
loc_weapon_stats_display_near_vs_unarmored,Шкода проти ворогів без броні (близько)
loc_weapon_stats_display_ninja_fencer_desc,"Ця зброя завдає швидких і точних ударів, ідеальних для пошуку слабких місць ворога та влучання саме туди, де болить найбільше."
loc_weapon_stats_display_outer_blast,Зовнішній вибух
loc_weapon_stats_display_peril_cost,Генерація перегріву
loc_weapon_stats_display_peril_decay,Спад перегріву
loc_weapon_stats_display_power,Сила
loc_weapon_stats_display_push_cost,Вартість відштовхування
loc_weapon_stats_display_quell_speed,Швидкість розсіювання
loc_weapon_stats_display_radius,Зона ураження
loc_weapon_stats_display_ramp,Інтенсивність горіння
loc_weapon_stats_display_rate_of_fire,Швидкість вогню
loc_weapon_stats_display_recoil,Віддача
loc_weapon_stats_display_reload_speed,Швидкість перезарядки
loc_weapon_stats_display_reserve_ammo,Запас набоїв
loc_weapon_stats_display_sawing,Шкода пилянням
loc_weapon_stats_display_sawing_desc,"Гострі, мов бритва, зубці цієї зброї приводяться в дію потужним мотором, дозволяючи їй з однаковою легкістю розривати плоть і броню."
loc_weapon_stats_display_sawing_final,Шкода розпилюванням
loc_weapon_stats_display_spread,Розкид
loc_weapon_stats_display_sprint_cost,Вартість спринту
loc_weapon_stats_display_sprint_speed,Швидкість спринту
loc_weapon_stats_display_stagger,Збивання з рівноваги зброєю
loc_weapon_stats_display_stagger_duration,Тривалість збивання
loc_weapon_stats_display_stagger_vs_armored,Збивання з рівноваги проти флак броні
loc_weapon_stats_display_stagger_vs_berzerker,Збивання з рівноваги проти скажених
loc_weapon_stats_display_stagger_vs_disgustingly_resilient,Збивання з рівноваги проти інфікованих
loc_weapon_stats_display_stagger_vs_resistant,Збивання з рівноваги проти непохитних
loc_weapon_stats_display_stagger_vs_super_armor,Збивання з рівноваги проти панцерної броні
loc_weapon_stats_display_stagger_vs_unarmored,Збивання з рівноваги проти ворогів без броні
loc_weapon_stats_display_stamina,Витривалість
loc_weapon_stats_display_super_armor,Панцерна броня
loc_weapon_stats_display_suppression,Пригнічення
loc_weapon_stats_display_suppression_on_kill,Область пригнічення при вбивстві
loc_weapon_stats_display_suppression_on_kill_size,Радіус області пригнічення при вбивстві
loc_weapon_stats_display_sway_number,Хитання
loc_weapon_stats_display_thunder_hammer_desc,"Велика, важка і потужна, ця зброя з кожним ударом вивільняє спустошення, видаючи звук, подібний до громового розкату."
loc_weapon_stats_display_unarmored,Без броні
loc_weapon_stats_display_unlimited,Необмежено
loc_weapon_stats_display_very_fast_attack_desc,Ця зброя вивільняє стрімкі атаки з неперевершеною швидкістю.
loc_weapon_stats_fire_mode_burst,Стрільба чергою
loc_weapon_stats_fire_mode_full_auto,Повністю автоматичний
loc_weapon_stats_fire_mode_projectile,Снаряд
loc_weapon_stats_fire_mode_semi_auto,Напівавтоматичний
loc_weapon_stats_fire_mode_shotgun,Дробовик
loc_world_marker_input_description,Мітка
loc_xbox_live_missing_user,Користувач xbox live відсутній
loc_xbox_live_not_available,Xbox live недоступно
loc_zealot_career_01_lvl_01_full_set_03,Вбрання покірного писаря
loc_zealot_career_01_lvl_01_full_set_04,Вбрання покірного індоктринатора
loc_zealot_career_01_lvl_02_full_set_04,Вбрання помазаного індоктринатора
loc_zealot_career_01_lvl_02_full_set_05,Вбрання помазаного прелата
loc_zealot_career_02_lvl_01_full_set_02,Вбрання покірного лазаря
loc_zealot_career_02_lvl_01_full_set_03,Вбрання покірного місіонера
loc_zealot_career_02_lvl_01_full_set_04,Вбрання покірного наставника
loc_zealot_career_02_lvl_01_full_set_05,Вбрання покірного пророка
loc_zealot_career_02_lvl_02_full_set_02,Вбрання помазаного лазаря
loc_zealot_career_02_lvl_02_full_set_03,Вбрання помазаного місіонера
loc_zealot_career_02_lvl_02_full_set_04,Вбрання помазаного наставника
loc_zealot_career_02_lvl_02_full_set_05,Вбрання помазаного пророка
loc_zealot_career_02_lvl_03_full_set_02,Вбрання відданого лазаря
loc_zealot_career_02_lvl_03_full_set_03,Вбрання відданого місіонера
loc_zealot_career_02_lvl_03_full_set_04,Вбрання відданого наставника
loc_zealot_career_02_lvl_03_full_set_05,Вбрання відданого пророка
loc_zealot_career_02_lvl_04_full_set_02,Вбрання благочестивого лазаря
loc_zealot_career_02_lvl_04_full_set_04,Вбрання благочестивого наставника
loc_zealot_career_02_lvl_05_full_set_02,Вбрання святого лазаря
loc_zealot_career_02_lvl_05_full_set_03,Вбрання святого місіонера
loc_zealot_improved_stun_grenade,Граната «оглушлива буря»
loc_zealot_improved_stun_grenade_desc,"Кинути гранату, що оглушає всіх ворогів у межах її радіусу вибуху. \n\nце посилена версія {talent_name:%s} з радіусом вибуху {radius:%s}."
loc_zone_name_operations_short,Операції
loc_zone_operations,Операції
loc_zoom_in,Наблизити
loc_zoom_out,Віддалити
loc_interactable_stim_crate,Ящик з припасами
loc_action_interaction_inspect,Оглянути
loc_interface_setting_companion_nameplate_in_hub_mouseover,Налаштувати табличку імені супутника на «Скорботній Зорі»
loc_interface_setting_companion_nameplate_in_mission_mouseover,Налаштувати табличку імені супутника під час місій
loc_interface_setting_stamina_and_dodge_hud_visibility_mouse_over,Встановити поведінку видимості лічильника ухилень і смуги витривалості на HUD
loc_narrative_unknown_campaign_lock_reason,Завершити {campaign_name} {chapters}
loc_npc_short_name_grendyl,Ґрендил
loc_onboarding_popup_difficulty_unlocked_malice,Доступ до завдань рівня загрози «Злоба» надано.
loc_setting_companion_outline_in_mission_all,Усі супутники
loc_setting_companion_outline_in_mission_allies,Союзні супутники
loc_setting_companion_outline_in_mission_none,Вимкнути контур
loc_setting_companion_outline_in_mission_self,Власний супутник
loc_setting_dodge_stamina_hud_always_dodge,Лічильник ухилень завжди увімкнено
loc_setting_dodge_stamina_hud_always_stamina,Смуга витривалості завжди увімкнена
loc_setting_dodge_stamina_hud_both_always,Обидва завжди увімкнені
loc_setting_dodge_stamina_hud_both_dynamic,Динамічно
loc_setting_dodge_stamina_hud_disable_stamina,Смуга витривалості вимкнена
loc_settings_voice_chat_visible_all_time_mouseover,"Увімкнути індикатор, що показує, коли гравець використовує голосовий чат."
loc_interface_setting_companion_tag_in_mission_double,Натиснути двічі
loc_interface_setting_companion_tag_in_mission_single,Натиснути один раз
loc_onboarding_popup_horde_mode_unlocked,"Смертельні випробування розблоковано! Відвідайте Сефоні або її голограму біля дошки місій, щоб випробувати себе."
loc_setting_dodge_stamina_hud_disable_dodge,Лічильник ухилень вимкнено
loc_setting_dodge_stamina_hud_disabled_both,Обидва вимкнені
loc_setting_ffx_frame_gen_mouseover,"AMD FidelityFX Super Resolution 3 Frame Generation підвищує частоту кадрів, створюючи додаткові кадри на основі наявних даних. Вимикає генерацію кадрів Nvidia DLSS Frame Generation. Потрібен перезапуск гри, щоб зміни набрали чинності."
loc_setting_fsr3_mouseover,"AMD FidelityFX Super Resolution 3.1 поєднує високоякісне масштабування зображення з технологіями генерації кадрів, щоб створювати кадри високої роздільної здатності з високою частотою кадрів."
loc_setting_xess_quality_balanced,Збалансовано
loc_setting_xess_quality_performance,Продуктивність
loc_setting_xess_quality_quality,Якість
loc_setting_xess_quality_ultra_performance,Ультрапродуктивність
loc_settings_audio_voice_chat_volume_mouseover,Повзунок гучності голосового чату. Значення понад 100 працюватимуть як підсилення гучності.
loc_interactable_power,Перемикач
loc_location_void_machine_excavation_full,Кландестіум Глоріана
loc_location_void_machine_excavation_short,Сакраріум Механікус
loc_location_void_research_station_full,Кландестіум Глоріана
loc_location_void_research_station_short,Центральна шахта
loc_npc_short_name_nox_commissar_a,Комісар Маґсен
loc_npc_short_name_nox_soldier_a,Штурмовик Стрекк
loc_npc_short_name_nox_stranger_a,Незнайомець
loc_abhuman_condition,Завершити місії з умовою Здоровила-Новобранці.
loc_abhuman_event_description,"Зрадницький 6-й, схоже, мобілізував Оґринів у величезній кількості, буквально роздувши свої ряди до гігантських масштабів. Зламайте цей бастіон зіпсованої плоті й відвоювати вулиці Тертіума."
loc_abhuman_event_name,Пробуджені Велетні
loc_achievement_difficulty_04,Єресь
loc_achievement_horde_win_in_less_than_X_description,Завершити Смертельні випробування менш ніж за {target} хвилин на рівні Загрози Злоба або вище.
loc_achievement_horde_win_in_less_than_X_name,Швидкоплинні Спогади
loc_action_interaction_tainted_skull,Знищити
loc_action_interaction_unavailable,Недоступно
loc_arbites_customization_dog_pattern,Візерунок Хутра
loc_arbites_customization_dog_title,Компаньйон
loc_barrel_grounds_event_condition,Завершити місії з обставиною Вибухове Повстання.
loc_barrel_grounds_event_description,На вулицях Тертіума стає дедалі вибухонебезпечніше. Агенти Вирмвуда доповідають про незвично високу кількість вибухових боєприпасів у зоні завдань.
loc_breed_berzerker_generic_desc,Скажені Дреґи та Скаби
loc_breed_berzerker_generic_name,Скажені
loc_breed_flamer_generic_desc,Палії Дреґи та Скаби
loc_breed_flamer_generic_name,Палії
loc_breed_grenadier_generic_desc,Бомбери Дреґи та Скаби
loc_breed_grenadier_generic_name,Бомбери
loc_breed_gunner_generic_desc,Кулеметники Дреґи та Скаби
loc_breed_gunner_generic_name,Кулеметники
loc_breed_shocktrooper_generic_desc,Дробостріли Дреґи та Скаби
loc_breed_shocktrooper_generic_name,Дробостріли
loc_character_backstory_snippet_adamant,"Тепер вас призначено до Проктора-Екзактанта Зоріна. Базуючись на інквізиційному судні «Скорботна Зоря», ви відтепер нестимете правосуддя на вулиці Тертіума разом із бойовою групою Ґрендила."
loc_character_childhood_19_description_snippet,Ваше дитинство минуло серед затхлих вод відстійників Вулика. Ви дряпали собі життя серед бруду й нечистот.
loc_character_childhood_20_description_snippet,"Ваш час в Імперському Схоламі був важким, але, на щастя, недовгим — ви втекли, щоб жити на вулицях."
loc_character_childhood_21_description_snippet,"Ви виросли, допомагаючи Шоуменам: носили й подавали речі, іноді виконували роль дозорця."
loc_character_childhood_23_description_snippet,"Вирости по коліна в багні й нечистотах — диво, що ви взагалі вижили, не кажучи вже про те, що не мутували від хімічних розливів."
loc_character_childhood_24_description_snippet,Ви виросли у банді кишенькових злодіїв на джентрифікованих вулицях району Тронсайд.
loc_character_childhood_25_description_snippet,"Ви виросли серед жару кузні, заробляючи на життя випадковими підробітками."
loc_character_commendations_01_description_snippet,"Щелепи вашого Кібер-Мастиффа міцно зімкнулися на руці зрадника; бритвяні зуби вп’ялися в плоть і зачепили кістку. Вульфер закричав від болю й люті, але розумів, що його спіймали."
loc_character_commendations_02_description_snippet,"Ваша робота вже остаточно знищила два дрібні картелі. Якщо десятину потрібно підтримувати, роботи попереду ще чимало."
loc_character_commendations_03_description_snippet,"Супроводжуючи Ревелатум, ви знаходите клаптик пергаменту на підлозі мануфакторуму. На ньому грубо нашкрябаний напис ледь можна розібрати.
«Одне місто, два шпилі, три _____ близнюків-родичів»"
loc_character_commendations_04_description_snippet,Ваші аналітичні здібності привернули судове око Імперіуму до Атоми. Присутність Адептус Арбітес на планеті помітно зростає.
loc_character_commendations_05_description_snippet,"Ваші інстинкти виживання були відточені до гостроти під час служби у великій Фортеці-Бібліотеці. Навички, які вам знадобляться на новому призначенні в Тертіумі."
loc_character_commendations_06_description_snippet,"Малокатор Саблік особисто рекомендує вас до відзнаки за допомогу в добуванні інформації, що має серйозні наслідки для Тертіума."
loc_character_commendations_07_description_snippet,Ваші зусилля з відбиття нападників урятували вашого Проктора-Екзактанта під час атаки на Бастіон Танкрада. Це безсумнівно не зашкодило вашим перспективам.
loc_character_create_disabled_reason,Вимкнено через {reason:%s}.
loc_character_create_full_body_tattoo_selected,Обрано Татуювання на Все Тіло
loc_character_create_name_validation_failed_message_companion,"Помилка перевірки імені. Переконайтеся, що ім’я містить щонайменше 3 символи та використовує лише літери, цифри, дефіси і не більше 6 цифр."
loc_character_create_title_precinct,Округ
loc_character_creator_mastiff_fur,Хутро
loc_character_creator_mastiff_name,Ім’я Кібер-Мастифа
loc_character_early_life_01_description_snippet,"Нібито походячи з благородного роду, ви швидко розумієте, що це нічого не означає у продувних залах Схоли Прогеній."
loc_character_early_life_02_description_snippet,"Ви опиняєтеся одним із наймолодших серед нових вихованців Схоли Прогенії. Увесь у пилюці та бруді, ви не маєте жодних спогадів про своє життя до цього моменту."
loc_character_early_life_03_description_snippet,"Єдиний уцілілий після нападу друкарі на колонію, ви були приречені. Лише суворе навчання Схоли Прогеній могло врятувати вашу зранену психіку."
loc_character_early_life_04_description_snippet,"Осиротівши в юному віці, вашою єдиною родиною була юв-пачка, що виживала, нишпорячи вентиляційними шахтами заради харчових недоїдків."
loc_character_early_life_05_description_snippet,"Як і багатьох ювів Вулика, вас у ранньому віці призвали виконувати дрібну службу в місцевому ополченні."
loc_character_early_life_06_description_snippet,"Ви таємно вибралися з порожнечного корабля, на якому народилися, але вас одразу схопили місцеві Правоохоронці. Коли ви не змогли надати жодних документів чи навіть правдоподібного пояснення своєї присутності в закритій зоні доків, вас швидко відправили на сходи місцевої Схоли Прогеній."
loc_character_early_life_07_description_snippet,"Ви самі обрали це життя і всі труднощі, що з ним приходять."
loc_character_gang_01_description_snippet,Фіолетовий колір на вашому вбранні позначає вас як члена Водного Картелю.
loc_character_gang_02_description_snippet,"Сталь у вас у крові, і рейки кличуть вас. Ніколи не було сумнівів, що ви станете одним із Залізних Вершників."
loc_character_gang_03_description_snippet,"Життєві повороти привели вас на темний шлях, але Шоумени прийняли вас у свій світ, і тепер ви один із їхніх гравців."
loc_character_growing_up_21_description_snippet,"Коли ви досягли повноліття, вас почали переслідувати дивні напади, під час яких ви іноді заговорювали незрозумілими мовами. Невдовзі всі, хто вас знав, почали вас цуратися."
loc_character_growing_up_23_description_snippet,"Під час перебування в камерах ви познайомилися з кількома членами Картелю, які поставилися до вас із добротою. Тож було цілком природно, що після звільнення ви потягнулися саме до них."
loc_character_growing_up_24_description_snippet,"Ваш процвітаючий бізнес завершився нічим, і ви опинилися на вулиці — без копійки, без жодної Аквіли за душею."
loc_character_growing_up_25_description_snippet,Своїми вчинками ви привернули увагу офіцера Картелю і отримали особливе ставлення. Це допомогло вам швидше здобути бажану посаду. Тож краще пильнуйте спину.
loc_character_growing_up_27_description_snippet,"Ви проводили час як дрібний шахрай, доки одного дня не спробували провернути свою справу з не тією людиною. На щастя для вас, офіцера Картелю вразила ваша зухвалість, і невдовзі ви знайшли собі нову кар’єру."
loc_character_growing_up_28_description_snippet,Ви провели багато років барменом у Карнавалі й через це добре познайомилися з деякими не надто приємними відвідувачами.
loc_character_growing_up_29_description_snippet,"Колись у вашому минулому сталося щось погане з вами або з тими, хто був поруч. Та подія визначила й загартувала вас у безкомпромісну людину, якою ви є тепер."
loc_character_key_event_01_description_snippet,"Отримавши одностайну похвалу від своїх наставників, ви фактично могли самі обирати призначення."
loc_character_key_event_02_description_snippet,"У вашому майбутньому є підвищення, якщо правильно розіграти карти. Проктор — напевно. Хто знає, можливо, одного дня ви навіть станете Маршалом. Якщо проживете достатньо довго."
loc_character_key_event_03_description_snippet,"Для вас справедливість була найвищою цінністю, а правосуддя — незмінним фактом. Це часто приводило до конфліктів із вашими начальниками, але зрештою визначило ваш шлях в Адептус Арбітес."
loc_character_key_event_04_description_snippet,Ви були більшими за більшість і міцнішими за решту. У Схолі ви здобули собі ім’я силою.
loc_character_key_event_05_description_snippet,Ви швидко навчаєтеся і проявляєте неприродну здібність запам’ятовувати складні деталі великого Закон Імперіаліс.
loc_character_key_event_06_description_snippet,Ви виявляєте природну схильність працювати зі своїм псом-вбивцею. Слинявий звір діє немов продовження вашої волі. Ви народжені для цього.
loc_character_key_event_07_description_snippet,"Ви отримуєте жадану Відзнаку Стрільця за видатні здібності як із довгою гвинтівкою, так і з пістолетом-дробовиком."
loc_character_precinct_01_description,"Найбільший округ Арбітес на Атомі, Вортерн названий на честь Маршала, який очолює Суд і веде поточне розслідування падіння десятинних внесків сектору Моебіан."
loc_character_precinct_01_description_snippet,Ви дієте з самої фортеці Маршала. Привілейована позиція.
loc_character_precinct_01_name,Округ-Фортеця Вортерн
loc_character_precinct_01_unlocks,Оздоба Уніформи Округу-Фортеці Вортерн
loc_character_precinct_02_description,"Місцеві називають цю місцевість Пісочним Годинником. Величезні розриви в оболонці Вулика відкрили безкраї коридори та склади суворому середовищу Атоми. Пісок накопичується всюди, а пронизливі вітри здирають поверхні. Втім, є ознаки, що ця територія рясніє несанкціонованою діяльністю, яка загрожує виробничим квотам Вулика."
loc_character_precinct_02_description_snippet,"Це суворе місце служби. Пісок забивається всюди, але Закон не знає дискомфорту, а кара, яку ви звершите над своєю здобиччю, з лишком окупить усі труднощі на шляху до неї."
loc_character_precinct_02_name,Прикордонний Округ Аркбал
loc_character_precinct_02_unlocks,Оздоба Уніформи Прикордонного Округу Аркбал
loc_character_precinct_03_description,"Розташована в Торренті, ця тимчасова передова база операцій майже непомітна з переходів, що проходять повз її непримітну споруду. Єдина мета округу — спостерігати за діяльністю підозрюваних із Водного Картелю."
loc_character_precinct_03_description_snippet,"Тут сиро й тісно, але вам це байдуже. Ви зосереджені на піхотинцях Обідраного Короля, вистежуючи зачіпку, яка зруйнує їхню організацію."
loc_character_precinct_03_name,Тимчасовий Округ Арес
loc_character_precinct_03_unlocks,Оздоба Уніформи Тимчасового Округу Арес
loc_character_precinct_04_description,"Розташований у Тронсайді, поблизу кількох Архівумів у цьому районі, цей округ вміщує місцевий Бібліокрипт. У його склепінчастих сховищах найдрібніші деталі місцевих тлумачень Закону викладені з ретельною точністю."
loc_character_precinct_04_description_snippet,"Ваша обізнаність із місцевими звичаями зробила вас цінним активом у розслідуванні на Атомі. Не дивно, що вас призначили до Бібліокрипту."
loc_character_precinct_04_name,Архівум Округу Юдіцея
loc_character_precinct_04_unlocks,Оздоба Уніформи Архівуму Округу Юдіцея
loc_communication_hack_condition,Знайти та вивести з ладу ворожі пристрої.
loc_communication_hack_description,"Зрадницький 6-й порушив зв’язок Вулика за допомогою оскверненої технології.

Ви повинні викорінити ці техноєресі та відновити нормальний зв’язок у Вулику."
loc_communication_hack_name,Порушення pв’язку
loc_companion_tutorial_adamant_desc,Це ваш вірний Кібер-Мастифф. Він супроводжуватиме вас і допомагатиме в бою. Накажіть йому атакувати елітного або спеціального ворога.
loc_companion_tutorial_adamant_name,Супутник
loc_crafting_error_no_upgrade,Неможливо покращити предмет.
loc_crafting_level_locked,Перк недоступний.
loc_credits_view_additional_build_engineer_title,Додатковий Інженер Збірок
loc_credits_view_additional_combat_designer_title,Додатковий Дизайнер Бою
loc_credits_view_additional_marketing_creative_title,Додатковий Креативник Маркетингу
loc_credits_view_cco_title,CCO
loc_credits_view_cino_title,CINO
loc_credits_view_commissar_dukane_title,Комісарка Дюкейн
loc_credits_view_design_director_title,Директор з Дизайну
loc_credits_view_director_data_solutions_title,Директор з Рішень Даних
loc_credits_view_fatshark_board_chairman_title,Голова Ради Директорів
loc_credits_view_fatshark_board_title,Рада Директорів Fatshark
loc_credits_view_lead_data_scientist_title,Провідний Дата-Саєнтист
loc_credits_view_mysterious_cultist_title,Таємничий Культист
loc_credits_view_narrative_lead_title,Провідний Наративний Дизайнер
loc_credits_view_nvidia_title,Nvidia
loc_credits_view_senior_data_engineer_title,Старший Інженер Даних
loc_credits_view_senior_data_scientist_title,Старший Дата-Саєнтист
loc_credits_view_senior_product_specialist_title,Старший Спеціаліст Продукту
loc_credits_view_senior_staff_data_engineer_title,Старший Штатний Інженер Даних
loc_credits_view_software_engineer_title,Інженер Програмного Забезпечення
loc_credits_view_staff_data_scientist_title,Штатний Дата-Саєнтист
loc_credits_view_staff_product_manager_title,Штатний Менеджер Продукту
loc_credits_view_swagger_title,Піжон
loc_credits_view_team_manager_title,Менеджер Команди
loc_credits_view_test_automation_intern_title,Стажер з Автоматизації Тестування
loc_cross_network_player,Крос-мережевий Гравець
loc_disable_rule_dlss_aa,Вимкнено через DLSS Super Resolution
loc_disable_rule_dlss_g_reflex,Вимкнено через DLSS Frame Generation
loc_disable_rule_dlss_g_vsync,Вимкнено через DLSS Frame Generation
loc_disable_rule_ffx_frame_gen,Вимкнено через FSR3 Frame Generation
loc_disable_rule_reflex_warp,Вимкнено через Nvidia Reflex
loc_disable_rule_rtxgi_gi,Вимкнено через RTX Global Illumination
loc_dlc_adamant_name,Класс Арбітр
loc_dlc_required,"Необхідне DLC ""{dlc_name}"" "
loc_dlc_store_popup_cancel,Відмінити
loc_dlc_store_popup_confirm,Сторінка магазину
loc_dlc_store_popup_info,"Ви повинні володіти DLC «{dlc_name}», перш ніж придбати цей предмет.

Натиснути кнопку, щоб перейти на сторінку крамниці та придбати «{dlc_name}».
"
loc_ember_event_condition,Завершити {target} місій
loc_ember_event_description,"Вулиці Тертіума палають. Чи це підступи єретиків, чи надмірно ревне імперське придушення — великої різниці немає. Місії все одно мають виконуватися, тож будьте там обережні. Ви буквально висаджуєтесь у гарячій зоні."
loc_get_em_in_shape_condition,Місій Завершено.
loc_get_em_in_shape_event_description,"Комісарка Дюкейн має намір викувати з неперевірених бійців надійних солдатів, а з солдатів — гідних довіри ветеранів.
Завершити або місії Божевілля, або будь-які місії з новими Вигнанцями (нижче Рівня Довіри 30).»"
loc_get_em_in_shape_event_name,Волати в Божевіллі!
loc_group_finder_category_story,Розповідач
loc_group_finder_group_status_request_pending,Обробка запиту
loc_group_finder_status_panel_title,Пошук гравців
loc_group_finder_tag_level_requirement,Потрібен рівень {level:%s}
loc_group_finder_tag_no_active_personal_havoc_order,Немає активного завдання Божевілля.
loc_havoc_bolstering_enemies_description,"Вороги в цьому секторі лютують. Побачивши смерть союзника, вони отримують підвищений захист від атак."
loc_havoc_cancel_mission,Скасувати поточне Завдання
loc_havoc_cancel_warning_desc,"Скасування поточного Завдання дозволить спробувати його знову, можливо з іншою групою, ціною одного заряду. Якщо буде витрачено останній заряд, ви отримаєте нове Завдання на (1) ранг нижче."
loc_havoc_cancel_warning_header,"Ви впевнені, що хочете скасувати поточне Завдання?"
loc_havoc_cannot_kick_order_owner,Лідера Завдання неможливо вигнати
loc_havoc_common_minion_on_fire_description,"Надходять повідомлення про загони палаючих ворогів у цьому районі. На жаль, полум’я, здається, їх не зупиняє."
loc_havoc_common_minion_on_fire_name,Тліючі Погребальні Вогнища
loc_havoc_enemies_corrupted_description,Надходять повідомлення про велику концентрацію сильно осквернених ворогів у цьому районі. Стережіться!
loc_havoc_eor_charge_used,Ви провалили своє Призначення та втратили одне розгортання.
loc_havoc_eor_demotion,Ранг Задання Знижено
loc_havoc_highest_difficulty_description,"Кількість ворогів і рівень опору більше не впливають на появу спецворогів. Активовано Інтенсивність Хаос, посилені Щити відсутні"
loc_havoc_militarium_rank_01,Призовник
loc_havoc_off_season_button_leave,Покинути
loc_havoc_off_season_description,"Мої війська зараз поповнюють сили та збирають розвіддані.

Доповісти знову через {time}."
loc_havoc_off_season_description_no_time,"Мої розвідники зараз оговтуються після важких втрат. Тож наразі я не можу запропонувати вам жодних завдань.
Якщо бажаєте взятися за завдання, доповідайте мені пізніше."
loc_havoc_off_season_title,Божевільні Операції
loc_havoc_onboarding_order_description,"Чим вищий Ранг Завдання, тим воно складніше. Завершення Завдання рівного вашому Рангу або до 4 Рангів вище негайно підвищує ваш Ранг Завдання на 1.

Завершення Завдання на 5 Рангів вище вашого поточного підвищує його на 2.

Завершення Завдання на 10 Рангів вище вашого поточного підвищує його на 3."
loc_havoc_onboarding_order_title,Ранг Задання 
loc_havoc_onboarding_party_description,"Завдання Божевілля не використовують автоматичний підбір гравців. Перед початком Завдання Божевілля необхідно сформувати Ударну Групу.

Якщо ви провалите Завдання Божевілля рівне або вище вашого поточного Рангу, ви втратите одне розгортання, що позначається втратою одного черепа. Втрата всіх трьох розгортань знижує ваш Ранг на один."
loc_havoc_onboarding_party_title,Ударна Група та Пониження Рангу
loc_havoc_onboarding_rank_description,"Ваш рівень Допуску дорівнює Рангу серед ваших найвищих завершених Завдань.

Коли таймер досягне нуля, буде згенеровано нові Завдання."
loc_havoc_onboarding_rank_title,Допуск Havoc та Тижневий Таймер
loc_havoc_onboarding_reward_description,"Щоб мати право на Тижневий Сховок Нагород, необхідно завершити Завдання Божевілля. Завершення Завдань вищого Рангу покращує нагороду, яку надає Комісарка Дюкейн.

Завершення Завдання іншого гравця зараховується як ваш найвищий завершений Ранг цього тижня."
loc_havoc_onboarding_reward_title,Сховок Нагород
loc_havoc_pre_button_leave,Покинути
loc_havoc_pre_description,"Я вимагаю, щоб ви завершили місію Вихору, аби довели, що маєте все необхідне, щоб добровільно братися за місії Божевілля. Завершення місії Виру Хаосу буде прийнято як підтвердження того, що ви готові до призначення на більш складні бойові завдання."
loc_havoc_pre_title,Операції Божевілля
loc_havoc_reset_Highest_order,"Найвищий Ранг, Завершений Цього Тижня"
loc_havoc_sticky_poxbursters_description,"Розвідка повідомляє про підвищену кількість Чумовибухачів у цьому районі. Схоже, вони особливо роздуті. Стережіться!"
loc_havoc_sticky_poxbursters_name,Бубонні Вибухачі
loc_havoc_thorny_armor_description,"Надходять повідомлення, що деякі вороги в цьому секторі вкрилися шипоподібними наростами."
loc_havoc_thorny_armor_name,Сад Наступає
loc_ingame_look_raw_controller_sony,Огляд Контролером
loc_ingame_move_controller_sony,Рух Контролером
loc_interface_setting_companion_tag_in_mission_mouseover,"Визначає, чи потрібно натиснути кнопку «Позначити» один раз чи двічі, щоб вибрати ворога як ціль для атаки вашого Супутника.

Опція «Натиснути Один Раз» зробить неможливим позначення ворогів без наказу Супутнику атакувати їх."
loc_interface_setting_crossplay_enabled,Увімкнути Крос-плей
loc_interface_setting_telemetry_enabled,Увімкнути Телеметрію
loc_interface_settings_telemetry_mouseover,Дозволити збір аналітичних даних із клієнта.
loc_live_event_expired,Термін Дії Минув
loc_live_event_saints_buff_saint_blue_description,Послідовники Блакитного Святого винагородили вашу відданість!
loc_live_event_saints_buff_saint_red,Благословення Червоного Святого
loc_live_event_saints_buff_saint_red_description,Послідовники Червоного Святого винагородили вашу відданість!
loc_live_event_stolen_rations_recover_syringe_buff_description,"Стимми тепер підвищують швидкість перезаряджання, швидкість фтаки у ближньому бою, а також кількість і ефективність ваших ухилень."
loc_live_event_stolen_rations_recover_syringe_buff_title,Нагорода за Викрадені Раціони: Посилені Стимми
loc_mastery_blessings_select,Обрати благословення
loc_mastery_blessings_tutorial_left_p1_header,Забрати гагороди
loc_mastery_blessings_tutorial_left_p1_text,"Кожен рівень майстерності надає нагороди, такі як:
очки благословень, потужніші перки, моделі зброї та підвищення вашої максимальної сили."
loc_mastery_blessings_tutorial_left_p2_header,Розблокувати благословення
loc_mastery_blessings_tutorial_left_p2_text,"Використати очки благословень, щоб розблокувати благословення для цього типу зброї. Після цього їх можна вільно встановлювати в Святилищі Омнісії."
loc_mastery_blessings_tutorial_left_p3_header,Посилити Благословення
loc_mastery_blessings_tutorial_left_p3_text,Витрачання очок на благословення зрештою розблокує вищі рівні благословень.
loc_mastery_reward_blessing_unlock,Розблокування рангу благословення {rarity:%d}
loc_mastery_unlocked_level,Розблоковується на рівні майстерності {level:%d}
loc_mission_board_view_options_narrative_quickplay_desc,Бажаєте швидко приєднатися до місій кампанії?
loc_mission_coordinates_km_heresy,HL-70-04-436
loc_mission_coordinates_op_no_mans_land,HL-XX-04-154
loc_mission_coordinates_op_train,HL-16-09-746
loc_moebian_21_event_condition,Зібрати {target} Ґримуарів або Писань.
loc_moebian_21_event_description,"Рота солдатів 21-го Моебіанського заражена Заразою. Їхня броня зробить їх значно складнішими суперниками, ніж звичайні орди, з якими ви стикаєтесь. 
Ми думали, що поклали край цій напасті після тих подій у соборі. Ну що ж, ви знаєте, що робити."
loc_moebian_21_event_name,Невпинні Орди
loc_narrative_quickplay_name,Місії Кампанії — Швидка Гра
loc_narrative_unknown_lock_reason,Потрібен подальший прогрес
loc_notification_havoc_prohibited,"Вам заборонено починати інше Завдання Божевілля, доки не завершиться попередня місія."
loc_npc_full_name_adamant_officer_a,Проктор-Екзактан Зорін
loc_npc_full_name_enemy_champion_brute_a,Чемпіон Культу
loc_npc_full_name_enemy_champion_infested_a,Чемпіон Культу
loc_npc_full_name_enemy_champion_preacher_a,Чемпіон Культу
loc_npc_full_name_fx,Нерозбірливі Звуки
loc_npc_full_name_past_alpha_a,Таємничий Голос
loc_npc_full_name_past_armourer_a,Ґаррі «Брант» Кернік
loc_npc_full_name_past_auric_female_a,Сержант рівня Хаосу
loc_npc_full_name_past_auric_male_a,Оперативник рівня Хаосу 
loc_npc_full_name_past_auspex_operator_a,Меллікант Верріс
loc_npc_full_name_past_brother_a,Тібірон Зола
loc_npc_full_name_past_captain_twin_female_a,Рінда Карнак
loc_npc_full_name_past_cartel_tough_a,Макко
loc_npc_full_name_past_cartel_tough_c,Геллік
loc_npc_full_name_past_commissar_a,Дарінда Дюкейн
loc_npc_full_name_past_comms_operator_c,Оператор Вокса
loc_npc_full_name_past_enemy_nemesis_wolfer_a,Лейтенант Байрон Вульфер
loc_npc_full_name_past_enginseer_a,Каєкс-8
loc_npc_full_name_past_explicator_a,Орґустіна Зола
loc_npc_full_name_past_explicator_b,Хадріан Кейн
loc_npc_full_name_past_interrogator_a,Івен Раннік
loc_npc_full_name_past_interrogator_b,Меліс Ксаллія
loc_npc_full_name_past_legion_captain_a,Капітан Бейліс Вандерак
loc_npc_full_name_past_legion_commissar_a,Комісар Курт Намарк
loc_npc_full_name_past_legion_trooper_a,Боєць Варкан
loc_npc_full_name_past_legion_trooper_b,Боєць Ґренн
loc_npc_full_name_past_legion_trooper_c,Боєць Клінтак
loc_npc_full_name_past_magos_biologis_a,Маґос Біологіс Харіб
loc_npc_full_name_past_matriarch_a,Маґалі Брамс
loc_npc_full_name_past_mourningstar_officer_a,Діонас Кларрін
loc_npc_full_name_past_ragged_king_a,Обідраний Король
loc_npc_full_name_past_sergeant_a,Він Морроу
loc_npc_full_name_past_shipmistress_a,Емора Брамс
loc_npc_full_name_past_tech_priest_a,Гадрона Омега-7-7
loc_npc_full_name_past_tertium_enforcer_a,Сержант Строкка
loc_npc_full_name_past_tertium_enforcer_b,Правоохорониця Малка
loc_npc_full_name_past_world_eater_a,Харанак Червоний
loc_npc_full_name_past_young_explicator_a,Орґустіна Зола
loc_npc_full_name_past_young_sergeant_a,Він Морроу
loc_npc_full_name_steelhead_a,Гвардієць Ґуллерн Праґґ
loc_npc_full_name_steelhead_b,Гвардієць Ол Гаркет
loc_npc_full_name_steelhead_c,Гвардієць Ґюнтер Ферсях
loc_npc_full_name_steelhead_d,Гвардієць Улі Дрент
loc_npc_full_name_steelhead_e,Гвардієць Сефрам Сейґл
loc_npc_full_name_steelhead_f,Гвардієць Боріс Джорет
loc_npc_short_name_past_auric_female_a,Сержантка рівня Хаосу
loc_npc_short_name_past_auric_male_a,Оперативниця рівня Хаосу 
loc_npc_short_name_past_brother_a,Тібірон Зола
loc_npc_short_name_past_captain_twin_female_a,Рінда Карнак
loc_npc_short_name_past_legion_commissar_a,Комісар Курт Намарк
loc_npc_short_name_past_legion_trooper_b,Боєць Ґренн
loc_npc_short_name_past_legion_trooper_c,Боєць Клінтак
loc_npc_short_name_past_young_explicator_a,Орґустіна Зола
loc_npc_short_name_steelhead_c,Гвардієць Ферсях
loc_npc_short_name_steelhead_d,Гвардієць Дрент
loc_npc_short_name_steelhead_e,Гвардієць Сейґл
loc_npc_short_name_steelhead_f,Гвардієць Джорет
loc_nurgle_explosion_condition,"Завершити місії з ворогами, благословенними Нурґлом, щоб просунутися далі."
loc_nurgle_explosion_event_description,"Володар Розкладу благословив своїх найулюбленіших послідовників огидними щупальцями. Вони настільки просякнуті його мерзенним мором, що вибухають, коли в них стріляють. Знищувати їх у Ближньому Бою, щоб уникнути цього."
loc_objective_km_heresy_eliminate_target_desc,"Усунути Ціль
Довший Опис"
loc_objective_km_heresy_eliminate_target_header,Усунути Ціль
loc_objective_side_mission_communications_hack,Осквернені пристрої зв’язку
loc_objective_side_mission_communications_hack_desc,Знайти та вивести з ладу осквернені ворожі пристрої зв’язку.
loc_penance_grid_show_all,Показати всі Покути
loc_penance_grid_show_completed,Показати завершені Покути
loc_penance_grid_show_uncompleted,Показати незавершені Покути
loc_pickup_side_mission_communications_hack_device,Осквернений пристрій зв’язку
loc_plasma_smugglers_event_condition,"Вбити {target:%d} Капітанів, озброєних плазмовими пістолетами, у визначених місіях."
loc_plasma_smugglers_event_description,Сили Зрадницького 6-го здійснили нальоти на місцеві склади плазмової зброї. Виявити ці небезпечні загони та знищити їх.
loc_platform_unfriend_reason_for_disabled_psn,Друзями PlayStation™Network можна керувати лише в PlayStation™Network
loc_platform_unfriend_reason_for_disabled_xbox,Друзями Xbox Network можна керувати лише в Xbox Network
loc_popup_desc_controller_disconnect_error_sony,"Будь ласка, переконайтеся, що ваш контролер підключено та що ви ввійшли до системи."
loc_popup_desc_signed_out_error_sony,"Будь ласка, переконайтеся, що ваш контролер підключено та що ви ввійшли як
{gamertag:%q}"
loc_popup_description_crossplay_changed,"Ви впевнені, що хочете змінити налаштування крос-плею та повернутися до титульного екрана?"
loc_popup_description_skip_journey_mind_wipe,"Тепер ви можете вирішити, чи пропустити кампанію “Битва за Тертіум”, чи продовжити її проходження.
Пропуск надасть негайний доступ до всіх карт на дошці місій і до всіх об’єктів на Скорботній Зорі.
Ваш прогрес рівня загрози, рівень персонажа та спорядження не зміняться."
loc_popup_header_controller_disconnect_error_sony,Контролер Від’єднано
loc_popup_header_crossplay_changed,Крос-плей Змінено
loc_popup_skip_journey_mind_wipe_no_button,Продовжити проходження кампанії
loc_popup_unavailable_view_group_finder_description,"Пошук Групи наразі недоступний. Будь ласка, спробуйте пізніше."
loc_premium_currency_purchase_error_generic,"Покупка преміальної валюти не вдалася через невідому помилку.

Якщо кошти з вашого платіжного методу були списані, будь ласка, зверніться до служби підтримки."
loc_premium_currency_steam_overlay_disabled,"Щоб придбати Аквіли, необхідно увімкнути Steam Overlay"
loc_psn_not_connected,Ви не підключені до PlayStation™Network
loc_psn_premium_fail_desc,Для гри в Darktide потрібна підписка PlayStation Plus
loc_quest_havoc_final_description,Комісарка бажає поговорити з вами
loc_quest_havoc_final_objective,Доповісти Комісарці Дюкейн
loc_quest_havoc_interact_description,Комісарка Дюкейн проявила інтерес до ваших останніх звершень. Ви можете знайти її біля входу до ангара.
loc_quest_havoc_interact_objective,Доповісти Комісарці Дюкейн
loc_quest_havoc_maelstrom_description,Комісарка Дюкейн наказала вам довести свою вартість.
loc_quest_havoc_maelstrom_objective,Завершити місію Виру
loc_rotten_armor_event_condition,Завершити {target} місій
loc_rotten_armor_event_description,"Зараза мутувала, спотворивши саму броню, яку носять наші вороги. Стережіться цієї гниючої, огидної загрози."
loc_rtxgi_quality,RTX Глобальне Освітлення
loc_rtxgi_quality_mouseover,Трасоване променями динамічне глобальне освітлення.
loc_setting_controller_layout_sony,Схема Контролера
loc_setting_dlss_g_2x,2X
loc_setting_dlss_g_3x,3X
loc_setting_dlss_g_4x,4X
loc_setting_dlss_model,Пресет Суперроздільності
loc_setting_dlss_model_mouseover,"Нова модель DLSS Transformer забезпечує вищу стабільність зображення, менше гостінгу та покращене згладжування порівняно з оригінальною моделлю DLSS на основі згорткової нейронної мережі."
loc_setting_dlss_model_neural_network,Згорткова Нейронна Мережа
loc_setting_dlss_model_transformer,Модель Transformer
loc_setting_dlss_quality_aa,DLAA
loc_setting_dlss_quality_auto,Автоматично
loc_setting_dlss_quality_balanced,Збалансовано
loc_setting_dlss_quality_max_performance,Продуктивність
loc_setting_dlss_quality_max_quality,Якість
loc_setting_dlss_quality_ultra_performance,Ультра Продуктивність
loc_setting_fsr2_native_quality,Рідне Згладжування
loc_setting_haptic_trigger_strength_full,Повністю
loc_setting_haptic_trigger_strength_off,Вимкнено
loc_setting_haptic_trigger_strength_strong,Сильний
loc_setting_haptic_trigger_strength_subtle,Ледь Помітний
loc_setting_nv_reflex_warp,Reflex Frame Warp
loc_setting_nv_reflex_warp_mouseover,"NVIDIA Reflex Frame Warp зменшує затримку та покращує відгук рухів миші й камери, деформуючи кадри так, щоб вони відображали найактуальнішу позицію миші."
loc_setting_nvidia_dlss,Nvidia DLSS
loc_setting_nvidia_dlss_mouseover,"NVIDIA DLSS використовує ШІ, щоб забезпечити максимально можливу частоту кадрів без втрати якості зображення чи чутливості керування. Ця функція потребує відеокарти GeForce RTX."
loc_setting_ps5_quality_preset,Режим Якості
loc_setting_ps5_quality_preset_mouseover,Обрати пріоритет: продуктивність або якість зображення.
loc_setting_ps5_quality_preset_performance,Продуктивність
loc_setting_ps5_quality_preset_quality,Якість
loc_setting_xess_quality_ultra_quality,Ультра Якість
loc_setting_xess_quality_ultra_quality_plus,Ультра Якість Плюс
loc_settings_crossplay,Згода грати з гравцями на інших платформах.
loc_settings_menu_group_controller_rumble_settings_sony,Вібрація
loc_settings_menu_group_controller_settings_sony,Контролер
loc_settings_menu_group_rumble_combat,Бойова Вібрація
loc_settings_menu_group_trigger_haptics_resistance_strength_settings,Сила Опору
loc_settings_menu_group_trigger_haptics_settings,Адаптивні Тригери
loc_settings_menu_group_trigger_haptics_vibration_strength_settings,Сила Вібрації
loc_settings_menu_rumble_gameplay_mouseover_sony,"Інтенсивність інформаційної вібрації, наприклад під час отримання шкоди, сигналів орди та вибухів."
loc_settings_menu_rumble_immersive_mouseover_sony,"Інтенсивність декоративної вібрації для важких звуків світу, здібностей та ефектів шприців."
loc_settings_menu_rumble_intensity_mouseover_sony,Загальна інтенсивність вібрації контролера.
loc_settings_menu_rumble_rumble_combat_melee_mouseover,Інтенсивність декоративної вібрації для різних ударів у Ближньому Бою під час атак ворогів зброєю Ближнього Бою.
loc_settings_menu_rumble_rumble_combat_ranged_mouseover,"Інтенсивність декоративної вібрації під час стрільби з різної дистанційної зброї, перезаряджання та атак Псайкера."
loc_settings_menu_trigger_effects_enabled,Увімкнути ефекти тригерів
loc_skulls_01_condition,Знищити {target:%s} черепів
loc_skulls_01_description,"Підбадьорені своїми нещодавніми діями в Соборі, темні ритуали «Покарання» стають дедалі зухвалішими. Зупинити їх, знищивши осквернені артефакти."
loc_skulls_01_name,Піднесений культист «Покарання» 
loc_skulls_01_notification,Знищено черепів: {amount}
loc_social_party_invite_received_description_no_player_name,Вас запрошено через Пошук Групи
loc_stats_special_action_flashlight_desc,"Увімкнути або вимкнути ліхтар, встановлений на зброї. Корисно в темних місцях."
loc_stats_special_action_special_bullet_shotgun_p4m1_desc,"Зарядити зброю одним особливим набoєм, який надає наступному пострілу властивості електрошоку та оглушення."
loc_stolen_rations_destroyed_stat_name,Знищені раціони: {value}
loc_stolen_rations_pickup,Малий Сховок Раціонів
loc_stolen_rations_pickup_large,Великий Сховок Раціонів
loc_stolen_rations_recovered_stat_name,Відновлені раціони: {value}
loc_survey_submit_success,Дякуємо. Ваші відповіді надіслано до Fatshark.
loc_survival_event_condition,Пережити 4 послідовні хвилі під час Смертельних випробувань.
loc_survival_event_description,Нові тренувальні протоколи Сефоні переносять вас до Театрів Приниження. Влаштуйте різанину у Смертельних випробуваннях.
loc_survival_event_name,Похід у Театр
loc_system_leave_penalty,Штраф за Вихід
loc_system_leave_penalty_description,"Вихід із Завдання Божевілля до завершення місії заборонить вам і всім у вашій Ударній Групі починати інше Завдання Божевілля, доки не завершиться поточне."
loc_tactical_overlay_extra_entries,{amount:%d} записів
loc_tainted_skull_pickup,Осквернений Череп
loc_unknown_player_name,Невідомий Гравець
loc_wait_reason_platform_psn,Зв’язок із сервісами платформи
loc_wait_reason_platform_steam,Зв’язок із сервісами платформи
loc_wait_reason_platform_xbox_live,Зв’язок із сервісами платформи
loc_weapon_stats_display_heat_decay,Розсіювання Тепла
loc_weapon_stats_display_power_output_angle,Кут
loc_weapon_stats_display_power_output_range,Дальність
loc_achievement_expeditions_complete_exit_within_description,"Успішно увійти до Укриття після того, як уся команда перебувала в зоні виходу під час процесу розблокування."
loc_achievement_expeditions_complete_exit_within_name,Шукач Укриття
loc_achievement_expeditions_complete_extract_within_description,"Успішно евакуюватися, коли вся команда залишається в зоні евакуації після наказу на евакуацію."
loc_achievement_expeditions_complete_extract_within_name,Відпрацьована евакуація
loc_achievement_expeditions_complete_opportunities_total_description,Завершити {target} точок інтересу.
loc_achievement_expeditions_complete_opportunities_total_name,Огляд локацій ({tier})
loc_achievement_expeditions_complete_self_marked_opportunities_description,"Завершити точку інтересу, позначену на ауспексі."
loc_achievement_expeditions_complete_self_marked_opportunities_name,Ціль встановлена та захоплена
loc_achievement_expeditions_expeditions_meta_tutorial_description,Розблокувати {target} з наступних покут:
loc_achievement_expeditions_extract_at_last_location_description,Евакуюватися з останньої доступної зони пошуку {target} разів.
loc_achievement_expeditions_extract_at_last_location_full_team_description,Евакуюватися з останньої доступної зони пошуку на рівні загрози «Прокляття» або вище.
loc_achievement_expeditions_extract_at_last_location_full_team_name,Забіг по трупах
loc_achievement_expeditions_extract_at_last_location_name,Не залишити жодного каменю
loc_achievement_expeditions_extract_with_luggable_loot_description,Евакуювати на Валькірії Релікварій Даних.
loc_achievement_expeditions_extract_with_luggable_loot_name,Зайвий тягар
loc_achievement_expeditions_meta_tutorial_name,Досвідчений Дослідник ({tier})
loc_achievement_expeditions_return_dropped_loot_description,"Підібрати Техно-Рештки, втрачені загиблим гравцем, {target} разів."
loc_achievement_expeditions_return_dropped_loot_name,Не хотілося б марнувати барахло
loc_achievement_expeditions_return_stolen_loot_description,"Повернути Техно-Рештки, викрадені ворогом, {target} разів."
loc_achievement_expeditions_return_stolen_loot_name,Ану віддай назад!
loc_achievement_expeditions_spend_in_shop_description,Обміняти {target} Брухту на предмети в Укриттях Смертокраїв.
loc_achievement_expeditions_spend_in_shop_name,Торговець-профі ({tier})
loc_achievement_expeditions_unlock_nodes_description,Розблокувати {target} Вузлів Сітки.
loc_achievement_expeditions_unlock_nodes_name,Вищий Дослідник ({tier})
loc_achievement_expeditions_use_loot_converter_description,"Витягти інформацію з Релікварію Даних за допомогою Збирачів Даних, знайдених в Укриттях Смертокраїв."
loc_achievement_expeditions_use_loot_converter_name,Збирач Даних
loc_achievement_extract_loot_total_description,Евакуюватися з {target} загальною кількістю Техно-Решток за підтримки союзників.
loc_achievement_extract_loot_total_name,Мисливець за Технологіями ({tier})
loc_achievement_ogryn_2_bull_rushed_100_enemies_fix_description,Збити з ніг {target} ворогів одним Шаленим Проривом або Нездоланністтю  на рівні загрози «Злоба» або вище.
loc_achievement_ogryn_2_bull_rushed_4_ogryns_fix_description,"На рівні загрози «Єресь» або вище збити з ніг {target} ворожих Оґринів (Щитоносці, Крушителі, Чумні Оґрини та/або Жнеці) одним зарядом Шаленого Прориву або Нездоланністтю."
loc_achievement_ogryn_2_bull_rushed_70_within_25_seconds_fix_description,Подолати {target} метрів за допомогою Шаленого Прориву або Нездоланностті менш ніж за {time_window}с на рівні загрози «Єресь» або вище.
loc_achievement_ogryn_2_bull_rushed_charging_ogryn_fix_description,Перервати розгін Чумного Оґрина за допомогою Шаленого Прориву або Нездоланностті.
loc_achievement_ogryn_2_hard_2_fix_description,"На рівні загрози «Єресь» або вище послідовно влучити у {amount} Еліти або Спеціалістів за допомогою Великих Коробок Болю або Бомби пішли!, не схибивши. Зробити це {target} разів."
loc_achievement_ogryn_2_medium_1_fix_description,"На рівні загрози «Злоба» або вище збити з ніг {num_enemies} дистанційних ворогів за допомогою Шаленого Прориву або Нездоланностті, {target} разів."
loc_achievement_psyker_2_easy_1_fix_description,Вбити {target} Еліти або Спеціалістів за допомогою Вибуху Мозку або Підриву Макітри.
loc_achievement_psyker_2_easy_2_tweaked_description,"Використати Гнів псайкінетика або Видих варпу, щоб пережити Перегрів Варпу, {target} разів."
loc_achievement_psyker_2_hard_1_fix_description,"На рівні загрози «Єресь» або вище вбити {target} Чумних Псів, Мутантів або Скаб-Ловців за допомогою Вибуху Мозку або Підрива Макітри до того, як вони знешкодять гравця або союзника."
loc_achievement_psyker_2_kill_boss_solo_with_smite_fix_description,"На рівні загрози «Єресь» або вище вбити Потвору, завдавши {target}% її здоров’я за допомогою Вибуху Мозку або Підрива Макітри."
loc_achievement_psyker_2_medium_1_fix_description,"На рівні загрози «Злоба» або вище вбити {target} Еліти або Спеціалістів за допомогою Вибуху Мозку або Підрива Макітри, перебуваючи на максимальних Зарядах Варпу."
loc_achievement_psyker_2_smite_hound_mid_leap_fix_description,Вбити Чумного Пса в стрибку за допомогою Вибуху Мозку або Підрива Макітри.
loc_achievement_subcategory_missions_expeditions_label,Експедиції
loc_achievement_team_houndmaster_killed_no_one_pounced_description,"Вбити Вожака Зграї, не дозволивши жодному члену ударної групи бути схопленим його псами."
loc_achievement_team_houndmaster_killed_no_one_pounced_name,Підкорення Зграї!
loc_achievement_veteran_2_easy_2_fix_description,Відновити союзникам загалом {target} боєприпасів за допомогою Падальника або Виживальника.
loc_achievement_veteran_2_elite_weakspot_kills_during_volley_fire_alternate_fire_fix_description,"На рівні загрози «Єресь» або вище, під час одного використання Залпового вогню або Постави винищувача, вбити {target} підсвічених ворогів влучаннями у слабке місце, використовуючи вторинну дію зброї."
loc_achievement_veteran_2_hard_1_fix_description,"На рівні загрози «Єресь» або вище вбити {num_enemies} Еліти або Спеціалістів під час одного Залпового вогню або Постави винищувача, {target} разів."
loc_achievement_veteran_2_hard_2_fix_description,"На рівні загрози «Єресь» або вище утримувати Залповий вогонь або Поставу винищувача активними понад {time} секунд, {target} разів."
loc_achievement_veteran_2_unbounced_grenade_kills_fix_description,Влучити у {target} ворогів Осколковою гранатою або Розривною осколковою гранатою без відскокування.
loc_achievement_veteran_2_weakspot_hits_during_volley_fire_alternate_fire_fix_description,"Під час одного використання Залпового вогню або Постави винищувача влучити у слабкі місця ворогів {target} разів, використовуючи вторинну дію зброї, не схибивши жодного разу."
loc_achievement_zealot_2_easy_1_fix_description,"Приголомшити {target} ворогів, використовуючи Світлошумові гранати або Гранати «Оглушлива буря»."
loc_achievement_zealot_2_easy_2_fix_description,Відновити {target} щитів за допомогою Кари грішників або Люті віруючих.
loc_achievement_zealot_2_hard_2_fix_description,"На рівні загрози «Єресь» або вище, використовуючи Кару грішників або Лють віруючих, рвонути до цілі з дистанційною зброєю, {target} разів."
loc_achievement_zealot_2_kill_mutant_charger_with_melee_while_dashing_fix_description,"Під час ривка за допомогою Кари грішників або Люті віруючих, вбити Мутанта у ближньому бою."
loc_achievement_zealot_2_kills_of_shocked_enemies_last_15_fix_description,"На рівні загрози «Злоба» або вище вбити {target} ворогів, приголомшених вашими гранатами, протягом {time_window}с."
loc_achievement_zealot_2_stagger_sniper_with_grenade_distance_fix_description,Влучити у ворожого снайпера на відстані понад {target} метрів за допомогою Світлошумові гранати або Гранати «Оглушлива буря».
loc_breed_display_name_chaos_armored_hound,Броньований Чумний Пес
loc_breed_display_name_chaos_ogryn_houndmaster,Вожак Зграї
loc_chaos_ogryn_houndmaster_name_01,Вожак Зграї Дреґус
loc_chaos_ogryn_houndmaster_name_02,Вожак Зграї Арранц «Повідок»
loc_chaos_ogryn_houndmaster_name_03,Вожак Зграї Уґлок
loc_chaos_ogryn_houndmaster_name_04,Вожак Зграї Бартольд «Альфа Один»
loc_chaos_ogryn_houndmaster_name_05,Вожак Зграї Фітц
loc_chaos_ogryn_houndmaster_name_06,Вожак Зграї Йордун «Пасткар»
loc_chaos_ogryn_houndmaster_name_07,Вожак Зграї Аґґар
loc_chaos_ogryn_houndmaster_name_08,Вожак Зграї Хеопс «Мисливець»
loc_chaos_ogryn_houndmaster_name_09,Вожак Зграї Геррольд
loc_chaos_ogryn_houndmaster_name_10,Вожак Зграї Ґруне «Привид»
loc_chaos_ogryn_houndmaster_name_11,Вожак Зграї Яарґ
loc_chaos_ogryn_houndmaster_name_12,Вожак Зграї Кобольт «Тривожник»
loc_chaos_ogryn_houndmaster_name_13,Вожак Зграї Гіш
loc_chaos_ogryn_houndmaster_name_14,Вожак Зграї Дрентц «Невблаганний»
loc_chaos_ogryn_houndmaster_name_15,Вожак Зграї Блорт
loc_circumstance_elite_army_darkness_description,"Коли ворогів мало, вони стають неприродно витривалими. Не варто очікувати, що їх буде легко помітити."
loc_circumstance_elite_army_darkness_title,Непохитне вторгнення (Збій Енергопостачання)
loc_circumstance_elite_army_default_description,"Коли ворогів мало, вони стають неприродно витривалими."
loc_circumstance_elite_army_default_title,Непохитне вторгнення
loc_circumstance_elite_army_gas_description,"Коли ворогів мало, вони стають неприродно витривалими. У цій зоні виявлено високу концентрацію Моебіанського Чумного Зетафіту-13."
loc_circumstance_elite_army_gas_title,Непохитне вторгнення (Чумний газ)
loc_circumstance_elite_army_hunting_grounds_description,"Коли ворогів мало, вони стають неприродно витривалими та супроводжуються зграями псів."
loc_circumstance_elite_army_hunting_grounds_title,Непохитне вторгнення + мисливські угоддя
loc_circumstance_elite_army_increased_resistance_description,"Коли ворогів мало, вони стають неприродно витривалими. Зафіксовано незвично високу кількість ворогів."
loc_circumstance_elite_army_increased_resistance_title,Високоінтенсивне непохитне вторгнення
loc_circumstance_elite_army_ventilation_description,"Коли ворогів мало, вони стають неприродно витривалими. Видимість знижена."
loc_circumstance_elite_army_ventilation_title,Непохитне вторгнення (Очищення Вентиляції)
loc_circumstance_elite_army_waves_of_specials_description,"Коли ворогів мало, вони стають неприродно витривалими. Очікувати ударні загони Спеціалістів."
loc_circumstance_elite_army_waves_of_specials_title,Непохитне вторгнення + Ударні штурмові групи
loc_class_selection_specialization_class_defining_weapons_title,Фірмова зброя
loc_credits_view_additional_community_lead_title,Додатковий Керівник Спільноти
loc_credits_view_additional_external_development_manager_title,Додатковий Менеджер Зовнішньої Розробки
loc_credits_view_additional_product_marketing_manager_title,Додатковий Менеджер Продуктового Маркетингу
loc_credits_view_additional_weapon_art_title,Додаткове Художнє Оформлення Зброї
loc_credits_view_associate_art_director_title,Помічник Арт-Директора
loc_credits_view_head_of_engineering_title,Керівник Інженерії
loc_credits_view_head_of_managers_title,Керівник Менеджерів
loc_credits_view_head_of_marketing_title,Керівник Маркетингу
loc_currency_name_expedition_loot,Техно-Рештки
loc_currency_name_expedition_salvage,Брухт
loc_elite_army_condition,Завершити місії непохитного вторгнення.
loc_elite_army_description,"Кількість ворогів нижча за звичайну, але вони демонструють неприродну стійкість до шкоди."
loc_elite_army_description_lore,"Після гуркоту й хаосу нападу Гуркотливих Велетнів вулиці Тертіума здаються моторошно тихими. Та не втрачайте пильності — єретиків може бути небагато, але агенти Вирмвуду повідомляють, що наявні війська мають неприродну стійкість до поранень."
loc_elite_army_event_context,Вистежити цих єретиків і дарувати їм милість Імператора.
loc_elite_army_name,Міць Нурґла
loc_expedition_critical_update_extraction_start,ЕВАКУАЦІЮ ВИКЛИКАНО
loc_expedition_critical_update_extraction_start_sub,ОЧІКУВАТИ ПРИБУТТЯ ВАЛЬКІРІЇ
loc_expedition_critical_update_sanctuary_start,ДОСТУП ДО УКРИТТЯ СМЕРТОКРАЮ
loc_expedition_critical_update_sanctuary_start_sub,ЗАХИЩАТИ БРАМУ
loc_expedition_drop_loot,{player_name:%s} втратив {amount} Техно-Решток
loc_expedition_eor_additional,+{requirements:%d} додаткові вимоги
loc_expedition_eor_collected,Зібрано Техно-Решток
loc_expedition_eor_title,Результати вилазки Смертокраю
loc_expedition_exit_instructions_header,Час вирушати?
loc_expedition_extract_instructions_header,Час евакуюватися?
loc_expedition_loot_converter_missing_requirement,Для взаємодії потрібен Релікварій Даних.
loc_expedition_map_enviromental_intel,Розвіддані навколишнього середовища
loc_expedition_map_heretic_intel,Розвіддані про Єретиків
loc_expedition_map_total_title,Збір Техно-Решток
loc_expedition_not_allowed_in_safe_zone,Використання предметів заборонено в Укритті Смертокраїв.
loc_expeditions_currency_name_hud,Брухт
loc_expeditions_loot_name_hud,Техно-Рештки
loc_expeditions_luggable_loot_deposit_description,Зібрати або евакуювати {target} Релікваріїв Даних за підтримки союзників.
loc_expeditions_luggable_loot_deposit_name,Збирач Даних ({tier})
loc_expeditions_map_alpha,Альфа
loc_expeditions_map_beta,Бета
loc_expeditions_map_chi,Хі
loc_expeditions_map_delta,Дельта
loc_expeditions_map_epsilon,Епсилон
loc_expeditions_map_eta,Ета
loc_expeditions_map_gamma,Гамма
loc_expeditions_map_iota,Йота
loc_expeditions_map_kappa,Каппа
loc_expeditions_map_lambda,Лямбда
loc_expeditions_map_mu,Мю
loc_expeditions_map_nu,Ню
loc_expeditions_map_omega,Омега
loc_expeditions_map_omicron,Омікрон
loc_expeditions_map_phi,Фі
loc_expeditions_map_pi,Пі
loc_expeditions_map_psi,Псі
loc_expeditions_map_rho,Ро
loc_expeditions_map_sigma,Сигма
loc_expeditions_map_tau,Тау
loc_expeditions_map_theta,Тета
loc_expeditions_map_upsilon,Іпсилон
loc_expeditions_map_xi,Ксі
loc_expeditions_map_zeta,Зета
loc_expeditions_modifier_enemy_blight_spreads,Поширення Зарази
loc_expeditions_modifier_enemy_blight_spreads_description,Звіти вказують на велику концентрацію сильно заражених ворогів у цій зоні. Обережно!
loc_expeditions_modifier_enemy_hunting_grounds,Мисливські угіддя
loc_expeditions_modifier_enemy_hunting_grounds_description,Зграї псів блукають цією місцевістю.
loc_expeditions_modifier_enemy_rotten_armour,Гнила броня
loc_expeditions_modifier_enemy_rotten_armour_description,"Пошесть мутувала, спотворивши навіть броню ворогів. Вони рухаються повільніше, ніж зазвичай, але мають більше здоров’я. За кожну втрату третини здоров’я вони вивільняють невеликий токсичний сплеск."
loc_expeditions_modifier_environment_lightning_storm,Електрична буря
loc_expeditions_modifier_environment_lightning_storm_description,Надходять повідомлення про потужні статичні розряди в цій зоні.
loc_expeditions_modifier_environment_necro_flies,Некро-Мухи
loc_expeditions_modifier_environment_necro_flies_description,У цій зоні помічено рої Некро-Мух.
loc_expeditions_modifier_environment_sand_vortex,Пиловий вихор
loc_expeditions_modifier_environment_sand_vortex_description,Виснажливі вітри можуть формувати Пилові вихори в цій зоні.
loc_expeditions_modifier_simple_auspex_disabled,Навігаційний ауспекс недоступний.
loc_expeditions_modifier_simple_extraction_last_location,Обмежена Евакуація. Евакуація Валькірією доступна лише в останній Зоні Пошуку.
loc_expeditions_modifier_simple_generic,Суперечливі Дані. Умови поля бою невідомі.
loc_expeditions_modifier_simple_locations_fewer,"Кількість Зон Пошуку менша, ніж зазвичай."
loc_expeditions_modifier_simple_locations_more,"Кількість Зон Пошуку більша, ніж зазвичай."
loc_expeditions_modifier_simple_locations_single,Доступна лише одна Зона Пошуку.
loc_expeditions_modifier_simple_opportunities_disabled,У Зоні Пошуку відсутні Точки Інтересу.
loc_expeditions_modifier_simple_opportunities_more,"Кількість Точок Інтересу більша, ніж зазвичай."
loc_expeditions_modifier_simple_store_artillery_only,Великі гармати не втомлюються. В Укритті Смертокраїв доступні лише предмети авіаудару.
loc_expeditions_modifier_simple_store_disabled,Дефіцит. В Укритті Смертокраїв відсутні предмети для обміну.
loc_expeditions_modifier_simple_store_explosives_only,Підривник. В Укритті Смертокраїв доступна лише вибухівка.
loc_expeditions_modifier_simple_store_free,Достаток. Усі предмети в Укритті Смертокраїв не потребують Брухту.
loc_expeditions_modifier_simple_store_mines_only,Небезпечна Місцевість. В Укритті Смертокраїв доступні лише міни та пастки.
loc_expeditions_modifier_simple_store_unique_inventory_generic,Унікальні Запаси. Укриття Смертокраїв мають унікальний асортимент.
loc_expeditions_modifier_simple_store_valkyrie_only,Повітряна Підтримка. В Укриттях Смертокраїв доступні лише предмети для виклику підтримки Валькірії.
loc_expeditions_modifier_simple_theme_darkness,Нічна Місія
loc_expeditions_modifier_simple_timer_disabled,Зона без радіації. У цій зоні відсутнє обмеження часу.
loc_expeditions_modifier_simple_timer_longer,"Зона низької радіації. На виконання цієї вилазки відведено більше часу, ніж зазвичай."
loc_expeditions_modifier_simple_timer_shorter,"Зона високої радіації. На виконання цієї вилазки відведено менше часу, ніж зазвичай."
loc_expeditions_onboarding_01_desc,"Дослідити Вузол Сітки, знайти якомога більше Техно-Решток та евакуюватися. Час обмежений."
loc_expeditions_onboarding_01_title,Основи
loc_expeditions_onboarding_02_desc,"Вилазка складається з послідовності Зон Пошуку з Укриттями Смертокраїв між ними. Знайти вихід із зони та захищати двері під час відкриття, щоб перейти до наступної зони."
loc_expeditions_onboarding_02_title,Вилазка в Смертокрай
loc_expeditions_onboarding_03_desc,"Коли будете готові завершити вилазку, вирушайте до точки евакуації та викликайте Валькірію. Доведеться пережити атаку ворога."
loc_expeditions_onboarding_03_title,Евакуація
loc_expeditions_onboarding_04_desc,"Вступ у бій із ворожими патрулями та взаємодія з Точками Інтересу дають ворогу інформацію про ваше місцезнаходження. Чим краще вони знають, де ви, тим сильніше б’ють."
loc_expeditions_onboarding_04_title,Опір
loc_expeditions_onboarding_05_desc,"Ваш ауспекс відображає Точки Інтересу, де, ймовірно, можна знайти Техно-Рештки. Також він показує точки евакуації та двері Укриттів Смертокраїв. Використовуйте його, щоб позначати цілі на компасі."
loc_expeditions_onboarding_05_title,Навігація
loc_expeditions_onboarding_06_desc,"Таймер зупиняється, коли ви перебуваєте в Укритті Смертокраїв. Обмінюйте знайдений Брухт на ресурси та корисні інструменти."
loc_expeditions_onboarding_06_title,Укриття Смертокраїв
loc_expeditions_onboarding_07_desc,Евакуація з Техно-Рештками відкриває доступ до нових Вузлів Сітки з різними умовами середовища та модифікаторами ворогів.
loc_expeditions_onboarding_07_title,Мапа експедиції
loc_expeditions_personal_best_node,Найвищий Вузол Сітки
loc_expeditions_personal_total_mapwide,Загалом експедицій
loc_expeditions_personal_total_node,Загалом Вузлів Сітки
loc_expeditions_pickup_airstrike_grenade,Сигнальний Маркер Бомбардування
loc_expeditions_pickup_currency_quality_low,Малий Запас Брухту
loc_expeditions_pickup_currency_quality_medium,Середній Запас Брухту
loc_expeditions_pickup_description_artillery_strike,Артилерійський Маяк Наведення
loc_expeditions_pickup_description_big_grenade,Модифікована Граната
loc_expeditions_pickup_description_force_field_pocketable,Вакуумний Снаряд
loc_expeditions_pickup_description_motion_detection_mine_explosive,Міна з Серво-Тригером
loc_expeditions_pickup_description_motion_detection_mine_fire,Очищувальна Пастка
loc_expeditions_pickup_description_motion_detection_mine_shock,Електрична Пастка
loc_expeditions_pickup_description_syringe_timed,Антирадіаційні Стимулятори
loc_expeditions_pickup_explosive_luggable_01,Бочка Прометію
loc_expeditions_pickup_extra_description_airstrike_grenade,Цей маркер викликає бомбардування Валькірії. Валькірія скине кілька бомб по прямій лінії в зазначеній зоні.
loc_expeditions_pickup_extra_description_big_grenade,"Потужна метальна граната, що вибухає при зіткненні."
loc_expeditions_pickup_extra_description_expedition_artillery_strike,Цей маяк наведення викликає артилерійський удар Моебіанського 53-го. «Василіски» здійснять три залпи по цільовій зоні.
loc_expeditions_pickup_extra_description_explosive_luggable_01,"Надзвичайно легкозаймиста. Ця бочка вибухає при влучанні, а полум’я палає так, як ви й уявити не зможете! Вона важка, тож доведеться тягнути її туди, де вона потрібна."
loc_expeditions_pickup_extra_description_force_field_pocketable,"Цей пристрій розгортає грубий енергетичний купол, що захищає від дистанційних атак."
loc_expeditions_pickup_extra_description_motion_detection_mine_explosive,Міна з детонацією за рухом. Її примітивний націлювач спрацьовує лише при наближенні до пріоритетних цілей.
loc_expeditions_pickup_extra_description_motion_detection_mine_fire,"Пристрій із детонацією за рухом, що розгортається та спалює ворогів поблизу. Може спрацьовувати кілька разів за одне встановлення."
loc_expeditions_pickup_extra_description_motion_detection_mine_shock,"Пристрій із детонацією за рухом, що розгортається та вражає струмом ворогів поблизу. Може спрацьовувати кілька разів за одне встановлення."
loc_expeditions_pickup_extra_description_syringe_timed,"Схоже, Смертокраї теж це використовують. Багато що пояснює. Принаймні, це дозволить провести тут трохи більше часу. Якщо, звісно, ви цього хочете."
loc_expeditions_pickup_extra_description_valkyrie_hover_grenade,"Цей маркер викликає атаку підтримки Валькірії. Валькірія зависне над ціллю, забезпечуючи вогневу підтримку."
loc_expeditions_pickup_loot_luggable_quality_high,Бездоганний Релікварій Даних
loc_expeditions_pickup_loot_luggable_quality_low,Пошкоджений Релікварій Даних
loc_expeditions_pickup_loot_luggable_quality_medium,Функціональний Релікварій Даних
loc_expeditions_pickup_loot_player_drop,Втрачені Техно-Рештки
loc_expeditions_pickup_loot_quality_high,"Техно-Рештки
Вищого Класу"
loc_expeditions_pickup_loot_quality_low,"Техно-Рештки
Низького Класу"
loc_expeditions_pickup_loot_quality_medium,"Техно-Рештки
Звичайного Класу"
loc_expeditions_pickup_valkyrie_hover_grenade,Сигнальний Маркер Вогневої Підтримки
loc_expeditions_store_purchase_limit_reached,Досягнуто ліміту покупок.
loc_expeditions_view,Меню експедицій
loc_extra_description_expedition_loot_converter,Ця машина витягує корисну інформацію з Релікваріїв Даних.
loc_game_mode_expedition_menu_tutorial_final_button_label,Зрозуміло!
loc_game_mode_expedition_menu_tutorial_skip_button_label,Пропустити Брифінг
loc_game_mode_expedition_objective_header_location,Зона Пошуку
loc_game_mode_expedition_objective_header_loot,Техно-Рештки
loc_game_mode_expedition_objective_header_time,Залишок Часу
loc_game_mode_expedition_pickup_charges_desc,Доступний запас: {charges:%s}
loc_game_mode_expedition_pickup_insufficient_funds,Недостатньо Брухту
loc_game_mode_expedition_pickup_price_desc,"{description:%s}
Вартість: {price:%s} Брухту"
loc_game_mode_expedition_timer_popup_warning_desc_final,Ефект Рад-Стимулятора анульовано. Критичний ризик Погані.
loc_game_mode_expedition_timer_popup_warning_desc_first,Ефективність Рад-Стимулятора знижується. Час обмежений.
loc_game_mode_expedition_timer_popup_warning_title_final,Критично
loc_game_mode_expedition_timer_popup_warning_title_first,Увага
loc_global_stat_map,"Загальний внесок спільноти в Експедиції
{gathered:%d}/{goal:%d}"
loc_global_stat_node,"Загальний внесок спільноти у Вузлі Сітки {node_name:%s}
{gathered:%d}/{goal:%d}"
loc_global_timer,Доступно через {time_remaining:%s}
loc_grid_point,Вузол Сітки
loc_group_finder_tag_requirement_warning,Вимогу не виконано
loc_hub_expedition_deadside_mission,Отримати доступ до Експедицій на Скорботній Зорі.
loc_interaction_description_has_requirement,"{description:%s}
Буде витрачено: {value:%s}"
loc_interaction_description_missing_requirement,"{description:%s}
{#color({r:%d},{g:%d},{b:%d})}Потрібно: {value:%s}{#reset()}"
loc_locked,Заблоковано
loc_missing_mission_data_for_difficulty,Помилка — відсутні дані місії для вибраного рівня складності
loc_missing_mission_id,Помилка — відсутній ідентифікатор місії
loc_missing_missions_data,Помилка — відсутні дані місії
loc_mission_board_main_objective_exp_wastes_description,"Вирушити в Смертокрай і прочесати Зони Пошуку в пошуках Техно-Решток. Евакуюватися з якомога більшою здобиччю, але пам’ятайте: ваші Рад-Стимулятори захищатимуть лише обмежений час."
loc_mission_board_view_unlock_node,Розблокувати Вузол Сітки
loc_mission_name_exp_wastes,Вилазка в Смертокрай
loc_no_mission_selected,Місію не вибрано
loc_notification_minion_loot_drop,{breed_name:%s} втратив {amount} Техно-Решток.
loc_notification_player_loot_stolen,{breed_name:%s} викрав {amount} Техно-Решток у {player_name:%s}
loc_npc_full_name_dreg_report_a,Дреґ-Лейтенант
loc_npc_short_name_dreg_report_a,Дреґ-Лейтенант
loc_objective_access_deadsider_stash_header,Точка Інтересу — Схованка Смертокраїв
loc_objective_capture_zone_header,Точка Інтересу — Захопити та Утримати
loc_objective_decode_objective_header,Точка Інтересу — Допит
loc_objective_deposit_luggable_header,Точка Інтересу — Нагодувати Машинного Духа
loc_objective_expedition_enter_airlock_header,Увійти всередину
loc_objective_expedition_enter_valkyrie_header,Сісти на Валькірію
loc_objective_expedition_escape_header,Рівень Радіації Критичний
loc_objective_loot_mine_header,Точка Інтересу — Вилучення
loc_objective_loot_storage_header,Точка Інтересу — Полювання за Трофеями
loc_objective_open_door_header,Відкрити Двері
loc_objective_open_loot_vault_header,Відкрити Сховище
loc_objective_open_storage_header,Відкрити Техно-Схрон
loc_objective_open_vault_header,Точка Інтересу — Забутий Скарб
loc_objective_progression_missing,ТЕРМІНОВО: Потрібна більшість команди
loc_objective_start_generator_header,Запустити Генератор
loc_objective_turn_on_power_header,Увімкнути Живлення
loc_objective_wait_for_servo_skull,Очікувати Сервочереп
loc_onboarding_popup_expeditions_unlocked,Експедиції розблоковано!
loc_or_capitalized,АБО
loc_personal_best_loot,Здобути за одну вилазку у Вузлі Сітки {node_name:%s} {gathered:%d}/{goal:%d}
loc_personal_count,Особисті вилазки у Вузлі Сітки {node_name:%s} {gathered:%d}/{goal:%d}
loc_personal_total_loot,Загалом здобуто у Вузлі Сітки {node_name:%s} {gathered:%d}/{goal:%d}
loc_personal_total_loot_mapwide,Загалом здобуто з будь-якого Вузла Сітки {gathered:%d}/{goal:%d}
loc_play_expeditions_condition,Виконати вилазку в Смертокрай та евакуюватися з Техно-Рештками і Релікваріями Даних.
loc_play_expeditions_description,Висадитися на поверхню планети та зібрати якомога більше даних. Обов’язково евакуюватися з ними.
loc_play_expeditions_description_lore,"Схоже, легенди про небезпеки Дедсайду були значно перебільшені. Розслідування Гадрони виявили тривожну активність «Покарання» за межами Вулику. Усьому персоналу наказано вирушити в пустки Смертокраю та зібрати всі сховища даних, які вдасться знайти. Цей наказ має пріоритет над усіма поточними."
loc_play_expeditions_event_context,Завершити вилазку в Смертокрай та евакуюватися з Техно-Рештками і Релікваріями Даних.
loc_play_expeditions_name,Патруль Смертокраю
loc_unlockable,Можна розблокувати
loc_unlocked,Розблоковано
loc_unlocked_by_default,Розблоковано за замовчуванням
loc_wintracks_tab_completed,Завершено
loc_zone_expeditions,Експедиції
loc_zone_name_expeditions_short,Експедиції
loc_insignia_event_abhuman_explosions_desc,"Коли пил осідає, дим розвіюється, а останній з оґринів помирає від ран, ви стоїте переможцем. Вулик у безпеці… поки що."
loc_switch_tab,Змінити вкладку
loc_auspex_input_description_focus,Використати Ауспекс
loc_communications_hack_device_input_description_push,Задіяти
loc_door_open,Відкрити двері
loc_expedition_loot_converter,Забрати Релікварій Даних
loc_horde_island_machine_name,Театр Праведності
loc_horde_island_rooftops_name,Театр Покарання
loc_horde_island_void_name,Театр Смирення
loc_interactable_conveyor,Керування Конвеєром
loc_interactable_exit_lever,Відкрити Укриття Смертокраїв
loc_interactable_extract_lever,Викликати Евакуацію
loc_talent_adamant_tagging_command,"Подвійне натискання мітки на ціль, наказує Кібер-Мастифу атакувати обрану Ціль."
loc_hub_expedition_deadside_interaction_requirement,Необхідно мати доступ до загроз рівня «Злоба»
loc_mission_board_current_threat_level_progress_tooltip,"Покажіть себе у завданнях рівня загрози «{current_difficulty:%s}», щоб отримати доступ до «{next_difficulty:%s}».
Поточний прогрес: {current:%d}/{target:%d}"
loc_interaction_story_echo_brahms,Спогади Брамс
loc_interaction_story_echo_zola,Спогади Золи
loc_interaction_story_echo_zorin,Спогади Зоріна
loc_interaction_story_echo_morrow,Спогади Морроу
loc_action_interaction_story_echo,Згадати
