key,value
loc_account_rank_01,Інквізиторська печатка (1)
loc_account_rank_01_desc,"У милосерді, ясність."
loc_achievements_01,Перші кроки
loc_achievements_01_desc,Ваша подорож починається. Свята Месселіна бачить ваші зусилля і задоволена ними.
loc_achievements_02,Мандрівник
loc_achievements_02_desc,Свята закликає вас. Йдіть за покликом серця до її пробачення.
loc_achievements_03,Шлях попереду
loc_achievements_03_desc,"Ви пройшли довгий шлях і зіткнулися з багатьма випробуваннями, але вони бліднуть у порівнянні з тим, що витерпів наш славетний святий. Подвійно посилить свої зусилля і рухайтеся вперед в ім'я бога-Імператора."
loc_achievements_04,Визначений
loc_achievements_04_desc,"Твої вчинки показують твою справжню силу. У тобі горить праведний вогонь. Використовуй його, щоб очистити це місце від погані, яка загрожує його душі."
loc_achievements_05,Тягар каяття
loc_achievements_05_desc,"Ти був свідком багатьох жахіть на своєму шляху до спокути. Таке ярмо повинні нести всі, хто прагне насолодитися славою нашого дорогоцінного святого."
loc_achievements_06,Рішучий
loc_achievements_06_desc,"Гартуйся проти підступних дій архіворога. Ти на власні очі бачив розпусти та гниття, що виникають, коли душу жертвують пітьмі. Колись 6-ті були гордими. Найбільші герої Тертіуму, які тепер принижені фальшивими обіцянками та жадібністю."
loc_achievements_07,Вірний
loc_achievements_07_desc,Ти справді є дитиною святої. Її світло сяє через твої святі вчинки. Ми не повинні зупинятися у своїх зусиллях. Свята благословляє наші дії. Йди з праведним наміром. Твій ворог злякається перед твоєю силою.
loc_achievements_08,Славний!
loc_achievements_08_desc,"Святий, безсумнівно, буде ходити праворуч від тебе. Ці покаяння, які ти взяв на себе, будуть записані навіки. Проспівані для нащадків архівним хором і шановані, як і належить шанувати знання про всі святі вчинки."
loc_achievements_09,Викуплений
loc_achievements_09_desc,"Благословенна ти, дитино. Твоя віра й відданість сяють яскраво. Ти, безперечно, є прикладом для всіх, хто йде слідами святих. Ця війна, можливо, ще далека від завершення, але твоя подорож шляхом спокути завершена. Поки що.
А тепер займи своє місце як провідник, поширюючи слово святих та допомагаючи іншим іти її шляхом."
loc_achievements_10,Охоронець
loc_achievements_10_desc,"У тебе репутація людини, яка дбає про своїх."
loc_achievements_100,Нестримний
loc_achievements_100_desc,"Жодна, навіть наймогутніша перепона, не встоїть супроти тебе."
loc_achievements_101,Залізна воля
loc_achievements_101_desc,Твою рішучість не зламати.
loc_achievements_102,Око Бурі
loc_achievements_102_desc,"Ти зберігаєш ясний розум, коли всі навколо його втрачають."
loc_achievements_108,Холодний як лід
loc_achievements_108_desc,"Ти лишаєшся незворушним, навіть коли галактика палає."
loc_achievements_11,Безкорисливий захисник
loc_achievements_11_desc,"Команда на першому місці, місія — на другому. "
loc_achievements_110,На підході!
loc_achievements_110_desc,Крізь уламки та полум’я ти завжди знаходиш свою ціль.
loc_achievements_116,Спробуй як слід
loc_achievements_117,Чумовибухач
loc_achievements_118,Маючи буздиган
loc_achievements_119,Чим більші вони…
loc_achievements_121,Плазмовий анігілятор
loc_achievements_121_desc,"Їхня зброя могла й перегрітись, та ти швидко охолодив їхній запал."
loc_achievements_122,Гордість 53-го
loc_achievements_122_desc,Завдання виконано. Покарання відкинуто.
loc_achievements_123,Герой Пагуби Консори
loc_achievements_123_desc,"Фортецю звільнено, а культ вигнано."
loc_achievements_14,Зек
loc_achievements_14_desc,Ти вижив. Це вже щось.
loc_achievements_15,Гарматне м'ясо
loc_achievements_15_desc,Виконав місії та все ще дихаєш? Неймовірно.
loc_achievements_16,Можливо корисно
loc_achievements_16_desc,"Морроу припустив, що ти вже мертвий."
loc_achievements_17,Майже цінний
loc_achievements_17_desc,Можливо Зола і згадає твоє ім'я коли ти помреш
loc_achievements_18,Досі пушечне м'ясо
loc_achievements_18_desc,Не обманюй себе. Ти тут помреш.
loc_achievements_19,Забирач черепів
loc_achievements_19_desc,Деяким убивство дається легко.
loc_achievements_20,Збирач черепів
loc_achievements_20_desc,Єретики бояться твого імені.
loc_achievements_21,Адепт ауспексу
loc_achievements_21_desc,Тільки не забудь тримати його правильно.
loc_achievements_22,Слідчий адепт
loc_achievements_22_desc,Ти теж станеш збирачем даних... Одного дня.
loc_achievements_23,Мисливець за небезпекою
loc_achievements_23_desc,Ти не зважаєш на небезпеку.
loc_achievements_24,Зупинити гниття
loc_achievements_24_desc,"Якщо це може померти, ти це вб'єш."
loc_achievements_25,Молот зрадників
loc_achievements_25_desc,VI-ий Моебіанський виставив нагороду за твою голову.
loc_achievements_26,Невтомний
loc_achievements_26_desc,"Ти й гадки не маєш, що таке зупинитись."
loc_achievements_27,Шукач архієретиків
loc_achievements_27_desc,"Чим більші вони, тим глибше вдоволення."
loc_achievements_28,Пакунок Ґрокса
loc_achievements_28_desc,Взяти та принести? Якщо це все що потрібно.
loc_achievements_29,Імператорський
loc_achievements_29_desc,Командна робота — шлях до перемоги.
loc_achievements_30,Територіаліст
loc_achievements_30_desc,Єретики не віддадуть навіть сантиметра Тертіуму.
loc_achievements_31,Приносячи бум
loc_achievements_31_desc,Вибухівка і єретики чудово поєднуються.
loc_achievements_32,Ніхто не залишиться позаду
loc_achievements_32_desc,"На Атомі, і без того досить самотньо, щоб ще й залишати товаришів по команді."
loc_achievements_33,Готовий до дій
loc_achievements_33_desc,Оперативник завжди на службі.
loc_achievements_34,Викорінювач
loc_achievements_34_desc,"Жодного милосердя для ворога, що серед нас."
loc_achievements_35,Безжальний допитувач
loc_achievements_35_desc,Ваша ефективність була відзначена і високо оцінена.
loc_achievements_36,Адепт патрулю
loc_achievements_36_desc,Ви готові впоратися з будь-чим.
loc_achievements_37,Адепт натиску
loc_achievements_37_desc,"Немає місії, яку б ти не виконав."
loc_achievements_38,Адепт винищення
loc_achievements_38_desc,Морроу майже пишається. Хоча він ніколи цього не скаже.
loc_achievements_39,achievements_39
loc_achievements_39_desc,This is achievements_39
loc_achievements_40,achievements_40
loc_achievements_40_desc,This is achievements_40
loc_achievements_41,achievements_41
loc_achievements_41_desc,This is achievements_41
loc_achievements_42,Відомий теолог
loc_achievements_42_desc,Ваша відданість збиранню та збереженню святих скриптів привернула увагу Гестії. Вона висловлює вам подяку за вашу відданість.
loc_achievements_43,Похмура мета
loc_achievements_43_desc,Ці брудні фоліанти не повинні потрапити до рук ворога. Ваші зусилля з їх повернення зробили тертіум безпечнішим місцем. Відносно.
loc_achievements_44,achievements_44
loc_achievements_44_desc,This is achievements_44
loc_achievements_45,achievements_45
loc_achievements_45_desc,This is achievements_45
loc_achievements_46,achievements_46
loc_achievements_46_desc,This is achievements_46
loc_achievements_47,Головоріз
loc_achievements_47_desc,"Черепи для... Ні, зачекайте, для трофеїв. Так, це просто трофеї."
loc_achievements_48,achievements_48
loc_achievements_48_desc,This is achievements_48
loc_achievements_49,Сліпа справедливість
loc_achievements_49_desc,"У моєму суді не існує такого поняття, як невинність. Невинність є провиною у марнуванні мого часу.
- лорд-інквізитор Карамазов"
loc_achievements_50,achievements_50
loc_achievements_50_desc,This is achievements_50
loc_achievements_51,achievements_51
loc_achievements_51_desc,This is achievements_51
loc_achievements_52,achievements_52
loc_achievements_52_desc,This is achievements_52
loc_achievements_53,achievements_53
loc_achievements_53_desc,This is achievements_53
loc_achievements_54,achievements_54
loc_achievements_54_desc,This is achievements_54
loc_achievements_55,achievements_55
loc_achievements_55_desc,This is achievements_55
loc_achievements_56,achievements_56
loc_achievements_56_desc,This is achievements_56
loc_achievements_57,achievements_57
loc_achievements_57_desc,This is achievements_57
loc_achievements_58,achievements_58
loc_achievements_58_desc,This is achievements_58
loc_achievements_59,achievements_59
loc_achievements_59_desc,This is achievements_59
loc_achievements_60,achievements_60
loc_achievements_60_desc,This is achievements_60
loc_achievements_61,achievements_61
loc_achievements_61_desc,This is achievements_61
loc_achievements_62,achievements_62
loc_achievements_62_desc,This is achievements_62
loc_achievements_63,achievements_63
loc_achievements_63_desc,This is achievements_63
loc_achievements_64,achievements_64
loc_achievements_64_desc,This is achievements_64
loc_achievements_65,achievements_65
loc_achievements_65_desc,This is achievements_65
loc_achievements_66,achievements_66
loc_achievements_66_desc,This is achievements_66
loc_achievements_67,achievements_67
loc_achievements_67_desc,This is achievements_67
loc_achievements_68,Боротьба зі шкідниками
loc_achievements_68_desc,"З такими навичками поводження з собаками, можна було б влаштуватися на роботу в арбітром."
loc_achievements_69,achievements_69
loc_achievements_69_desc,This is achievements_69
loc_achievements_70,achievements_70
loc_achievements_70_desc,This is achievements_70
loc_achievements_71,achievements_71
loc_achievements_71_desc,This is achievements_71
loc_achievements_72,achievements_72
loc_achievements_72_desc,This is achievements_72
loc_achievements_73,achievements_73
loc_achievements_73_desc,This is achievements_73
loc_achievements_75,Чистий результат
loc_achievements_75_desc,"Чи то вміння ухилятися, чи то швидкі рефлекси, чи то розумне використання каменю, але твоя тактика, здається, працює."
loc_achievements_76,achievements_76
loc_achievements_76_desc,This is achievements_76
loc_achievements_77,achievements_77
loc_achievements_77_desc,This is achievements_77
loc_achievements_78,achievements_78
loc_achievements_78_desc,This is achievements_78
loc_achievements_83,Послідовність — чеснота
loc_achievements_83_desc,"Твоя відданість гідна похвали. Продовжуй, доки матимеш силу."
loc_achievements_86,Огидно живучий
loc_achievements_86_desc,"Скверна не змогла тебе спинити. Всі єретики зустрінуть суд твоєю рукою, якими б огидними чи викрученими вони не були."
loc_achievements_91,Приборкай гармати
loc_achievements_91_desc,"У них більше стволів, але не більше майстерності."
loc_achievements_92,Підсилений
loc_achievements_92_desc,"Тебе, схоже, зовсім не турбує, що сталося з 21-м. Бач, маєш надійне джерело."
loc_achievements_97,Знищити мутанта
loc_achievements_97_desc,Не дозволяй жодному з них жити.
loc_achievements_99,Снайпер
loc_achievements_99_desc,"Вони можуть переважати в дальності, та не сховаються від твого гніву."
loc_acid_dogs_armageddon_upperbody_a_var_01,Тактичний бронежилет
loc_acid_dogs_armageddon_upperbody_a_var_01_desc,Поєднання шкіри та бронежилету забезпечує захист та мобільність солдата під час руху.
loc_acid_dogs_genstealer_cults_01_b_var_02,Маска Аклис Мк Xf Іскроріз  
loc_acid_dogs_genstealer_cults_01_b_var_02_desc,"Відомий тим, що візор затуманюється, якщо лазерна зброя стріляє занадто близько. Сподіваюсь, що він був модернізований."
loc_acid_dogs_genstealer_cults_01_b_var_04,Маска Аклис Мк ІІb Іскроріз  
loc_acid_dogs_genstealer_cults_01_b_var_04_desc,"Прикрашений характерним камуфляжним візерунком у вигляді кислотних відходів, цей екземпляр, безсумнівно, бачив не одну битву."
loc_acid_dogs_genstealer_cults_01_b_var_05,Іскрорізна маска Акліс Мк Xv
loc_acid_dogs_genstealer_cults_01_b_var_06,Іскрорізна маска Акліс Мк Xb
loc_acid_dogs_genstealer_cults_01_b_var_07,Іскрорізна маска Акліс Мк Xd
loc_acid_dogs_imperial_guard_helmet_06_a_bionic_eye_g_var_01,Шолом Аклис Мк ІІb Циклоп
loc_acid_dogs_imperial_guard_helmet_06_a_bionic_eye_g_var_01_desc,"Ні, я не сумую за своїм оком. Нове набагато краще, навіть якщо воно іскриться під дощем.
Сержант Редд Врекхем (померлий)"
loc_acid_dogs_imperial_guard_helmet_06_a_necromunda_04_a_var_01,Шолом мілітарум з маскою протектус (попелястий камуфляж)
loc_acid_dogs_imperial_guard_helmet_06_a_necromunda_04_a_var_01_desc,"Оброблений хімікатами шолом Мілітаруму (попелясте камуфлювання) та повномаскова маска «Протектус», створена для кращого захисту у корозійних атмосферах. Використовувався під час широко відомго Штурму Ноктурнуса.  "
loc_acid_dogs_imperial_guard_helmet_06_a_necromunda_04_c_var_01,Шолом Мілітаруму з маскою Протектус (Бойова Тінь Темнолісу)
loc_acid_dogs_imperial_guard_helmet_06_a_necromunda_04_c_var_02,Шолом Мілітаруму з маскою Протектус (Ваді)
loc_acid_dogs_imperial_guard_helmet_06_a_necromunda_04_c_var_03,Шолом Мілітаруму з маскою Протектус (Піски Гіріон)
loc_acid_dogs_imperial_guard_helmet_06_b_var_01,Шолом Аклис Мк Ie Жорсткий дах
loc_acid_dogs_imperial_guard_helmet_06_b_var_01_desc,Ланцюговий захисник шиї був доданий попереднім власником. Хай він послужить тобі краще.  
loc_acid_dogs_sergeant_ripper_lowerbody_a_var_01,Шкіряний комбінезон та протез кінцівки Мк IV «Ахабіан».  
loc_acid_dogs_sergeant_ripper_lowerbody_a_var_01_desc,"Добре змащений і доглянутий біонік — гордість будь-якого солдата Астра Мілітарум. Через зношення, пошкодження та періодичні збої необхідний базовий мех-ремонт, щоб кінцівка залишалася справною в польових умовах.  "
loc_acid_dogs_sergeant_ripper_lowerbody_a_var_02,Аугметичний імплант типу Ефестус
loc_acid_dogs_sergeant_ripper_lowerbody_a_var_02_desc,"Стильний і функціональний протез ноги. Досить радикальне рішення для зламаного пальця, але Кралл наполягав, що це найкращий варіант.  "
loc_adamant_headgear_01_b_var_01,Патрульний шолом Арбітра з піднятим візором
loc_adamant_headgear_01_var_01,Патрульний шолом Арбітра (Люцис)
loc_adamant_headgear_01_var_02,Патрульний шолом Арбітра (Ноктіс)
loc_adamant_headgear_02_var_01,Шолом Проктора Арбітрів
loc_adamant_headgear_03_var_01,Маска «Ревелатум» Арбітра (Ноктіс)
loc_adamant_headgear_04_var_01,Маска «Малокатор» Арбітра
loc_adamant_headgear_04_var_01_desc,"«Малокатори діють із крижаним спокоєм під вогнем, вивчаючи докази через свій верискантний багатолінзовий модуль і сповіщаючи загін про слабкості ворога»."
loc_adamant_headgear_05_var_01,Офіцерський шолом Арбітра (Люцис)
loc_adamant_headgear_05_var_02,Офіцерський шолом Арбітра (Ноктіс)
loc_adamant_headgear_06_var_01,Каптур Арбітра каратель
loc_adamant_headgear_07_var_01,Шолом Арбітра з вокс-підсилювачем (Люцис)
loc_adamant_headgear_07_var_02,Шолом Арбітра з вокс-підсилювачем (Ноктіс)
loc_adamant_lowerbody_a_var_01,Патрульна роба Арбітра (Люцис)
loc_adamant_lowerbody_a_var_02,Патрульна роба Арбітра (Ноктіс)
loc_adamant_lowerbody_b_var_01,Спеціальна роба Арбітра (Люцис)
loc_adamant_lowerbody_b_var_02,Спеціальна роба Арбітра (Ноктіс)
loc_adamant_lowerbody_c_var_01,Офіцерська роба Арбітра (Люцис)
loc_adamant_lowerbody_c_var_02,Польова уніформа Арбітра (ноктіс)
loc_adamant_lowerbody_d_var_01,Роби «Ревелатум» Арбітра (Люцис)
loc_adamant_lowerbody_e_var_01,Польовий комплект Проктора Арбітрів
loc_adamant_upperbody_a_var_01,Патрульна броня Арбітра (Люцис)
loc_adamant_upperbody_a_var_02,Патрульна броня Арбітра (Ноктіс)
loc_adamant_upperbody_b_var_01,Спеціальна броня Арбітра (Люцис)
loc_adamant_upperbody_b_var_02,Спеціальна броня Арбітра (Ноктіс)
loc_adamant_upperbody_c_var_01,Ветеранська броня Арбітра (Люцис)
loc_adamant_upperbody_c_var_02,Ветеранська броня Арбітра (Ноктіс)
loc_adamant_upperbody_d_var_01,Броня «Ревелатум» Арбітра з плащем прихованих операцій (Люцис)
loc_adamant_upperbody_e_var_01,Панцир Проктора Арбітрів
loc_aquila_circlet_a_var_01,Обруч «Шануй Імперіум»  
loc_aquila_circlet_a_var_01_desc,Імператор має завжди бути на першому місці у твоїх думках.  
loc_arches_01,Незламність  
loc_arches_01_desc,Хай ідуть. Ти витримаєш будь-яку бурю.  
loc_arches_02,Ухильний
loc_arches_02_desc,Перше правило війни: не дай у себе влучити.  
loc_astra_a_01_headgear_rebreather_02_a_var_01,Респіратор зразка «Гнозис» із нашийником Псайкани  
loc_astra_a_01_headgear_rebreather_02_a_var_01_desc,"Функціональний респіратор, поєднаний із нашийником Псайкани з нефарбованого металу — для тих, хто цурається показного одягу.  "
loc_astra_a_01_headgear_safety_goggles_a_var_01,Нашийник Псайкани зразка «Мельхіор»  
loc_astra_a_01_headgear_safety_goggles_a_var_01_desc,"Практичне, без надмірностей спорядження. Захисні окуляри проти спалахів дають певне полегшення від пекучих енергій Варпу.  "
loc_astra_a_01_headgear_set_01,Нашийник Псайкани «Ілліссі» Мк IIa  
loc_astra_a_01_headgear_set_01_bioniceye_b_02_var_01,Окулярний Аугметик «Ексфоріатор» із нашийником Псайкани  
loc_astra_a_01_headgear_set_01_bioniceye_b_02_var_01_desc,"Дехто стверджує, що ефірна проводка в цих імплантах дарує користувачеві більшу ясність, коли він пронизує завісу Імматаріуму. Втім, жоден із псайкерів, обтяжених цими болісними аугметиками, ніколи не підтвердив цього твердження.  "
loc_astra_a_01_headgear_set_01_desc,"Більшість спорядження псайкера створена, щоб нагадувати про його інакшість. Адже їм ніколи не можна довіряти цілковито.  "
loc_astra_a_01_headgear_set_04,Нашийник Псайкани «Ілліссі» Мк IIz  
loc_astra_a_01_headgear_set_04_desc,Золотий нашийник означає статус у деяких полках. У більшості ж — це лише мрія мародера.  
loc_astra_a_01_lowerbody_set_01,Бойове спорядження Псайкани «Ілліссі» Мк IIIa  
loc_astra_a_01_lowerbody_set_01_desc,"Іноді кров відпирається, іноді простіше пофарбувати одяг заново.  "
loc_astra_a_01_lowerbody_set_05,Бойове спорядження Псайкани «Ілліссі» Мк IVc  
loc_astra_a_01_lowerbody_set_05_desc,"На маленькій етикетці всередині, що вже вицвіла, написано: «Власність Ордо Мілітум».  "
loc_astra_a_02_headgear_catachan_headgear_a_blindfold_var_01,Пов’язка Провидця з нашийником Псайкани  
loc_astra_a_02_headgear_catachan_headgear_a_blindfold_var_01_desc,"Ті, кого благословлено зором Варпу, часто відмовляються користуватися власними очима, покладаючись натомість на глибшу істину, яку споглядають у своєму розумі.  "
loc_astra_a_02_headgear_catachan_headgear_a_blindfold_var_02,Окуляр Провидця з псайкана-коміром (камуфляж «Трясинні Дебрі»)
loc_astra_a_02_headgear_catachan_headgear_a_blindfold_var_03,Окуляр Провидця з псайкана-коміром (помаранчевий)
loc_astra_a_02_headgear_genestealer_cults_04_b_var_01,Броньований нашийник Псайкани (Крижаний Скорбот)  
loc_astra_a_02_headgear_genestealer_cults_04_b_var_01_desc,"Посилений нашийник Псайкани, що забезпечує додатковий захист ціною зниженої рухливості та обмеженого периферійного зору.  "
loc_astra_a_02_headgear_genestealer_cults_04_b_var_02,Броньований нашийник Псайкани (Патинована Мідь)  
loc_astra_a_02_headgear_genestealer_cults_04_b_var_02_desc,Розум без мети блукає в темних місцях.  
loc_astra_a_02_headgear_set_01,Нашийник Псайкани «Обскурус» Мк Ie  
loc_astra_a_02_headgear_set_01_desc,"Світ-Кузня Обскурус колись постачав більшість спорядження для Моебіанського Домініону, та ті часи давно минули.  "
loc_astra_a_02_headgear_set_02,Нашийник Псайкани «Обскурус» Мк If  
loc_astra_a_02_headgear_set_02_desc,"«Вага нашийника нагадує мені про інші тягарі. Ті, яких ти, мій неосвічений грубіяне, ніколи не поділиш.  
Примаріс-Псайкер Геннері Вос (покійний)»  "
loc_astra_a_02_headgear_set_03,Нашийник Псайкани «Обскурус» Мк In  
loc_astra_a_02_headgear_set_03_desc,"Попри свій вигляд, цей нашийник майже не забезпечує захисту. Зрештою, ніколи не знаєш, коли доведеться стратити псайкера.  "
loc_astra_a_02_lowerbody_set_02,Одяг Псайкани «Ілліссі» Мк Vc  
loc_astra_a_02_lowerbody_set_02_desc,"У лівій кишені лежала підписана боргова розписка. Здається, попередній власник мав значні борги перед Гелловетт.  "
loc_astra_a_02_lowerbody_set_03,Одяг Псайкани «Ілліссі» Мк Vd  
loc_astra_a_02_lowerbody_set_03_desc,"Не надто гарний, зате значно кращий, ніж шкутильгати на тричі поранених дерев’яних ногах.  "
loc_astra_a_02_lowerbody_set_04,Одяг Псайкани «Ілліссі» Мк Vf  
loc_astra_a_02_lowerbody_set_04_desc,"Іноді наколінник — помічник, а іноді — суцільна незручність.  "
loc_astra_a_02_lowerbody_set_06,Наколінник Робітника Мануфакторуму  
loc_astra_a_02_lowerbody_set_06_desc,У мануфакторумах Вулика не бракує нещасних випадків. Не багатьом робітникам щастить отримати аугметичне удосконалення.  
loc_astra_a_04_coated_headgear_set_01,Керуючий Черепний Ковпак із нашийником Псайкани  
loc_astra_a_04_coated_headgear_set_01_desc,"Арканні кола схем пронизують мозок псайкера, допомагаючи йому бодай частково стримувати вируючі енергії Варпу.  "
loc_astra_a_04_coated_headgear_set_02,Черепний контрольний каптур з коміром Псайкани (камуфляж «Вогняні пустки»)
loc_astra_a_04_coated_headgear_set_03,Черепний контрольний каптур з коміром Псайкани (камуфляж «Крижаний смуток»)
loc_astra_a_04_coated_headgear_set_04,Черепний контрольний каптур з коміром Псайкани (камуфляж «Монтар»)
loc_astra_a_04_headgear_set_01,Шолом для медитацій Псайкани «Ілліссі» Мк IVa  
loc_astra_a_04_headgear_set_01_desc,"«Улюблений псайкерами, які бояться втратити контроль. Може кріпити психічні демпфери та обмежувачі настрою, щоб полегшити тягар перенапруженого розуму, що боїться блукати. Якщо внутрішні провідники починають шипіти — будь насторожі...

Схопи нитки майбутнього!»  "
loc_astra_a_04_headgear_set_02,Черепний шолом для медитацій Псайкани «Ілліссі» Мк IVc  
loc_astra_a_04_headgear_set_02_desc,"«Навіщо ці шипи, мій дорогий дурнику? Я з радістю поясню… тільки підійди трохи ближче…

Устас Забутий»  "
loc_astra_a_04_lowerbody_set_01,Бойовий однострій Псайкера Муніторуму (Кісткові Піски)  
loc_astra_a_04_lowerbody_set_01_desc,Моебіанський Домініон сповнений старим кадійським спорядженням. Історія не зберегла пояснення чому.  
loc_astra_a_04_lowerbody_set_02,Бойовий костюм псайкера Муніторум (кадіанський 110-й)
loc_astra_a_04_lowerbody_set_02_desc,"Часто лагоджений, але все ще придатний до служби. Якби ж ти міг сказати те саме про себе.  "
loc_astra_a_04_lowerbody_set_03,Бойовий однострій Псайкера Муніторуму (Міський Камуфляж)  
loc_astra_a_04_lowerbody_set_03_desc,"Ти не раз замислювався, чи існує ідеальний баланс між модою та бойовою готовністю. Справді, ти знайшов відповідь.  "
loc_astra_a_04_lowerbody_set_04,Бойовий однострій Псайкера Муніторуму (Сонячно-Обпалений Камуфляж)  
loc_astra_a_04_lowerbody_set_04_desc,Одна штанина трохи довша за іншу. Варто б віддати на підгонку.  
loc_astra_a_04_lowerbody_set_06,Бойовий однострій Псайкера Муніторуму (Крижана Скорбота)  
loc_astra_a_04_lowerbody_set_06_desc,"Їхній білий камуфляж ідеальний для зимових кампаній, але швидко забруднюється у задвірках Вулика.  "
loc_astra_a_06_lowerbody_set_01,Парадне вбрання Псайкера Ґлоріана  
loc_astra_a_06_lowerbody_set_01_desc,Якщо вже помирати — то принаймні виглядати при цьому неперевершено.  
loc_astra_a_06_lowerbody_set_02,Парадне вбрання Псайкера «Доблесть»  
loc_astra_a_06_lowerbody_set_02_desc,"Ті, хто добровільно беруть псайкерів до своєї свити, часто забезпечують їх розкішним одягом — на відображення власної (вищої) цінності.  "
loc_astra_a_06_lowerbody_set_05,Парадне вбрання Псайкера «Славетний»  
loc_astra_a_06_lowerbody_set_05_desc,"Важко сказати, що саме в цьому вбранні є справді величним, але, вочевидь, його колишній власник щиро його любив.  "
loc_astra_a_06_lowerbody_set_06,Парадне вбрання Псайкера «Палій» 
loc_astra_a_06_lowerbody_set_06_desc,"«Остерігайся підступної спокуси владою. Вогонь, що нищить твоїх ворогів, може розгорітися й обернутися проти тих, кого ти прагнеш захистити».  

Леді Астерія, лекторка Школастії Псайкани "
loc_astra_a_07_lowerbody_set_01,Парадне вбрання Псайкера «Славетна Велич»
loc_astra_a_07_lowerbody_set_01_desc,"Мало придатне як броня... але з огляду на ту зброю, що вживається в цій галактиці, можливо, краще зберегти власну спритність.  "
loc_astra_a_07_lowerbody_set_03,Парадне вбрання Псайкера «Велич Доблесті»  
loc_astra_a_07_lowerbody_set_03_desc,"Стильне, легке в догляді та стійке до вітру. Ідеальне для псайкера, що перебуває в бігах.  "
loc_astra_b_headgear_set_01,Нашийник Ковену Псайкани «Обскурус» Мк Xa  
loc_astra_b_headgear_set_01_desc,"«Не має значення, у якій формі ти служиш і які клятви даєш. Відьма завжди залишиться загрозою.  

Комісар Аркврайт Станніш»  "
loc_astra_b_headgear_set_01_mouth_cover_01_var_01,Церемоніальний нашийник Псайкани Вартового  
loc_astra_b_headgear_set_01_mouth_cover_01_var_01_desc,"Вартові Братства часто покликані захищати своїх підопічних, що завдає великого виснаження як тілу, так і душі. Ці нашийники дарують хоч невеликий захист від жахіть, що чекають за завісою.  "
loc_astra_b_headgear_set_01_rebreather_02_b_var_01,Респіратор «Гонорум» Мк XII із нашийником Псайкани  
loc_astra_b_headgear_set_01_rebreather_02_b_var_01_desc,"«Ігноруй голоси, що кличуть тебе, сплітаючи оповіді про незбагненні дива. Почути їх — означає бути приреченим.  
— Леді Воренсіс, Майстерка Дисципліни Сколастики Псайкани, М39»  "
loc_astra_b_headgear_set_05,Нашийник Ковену Псайкани «Обскурус» Мк IX  
loc_astra_b_headgear_set_05_desc,"Подейкують, що коммодор Гелловетт здобула його вкрай нечесними засобами — тож у цьому немає нічого дивного.  "
loc_astra_b_lowerbody_set_01,Бойовий однострій Псайкера «Морґейн» Мк III (Кадійський 802-й)  
loc_astra_b_lowerbody_set_01_desc,"Спорядження зразка «Морґейн» дешеве у виробництві, але незмінно служить довше, ніж його власник... з тієї чи іншої причини.  "
loc_astra_b_lowerbody_set_02,Бойовий однострій Псайкера «Морґейн» Мк III (Кадійський 110-й)  
loc_astra_b_lowerbody_set_02_desc,"Псайкери цінують, коли їм видають форму, що відповідає їхньому полку. Це не повністю запобігає дружньому вогню, але бодай трохи допомагає.  "
loc_astra_b_lowerbody_set_03,Бойовий однострій Псайкера «Морґейн» Мк III (Міський Камуфляж)  
loc_astra_b_lowerbody_set_03_desc,Практичне вбрання для практичного воїна.  
loc_astra_b_lowerbody_set_05,Бойовий однострій Псайкера «Морґейн» Мк III (Болотяно-Джунглевий Камуфляж)  
loc_astra_b_lowerbody_set_05_desc,Однострій ветерана з довгої та виснажливої кампанії.  
loc_astra_b_lowerbody_set_06,Бойовий однострій Псайкера «Морґейн» Мк III (Кам’янистий Камуфляж)  
loc_astra_b_lowerbody_set_06_desc,"Стандартне вбрання санкціонованого псайкера, прикріпленого до військових операцій.  "
loc_astra_c_lowerbody_set_03,Штани псайкера «Покута»  
loc_astra_c_lowerbody_set_03_desc,"Не видно крові, але крики вони не заглушать.  "
loc_astra_d_lowerbody_set_01,Ліврея псайкера «Демагог»  
loc_astra_d_lowerbody_set_01_desc,Око — не рідкісний символ серед псайкерів. Дехто носить його з гордістю. Інших ним таврують.  
loc_astra_d_lowerbody_set_03,Ліврея псайкера «Ексфоріатор»  
loc_astra_d_lowerbody_set_03_desc,"Псайкер, що шукає порятунку від фанатиків, сам ставши фанатиком, рідко досягає своєї мети.  "
loc_astra_d_lowerbody_set_04,Ліврея псайкера «Сангвін»  
loc_astra_d_lowerbody_set_04_desc,"Криваво-червоний — завжди популярний колір... з причин, у які не завжди варто вдаватись.  "
loc_astra_d_lowerbody_set_05,Штани торговця
loc_astra_d_lowerbody_set_05_desc,"Практичне, зношене від негоди вбрання.  "
loc_astra_d_lowerbody_set_06,Розкішні бойові штани  
loc_astra_d_lowerbody_set_06_desc,Пурпуровий колір символізує багатство й владу ще з найдавніших цивілізацій. Ці штани демонструють усім твою важливість і статус.  
loc_astra_e_lowerbody_set_01,Регалії псайкера Ґлоріана  
loc_astra_e_lowerbody_set_01_desc,"Саморобне вбрання рідко буває таким непрактичним, як здається. Цей екземпляр — виняток із правила.  "
loc_astra_e_lowerbody_set_02,Штани капера  
loc_astra_e_lowerbody_set_02_desc,"Можливо, це було законно — а можливо, й ні, — але попередній власник займався своєю справою з ентузіазмом.  "
loc_astra_e_lowerbody_set_06,Бортові штани  
loc_astra_e_lowerbody_set_06_desc,Практичні й зносостійкі. Популярний вибір серед менш показних Розбійних Торговців.  
loc_astra_e_lowerbody_set_07,Регалії псайкера «Змарнілі Часом»  
loc_astra_e_lowerbody_set_07_desc,"Попри потертість, ці штани пережили запеклі бої й суворі умови. З волі Імператора, прослужать іще трохи.  "
loc_astra_f_headgear_set_03,Вуаль Спокутника «Серйозність»  
loc_astra_f_headgear_set_03_desc,"Вуаль, яку носить псайкер на службі в Еклезіархії. Це покривало оберігає вірних від погляду на осквернену оболонку.  "
loc_astra_f_lowerbody_set_01,Регалії псайкера «Домінус» Мк II  
loc_astra_f_lowerbody_set_01_desc,"Псайкерам, прикріпленим до Еклезіархії, рідко дістається найкраще спорядження, якою б ревною не була їхня служба.  "
loc_astra_f_lowerbody_set_03,Регалії псайкера «Серйозність»  
loc_astra_f_lowerbody_set_03_desc,"Ймовірно, білими вони залишаться ненадовго.  "
loc_astra_f_lowerbody_set_05,Регалії псайкера «Домінус» Мк XXI  
loc_astra_f_lowerbody_set_05_desc,Практичність у товаришах завжди варта захоплення.  
loc_astra_f_lowerbody_set_06,Позолочені кармінові регалії псайкера  
loc_astra_f_lowerbody_set_06_desc,"Якісний одяг із розкішних матеріалів. Йому понад сто років, але ж не можна мати все.  "
loc_astra_upperbody_a_01_set_01,Бойове спорядження Псайкани «Ілліссі» Мк IIIa  
loc_astra_upperbody_a_01_set_01_desc,Навіть найкращим не завадить шар броні.  
loc_astra_upperbody_a_01_set_04,Бойове спорядження Псайкани «Ілліссі» Мк IVa  
loc_astra_upperbody_a_01_set_04_desc,"Особливо легке, адже псайкери не надто відомі своєю фізичною силою.  "
loc_astra_upperbody_a_01_set_05,Бойове спорядження Псайкани «Ілліссі» Мк IVc (варіант «Грімґрей»)  
loc_astra_upperbody_a_01_set_05_desc,"Після довгого дня у важкій броні псайкеру може забагнутися скористатися ментальними здібностями, щоб полегшити тягар, але пам’ятай — бережи свої сили!  "
loc_astra_upperbody_a_02_set_01,Регалії псайкера «Хроміт» (зразок «Ліндар»)  
loc_astra_upperbody_a_02_set_01_desc,"Туніка Псайкани забезпечує носію певний захист від уламків, колотих ран і подібних небезпек. Вона також означає, що її власник — санкціонований псайкер, відьма, якій даровано право служити Імперіуму. Водночас це і попередження — будь насторожі, адже псайкер, що втратив контроль, справді небезпечний.  "
loc_astra_upperbody_a_02_set_02,Одяг Псайкани «Ілліссі» Мк Vc  
loc_astra_upperbody_a_02_set_02_desc,Усередині коміра нашкрябано жахливо написаний вірш про Чорні Кораблі.  
loc_astra_upperbody_a_02_set_04,Одяг Псайкани «Ілліссі» Мк Vf  
loc_astra_upperbody_a_02_set_04_desc,На внутрішньому боці манжети нашкрябано молитву до Імператора.  
loc_astra_upperbody_a_02_set_06,Одяг Псайкани «Ауреат» Мк Vb  
loc_astra_upperbody_a_02_set_06_desc,"Золоті пластини створюють ауру шляхетності. Хоча, можливо, це псайкер знову випромінює щось своє.  "
loc_astra_upperbody_a_02_set_07,Комбінезон зміни «Бета»  
loc_astra_upperbody_a_02_set_07_desc,"Важкі шкіряні рукавиці та грубі халати вирізняють тих, хто провів чимало часу в мануфакторумах.  "
loc_astra_upperbody_a_04_set_01,Бойовий однострій псайкера Муніторуму (Кісткові Піски)  
loc_astra_upperbody_a_04_set_01_desc,"Військова дисципліна не завжди пасує псайкерам, але принаймні виглядати вони можуть відповідно.  "
loc_astra_upperbody_a_04_set_02,Бойовий костюм псайкера Муніторум (Кадіанський 110-й)
loc_astra_upperbody_a_04_set_02_desc,"Народжені в межах видимості Ока Жаху, кадіанці мають більше підстав, ніж більшість, і покладатися на псайкерів, і водночас їм не довіряти.  "
loc_astra_upperbody_a_04_set_04,Бойовий однострій псайкера Муніторуму (шкіра «Примаріс»)  
loc_astra_upperbody_a_04_set_04_desc,"Важка шкіра забезпечує хоч невеликий захист і додає чимало стилю. До того ж, її легко відмити від крові.  "
loc_astra_upperbody_a_06_set_01,Парадне вбрання псайкера «Тріумф»  
loc_astra_upperbody_a_06_set_01_desc,"Тісні стосунки з псайкерами дорого обходяться, тож більшість шляхтичів намагаються компенсувати це розкішним одягом.  "
loc_astra_upperbody_a_06_set_05,Парадне вбрання Псайкера «Славетний»  
loc_astra_upperbody_a_06_set_05_desc,Пряжка зображує Орб-Всевидючий — поширений мотив серед випускників Сколастики Псайкани.  
loc_astra_upperbody_a_07_set_01,Парадне вбрання псайкера «Славетна Велич»  
loc_astra_upperbody_a_07_set_01_desc,"Скромність не змусить чернь перестати витріщатися на псайкера, тож це вбрання принаймні дає їм на що подивитися!  "
loc_astra_upperbody_a_07_set_03,Парадне вбрання «Доблесна Велич»  
loc_astra_upperbody_a_07_set_03_desc,"Це вбрання заговорило до тебе. Буквально. Лише один раз, після серйозного Варп-Шторму. Але відтоді ти дивишся на нього з осторогою.  "
loc_astra_upperbody_b_set_01,Бойовий костюм псайкана Моебіан Мк ІІІ (за кадіанським зразком)
loc_astra_upperbody_b_set_01_desc,"Як уніформа псайкана в кадіанському стилі потрапила до Моебіанського сектору, ніхто не знає, але тут вона використовується аж бігом."
loc_astra_upperbody_b_set_02,Бойовий однострій псайкера «Морґейн» Мк III  
loc_astra_upperbody_b_set_02_desc,"Лише ті, хто довів свою відданість у довгих кампаніях, мають право носити червоні еполеті.  "
loc_astra_upperbody_b_set_05,Бойовий однострій Псайкера «Морґейн» Мк III (Болотяно-Джунглевий Камуфляж)  
loc_astra_upperbody_b_set_05_desc,Псайкерів ніколи по-справжньому не вітають у військових полках... та й самі вони рідко приймають свій обов’язок охоче.  
loc_astra_upperbody_b_set_06,Бойовий однострій псайкера «Морґейн» Мк III (військовий драб)  
loc_astra_upperbody_b_set_06_desc,Цю утилітарну уніформу носять незліченні санкціоновані псайкери на полях битв по всій галактиці.  
loc_astra_upperbody_b_set_07,Бойовий одяг Псайкера Стигій Мк III
loc_astra_upperbody_b_set_08,Бойовий одяг Псайкера Морґейн Мк III (Ваді)
loc_astra_upperbody_c_set_03,Нашийник Псайкани «Чорна Медуза» (регалії стилю «Морлокс»)  
loc_astra_upperbody_c_set_03_desc,"Пергамент містить написану твоєю рукою мантру — розумову вправу, яку можна повторювати, щоб відновити контроль над своїми психічними силами.  "
loc_astra_upperbody_c_set_05,Кіраса псайкера «Протектус»  
loc_astra_upperbody_c_set_05_desc,"Той, хто носить це вбрання, здобув прихильність Дому Раді та несе його печать благословення.  "
loc_astra_upperbody_d_set_01,Ліврея псайкера зразка «Протектус»  
loc_astra_upperbody_d_set_01_desc,"В Імперіумі, де відьом бояться й зневажають, символ Сколастики Псайкани є знаком санкціонованого псайкера. Носіння такого впізнаваного одягу може дарувати захист як від ворогів, так і від союзників.  "
loc_astra_upperbody_d_set_03,Ліврея псайкера «Дім Провидіння»  
loc_astra_upperbody_d_set_03_desc,"Існують чутки про те, як виготовляють цей блискучий шкіряний лак. Ти не певен, чи правдиві ці чутки, але впевнений, що вони огидні.  "
loc_astra_upperbody_e_set_01,Одяг Псайкани зразка «Імперіус»  
loc_astra_upperbody_e_set_01_desc,"Щоб профінансувати таке вбрання, потрібен впливовий шляхтич або високопосадовець. Вони подарували його тобі з власної волі — чи їх до цього спонукали розумові чари?  "
loc_astra_upperbody_e_set_02,Регалії псайкера «Доблесть»  
loc_astra_upperbody_e_set_02_desc,"«Життя на кордоні нічим не відрізняється від будь-якого іншого місця. Усі тебе ненавидять, і більшість продовжує стріляти.  

Зен Підступний»  "
loc_astra_upperbody_f_set_01,Регалії псайкера зразка «Моебіан Домінус»  
loc_astra_upperbody_f_set_01_desc,"Ці шати й регалії псайкера просякнуті позитивною енергією свого попереднього власника. А може, ця енергія належить майбутньому власникові? Павутину долі нелегко розплутати.  "
loc_astra_upperbody_f_set_05,Регалії псайкера «Домінус» Мк XXI  
loc_astra_upperbody_f_set_05_desc,"Відновлено настільки майстерно, що майже не здогадаєшся — попереднього власника колись ударили ножем у спину.  "
loc_astra_upperbody_g_var_01,Кафтан «Емпіріан» (Крижана Скорбота)  
loc_astra_upperbody_g_var_01_desc,"Завдяки вбудованому нашийнику Псайкани та щільній підкладці цей одяг забезпечує захист як тіла, так і розуму.  "
loc_astra_upperbody_h_var_01,Ряси Сколастики Псайкани  
loc_astra_upperbody_h_var_01_desc,"Цей фасон ряс зазвичай носять ті, хто навчає санкціонованих псайкерів служінню Імперіуму. Хоча «навчанням» це назвати важко...  "
loc_astra_upperbody_h_var_02,Позолочені кармінові ряси  
loc_astra_upperbody_h_var_02_desc,"Червоні та золоті кольори цих ряс віддзеркалюють тьмяно-червоне сяйво Атрокса й бліде каміння та метал Бастіону-Обсерваторії, що виблискують, мов золото.  "
loc_astra_upperbody_i_var_01,Одяг Доглядача Святині  
loc_astra_upperbody_i_var_01_desc,"Простий предмет убрання у білому кольорі, якого надають перевагу у Святині. Не надто практичний вибір для того, хто проводить день у прибиранні.  "
loc_astra_upperbody_j_var_02,Жилет псайкера «Змарнілий Часом» (пісочний Тарос)  
loc_astra_upperbody_j_var_02_desc,Єретик може побачити істину й прагнути спокути. Йому можуть простити минуле — і відпустити його гріхи смертю.  
loc_atoma_01,Розвідна емблема 21-ого
loc_atoma_01_desc,"Розвідні загони 21-го Моебіанського полку були одними з перших, хто усвідомив справжній жах, що ходить найглибшими рівнями Тертіуму. Лише одиниці вижили після цих зустрічей."
loc_atoma_ogryn_headgear_01,Респіратор 21-го Моебіанського (XXXXL)
loc_atoma_ogryn_headgear_01_desc,"Хоча улюблена модель Респіратора, яку використовує 21-й Моебіанський, не випускається в розмірах для оґринів, вони все одно люблять її напялить. Трохи фарби — і ніхто не помітить різниці, правда?"
loc_atoma_ogryn_lowerbody_01,"Польова форма Моебіанського 21-го (вуличний камуфляж Вулика, XXXXL)  "
loc_atoma_ogryn_lowerbody_01_desc,"Ця форма має рідкісний візерунок вуличного камуфляжу Вулика. Вона все ще зберігає сині відтінки, властиві уніформі Моебіанського 21-го, але доповнена малюнком, що вказує — цей оґрин провів певний час у підрозділі «Пробивачів Обшивки». Цей підрозділ спеціалізувався на місіях із вилучення глибоко в темних і вологих надрах Вулика.  "
loc_atoma_ogryn_upperbody_01,Флак-жилет Моебіанського 21-го (XXXXL)  
loc_atoma_ogryn_upperbody_01_desc,"Хоч ніхто й не приписує оґринам великого розуму, навіть вони помічали неприродні події довкола зниклих патрулів і розвідзагонів. Та справжній жах у них викликала думка, що дехто з їхніх власних побратимів міг бути спотворений і зіпсований руйнівними силами. Оґрини віддані — вони просто не вміють бути іншими.  "
loc_atoma_psyker_headgear_01,Респіратор Псайкани Моебіанського 21-го  
loc_atoma_psyker_headgear_01_desc,"Оснащений нашийником Псайкани, цей респіратор демонструє типову модифікацію стандартного спорядження, що дає носію бодай частковий контроль над жахливими силами, якими він володіє.  "
loc_atoma_psyker_lowerbody_01,Утеплена польова форма Моебіанського 21-го  
loc_atoma_psyker_lowerbody_01_desc,"Як і більшість полків Моебіану, 21-й ефективно використовує псайкерів у своїх рядах. Вони навіть розробили тактику застосування силових щитів, щоб спрямовувати ворогів у смертельні перехресні обстріли — ідеально для тісних умов закинутих вуличних рівнів міста-Вулика.  "
loc_atoma_psyker_upperbody_01,Туніка Псайкани Моебіанського 21-го  
loc_atoma_psyker_upperbody_01_desc,"Псайкери, відряджені разом із 21-м, ставали дедалі нестійкішими. Корупція Тертіуму, здавалося, проникла в саме серце Вулика. Межа між світом смертних і буремними хвилями Варпу тут ставала дедалі тоншою. Провісники мух, гнилі й розпаду були всюди. Це мало бути щось більше, ніж просто повстання цивільних.  "
loc_atoma_veteran_headgear_01,Тактичний респіратор Моебіанського 21-го  
loc_atoma_veteran_headgear_01_desc,"Вкрай рідко можна побачити бійця Моебіанського 21-го без респіратора. Частково це розумна обережність, частково забобон — і з часом ця практика стала невід’ємною частиною традицій полку.  "
loc_atoma_veteran_lowerbody_01,Тактична польова форма Моебіанського 21-го  
loc_atoma_veteran_lowerbody_01_desc,"Блідо-блакитна польова форма, яку полюбляє Моебіанський 21-й, з’явилася завдяки їхнім тривалим кампаніям на Інкроні — планеті, вкритій безкраїми океанами та всіяній величезними плаваючими містами-вуликами.  "
loc_atoma_veteran_upperbody_01,Тактичний флак-жилет Моебіанського 21-го  
loc_atoma_veteran_upperbody_01_desc,"Моебіанський 21-й перебував на рідкісній зупинці для поповнення запасів на Атомі, коли почали зникати звичайні патрулі. Невдовзі загони отримали накази від загадкового інквізиторського агента, відомого лише як Реннік. Багато хто тихцем замислювався, чому Інквізиція зацікавилась такими, здавалося б, незначними подіями. Довго гадати не довелося.  "
loc_atoma_zealot_headgear_01,Респіратор Моебіанського 21-го «Відданість»  
loc_atoma_zealot_headgear_01_desc,"Багато бійців 21-го, схильних до особливої релігійності, модифікують свої респіратори, вбудовуючи у них гучномовні схеми, аби ефективніше докоряти зрадникам і звеличувати чесноти Бога-Імператора всім, хто в межах чутності.  "
loc_atoma_zealot_lowerbody_01,Польова форма Моебіанського 21-го «Відданість»  
loc_atoma_zealot_lowerbody_01_desc,"21-й бився багато років на Інкроні. Безкраї простори океану, що розділяли міста-вулики, робили утримання позицій надовго вкрай складним. Не один підрозділ завдячує своїм виживанням тим вірним проповідникам у своїх рядах, які не дозволили нікому втратити віру в часи темряви.  "
loc_atoma_zealot_upperbody_01,Флак-жилет Моебіанського 21-го «Відданість»  
loc_atoma_zealot_upperbody_01_desc,"Після звіту (чи радше несамовитих криків у воксі) від розвідгрупи, відправленої дослідити шостий підрівень Вулика, оповіді ставали дедалі дивнішими. У цей час особливо віруючі бійці полку стали джерелом підтримки та мужності для своїх побратимів — благаючи Імператора про Його захист і надихаючи товаришів на подвиги в Його ім’я.  "
loc_attack_speed_on_perfect_block,Контратака
loc_attack_speed_on_perfect_block_desc,Надає {attack_speed:%s} швидкості атаки протягом {duration:%s} секунд після ідеального блоку. Може спрацьовувати лише раз на {interval:%s} секунд.
loc_autogun_npc_p1_base,Автомат «Ґрая» Мк II  
loc_autogun_npc_p1_base_desc,Цей автомат здатен випускати вражаючу кількість куль із великою швидкістю. А от чи влучиш ти хоч у щось — це вже залежить від тебе.  
loc_autogun_npc_p1_m1,++ PERDITUM SANCTUS ++
loc_autogun_npc_p1_m1_desc,DEV WIP
loc_autogun_npc_p1_m3,++ PERDITUM SANCTUS ++
loc_autogun_npc_p1_m3_desc,DEV WIP
loc_autogun_npc_p2_m1,DEV WIP
loc_autogun_npc_p2_m1_desc,DEV WIP
loc_autogun_npc_p2_m2,DEV WIP
loc_autogun_npc_p2_m2_desc,DEV WIP
loc_autogun_p1_cs001,Піхотний автомат (камуфляж «Тінь Круцісу»)  
loc_autogun_p1_cs001_desc,"Лісовий камуфляжний візерунок, що став відомим завдяки 100-му Круцийському полку «Охоронців Дзвіниці» під час давньої кампанії на Месселіні. Ті небагато ворогів, що пережили ті битви, здобули нову повагу до тіней.  "
loc_autogun_p1_cs002,Піхотний автомат (камуфляж «Вогняні Пустки»)  
loc_autogun_p1_cs002_desc,"Колись поширений візерунок, який використовували полки Астра Мілітарум, що заслужили бойові відзнаки, винищуючи зрадників-космодесантників, відомих як «Чорні Розбійники». Лише небагато таких полків пережили десятиліття відтоді… немовби на них полював якийсь зовнішній ворог."
loc_autogun_p1_locname,Піхотний автомат (камуфляж «Іній Смерті»)  
loc_autogun_p1_locname_desc,"Улюблений камуфляж полків Крижаних Воїнів Валхалли під час кампанії в затоці Масарі, відомої своєю величезною кількістю жертв і мізерними військовими здобутками. Призовники ставали ветеранами за одну ніч — що й на краще, адже мало хто доживав до другого світанку. Із п’яти світів, які Імперіум прагнув повернути у затоці Масарі, два залишилися обвугленими оболонками, а третій так і не виринув із варп-бурі, що його поглинула.  "
loc_autogun_p1_m001,Автомат Р1  
loc_autogun_p1_m001_1225,«Роцирійський Парад»
loc_autogun_p1_m001_1225_desc,"Парадний мундир моебіанських полків, набраних із агросвіту Роцирія. Завдяки приглушеній палітрі він іноді використовується як лісовий камуфляж — і це виправдано, адже роцирійці зазвичай є найбіднішими серед моебіанської гвардії, яких часто вважають бідними родичами товаришів з Атоми чи Бранкс Магни.  "
loc_autogun_p1_m001_855,«Марс Гонорус»  
loc_autogun_p1_m001_855_desc,"Вишуканий візерунок, що прикрашає однострої та спорядження скітарі Магоса Ксаулуса Сігма-9; кілька партій такого оздобленого бойового спорядження покинули ковальні Ксаулуса як знак слави на честь Бога-Машини.  "
loc_autogun_p1_m001_950,Піхотний автомат (камуфляж «Фаустівська бойова уніформа»)
loc_autogun_p1_m001_950_desc,"Уніформа певного типу, видана екіпажу бездоганно вбраного Розбійного Торгового судна Сарісси Фаустус. Багато таких речей потрапили до рук солдатів, піратів і банд через надзвичайно високий рівень смертності серед часто бунтівних екіпажів Сарісси.  "
loc_autogun_p1_m001_desc,Skin
loc_autogun_p1_m001_twitch,Піхотний автомат (камуфляж «Шрам Вінтергоуму»)  
loc_autogun_p1_m001_twitch_desc,"Битва за Вінтергоум відома в анналах Астра Мілітарум як катастрофічна поразка. Попри це, камуфляж «Шрам Вінтергоуму» не вважається нещасливим — він напрочуд ефективний. Після шести вильотів у те крижане пекло тіла досі не знайдені..."
loc_autogun_p1_m002,Автомат Р1  
loc_autogun_p1_m002_desc,Skin
loc_autogun_p1_m003,Автомат Р1  
loc_autogun_p1_m003_177,Піхотний автомат (камуфляж «Грубі Рівнини»)  
loc_autogun_p1_m003_177_desc,"Прославився під час сумнозвісного повстання Кроурк — кампанії, що точилася на безкраїх посушливих рівнинах, де місцева шаблезуба фауна становила більшу загрозу, ніж будь-який відступник.  "
loc_autogun_p1_m003_desc,Skin
loc_autogun_p1_m1,Піхотний автомат «Агріппіна» Мк I  
loc_autogun_p1_m1_deluxe,Піхотний автомат (Мортіс Оперативник)
loc_autogun_p1_m1_deluxe_desc,"Оперативники Смерті — це таємне коло в межах бойової групи Ґрендила, і ти не маєш допуску до цієї інформації.  "
loc_autogun_p1_m1_desc,"Груба, позбавлена витонченості зброя, відома надмірною віддачею та яскравим спалахом полум’я з дула, автогвинтівки «Агріппіна» залишаються популярними завдяки своїй потужності й надійності.  "
loc_autogun_p1_m1_xbox,Камуфляж «Іній Смерті»
loc_autogun_p1_m1_xbox_desc,"Улюблений камуфляж полків Крижаних Воїнів Валхалли під час кампанії в затоці Масарі, відомої своєю величезною кількістю жертв і мізерними військовими здобутками. Призовники ставали ветеранами за одну ніч — що й на краще, адже мало хто доживав до другого світанку. Із п’яти світів, які Імперіум прагнув повернути у затоці Масарі, два залишилися обвугленими оболонками, а третій так і не виринув із варп-бурі, що його поглинула.  "
loc_autogun_p1_m2,Піхотний автомат «Колумнус» Мк V  
loc_autogun_p1_m2_desc,"Рідкість у межах Домініону Моебії, автогвинтівки «Колумнус» цінуються за високу скорострільність, хоч і мають оглушливий звук пострілу.  "
loc_autogun_p1_m3,Піхотний автомат «Ґрая» Мк VIII  
loc_autogun_p1_m3_desc,"Високо оцінені за високу скорострільність і міцну конструкцію, ці автогвинтівки нині в дефіциті після низки катастроф, що спіткали світ-кузню Ґрая. "
loc_autogun_p1_ps001,Піхотний автомат (камуфляж «Хімзона-Іл»)  
loc_autogun_p1_ps001_desc,"Один із 91 камуфляжних візерунків, запропонованих квеситором Департаменту Муніторум Себастьяном Ксантезом у спробі стандартизувати кольори кампаній Астра Мілітарум. Трактат Ксанте́за вже 85 років перебуває «в обробці»."
loc_autogun_p1_ps002,Піхотний автомат (камуфляж «Вогняний кіготь»)  
loc_autogun_p1_ps002_desc,"Помічений на сотнях вулканічних світів — від Лахарі IX до Мезоа — камуфляж «Вогняний кіготь» став найбільш відомим завдяки Моебіанському 71-му полку під час кампанії «Діаболус», де запеклі бої серед потоків лави закріпили грізну репутацію полку."
loc_autogun_p1_ps003,Піхотний автомат (камуфляж «Батогокрай»)  
loc_autogun_p1_ps003_desc,"Цей візерунок імітує мінливі тіні безлічі ксенос-структур, що вкривають сірчані пустелі Саріуса III. Нещодавно взвод Моебіанського 120-го був відправлений на Саріус III для розслідування дивних ксенос-руїн. Після повернення всім, окрім найстарших офіцерів, стерли пам’ять…"
loc_autogun_p1_ps004,Піхотний автомат (камуфляж «Крижана тундра»)
loc_autogun_p1_ps004_desc,"Названий на честь Валгалльського 1212-го полку «Холоднокровних», цей камуфляж став стандартною уніформою для крижаних світів у Астра Мілітарум, застосовуваний у кампаніях від зірок Сомніум до туманності Істлайт. Чи наділяє він своїх носіїв легендарною витривалістю тих, чиє ім’я носить, — ще належить довести."
loc_autogun_p1_ps005,Піхотний автомат (камуфляж «Сонячні пустки»)
loc_autogun_p1_ps005_desc,"Первісно створений для розхваленої кампанії на світі смерті Рамантіус IV — планеті з трьома сонцями, де з радіаційно обпалених пісків виростали кришталеві ліси, а зубаті хижаки полювали на необережних солдатів уночі."
loc_autogun_p1_ps006,Ваконінська Зима
loc_autogun_p1_ps006_desc,"Найвідоміше застосування — у складі трифронтової бойової групи, що об’єднувала моебіанські, ноктанські та валгалльські полки; цей камуфляж став вирішальним чинником перемоги серед безкраїх колючолісів Вакона Альфа."
loc_autogun_p1_ps007,Піхотний автомат (камуфляж «Тіні боліт»)
loc_autogun_p1_ps007_desc,"Створений як альтернативний камуфляж для Фенґвардів із туманних боліт Друк VI, цей візерунок став еталоном для бойових зон — від заболочених рівнин до дощових ліній окопів."
loc_autogun_p1_ps008,Автомат Р1  
loc_autogun_p1_ps008_desc,Skin
loc_autogun_p1_s001,Камуфляж «Каср»
loc_autogun_p1_s001_311,Камуфляж «Штормрейнджер»
loc_autogun_p1_s001_311_desc,"Розроблений снайперами Моебіанського 13-го, відомими як «Штормрейнджери», цей камуфляж ідеально пристосований до численних джунглевих світів окраїни Моебії. Із колючих хащ і густих верховіть Штормрейнджери знищують єретиків і ксеносів точним снайперським вогнем."
loc_autogun_p1_s001_739,Піхотний автомат (камуфляж «Мехрайтська Погибель»)
loc_autogun_p1_s001_739_desc,"Цей камуфляж востаннє використовували серед задушливих іржавих дюн Меґіддіо Септими, де об’єднані сили Моебіанського 55-го та 6-го Піранського Драгунського полків билися з ельдарами за контроль над величезним сховищем археотехнологій."
loc_autogun_p1_s001_desc,"Названий на честь великих фортець-міст Кадії, цей камуфляж є одним із кількох простих нейтральних візерунків, прийнятих славетними Касркінами. Популярність цього забарвлення забезпечена підтримкою таких елітних підрозділів."
loc_autogun_p1_um001_1545,Серце Морозу
loc_autogun_p1_us001,Камуфляж «Каср»
loc_autogun_p1_us001_071,Піхотний автомат (камуфляж «Штормрейнджер»)
loc_autogun_p1_us001_071_desc,"Розроблений снайперами Моебіанського 13-го, відомими як «Штормрейнджери», цей камуфляж ідеально пристосований до численних джунглевих світів окраїни Моебії. Із колючих хащ і густих верховіть Штормрейнджери знищують єретиків і ксеносів точним снайперським вогнем."
loc_autogun_p1_us001_1531,Гнів Дюн
loc_autogun_p1_us001_1531_desc,Цю автогвинтівку тягнули крізь мінливі піски Піскового Годинника десятиліттями — і жодного разу вона не дала осічки.
loc_autogun_p1_us001_291,Піхотний автомат (камуфляж «Попелястий Рейнджер»)
loc_autogun_p1_us001_291_desc,"Попелясті поля Адраелуса в протоках Ноктрунус — небезпечне середовище, створене десятиліттями невпинної війни. Колись вони розросталися під тінню молодого міста, а тепер це поле смерті, де неохочі моебіанські полки стикаються з безіменними жахами серед кістякових руїн."
loc_autogun_p1_us001_370,Піхотний автомат (камуфляж «Бойова тінь темнолісся»)
loc_autogun_p1_us001_370_desc,Носиться обраними взводами під час численних таємних рейдів; цей камуфляж став відомим і вселяє страх серед анклавів піратів-Друкарі по всій галактиці.
loc_autogun_p1_us001_49,Піхотний автомат (камуфляж «Тінь Мозколиста»)
loc_autogun_p1_us001_49_desc,"Походить із славетних катачанських полків Бійців Джунглів; цей поширений джунглевий камуфляж названо на честь особливо підступної напіврозумної рослини зі світу смерті, яка має схильність чіплятися до місцевої фауни… або до необережних солдатів."
loc_autogun_p1_us001_533,Піхотний автомат (камуфляж «Залізне Сонце»)
loc_autogun_p1_us001_533_desc,"Офіційні записи зазначають, що цей варіант уніформи створено для боїв на сонцепалених рівнинах Аттікуса XI. Чутки, нібито його вперше використали під час невдалої атаки на демонічний світ, рішуче заперечуються."
loc_autogun_p1_us001_desc,"Названий на честь великих фортець-міст Кадії, цей камуфляж є одним із кількох простих нейтральних візерунків, прийнятих славетними Касркінами. Популярність цього забарвлення забезпечена підтримкою таких елітних підрозділів."
loc_autogun_p1_us002,Камуфляж «Каср»
loc_autogun_p1_us002_1019,Піхотний автомат (камуфляж «Поля Очищення»)
loc_autogun_p1_us002_1019_desc,"Розроблений незадовго до битви на червоному місяці Карара під час Прикордонної Війни, цей камуфляж часто носять із гордістю моебіанські полки, які стверджують, що його забарвлення символізує кров численних єретиків, знищених того фатального дня."
loc_autogun_p1_us002_122,Піхотний автомат (камуфляж «Маноріум Астрограніт»)
loc_autogun_p1_us002_122_desc,"Використовувався моебіанськими полками під час однієї з найбільших планетарних висадок за понад століття. Так зване Повстання Султар зрештою було придушене на промисловому світі Тааван, коли був повалений Архієретик Зраекар."
loc_autogun_p1_us002_1544,Автомат (камуфляж «Сонячний Опік»)
loc_autogun_p1_us002_1544_desc,Автомат (камуфляж «Сонячний Опік»)
loc_autogun_p1_us002_867,Піхотний автомат (камуфляж «Болотний Інфільтратор»)
loc_autogun_p1_us002_867_desc,"Мало який полк Астра Мілітарум радіє, отримавши цей блідо-хворобливий камуфляж, адже це зазвичай означає, що їхнє наступне завдання — проникнення до вулика, зараженого зрадниками, через часто незахищені стоки та відходопроводи. Брудна робота, але хтось мусить її виконати."
loc_autogun_p1_us002_desc,"Названий на честь великих фортець-міст Кадії, цей камуфляж є одним із кількох простих нейтральних візерунків, прийнятих славетними Касркінами. Популярність цього забарвлення забезпечена підтримкою таких елітних підрозділів."
loc_autogun_p2_cs001,Упірний автомат (камуфляж «Нічна Тінь Крусісу»)
loc_autogun_p2_cs001_desc,"Лісовий камуфляжний візерунок, що став відомим завдяки 100-му Круцийському полку «Охоронців Дзвіниці» під час давньої кампанії на Месселіні. Ті небагато ворогів, що пережили ті битви, здобули нову повагу до тіней.  "
loc_autogun_p2_cs002,Упірний автомат (камуфляж «Вогняні Пустки»)
loc_autogun_p2_cs002_desc,"Колись поширений візерунок, який використовували полки Астра Мілітарум, що заслужили бойові відзнаки, винищуючи зрадників-космодесантників, відомих як «Чорні Розбійники». Лише небагато таких полків пережили десятиліття відтоді… немовби на них полював якийсь зовнішній ворог."
loc_autogun_p2_locname,Упірний автомат (камуфляж «Іній Смерті»)
loc_autogun_p2_locname_desc,"Улюблений камуфляж полків Крижаних Воїнів Валхалли під час кампанії в затоці Масарі, відомої своєю величезною кількістю жертв і мізерними військовими здобутками. Призовники ставали ветеранами за одну ніч — що й на краще, адже мало хто доживав до другого світанку. Із п’яти світів, які Імперіум прагнув повернути у затоці Масарі, два залишилися обвугленими оболонками, а третій так і не виринув із варп-бурі, що його поглинула.  "
loc_autogun_p2_m001,Автомат Р2
loc_autogun_p2_m001_desc,Skin
loc_autogun_p2_m002,Автомат Р2
loc_autogun_p2_m002_1459,Упірний автомат (камуфляж «Обпалений Залізний Плащ»)
loc_autogun_p2_m002_1459_desc,"Вперше виданий у останні дні кампанії Резмар, цей впізнаваний візерунок було прийнято підкріпленнями з Бриндельвельду та Моебіанськими полками під час фінального наступу на Санспайр Секундус."
loc_autogun_p2_m002_desc,Skin
loc_autogun_p2_m003,Автомат Р2
loc_autogun_p2_m003_1426,Плоскі Світи Смерті
loc_autogun_p2_m003_1426_desc,"Цей камуфляж створено для використання на найбезплідніших, мертвих світах, де десятиліття війни перетворили довкілля на безкраї рівнини розораного багна, глибоких кратерів і спалених руїн."
loc_autogun_p2_m003_desc,Skin
loc_autogun_p2_m1,Упірний автомат «Колумнус» Мк II
loc_autogun_p2_m1_desc,«Головне для командира — стратегія. Обов'язок солдата — втримати позицію й випалювати ворога.» — лорд-мілітант Еннік Баросс
loc_autogun_p2_m2,Упірний автомат «Ґрая» Мк IV
loc_autogun_p2_m2_desc,"«Кажуть, світ-кузня проклятий. Ха! Дайте мені сто солдатів зі зброєю, як ця, і, клянусь Імператором, ворог відчує це прокляття!» — капітан Єржи Модамус"
loc_autogun_p2_m3,Упірний автомат «Агріппіна» Мк VIII
loc_autogun_p2_m3_desc,"На відміну від більш відомої автогвинтівки «Агріппіна», ця модель має важкий приклад і противаговий ствол, що робить її вельми придатною для косіння орд ворогів."
loc_autogun_p2_ml01,Ковальська Ліврея Бранкс Мінор
loc_autogun_p2_ps001,Упірний автомат (камуфляж «Хімзона-Іл»)
loc_autogun_p2_ps001_desc,"Один із 91 камуфляжних візерунків, запропонованих квеситором Департаменту Муніторум Себастьяном Ксантезом у спробі стандартизувати кольори кампаній Астра Мілітарум. Трактат Ксанте́за вже 85 років перебуває «в обробці»."
loc_autogun_p2_ps002,Упірний автомат (камуфляж «Вогняний кіготь»)
loc_autogun_p2_ps002_desc,"Помічений на сотнях вулканічних світів — від Лахарі IX до Мезоа — камуфляж «Вогняний кіготь» став найбільш відомим завдяки Моебіанському 71-му полку під час кампанії «Діаболус», де запеклі бої серед потоків лави закріпили грізну репутацію полку."
loc_autogun_p2_ps003,Упірний автомат (камуфляж «Батогокрай»)
loc_autogun_p2_ps003_desc,"Цей візерунок імітує мінливі тіні безлічі ксенос-структур, що вкривають сірчані пустелі Саріуса III. Нещодавно взвод Моебіанського 120-го був відправлений на Саріус III для розслідування дивних ксенос-руїн. Після повернення всім, окрім найстарших офіцерів, стерли пам’ять…"
loc_autogun_p2_ps004,Упірний автомат (камуфляж «Крижана тундра»)
loc_autogun_p2_ps004_desc,"Названий на честь Валгалльського 1212-го полку «Холоднокровних», цей камуфляж став стандартною уніформою для крижаних світів у Астра Мілітарум, застосовуваний у кампаніях від зірок Сомніум до туманності Істлайт. Чи наділяє він своїх носіїв легендарною витривалістю тих, чиє ім’я носить, — ще належить довести."
loc_autogun_p2_ps005,Упірний автомат (камуфляж «Сонячні пустки»)
loc_autogun_p2_ps005_desc,"Первісно створений для розхваленої кампанії на світі смерті Рамантіус IV — планеті з трьома сонцями, де з радіаційно обпалених пісків виростали кришталеві ліси, а зубаті хижаки полювали на необережних солдатів уночі."
loc_autogun_p2_ps006,Ваконінська Зима
loc_autogun_p2_ps006_desc,"Найвідоміше застосування — у складі трифронтової бойової групи, що об’єднувала моебіанські, ноктанські та валгалльські полки; цей камуфляж став вирішальним чинником перемоги серед безкраїх колючолісів Вакона Альфа."
loc_autogun_p2_ps007,Упірний автомат (камуфляж «Болотний Сталкер»)
loc_autogun_p2_ps007_desc,"Створений як альтернативний камуфляж для Фенґвардів із туманних боліт Друк VI, цей візерунок став еталоном для бойових зон — від заболочених рівнин до дощових ліній окопів."
loc_autogun_p2_ps008,Автомат Р2
loc_autogun_p2_ps008_desc,Skin
loc_autogun_p2_s001,Затока Токсичної Мли
loc_autogun_p2_s001_105,Упірний автомат (камуфляж «Базальт Долумару»)
loc_autogun_p2_s001_105_desc,"Багаторазово змінюваний протягом століть, цей складний пустельний камуфляж уперше було розроблено під час кампанії Неміор, коли двадцять полків Астра Мілітарум билися з ксеносами серед базальтових урвищ і мертвих лісів Долумару."
loc_autogun_p2_s001_348,Упірний автомат (камуфляж «Поле Різанини»)
loc_autogun_p2_s001_348_desc,"Цей характерний камуфляж спершу створили, щоб імітувати листя надзвичайно отруйної, напіврозумної рослини зі світу смерті — з метою захистити солдатів Астра Мілітарум від нападу місцевої фауни."
loc_autogun_p2_s001_824,Мордіанський Гонорус
loc_autogun_p2_s001_824_desc,"«Гордість за власний вигляд наближає до слави Імператора. Нехай твій бездоганний мундир буде маяком, подібним до Його світла. Нехай ворог побачить свої останні миті, відбиті у блиску твоїх чобіт.»  
— полковник Райнеґер, 237-й Мордіанський облоговий полк"
loc_autogun_p2_s001_desc,"Вперше з’явився в Домініоні Моебії під час Прикордонних Війн, коли Моебіанські полки відбивали вторгнення некронів; цей незвичний візерунок зазвичай використовують для боїв на сплюндрованих світах, уражених хімічними чи радіаційними катастрофами."
loc_autogun_p2_s002,Тайваанська планетарна висадка  
loc_autogun_p2_s002_desc,"Воїни Атоми, приготуйтеся! Сьогодні ми зійдемо з небес, немов янголи помсти. Сьогодні ми принесемо вогонь гніву Імператора нашим ворогам. Сьогодні ми принесемо розплату, якої вони ще не бачили. У-ра!  "
loc_autogun_p2_um001,Стрілялка  
loc_autogun_p2_um001_desc,"Полк «Мисливці на орків» — дикуни, що перейняли погані звички від своїх давніх супротивників. Одна з цих звичок, до великого невдоволення інтенданта, — називати всю вогнепальну зброю «Стрілялка», незалежно від її офіційного позначення в Муніторумі."
loc_autogun_p2_um002,Автомат Р2
loc_autogun_p2_um002_desc,Skin
loc_autogun_p2_us001,Автомат Р2
loc_autogun_p2_us001_1538,Дуельний автомат
loc_autogun_p2_us001_1538_desc,"Різьблений гард і розкішні обмотки приклада не є звичними модернізаціями для такої зброї, як автогвинтівка, але про смаки не сперечаються."
loc_autogun_p2_us001_desc,Skin
loc_autogun_p2_us002,Автомат Р2
loc_autogun_p2_us002_desc,Skin
loc_autogun_p3_cs001,Автомат «Мисливець за головами» (камуфляж «Нічна тінь Круцісу»)
loc_autogun_p3_cs001_desc,"Лісовий камуфляжний візерунок, що став відомим завдяки 100-му Круцийському полку «Охоронців Дзвіниці» під час давньої кампанії на Месселіні. Ті небагато ворогів, що пережили ті битви, здобули нову повагу до тіней.  "
loc_autogun_p3_cs002,Автомат «Мисливець за головами» (камуфляж «Вогняні Пустки»)
loc_autogun_p3_cs002_desc,"Колись поширений візерунок, який використовували полки Астра Мілітарум, що заслужили бойові відзнаки, винищуючи зрадників-космодесантників, відомих як «Чорні Розбійники». Лише небагато таких полків пережили десятиліття відтоді… немовби на них полював якийсь зовнішній ворог."
loc_autogun_p3_locname,Автомат «Мисливець за головами» (камуфляж «Іній Смерті»)
loc_autogun_p3_locname_desc,"Улюблений камуфляж полків Крижаних Воїнів Валхалли під час кампанії в затоці Масарі, відомої своєю величезною кількістю жертв і мізерними військовими здобутками. Призовники ставали ветеранами за одну ніч — що й на краще, адже мало хто доживав до другого світанку. Із п’яти світів, які Імперіум прагнув повернути у затоці Масарі, два залишилися обвугленими оболонками, а третій так і не виринув із варп-бурі, що його поглинула.  "
loc_autogun_p3_m001,Автомат Р3
loc_autogun_p3_m001_desc,Skin
loc_autogun_p3_m002,Автомат Р3
loc_autogun_p3_m002_desc,Skin
loc_autogun_p3_m003,Автомат Р3
loc_autogun_p3_m003_desc,Skin
loc_autogun_p3_m1,Автомат «Мисливець за головами» Вракс Мк III
loc_autogun_p3_m1_desc,Цінуваний зразок автогвинтівок із шановних мануфактур Вракса: модель Мк III приносить в жертву скорострільність заради збільшеної дальності.
loc_autogun_p3_m2,Автомат «Мисливець за головами» Вракс Мк VII
loc_autogun_p3_m2_desc,"Сильно модифікована для боротьби зі снайперами під час облоги, модель Вракс «Мисливець за головами» — незвична автогвинтівка одиночного вогню, створена для високоточних добивань."
loc_autogun_p3_m3,Автомат «Мисливець за головами» Агріппіна Мк IX
loc_autogun_p3_m3_desc,"Одна з найновіших STC-збірок автогвинтівок, виявлених техжерцями Агріппіни: Мк IX поєднує відмінну дальність із руйнівним режимом короткої черги."
loc_autogun_p3_ml01,Ковальська Ліврея Бранкс Мінор
loc_autogun_p3_ps001,Автомат «Мисливець за головами» (камуфляж «Хімзона-Іл»)
loc_autogun_p3_ps001_desc,"Один із 91 камуфляжних візерунків, запропонованих квеситором Департаменту Муніторум Себастьяном Ксантезом у спробі стандартизувати кольори кампаній Астра Мілітарум. Трактат Ксанте́за вже 85 років перебуває «в обробці»."
loc_autogun_p3_ps002,Автомат «Мисливець за головами» (камуфляж «Вогняний кіготь»)
loc_autogun_p3_ps002_desc,"Помічений на сотнях вулканічних світів — від Лахарі IX до Мезоа — камуфляж «Вогняний кіготь» став найбільш відомим завдяки Моебіанському 71-му полку під час кампанії «Діаболус», де запеклі бої серед потоків лави закріпили грізну репутацію полку."
loc_autogun_p3_ps003,Автомат «Мисливець за головами» (камуфляж «Батогокрай»)
loc_autogun_p3_ps003_desc,"Цей візерунок імітує мінливі тіні безлічі ксенос-структур, що вкривають сірчані пустелі Саріуса III. Нещодавно взвод Моебіанського 120-го був відправлений на Саріус III для розслідування дивних ксенос-руїн. Після повернення всім, окрім найстарших офіцерів, стерли пам’ять…"
loc_autogun_p3_ps004,Автомат «Мисливець за головами» (камуфляж «Крижана тундра»)
loc_autogun_p3_ps004_desc,"Названий на честь Валгалльського 1212-го полку «Холоднокровних», цей камуфляж став стандартною уніформою для крижаних світів у Астра Мілітарум, застосовуваний у кампаніях від зірок Сомніум до туманності Істлайт. Чи наділяє він своїх носіїв легендарною витривалістю тих, чиє ім’я носить, — ще належить довести."
loc_autogun_p3_ps005,Автомат «Мисливець за головами» (камуфляж «Сонячні пустки»)
loc_autogun_p3_ps005_desc,"Первісно створений для розхваленої кампанії на світі смерті Рамантіус IV — планеті з трьома сонцями, де з радіаційно обпалених пісків виростали кришталеві ліси, а зубаті хижаки полювали на необережних солдатів уночі."
loc_autogun_p3_ps006,Ваконінська Зима
loc_autogun_p3_ps006_desc,"Найвідоміше застосування — у складі трифронтової бойової групи, що об’єднувала моебіанські, ноктанські та валгалльські полки; цей камуфляж став вирішальним чинником перемоги серед безкраїх колючолісів Вакона Альфа."
loc_autogun_p3_ps007,Автомат «Мисливець за головами» (камуфляж «Тіні боліт»)
loc_autogun_p3_ps007_desc,"Створений як альтернативний камуфляж для Фенґвардів із туманних боліт Друк VI, цей візерунок став еталоном для бойових зон — від заболочених рівнин до дощових ліній окопів."
loc_autogun_p3_ps008,Автомат Р3
loc_autogun_p3_ps008_desc,Skin
loc_autogun_p3_s001,Автомат Р3
loc_autogun_p3_s001_923,Автомат «Мисливець за головами» (камуфляж «Файдський Токстрійло»)
loc_autogun_p3_s001_923_desc,"Надзвичайно ефективне забарвлення, що, за чутками, ідеально відтворює вигляд отруйної рослини токстрійло зі світу смерті Файд, який був роздертий війною на в секторі Моебію."
loc_autogun_p3_s001_desc,"Стандартне спорядження для полків, які воювали на теперішній Месселіні під час кампанії Відпущення. Назва походить від забарвлення смертоносної флори планети — пурпурної тіні, рослини, яку давно винищили, щоб звільнити місце для численних храмів і павільйонів святої Месселіни."
loc_autogun_p3_us001,Автомат Р3
loc_autogun_p3_us001_desc,Skin
loc_autogun_p3_us002,Автомат Р3
loc_autogun_p3_us002_desc,"Стандартне позначення спорядження для полків, які воювали на тій території, що нині відома як Месселіна, під час кампанії Відпущення. Назва походить від забарвлення смертоносної флори планети — пурпурної тіні — рослини, яку давно стерли з поверхні світу, щоб звільнити місце для численних храмів і павільйонів святої Месселіни."
loc_autopistol_p1_cs001,Автопістолет «Шредер» (камуфляж «Нічна тінь Круцісу»)
loc_autopistol_p1_cs001_desc,"Лісовий камуфляжний візерунок, що став відомим завдяки 100-му Круцийському полку «Охоронців Дзвіниці» під час давньої кампанії на Месселіні. Ті небагато ворогів, що пережили ті битви, здобули нову повагу до тіней.  "
loc_autopistol_p1_cs002,Автопістолет «Шредер» (камуфляж «Вогняні Пустки»)
loc_autopistol_p1_cs002_desc,"Колись поширений візерунок, який використовували полки Астра Мілітарум, що заслужили бойові відзнаки, винищуючи зрадників-космодесантників, відомих як «Чорні Розбійники». Лише небагато таких полків пережили десятиліття відтоді… немовби на них полював якийсь зовнішній ворог."
loc_autopistol_p1_locname,Автопістолет «Шредер» (камуфляж «Іній Смерті»)
loc_autopistol_p1_locname_desc,"Улюблений камуфляж полків Крижаних Воїнів Валхалли під час кампанії в затоці Масарі, відомої своєю величезною кількістю жертв і мізерними військовими здобутками. Призовники ставали ветеранами за одну ніч — що й на краще, адже мало хто доживав до другого світанку. Із п’яти світів, які Імперіум прагнув повернути у затоці Масарі, два залишилися обвугленими оболонками, а третій так і не виринув із варп-бурі, що його поглинула.  "
loc_autopistol_p1_m001,Автопістолет Р1
loc_autopistol_p1_m001_1179,Автопістолет «Шредер» («Моебіанський Парад»)
loc_autopistol_p1_m001_1179_desc,"Більшість моебіанських полків мають два комплекти парадної форми — один для полкових церемоній і офіційних зборів Астра Мілітарум, а другий створено спеціально для парадів у присутності лорда Констанса Марґрейва."
loc_autopistol_p1_m001_851,Автопістолет «Шредер» («Святинський Адамантин»)
loc_autopistol_p1_m001_851_desc,"""Коли світло віри мерехтить слабо, немов свічка в пітьмі, вороги людства виринають. Роздмухати вогонь своєї віри. Радіти в жертві. Знищити єретика праведним вогнем.""
- Якобія Лант, жрець Месселіни"
loc_autopistol_p1_m001_970,Автопістолет Р1
loc_autopistol_p1_m001_970_desc,Skin
loc_autopistol_p1_m001_desc,Skin
loc_autopistol_p1_m002,Автопістолет Р1
loc_autopistol_p1_m002_112,Автопістолет «Шредер» («Камуфляж Монтар»)
loc_autopistol_p1_m002_112_desc,"Система Монтар здавна є зоною воєн, зазнаючи вторгнень від честолюбних варбосів орків до конклавів ренегатів Хаосу. Камуфляж «Монтарський розщеплювач» — універсальний деструктивний візерунок, який видають кільком полкам Астра Мілітаруму, що дозволяє швидко перекидати війська в межах системи з різноманітними середовищами."
loc_autopistol_p1_m002_185,Автопістолет («камуфляж Сонячний Опік»)
loc_autopistol_p1_m002_185_desc,Автопістолет («камуфляж Сонячний Опік»)
loc_autopistol_p1_m002_864,Автопістолет «Шредер» («Благословення Церулуса»)
loc_autopistol_p1_m002_864_desc,"""Ксенос, єретик і зрадник можуть забрати в тебе все. Та доки маєш віру в Бога-Імператора, ти володієш більшим, ніж ворог може коли-небудь мріяти.

— Векса́ра Тімана"""
loc_autopistol_p1_m002_desc,Skin
loc_autopistol_p1_m003,Автопістолет Р1
loc_autopistol_p1_m003_desc,Skin
loc_autopistol_p1_m1,Автопістолет «Шредер» Іус Мк III
loc_autopistol_p1_m1_desc,"Популярніший серед місцевих бандитів вуликів, ніж серед сил Моебіана, цей автопістолет славиться своєю нищівною швидкострільністю, що межує з легендарною."
loc_autopistol_p1_ml01,Ковальська Ліврея Бранкс Мінор
loc_autopistol_p1_ml01_desc,"«Нехай твоя зброя буде вбережена від несправності,
Як і твоя душа — від нечистоти.
Омнісій пильнує над тобою.
Вивільни зброю війни.
Вивільни Смертодавця.
— Спів для запобігання несправності»"
loc_autopistol_p1_ps001,Автопістолет «Шредер» («камуфляж Хімічна Твань»)
loc_autopistol_p1_ps001_desc,"Один із 91 камуфляжних візерунків, запропонованих квеситором Департаменту Муніторум Себастьяном Ксантезом у спробі стандартизувати кольори кампаній Астра Мілітарум. Трактат Ксанте́за вже 85 років перебуває «в обробці»."
loc_autopistol_p1_ps002,Автопістолет «Шредер» («Камуфляж Вогняний кіготь»)
loc_autopistol_p1_ps002_desc,"Помічений на сотнях вулканічних світів — від Лахарі IX до Мезоа — камуфляж «Вогняний кіготь» став найбільш відомим завдяки Моебіанському 71-му полку під час кампанії «Діаболус», де запеклі бої серед потоків лави закріпили грізну репутацію полку."
loc_autopistol_p1_ps003,Автопістолет «Шредер» («Камуфляж Батогокрай»)
loc_autopistol_p1_ps003_desc,"Цей візерунок імітує мінливі тіні безлічі ксенос-структур, що вкривають сірчані пустелі Саріуса III. Нещодавно взвод Моебіанського 120-го був відправлений на Саріус III для розслідування дивних ксенос-руїн. Після повернення всім, окрім найстарших офіцерів, стерли пам’ять…"
loc_autopistol_p1_ps004,Автопістолет «Шредер» («Крижана Тундра»)
loc_autopistol_p1_ps004_desc,"Названий на честь Валгалльського 1212-го полку «Холоднокровних», цей камуфляж став стандартною уніформою для крижаних світів у Астра Мілітарум, застосовуваний у кампаніях від зірок Сомніум до туманності Істлайт. Чи наділяє він своїх носіїв легендарною витривалістю тих, чиє ім’я носить, — ще належить довести."
loc_autopistol_p1_ps005,Автопістолет «Шредер» («Сонячні Пустки»)
loc_autopistol_p1_ps005_desc,"Первісно створений для розхваленої кампанії на світі смерті Рамантіус IV — планеті з трьома сонцями, де з радіаційно обпалених пісків виростали кришталеві ліси, а зубаті хижаки полювали на необережних солдатів уночі."
loc_autopistol_p1_ps006,Ваконінська Зима
loc_autopistol_p1_ps006_desc,"Найвідоміше застосування — у складі трифронтової бойової групи, що об’єднувала моебіанські, ноктанські та валгалльські полки; цей камуфляж став вирішальним чинником перемоги серед безкраїх колючолісів Вакона Альфа."
loc_autopistol_p1_ps007,Автопістолет «Шредер» («Камуфляж Тіні боліт») 
loc_autopistol_p1_ps007_desc,"Створений як альтернативний камуфляж для Фенґвардів із туманних боліт Друк VI, цей візерунок став еталоном для бойових зон — від заболочених рівнин до дощових ліній окопів."
loc_autopistol_p1_ps008,Автопістолет Р1
loc_autopistol_p1_ps008_desc,Skin
loc_autopistol_p1_s001,Автопістолет «Шредер» («Гиріонські Дюни»)
loc_autopistol_p1_s001_1499,Вітання Титаноліту
loc_autopistol_p1_s001_1499_desc,Його носили обрані вартові Преторіанської Ґвардії під час своєї варти в тіні Титанолітів Святої Терри. Лише жменька уніформ і спорядження з цим візерунком досі перебувають в обігу.
loc_autopistol_p1_s001_821,Автопістолет «Шредер» («Аквілус Круциарус»)
loc_autopistol_p1_s001_821_desc,Первісно цей відмінний візерунок носили Модераті Легіону Круциарус у битвах. Згодом його перейняли як парадні кольори високопоставлені офіцери Імперського Флоту та Астра Мілітарум по всій галактиці.
loc_autopistol_p1_s001_desc,"Відомий своєю бойовою ефективністю на пустельному світі Гиріон, цей візерунок уже давно є улюбленцем численних аблюдських полків, багато з яких були визволені під час кампанії від жорстоких нальотів ненависних Друкхарі."
loc_autopistol_p1_us001_1123,Автопістолет «Шредер» («Святинський Церулеан)
loc_autopistol_p1_us001_1123_desc,"""Ти можеш казати, що слабких слід зневажати, бо вони прокладають шлях до єресі. Але ні! слабких слід вести сильним вірою. Тільки тоді їхня жертва матиме сенс.
— Якобія Лант, жрець Месселіни"""
loc_autopistol_p1_us002_1532,Брасканська кампанія
loc_autumn_01,autumn_01
loc_autumn_01_desc,"Це рамка портрета «autumn_01», яка використовується для події Вархаммер, що відповідає реальному святу «Хелловін»."
loc_aviator_death_korps_of_krieg_04_a_var_01,Пілотка Мк VII «Авіатор»
loc_aviator_death_korps_of_krieg_04_a_var_01_desc,"Аси-пілоти відомі тим, що порушують стандартні протоколи уніформи й відмовляються від безпечного шолома на користь того, що, на їхню думку, має більше шику."
loc_aviator_hat_02_var_01,Посилена бойова пілотка
loc_aviator_hat_02_var_01_desc,"Часто використовується водіями танків і членами льотних екіпажів. Ця посилена пілотка забезпечує певний захист від ударів, але навряд чи зупинить серйозне ушкодження."
loc_backpack_a_var_01,Тактичний ранець Астра Мілітарум (варіант «Ґрюнвальд»)
loc_backpack_a_var_01_desc,"Оливковий колір, спальний мішок і сокира. Виглядає так, ніби ти зібрався в похід, хоча де саме знайти буйні зарості в цьому вулику — лишається загадкою."
loc_backpack_a_var_02,Тактичний ранець Астра Мілітарум (візерунок «Катачан»)
loc_backpack_a_var_02_desc,"По всій галактиці солдати Імперіуму носять безліч варіацій стандартного тактичного ранця Астра Мілітарум, адже, як скаже будь-який піхотинець (зазвичай пересипаючи це лайкою), «спорядження завжди надто багато, щоб усе нести»."
loc_backpack_a_var_03,Тактичний ранець Астра Мілітарум (візерунок «Талларн»)
loc_backpack_a_var_03_desc,Тактичний ранець Астра Мілітарум («Пустеля»)
loc_backpack_a_var_04,Тактичний наплічник Астра Мілітарум (візерунок «Ґрюнвальд»)
loc_backpack_a_var_04_desc,Тактичний ранець Астра Мілітарум («Шкуряний»)
loc_backpack_b,Навчальний ранець Легіону Засуджених
loc_backpack_b_desc,"""Польові навчання сьогодні, легіонери. Дезертирство, звісно, карається миттєвим знищенням. Як і всі інші порушення.
— Капітан Арбал Рекс"""
loc_backpack_b_var_02,Ранець 21-ого Моебіанського
loc_backpack_b_var_02_desc,Стандартний видаваний ранець у традиційному блідо-блакитному кольорі Моебіанських 21-х.
loc_backpack_book_a,Том Ксеносів
loc_backpack_book_a_desc,"Знання — це найбільша сила, а якщо записати його на достатній кількості пергаменту — воно стане пристойним щитом."
loc_backpack_cadia_d_var_01,Польовий вокс-блок Мк VIII
loc_backpack_cadia_d_var_02,Польовий вокс-блок Мк VIII (Камуфляж Вогняні Пустки)
loc_backpack_cadia_d_var_03,Польовий вокс-блок Мк VIII (Камуфляж Замерзлий Вулик)
loc_backpack_cadian_a_var_01,Польовий Вокс-передавач
loc_backpack_cadian_a_var_01_desc,"Чіткий і надійний вокс-зв’язок може як забезпечити успіх операції, так і зруйнувати її. Важкий передавач — не єдиний тягар, який має нести вокс-оператор."
loc_backpack_cadian_a_var_02,backpack_Кадіяn_a_var_02
loc_backpack_cadian_a_var_02_desc,Ранець-вокс у кадіанському синьому камуфляжі.
loc_backpack_cadian_a_var_04,Польовий вокс-кастер (жовтий)
loc_backpack_cadian_a_var_05,Польовий вокс-кастер (червоний)
loc_backpack_cadian_a_var_06,Польовий вокс-кастер (білий)
loc_backpack_elucidian_starstriders_a_var_01,Рюкзак Мандрівника Порожнечі
loc_backpack_psyker_d_var_02,Транспортний пак для зразків
loc_backpack_psyker_d_var_02_desc,"Міцний корпус і численні системи моніторингу роблять його ідеальним для перевезення зразків між об’єктами. Менш доброчесні громадяни знайшли йому нові, менш законні способи застосування."
loc_backpack_scions_a,Ранець виданий Прогеніумом
loc_backpack_scions_a_desc,"Всередині подряпано один і той самий девіз, знову і знову, ніби ці слова — єдине, що утримує власника при розумі."
loc_backpack_scions_a_var_01,backpack_scions_a_var_01
loc_backpack_scions_a_var_01_desc,Ранець ветерана з приладами.
loc_backpack_skulls_a_var_01,Освячений Memento Mori
loc_backpack_skulls_a_var_01_desc,Моторошна колекція чи витвір краси? Лише споглядач може сказати напевно.
loc_backpack_welder_servitor_01,Модифікація техножреця Аклис Мк X
loc_backpack_welder_servitor_01_desc,"Простий інструмент, безперечно мало зрозумілий вигнанцю, який його привласнив."
loc_beta_test,Експериментальний оперативник  
loc_beta_test_desc,"Ти був там майже від самого початку. І Трон його знає, як ти вижив.  "
loc_biomancer,Смертоносна інерція  
loc_biomancer_desc,Розум у русі — річ небезпечна.  
loc_bioniceye_b_var_01,Біонічне око «Спектрус» Мк VI  
loc_bioniceye_b_var_01_desc,"Модель біонічного ока «Спектрус» Мк VI — міцне та надійне вдосконалення для тих, хто прагне розширити свій зоровий спектр або замінити око, втрачене в бою.  "
loc_blue_02_eye_blind_right_desc,++PERDITUM SANCTUS++
loc_body_ogryn_skull_edition,Татуювання оперативника «Мортіс»  
loc_body_ogryn_skull_edition_desc,"Оперативники Смерті — це таємне коло в межах бойової групи Ґрендила, і ти не маєш допуску до цієї інформації.  "
loc_body_tattoo_01,Відвага і страх  
loc_body_tattoo_01_desc,++REDACTED++
loc_body_tattoo_01_tier_02,Відвага і страх III  
loc_body_tattoo_01_tier_02_desc,"Черепи та інші менш приємні мотиви — поширені сюжети для татуювань, зроблених у неволі.  "
loc_body_tattoo_02,Первісна лють  
loc_body_tattoo_02_desc,++REDACTED++
loc_body_tattoo_03,Клятва тверезості  
loc_body_tattoo_03_desc,++REDACTED++
loc_body_tattoo_04,За Імператора  
loc_body_tattoo_04_desc,++REDACTED++
loc_body_tattoo_05,Мандрівник  
loc_body_tattoo_05_desc,++REDACTED++
loc_body_tattoo_06,Черепи й лілії  
loc_body_tattoo_06_desc,++REDACTED++
loc_body_tattoo_07,Роцирське полотно  
loc_body_tattoo_07_desc,++REDACTED++
loc_body_tattoo_08,Його храм  
loc_body_tattoo_08_desc,++REDACTED++
loc_body_tattoo_09,Доказ відданості  
loc_body_tattoo_09_desc,++REDACTED++
loc_body_tattoo_10,Вірна служба  
loc_body_tattoo_10_desc,++REDACTED++
loc_body_tattoo_broker_02,body_tattoo_broker_02
loc_body_tattoo_broker_03,body_tattoo_broker_03
loc_body_tattoo_broker_04,body_tattoo_broker_04
loc_body_tattoo_broker_05,body_tattoo_broker_05
loc_body_tattoo_broker_06,body_tattoo_broker_06
loc_body_tattoo_broker_cartel_01,body_tattoo_broker_cartel_01
loc_body_tattoo_broker_cartel_02,body_tattoo_broker_cartel_02
loc_body_tattoo_broker_cartel_03,body_tattoo_broker_cartel_03
loc_body_tattoo_broker_cartel_04,body_tattoo_broker_cartel_04
loc_body_tattoo_creator_program,Гордість Атоми  
loc_body_tattoo_creator_program_desc,"З цим набором татуювань тебе ніхто не сплутає ні з ким, окрім відданого й істинного громадянина Тертіуму."
loc_body_tattoo_easter,body_tattoo_easter
loc_body_tattoo_easter_desc,Татуювання для людей на тему Великодня.
loc_body_tattoo_labour_01,Чиста відвага
loc_body_tattoo_labour_01_desc,++REDACTED++
loc_body_tattoo_labour_02,Вічна праця
loc_body_tattoo_labour_02_desc,++REDACTED++
loc_body_tattoo_labour_03,Цикл творіння
loc_body_tattoo_labour_03_desc,++REDACTED++
loc_body_tattoo_markus,Знак найманця
loc_body_tattoo_markus_desc,++REDACTED++
loc_body_tattoo_ogryn_01,Велике кільце
loc_body_tattoo_ogryn_01_desc,++REDACTED++
loc_body_tattoo_ogryn_01_tier_02,Велике кільце III
loc_body_tattoo_ogryn_01_tier_02_desc,У в’язницях татуювання популярні й допомагають згаяти час. Оґрини пропонують величезне полотно для роботи.
loc_body_tattoo_ogryn_02,Крила Аквіли
loc_body_tattoo_ogryn_02_desc,++REDACTED++
loc_body_tattoo_ogryn_02_tier_02,Крила Аквіли ІІІ
loc_body_tattoo_ogryn_02_tier_02_desc,"Оґринів важко татуювати, адже їхня шкіра надто щільна, а велетенські тіла поглинають велику кількість чорнил."
loc_body_tattoo_ogryn_03,Бойова дисципліна
loc_body_tattoo_ogryn_03_desc,++REDACTED++
loc_body_tattoo_ogryn_03_tier_02,Бойова дисципліна ІІІ
loc_body_tattoo_ogryn_03_tier_02_desc,"Татуювання найчастіше символізують належність до банд вулика, службу в Астра Мілітарум, участь у кампаніях, різних операціях або навіть програні парі."
loc_body_tattoo_ogryn_04,Рахунок убивств
loc_body_tattoo_ogryn_04_desc,++REDACTED++
loc_body_tattoo_ogryn_05,Серце Аквіли
loc_body_tattoo_ogryn_05_desc,++REDACTED++
loc_body_tattoo_ogryn_06,Сила в чистоті
loc_body_tattoo_ogryn_06_desc,++REDACTED++
loc_body_tattoo_ogryn_07,Роцирське полотно  
loc_body_tattoo_ogryn_07_desc,++REDACTED++
loc_body_tattoo_ogryn_07_tier_02,Роцирське полотно ІІІ
loc_body_tattoo_ogryn_07_tier_02_desc,"Коли Оґрин питає, чи подобається тобі його татуювання, у тебе є два варіанти: сказати «так» або звернутися по медичну допомогу."
loc_body_tattoo_ogryn_08,Чистота в коханні
loc_body_tattoo_ogryn_08_desc,++REDACTED++
loc_body_tattoo_ogryn_09,Первісна Лють 
loc_body_tattoo_ogryn_09_desc,++REDACTED++
loc_body_tattoo_ogryn_10,Могутність Імператора
loc_body_tattoo_ogryn_10_desc,++REDACTED++
loc_body_tattoo_ogryn_11,Вартовий Пес
loc_body_tattoo_ogryn_11_desc,++REDACTED++
loc_body_tattoo_ogryn_12,Його Храм
loc_body_tattoo_ogryn_12_desc,++REDACTED++
loc_body_tattoo_ogryn_13,Фатальний Квартет
loc_body_tattoo_ogryn_13_desc,++REDACTED++
loc_body_tattoo_ogryn_14,В’язничні Сувеніри
loc_body_tattoo_ogryn_14_desc,++REDACTED++
loc_body_tattoo_ogryn_15,Честь у Покорі
loc_body_tattoo_ogryn_15_desc,++REDACTED++
loc_body_tattoo_ogryn_bardin,Знак Винищувача
loc_body_tattoo_ogryn_bardin_desc,++REDACTED++
loc_body_tattoo_ogryn_creator_program,Гордість Атоми  
loc_body_tattoo_ogryn_creator_program_desc,"З цим набором татуювань тебе ніхто не сплутає ні з ким, окрім відданого й істинного громадянина Тертіуму."
loc_body_tattoo_ogryn_easter,body_tattoo_ogryn_easter
loc_body_tattoo_ogryn_easter_desc,Татуювання тіла Оґрина на тему Великодня.
loc_body_tattoo_ogryn_labour_01,Обов’язок Працівника
loc_body_tattoo_ogryn_labour_01_desc,++REDACTED++
loc_body_tattoo_ogryn_labour_02,Вартовий Шахти
loc_body_tattoo_ogryn_labour_02_desc,++REDACTED++
loc_body_tattoo_ogryn_labour_03,++REDACTED++
loc_body_tattoo_ogryn_labour_03_desc,++REDACTED++
loc_body_tattoo_ogryn_slayer,++REDACTED++
loc_body_tattoo_ogryn_slayer_desc,++REDACTED++
loc_body_tattoo_psyker_01,Погляд Імператора
loc_body_tattoo_psyker_01_desc,++REDACTED++
loc_body_tattoo_psyker_02,Непохитна Честь
loc_body_tattoo_psyker_02_desc,++REDACTED++
loc_body_tattoo_psyker_03,Відданість Обсидіановій Фортеці
loc_body_tattoo_psyker_03_desc,++REDACTED++
loc_body_tattoo_psyker_04,Свята Варта
loc_body_tattoo_psyker_04_desc,++REDACTED++
loc_body_tattoo_psyker_05,Інквізиторська Відданість
loc_body_tattoo_psyker_05_desc,++REDACTED++
loc_body_tattoo_sianna,Знак Піроманіяка
loc_body_tattoo_sianna_desc,++REDACTED++
loc_body_tattoo_veteran_01,Роки Служби
loc_body_tattoo_veteran_01_desc,++REDACTED++
loc_body_tattoo_veteran_02,Полковий Зв’язок
loc_body_tattoo_veteran_02_desc,++REDACTED++
loc_body_tattoo_veteran_02_tier_02,Полковий Зв’язок III
loc_body_tattoo_veteran_02_tier_02_desc,"Ті, хто перебуває у в’язниці або на тривалих військових кампаніях, часто роблять татуювання. Дехто каже, що їх спонукає символізм, забобони чи приховані значення, інші — звичайна нудьга від одноманітного оточення."
loc_body_tattoo_veteran_03,Солдатський обов'язок
loc_body_tattoo_veteran_03_desc,++REDACTED++
loc_body_tattoo_veteran_04,Удача Імператора
loc_body_tattoo_veteran_04_desc,++REDACTED++
loc_body_tattoo_veteran_05,Узи Служби
loc_body_tattoo_veteran_05_desc,++REDACTED++
loc_body_tattoo_victor,Знак Вірного
loc_body_tattoo_victor_desc,++REDACTED++
loc_body_tattoo_waystalker,Знак Лісу
loc_body_tattoo_waystalker_desc,++REDACTED++
loc_body_tattoo_zealot_01,Черепи Святих
loc_body_tattoo_zealot_01_desc,++REDACTED++
loc_body_tattoo_zealot_02,Серце для Інквізиції
loc_body_tattoo_zealot_02_desc,++REDACTED++
loc_body_tattoo_zealot_03,Узи Інквізиції
loc_body_tattoo_zealot_03_desc,++REDACTED++
loc_body_tattoo_zealot_04,Покаяння
loc_body_tattoo_zealot_04_desc,++REDACTED++
loc_body_tattoo_zealot_05,Пута Обов’язку
loc_body_tattoo_zealot_05_desc,++REDACTED++
loc_bolter_p1_cs001,Проривний болтер (камуфляж «Темна Тінь Круцісу»)
loc_bolter_p1_cs001_desc,"Лісовий камуфляжний візерунок, що став відомим завдяки 100-му Круцийському полку «Охоронців Дзвіниці» під час давньої кампанії на Месселіні. Ті небагато ворогів, що пережили ті битви, здобули нову повагу до тіней.  "
loc_bolter_p1_cs002,Проривний Болтер (камуфляж «Вогняні Пустки»)
loc_bolter_p1_cs002_desc,"Колись поширений візерунок, який використовували полки Астра Мілітарум, що заслужили бойові відзнаки, винищуючи зрадників-космодесантників, відомих як «Чорні Розбійники». Лише небагато таких полків пережили десятиліття відтоді… немовби на них полював якийсь зовнішній ворог."
loc_bolter_p1_locname,Проривний Болтер (камуфляж «Іній Смерті»)
loc_bolter_p1_locname_desc,"Улюблений камуфляж полків Крижаних Воїнів Валхалли під час кампанії в затоці Масарі, відомої своєю величезною кількістю жертв і мізерними військовими здобутками. Призовники ставали ветеранами за одну ніч — що й на краще, адже мало хто доживав до другого світанку. Із п’яти світів, які Імперіум прагнув повернути у затоці Масарі, два залишилися обвугленими оболонками, а третій так і не виринув із варп-бурі, що його поглинула.  "
loc_bolter_p1_m001,Болтер Р1
loc_bolter_p1_m001_desc,Skin
loc_bolter_p1_m002,Болтер Р1
loc_bolter_p1_m002_desc,Skin
loc_bolter_p1_m003,Болтер Р1
loc_bolter_p1_m003_desc,Skin
loc_bolter_p1_m1,"Проривний Болтер ""Локка"" Мк IIb"
loc_bolter_p1_m1_desc,"Варіант старої моделі Адептус Арбітес, болтери зразка Локка відомі своєю надійністю та потужною зупиняльною силою."
loc_bolter_p1_m2_desc,"Маючи стрункіший дизайн, ніж Мк IIb, «Лок» Мк III однак не поступається потужністю."
loc_bolter_p1_ml01,Ковальська Ліврея Бранкс Мінор
loc_bolter_p1_ps001,Проривний Болтер (камуфляж «Хімічна Твань»)
loc_bolter_p1_ps001_desc,"Один із 91 камуфляжних візерунків, запропонованих квеситором Департаменту Муніторум Себастьяном Ксантезом у спробі стандартизувати кольори кампаній Астра Мілітарум. Трактат Ксанте́за вже 85 років перебуває «в обробці»."
loc_bolter_p1_ps002,Проривний Болтер (камуфляж «Вогняний кіготь»)
loc_bolter_p1_ps002_desc,"Помічений на сотнях вулканічних світів — від Лахарі IX до Мезоа — камуфляж «Вогняний кіготь» став найбільш відомим завдяки Моебіанському 71-му полку під час кампанії «Діаболус», де запеклі бої серед потоків лави закріпили грізну репутацію полку."
loc_bolter_p1_ps003,Проривний Болтер (камуфляж «Батогокрай»)
loc_bolter_p1_ps003_desc,"Цей візерунок імітує мінливі тіні безлічі ксенос-структур, що вкривають сірчані пустелі Саріуса III. Нещодавно взвод Моебіанського 120-го був відправлений на Саріус III для розслідування дивних ксенос-руїн. Після повернення всім, окрім найстарших офіцерів, стерли пам’ять…"
loc_bolter_p1_ps004,Проривний Болтер (камуфляж «Крижана Тундра»)
loc_bolter_p1_ps004_desc,"Названий на честь Валгалльського 1212-го полку «Холоднокровних», цей камуфляж став стандартною уніформою для крижаних світів у Астра Мілітарум, застосовуваний у кампаніях від зірок Сомніум до туманності Істлайт. Чи наділяє він своїх носіїв легендарною витривалістю тих, чиє ім’я носить, — ще належить довести."
loc_bolter_p1_ps005,Проривний Болтер (камуфляж «Сонячні Пустки»)
loc_bolter_p1_ps005_desc,"Первісно створений для розхваленої кампанії на світі смерті Рамантіус IV — планеті з трьома сонцями, де з радіаційно обпалених пісків виростали кришталеві ліси, а зубаті хижаки полювали на необережних солдатів уночі."
loc_bolter_p1_ps006,Ваконінська Зима
loc_bolter_p1_ps006_desc,"Найвідоміше застосування — у складі трифронтової бойової групи, що об’єднувала моебіанські, ноктанські та валгалльські полки; цей камуфляж став вирішальним чинником перемоги серед безкраїх колючолісів Вакона Альфа."
loc_bolter_p1_ps007,Проривний Болтер (камуфляж «Тіні боліт»)
loc_bolter_p1_ps007_desc,"Створений як альтернативний камуфляж для Фенґвардів із туманних боліт Друк VI, цей візерунок став еталоном для бойових зон — від заболочених рівнин до дощових ліній окопів."
loc_bolter_p1_ps008,Болтер Р1
loc_bolter_p1_ps008_desc,Skin
loc_bolter_p1_um001,Невблаганне Визволення
loc_bolter_p1_um001_desc,Зброя холодної мети й палкої відплати.
loc_bolter_p1_us001,Болтер Р1
loc_bolter_p1_us001_1556,Первинна небезпека
loc_bolter_p1_us001_desc,Skin
loc_bolter_p1_us002,Болтер Р1
loc_bolter_p1_us002_desc,Skin
loc_boltpistol_p1_cs001,Болт-пістолет зразка Ґодвін-Бранкс (камуфляж «Нічна паслінь Круциса»)
loc_boltpistol_p1_cs002,Болт-пістолет зразка Ґодвін-Бранкс (камуфляж «Вогняні пустки»)
loc_boltpistol_p1_m1,Болт-пістолет зразка Ґодвін-Бранкс
loc_boltpistol_p1_m1_desc,"Трохи видозмінений варіант більш відомого болт-пістолета зразка Ґодвін-Ультіма. Ця переносна людиною зброя все ще має жахливу віддачу, що забезпечується висококаліберними масово-реактивними снарядами, зарядженими в її магазин."
loc_boltpistol_p1_m2_desc,"Наповнені переналаштованими мас-реактивними набоями, що збільшують радіус вибуху при влучанні далеко понад стандарт. Втім, це негативно впливає на силу самого першого удару снаряда."
loc_boltpistol_p1_ml01,Ковальська Ліврея Бранкс Мінор
loc_boltpistol_p1_us001_1551,Болт-пістолет Магістратуму (Благословений)
loc_boltpistol_p1_us001_1551_desc,"Опинитися навпроти дулової частини болт-пістолета змусить навіть найжорсткішого злочинця переглянути свої життєві вибори. Але коли пістолет прикрашено печатками чистоти і ним володіє капітан виконавців Магістратуму Тертіуму, навіть єретик руйнівних сил вагатиметься."
loc_boltpistol_p1_us002_1538,Розплата старого
loc_boltpistol_p1_us002_1538_desc,"Хай це лише копія сумнозвісної бічної зброї Ярріка, цей пістолет уже не раз побував у бою проти незліченних ворогів, цілком виправдавши славу свого тезки."
loc_boltpistol_p1_us003_1556,Вторинна небезпека
loc_bonebreaker,Зламаний
loc_bonebreaker_desc,Сильні виживають. Слабкі гинуть.
loc_book_club_01,book_club_01
loc_book_club_01_desc,This is book_club_01
loc_book_club_02,Хранитель Томів
loc_book_club_02_desc,"Найбільше щастя для тебе — бути похованим серед стосів сувоїв і запилених гримуарів. Залишається лише сподіватися, що хоч якісь бібліаріуми вціліють, коли пил осяде."
loc_book_club_03,book_club_03
loc_book_club_03_desc,This is book_club_03
loc_book_club_04,book_club_04
loc_book_club_04_desc,This is book_club_04
loc_bot_autogun_killshot,++ PERDITUM SANCTUS ++
loc_bot_autogun_killshot_desc,DEV WIP
loc_bot_combataxe_linesman,++ PERDITUM SANCTUS ++
loc_bot_combataxe_linesman_desc,DEV WIP
loc_bot_combatsword_linesman_p1,++ PERDITUM SANCTUS ++
loc_bot_combatsword_linesman_p1_desc,DEV WIP
loc_bot_combatsword_linesman_p2,++ PERDITUM SANCTUS ++
loc_bot_combatsword_linesman_p2_desc,DEV WIP
loc_bot_lasgun_killshot,Лазгвинтівка Кантраель Мк IV
loc_bot_lasgun_killshot_desc,Лазгвинтівка є основною зброєю Астра Мілітарум і вважається надійною та перевіреною.
loc_bot_laspistol_killshot,++ PERDITUM SANCTUS ++
loc_bot_laspistol_killshot_desc,DEV WIP
loc_bot_zola_laspistol,"Лазгвинтівка зразка Аккатран, варіант MII"
loc_bot_zola_laspistol_desc,"Лазпістолет дає ту саму ударну силу, що і лазгвинтівка, хоча і на меншій дистанції."
loc_broker_upperbody_a_var_01,Вбрання Клинконосця
loc_broker_upperbody_d_var_01,Завсідник Картелю
loc_broker_upperbody_k_var_01,Спорядження Злодія
loc_broker_upperbody_progression_a_var_01,Бойова Оснастка (Тіньокроки)
loc_broker_upperbody_progression_a_var_02,Бойова Оснастка (Шоумени)
loc_broker_upperbody_progression_a_var_03,Бойова Оснастка (Залізні Вершники)
loc_broker_upperbody_progression_a_var_04,Бойова Оснастка (Водний картель)
loc_broker_upperbody_progression_b_var_01,Обладунок Бійця Ями (Тіньокроки)
loc_broker_upperbody_progression_b_var_02,Обладунок Бійця Ями (Шоумени)
loc_broker_upperbody_progression_b_var_03,Обладунок Бійця Ями (Залізні Вершники)
loc_broker_upperbody_progression_b_var_04,Обладунок Бійця Ями (Водний картель)
loc_broker_upperbody_progression_c_var_01,Вбрання Гультяя Картелю (Тіньокроки)
loc_broker_upperbody_progression_c_var_02,Вбрання Гультяя Картелю (Шоумени)
loc_broker_upperbody_progression_c_var_03,Вбрання Гультяя Картелю (Залізні Вершники)
loc_broker_upperbody_progression_c_var_04,Вбрання Гультяя Картелю (Водний картель)
loc_broker_upperbody_progression_d_var_01,Гордість Картелю (Тіньокроки)
loc_broker_upperbody_progression_d_var_02,Гордість Картелю (Шоумени)
loc_broker_upperbody_progression_d_var_03,Гордість Картелю (Залізні Вершники)
loc_broker_upperbody_progression_d_var_04,Гордість Картелю (Водний картель)
loc_cadia_imperial_guard_helmet_02_snout_mask_a_var_01,Шолом Мк IVb «Флак Маска Смерті»
loc_cadia_imperial_guard_helmet_02_snout_mask_a_var_01_desc,Солдат має бути готовий до всього... навіть якщо його спорядження — ні.
loc_cadia_imperial_guard_helmet_02_snout_mask_a_var_04,Респіратор Мк III «Бутель»
loc_cadia_imperial_guard_helmet_02_snout_mask_a_var_04_desc,Бережи своє бойове спорядження — і воно оберігатиме тебе.
loc_cadia_imperial_guard_helmet_02_snout_mask_a_var_05,Флак-шолом Стигій Кантарель Mk IVg
loc_cadia_imperial_guard_helmet_02_snout_mask_a_var_06,Флак-шолом «Кантраель» Мк IVg із маскою смерті
loc_cadia_imperial_guard_helmet_03_var_01,Шолом Аґріпанаа Мк IXa «Флак Шолом Солдата»
loc_cadia_imperial_guard_helmet_03_var_01_desc,"""Розум солдата нічого не вартий, якщо він не бачить цілі.
— Комісар Аркврайт Станніш"""
loc_cadia_imperial_guard_helmet_03_var_02,Шолом Аґріпанаа Мк IXd «Флак Шолом Солдата»
loc_cadia_imperial_guard_helmet_03_var_02_desc,"Аґріпанаа колись стояла пліч-о-пліч із Кадією проти зла Ока Жаху. Хоча тепер позбавлена підтримки свого сусіда, вона все ще тримається."
loc_cadia_imperial_guard_helmet_03_var_03,Шолом Аґріпанаа Мк IXe «Флак Шолом Солдата»
loc_cadia_imperial_guard_helmet_03_var_03_desc,"Покарання за втрату шолома: двадцять різок ґлог-батогом і прибиральні обовʼязки протягом восьми циклів.

Покаянний регламент XXXIII, 2-й Моебіанський "
loc_cadia_imperial_guard_helmet_03_var_04,Шолом Астра Мілітарум з окулярами (камуфляж «Монтар»)
loc_cadia_imperial_guard_helmet_03_var_04_desc,"Шолом Астра Мілітарум з окулярами рефракторного типу, необхідними для зменшення лазерного засліплення й захисту очей від осколків, диму та пилових бур."
loc_cadia_imperial_guard_helmet_03_var_05,Шолом Аґріпанаа Мк IXw «Флак Шолом Солдата»
loc_cadia_imperial_guard_helmet_03_var_05_desc,"""Одягни цей шолом назад на голову, або я зніму його назавжди. Маю на увазі твою голову.""
— Комісар Зелан Бастролл"
loc_cadia_imperial_guard_helmet_03_var_07,Шолом Мілітарум з окулярами (камуфляж «Скароксид»)
loc_cadia_imperial_guard_helmet_03_var_08,Шолом Мілітарум з окулярами (камуфляж «Крижаний шрам»)
loc_cadia_ogryn_aviator_cap_a_goggles_d_var_01,cadia_ogryn_aviator_cap_a_goggles_d_var_01
loc_cadia_ogryn_aviator_cap_a_goggles_d_var_01_desc,Оґринська льотна шапка у стилі Кадії. Кольорова схема заснована на 802-му полку.
loc_cadia_ogryn_aviator_cap_a_var_01,Кепка бомбардира Ахліс Mk Ia
loc_cadia_ogryn_aviator_cap_a_var_01_desc,"Оґринам радять залишатися на місцях під час польоту, оскільки їхня вага спричиняє Хаос у балансі аерокрафта."
loc_cadia_ogryn_aviator_cap_a_var_02,Кепка бомбардира Аклис Мк Id
loc_cadia_ogryn_aviator_cap_a_var_02_desc,"Оґрину не подобається літати. Оґрину не подобається падати.
— Ґрук Обраний (зник безвісті)"
loc_cadia_ogryn_aviator_cap_a_var_03,Кепка бомбардира Аклис Мк Ie
loc_cadia_ogryn_aviator_cap_a_var_03_desc,"Попри кілька відважних спроб, Морська піхота досі не змогла успішно підготувати пілота-Оґрина."
loc_cadia_ogryn_aviator_cap_a_var_04,Кепка бомбардира Аклис Мк If
loc_cadia_ogryn_aviator_cap_a_var_04_desc,"Морська піхота широко використовує Оґринів, зазвичай як вантажників і штурмовиків... хоча кілька найкмітливіших отримують завдання охороняти старших офіцерів."
loc_cadia_ogryn_beret_01_bandana_mask_01_var_01,Берет елітної гвардії (133-й Моебіанський)
loc_cadia_ogryn_beret_01_bandana_mask_01_var_01_desc,"Оґрин у береті завжди радий можливості провчити того, хто насміхнеться з його вибору головного убору."
loc_cadia_ogryn_beret_01_goggles_01_var_01,Полковий берет із захисними окулярами
loc_cadia_ogryn_beret_01_goggles_01_var_01_desc,"«Зелені Капелюхи» були особливо сумнозвісним підрозділом Оґринів, певний час прикріпленим до 61-го Кадіанського. Вони славилися своєю жорстокістю, впертістю та характерним відтінком берета, який усі носили незалежно від завдання."
loc_cadia_ogryn_beret_01_var_01,Берет командос 31-ого Моебіанського
loc_cadia_ogryn_beret_01_var_01_desc,"У прикордонних війнах, елітні або ударні підрозділи нерідко відзначаються спеціально виданими беретами. Побратими-ветерани ставляться до тих, хто носить такі убори, з найвищою повагою."
loc_cadia_ogryn_bullgryn_gasmask_a_var_01,Респіратор зразка Буллґрин
loc_cadia_ogryn_bullgryn_gasmask_a_var_01_desc,"Ці важкі респіратори розроблені, щоб витримувати максимальні пошкодження."
loc_cadia_ogryn_bullgryn_gasmask_a_var_02,Респіратор зразка Буллґрин Мк III
loc_cadia_ogryn_bullgryn_gasmask_a_var_02_desc,"Ці важкі респіратори створені, щоб витримувати максимальні пошкодження. Особливо зручні в умовах пустельної біосфери."
loc_cadia_ogryn_eye_tech_01_var_02,Монокулярна оптика Krourk Мк IIe
loc_cadia_ogryn_eye_tech_01_var_02_desc,"Серед нотарів Палати Десятин є ті, хто вважає, що Оґрини не зовсім дурні — лише обережні та зважені у своїх роздумах. На жаль, жодних доказів на підтримку цієї теорії досі не знайдено."
loc_cadia_scions_helmet_mask_var_01,Шолом нащадка
loc_cadia_scions_helmet_mask_var_01_desc,"Цей шолом у стилі Сціонів із вбудованим респіратором пережив стільки битв, що його внутрішня підкладка вкрита підписами колишніх власників — вистачило б на цілу роту. Залишається вирішити, робить це шолом щасливим... чи навпаки."
loc_cadian_c_backpack_set_02,Вокс-кастер Муніторум Мк IIc (оздоблення «Факторум»)
loc_cadian_c_backpack_set_02_desc,"Давно виведений з ладу лазерним вибухом, проте все ще надає власникові вигляду значущості."
loc_cadian_c_backpack_set_05,Вокс-кастер Муніторум Мк IIc (камуфляж «Іржа»)
loc_cadian_c_backpack_set_05_desc,"Межа між навмисним камуфляжем і випадковою занедбаністю ніколи не буває такою чіткою, як може здатися."
loc_cadian_c_headgear_set_01,Шолом навідника Кантраель Мк Ib «Флак»
loc_cadian_c_headgear_set_01_desc,"Шолом солдата підтримки, оснащений автонавідувачем, який, на жаль, уже давно не працює."
loc_cadian_c_headgear_set_02,Шолом навідника Кантраель Мк If «Флак»
loc_cadian_c_headgear_set_02_desc,"""Не буває такої речі, як надмірна вогнева міць. А тепер подай мені цю кляту плазмову гармату!
— Капрал Акар Ґожин (загиблий)"""
loc_cadian_c_headgear_set_04,Шолом навідника Кантраель Мк Ig «Флак»
loc_cadian_c_headgear_set_04_desc,"Досвідчені ветерани жахаються затяжних боїв на іржавих рівнинах, де кожен подих має присмак крові, а пісок ріже до кісток."
loc_cadian_c_headgear_set_05,Флак-шолом «Кантраель» Мк Ih із цілевказувачем
loc_cadian_c_headgear_set_06,Флак-шолом «Кантраель» Мк Ih із цілевказувачем (камуфляж «Попільна буря»)
loc_cadian_c_headgear_set_07,Флак-шолом «Кантраель» Мк Ih із цілевказувачем (камуфляж «Крижаний шрам»)
loc_cadian_c_lowerbody_set_01,Бойове спорядження Астра Мілітарум (802-й Кадіанський)
loc_cadian_c_lowerbody_set_01_desc,"802-й дотримується традиційної форми бойового спорядження, ймовірно, нехтуючи камуфляжем через гординю."
loc_cadian_c_lowerbody_set_04,Бойове спорядження Астра Мілітарум (камуфляж «Сонячний горіння»)
loc_cadian_c_lowerbody_set_04_desc,"Флак броня частіше підсилює впевненість, ніж шанси на виживання."
loc_cadian_c_lowerbody_set_05,Бойове спорядження Астра Мілітарум (камуфляж «Болотяні джунглі»)
loc_cadian_c_lowerbody_set_05_desc,"Будь-що, що розмиває силует носія, може слугувати камуфляжем."
loc_cadian_command_01_a_bioniceye_g_var_01,Аґрес зразка Аугметик  
loc_cadian_command_01_a_bioniceye_g_var_01_desc,"Завдяки різним доступним спектрам, що їх відкриває аугметичне око Аґрес, може знадобитися час, аби звикнути до приголомшливої кількості вхідних даних сенсору"
loc_cadian_d_backpack_set_05,Ранець Муніторум Мк VIII
loc_cadian_d_backpack_set_05_desc,"Я можу прожити ціле життя в цьому ранці. Криваво депресивна думка, якщо замислитись.
— Боєць Малик Зара"
loc_cadian_d_backpack_set_06,Арктичний комплект виживання
loc_cadian_d_backpack_set_07,Рюкзак Муніторуму Мк V1c (Крижана міць)
loc_cadian_d_backpack_set_08,Рюкзак Муніторуму Мк V1c (Міський бій)
loc_cadian_d_headgear_set_01,Шолом ветерана Кантраель Мк IIIa «Флак»
loc_cadian_d_headgear_set_01_desc,"Кадія стримувала Око Жаху протягом тисячоліть. Хоча сам світ упав, його дух ніколи не згасне."
loc_cadian_d_headgear_set_02,Піхотний флак шолом (камуфляж «Крижаний шрам»)
loc_cadian_d_headgear_set_02_desc,"Спочатку розроблений для 64-го Кадіанського під час їхнього хрестового походу зі звільнення Сардасуксу IV — крижаного лісового світу, що перебував під владою тиранічного Планетарного Губернатора."
loc_cadian_d_headgear_set_03,Флак шолом ветерана Кантраель Мк IIIb 
loc_cadian_d_headgear_set_03_desc,"Кадіанська діаспора пам’ятає Урсаркара Кріда як свого найбільшого героя, добре пам’ятаючи його величну жертву, коли він упав, захищаючи їхній рідний світ."
loc_cadian_d_headgear_set_05,Флак шолом ветерана Кантраель Мк IIIf
loc_cadian_d_headgear_set_05_desc,"Колись казали, що фортеці «каср» Кадії неможливо захопити — лише знищити. Те саме можна було сказати й про тих, хто тримав їхні стіни."
loc_cadian_d_lowerbody_set_01,Важке бойове спорядження Астра Мілітарум (Кадіанський 802-й)
loc_cadian_d_lowerbody_set_01_desc,Важке спорядження забезпечує баланс між захистом і маневровістю.
loc_cadian_d_lowerbody_set_04,Важке бойове спорядження Астра Мілітарум (камуфляж «Сонячне спопелення»)
loc_cadian_d_lowerbody_set_04_desc,"Трафарет — це полкове маркування, хоча ніхто з тих, кого ти зустрічав, не знає, якому саме полку воно належить."
loc_cadian_d_lowerbody_set_05,Важке бойове спорядження Астра Мілітарум (камуфляж «Болотяні джунглі»)
loc_cadian_d_lowerbody_set_05_desc,"Це спорядження пережило важкі бої, на що вказує потертість камуфляжного візерунку."
loc_cadian_d_lowerbody_set_06,Броньована форма Стигій Мк I
loc_cadian_headgear_shadow_corps_var_01,Флак-шолом Стигій Мк II
loc_cadian_upperbody_c_set_01,Важка флак броня (релікт Кадії)
loc_cadian_upperbody_c_set_01_desc,"Флак броня легка та забезпечує певний ступінь захисту від осколків. Її головна перевага для Імперіуму полягає в тому, що її дешево виробляти... звісно, не надто втішна думка для солдатів, які її носять."
loc_cadian_upperbody_c_set_04,Бойове спорядження Астра Мілітарум (камуфляж «Сонячний горіння»)
loc_cadian_upperbody_c_set_04_desc,Флак броня є звичним спорядженням в Астра Мілітарум. Її дешево виробляти й вона має прийнятний показник виживання.
loc_cadian_upperbody_c_set_05,Важка панцерна броня (камуфляж «Болотяні джунглі»)
loc_cadian_upperbody_c_set_05_desc,Штурмові піхотинці спеціально треновані для швидких маневрів і стрімких атак.
loc_cadian_upperbody_d_set_01,Важке бойове спорядження Астра Мілітарум (візерунок Протектус IX)
loc_cadian_upperbody_d_set_01_desc,"Мабуть, найвідоміший колір і візерунок уніформи Астра Мілітарум у галактиці. Але цей — твій…"
loc_cadian_upperbody_d_set_04,Кадіанська важка флак броня (камуфляж «Сонячний горіння»)
loc_cadian_upperbody_d_set_04_desc,"Хоча флак броня й має вм’ятини та подряпане фарбування, цілісність її захисту зберігається. Нехай Імператор оберігає!"
loc_cadian_upperbody_d_set_05,Важке спорядження штурмовика (візерунок Протектус IX)
loc_cadian_upperbody_d_set_05_desc,"Ця схема камуфляжу, яку часто приписують Кадіанським штурмовикам, широко використовується Астра Мілітарум по всій галактиці в численних театрах воєнних дій."
loc_cadian_upperbody_shadow_corps_01_var_01,Флак-жилет Стигій Мк III
loc_catachan_a_lowerbody_set_05,Тренувальний однострій (камуфляж «Кархт-скін»)
loc_catachan_a_lowerbody_set_05_desc,"Вони казали, що я побачу галактику. Не певна, що бачила бодай щось приємне.
— Боєць Ґленна Сорлі"
loc_catachan_astra_upperbody_a_01_helmet_catchan_jungd_fighters_01_b_var_01,Залізний комір Палпатін Мк IIa
loc_catachan_astra_upperbody_a_01_helmet_catchan_jungd_fighters_01_b_var_01_desc,"Деякі псайкери почуваються більш удома в дикій місцевості, де людська упередженість не може їм зашкодити."
loc_catachan_astra_upperbody_a_01_helmet_catchan_jungd_fighters_01_b_var_02,Залізний комір Палпатін Мк IIb
loc_catachan_astra_upperbody_a_01_helmet_catchan_jungd_fighters_01_b_var_02_desc,На феодальних світах Імперіуму псайкерів часто шанують як провидців і віщунів... або ж закидають камінням як носіїв лихих знамен.
loc_catachan_astra_upperbody_a_01_helmet_catchan_jungd_fighters_01_b_var_03,Залізний комір Палпатін Мк IId
loc_catachan_astra_upperbody_a_01_helmet_catchan_jungd_fighters_01_b_var_03_desc,"Ні... Голоси... Голоси! Чому ніхто не змусить їх замовкнути?
Праймарис Псайкер Джерен Солон (загиблий)"
loc_catachan_astra_upperbody_a_01_helmet_catchan_jungd_fighters_01_b_var_04,Залізний комір Палпатін Мк IIg
loc_catachan_astra_upperbody_a_01_helmet_catchan_jungd_fighters_01_b_var_04_desc,"Сира сила — ніщо без дисципліни, щоб нею володіти.
Інквізитор Емерсія Куленга"
loc_catachan_astra_upperbody_a_01_helmet_catchan_jungd_fighters_01_b_var_05,Залізний комір Палпатін Мк IIx
loc_catachan_astra_upperbody_a_01_helmet_catchan_jungd_fighters_01_b_var_05_desc,"Не лише псайкер має покладати свою віру на свій психана-комір. Його товариші по загону дуже швидко дізнаються, якщо з ним щось піде не так."
loc_catachan_astra_upperbody_a_01_helmet_catchan_jungd_fighters_01_b_var_06,Залізний комір Палпатін Мк IIa (камуфляж «Сампмір»)
loc_catachan_astra_upperbody_a_01_helmet_catchan_jungd_fighters_01_b_var_07,Залізний комір Палпатін Мк IIa (камуфляж «Міськобійний»)
loc_catachan_catchan_jungd_fighters_01_b_var_01,Регламент XIIIf. «Тимчасова пов’язка» (бліда)
loc_catachan_catchan_jungd_fighters_01_b_var_01_desc,Просте оздоблення завжди видавало просту відданість.
loc_catachan_catchan_jungd_fighters_02_bioniceye_g_var_01,Палатиновий аугмент Мк XIc «Циклоп»
loc_catachan_catchan_jungd_fighters_02_bioniceye_g_var_01_desc,Біоніка є цінним реліктом сама по собі. Лише гідні можуть слугувати її хранителями — і то лише ненадовго.
loc_catachan_colonel_cap_a_var_05,Командирська Капелюх (камуфляж «Болотяні джунглі»)
loc_catachan_colonel_cap_a_var_05_desc,"Нагадує вражаючі кольори камуфляжу, які полюбляли славетні касркіни; цей візерунок став популярним серед полків, відправлених у суворі, лісисті середовища."
loc_catachan_colonel_cap_a_var_06,Командирський кашкет (Ваді)
loc_catachan_colonel_cap_a_var_07,Командирський кашкет (Камуфляж Рад-Пустки)
loc_catachan_colonel_cap_a_var_08,Командирський кашкет (Камуфляж Попелясті Пустки)
loc_catachan_ogryn_catachan_cap_a_var_01,"Капелюх охоронця (камуфляж «Сонячний горіння», XXXXXL)"
loc_catachan_ogryn_catachan_cap_a_var_01_desc,"Сер? Сер! Схоже, мене підстрелили, сер!
— Тоґ Трощитель Танків (загиблий)"
loc_catachan_ogryn_catachan_cap_a_var_03,"Капелюх охоронця (камуфляж «Кархт-скін», XXXXXL)"
loc_catachan_ogryn_catachan_cap_a_var_03_desc,"Здобудь відданість Оґрина — і довге життя буде твоїм.
— Моебіанське прислів’я"
loc_catachan_ogryn_catachan_cap_a_var_04,"Капелюх охоронця (камуфляж «Міський бій», XXXXXL)"
loc_catachan_ogryn_catachan_cap_a_var_04_desc,Оґрин-охоронці люблять наслідувати своїх хазяїв… аж до самої уніформи.
loc_catachan_ogryn_catachan_cap_a_var_05,"Капелюх охоронця (33-й Моебіанський, XXXXXL)"
loc_catachan_ogryn_catachan_cap_a_var_05_desc,"Норґ не заперечував проти того, що червона Капелюх робила його мішенню. Це означало, що єретики самі йшли до нього."
loc_catachan_ogryn_catachan_cap_a_var_06,"Капелюх охоронця (камуфляж «Пустельний щур», XXXXXL)"
loc_catachan_ogryn_catachan_cap_a_var_06_desc,На деяких розгортаннях життєво необхідно тримати сонце(ця) подалі від очей.
loc_catachan_ogryn_catachan_cap_a_var_07,"Капелюх охоронця (камуфляж «Чагарникові пустища», XXXXXL)"
loc_catachan_ogryn_catachan_cap_a_var_07_desc,"Бурк часто мав клопіт через свою примружену кепку. Не його ж провина, що голова в нього дивної форми."
loc_catachan_ogryn_catachan_cap_a_var_08,"Капелюх охоронця (камуфляж «Карніліст», XXXXXL)"
loc_catachan_ogryn_catachan_cap_a_var_08_desc,"Той лорд-біс-його-знає-як-його-там накричав на мене за те, що я доффнув капелюх. А я й гадки не маю, що то за «доффнути» таке.
— Олег Сталелам"
loc_catachan_ogryn_catachan_cap_a_var_09,"Капелюх тілоохоронця (Пустища, XXXXL)"
loc_catachan_ogryn_catachan_cap_a_var_10,"Капелюх тілоохоронця (Міські бої, XXXXL)"
loc_catachan_ogryn_catachan_cap_a_var_11,"Кашкет охоронця (Бойова Тінь Темнолісу, XXXXL)"
loc_catachan_ogryn_catachan_cap_a_var_12,"Кашкет охоронця (Хлороваст, XXXXL)"
loc_catachan_orlock_gang_01_c_var_02,Бандана (77-й Моебіанський)
loc_catachan_orlock_gang_01_c_var_02_desc,Скромний головний убір для скромного вояка.
loc_catachan_orlock_gang_01_c_var_03,Бандана (камуфляж «Карст»)
loc_catachan_orlock_gang_01_c_var_03_desc,"Для тих, хто звик ховатися в багні."
loc_catachan_orlock_gang_01_c_var_04,Бандана (33-й Моебіанський)
loc_catachan_orlock_gang_01_c_var_04_desc,"Зневажаючи камуфляж, 33-й стоїть гордо й покладається на свою уніформу, аби приховати кров."
loc_catachan_orlock_gang_01_c_var_05,Бандана (оздоблена)
loc_catachan_orlock_gang_01_c_var_05_desc,Ця безперечно справляє враження.
loc_catachan_orlock_gang_01_c_var_06,Бандана (болотні ганчірки)
loc_catachan_orlock_gang_01_c_var_06_desc,"Може, воно й забруднене Бог-Імператор-знає-чим, але принаймні стримує найгірші краплі від того, щоб потрапити тобі на голову."
loc_catachan_rebreather_01_a_catchan_jungd_fighters_01_b_var_03,Респіратор Палпатін Мк IIId
loc_catachan_rebreather_01_a_catchan_jungd_fighters_01_b_var_03_desc,15-й Моебіанський здобув багато бойових відзнак під час кампанії на Ева Короніс.
loc_catchan_a_headgear_set_01,Пов’язка від поту (камуфляж «Карст»)
loc_catchan_a_headgear_set_01_desc,"Будь-що, що не дає поту й крові потрапити в очі, — бажана підтримка."
loc_catchan_a_headgear_set_05,Пов’язка від поту (33-й) Моебіанський
loc_catchan_a_headgear_set_05_desc,"Ймовірно, зроблена з уніформи полеглого товариша."
loc_cawdor_a_lowerbody_set_03,Штани ґанґера (відтінок «Септична зелень»)
loc_cawdor_a_lowerbody_set_03_desc,"Нестерпний сморід не зникає. Єретики, ймовірно, почують тебе раніше, ніж побачать."
loc_cawdor_a_lowerbody_set_04,Штани ґанґера (відтінок «Гнилизняво-коричневий»)
loc_cawdor_a_lowerbody_set_04_desc,"У якісь далекі, безтурботні часи вони були прекрасного, сяйливого білого кольору."
loc_cawdor_upperbody_a_set_03,Бойовий стрій мешканця вулиць
loc_cawdor_upperbody_a_set_03_desc,"Добута сталь і подерте полотно — це не те саме, що добра флак броня, але це вже точно краще, ніж нічого."
loc_cawdor_upperbody_a_set_04,Бойовий стрій каятника
loc_cawdor_upperbody_a_set_04_desc,"З давніми мотивами та пошарпаним виглядом — ні з ким не сплутаєш того, хто зрікся всіх зручностей заради життя в служінні Вірі."
loc_chainaxe_p1_cs001,Штурмова ланцюгова сокира (камуфляж «Тінь Круціса»)
loc_chainaxe_p1_cs001_desc,"Лісовий камуфляжний візерунок, що став відомим завдяки 100-му Круцийському полку «Охоронців Дзвіниці» під час давньої кампанії на Месселіні. Ті небагато ворогів, що пережили ті битви, здобули нову повагу до тіней.  "
loc_chainaxe_p1_cs002,Штурмова ланцюгова сокира (камуфляж «Вогняні пустки»)
loc_chainaxe_p1_cs002_desc,"Колись поширений візерунок, який використовували полки Астра Мілітарум, що заслужили бойові відзнаки, винищуючи зрадників-космодесантників, відомих як «Чорні Розбійники». Лише небагато таких полків пережили десятиліття відтоді… немовби на них полював якийсь зовнішній ворог."
loc_chainaxe_p1_locname,Штурмова ланцюгова сокира (камуфляж «Іній смерті»)
loc_chainaxe_p1_locname_desc,"Улюблений камуфляж полків Крижаних Воїнів Валхалли під час кампанії в затоці Масарі, відомої своєю величезною кількістю жертв і мізерними військовими здобутками. Призовники ставали ветеранами за одну ніч — що й на краще, адже мало хто доживав до другого світанку. Із п’яти світів, які Імперіум прагнув повернути у затоці Масарі, два залишилися обвугленими оболонками, а третій так і не виринув із варп-бурі, що його поглинула.  "
loc_chainaxe_p1_m001,Ланцюгова сокира Р1
loc_chainaxe_p1_m001_desc,Skin
loc_chainaxe_p1_m002,Ланцюгова сокира Р1
loc_chainaxe_p1_m002_desc,Skin
loc_chainaxe_p1_m003,Ланцюгова сокира Р1
loc_chainaxe_p1_m003_desc,Skin
loc_chainaxe_p1_m1,Штурмова ланцюгова сокира Орест Мк IV
loc_chainaxe_p1_m1_desc,"Натхненні величезними ланцюговими клинками, якими користуються титани Легіо Темпестус, сокири Оrestes жорстокі у своїй простоті."
loc_chainaxe_p1_m2,Штурмова ланцюгова сокира Орест Мк XII
loc_chainaxe_p1_m2_desc,"Подовжений ланцюговий запобіжник є однією з небагатьох «запобіжних заходів», упроваджених у Мк XII, забезпечуючи бодай якийсь захист від сумнозвісної віддачі цієї зброї."
loc_chainaxe_p1_ml01,Ковальська Ліврея Бранкс Мінор
loc_chainaxe_p1_ps001,Штурмова ланцюгова сокира (камуфляж «Хімічна твань»)
loc_chainaxe_p1_ps001_desc,"Один із 91 камуфляжних візерунків, запропонованих квеситором Департаменту Муніторум Себастьяном Ксантезом у спробі стандартизувати кольори кампаній Астра Мілітарум. Трактат Ксанте́за вже 85 років перебуває «в обробці»."
loc_chainaxe_p1_ps002,Штурмова ланцюгова сокира (камуфляж «Вогняний кіготь»)
loc_chainaxe_p1_ps002_desc,"Помічений на сотнях вулканічних світів — від Лахарі IX до Мезоа — камуфляж «Вогняний кіготь» став найбільш відомим завдяки Моебіанському 71-му полку під час кампанії «Діаболус», де запеклі бої серед потоків лави закріпили грізну репутацію полку."
loc_chainaxe_p1_ps003,Штурмова ланцюгова сокира (камуфляж «Батогокрай»)
loc_chainaxe_p1_ps003_desc,"Цей візерунок імітує мінливі тіні безлічі ксенос-структур, що вкривають сірчані пустелі Саріуса III. Нещодавно взвод Моебіанського 120-го був відправлений на Саріус III для розслідування дивних ксенос-руїн. Після повернення всім, окрім найстарших офіцерів, стерли пам’ять…"
loc_chainaxe_p1_ps004,Штурмова ланцюгова сокира (камуфляж «Крижана тундра»)
loc_chainaxe_p1_ps004_desc,"Названий на честь Валгалльського 1212-го полку «Холоднокровних», цей камуфляж став стандартною уніформою для крижаних світів у Астра Мілітарум, застосовуваний у кампаніях від зірок Сомніум до туманності Істлайт. Чи наділяє він своїх носіїв легендарною витривалістю тих, чиє ім’я носить, — ще належить довести."
loc_chainaxe_p1_ps005,Штурмова ланцюгова сокира (камуфляж «Сонячні пустки»)
loc_chainaxe_p1_ps005_desc,"Первісно створений для розхваленої кампанії на світі смерті Рамантіус IV — планеті з трьома сонцями, де з радіаційно обпалених пісків виростали кришталеві ліси, а зубаті хижаки полювали на необережних солдатів уночі."
loc_chainaxe_p1_ps006,Ваконінська Зима
loc_chainaxe_p1_ps006_desc,"Найвідоміше застосування — у складі трифронтової бойової групи, що об’єднувала моебіанські, ноктанські та валгалльські полки; цей камуфляж став вирішальним чинником перемоги серед безкраїх колючолісів Вакона Альфа."
loc_chainaxe_p1_ps007,Штурмова ланцюгова сокира (камуфляж «Тіні боліт»)
loc_chainaxe_p1_ps007_desc,"Створений як альтернативний камуфляж для Фенґвардів із туманних боліт Друк VI, цей візерунок став еталоном для бойових зон — від заболочених рівнин до дощових ліній окопів."
loc_chainaxe_p1_ps008,Ланцюгова сокира Р1
loc_chainaxe_p1_ps008_desc,Skin
loc_chainaxe_p1_um001_1545,Горлоріз
loc_chainaxe_p1_us001_1521,Благословенна ланцюгова сокира Орест Мк XXI
loc_chainaxe_p1_us001_1521_desc,"Хоча за функцією майже не відрізняється від звичайної ланцюгової сокири Orestes, будь певен: Імператор спрямовує кожен розривальний удар цієї посвяченої зброї."
loc_chainaxe_p1_wb,Бойово кована ланцюгова сокира
loc_chained_weakspot_hits_increase_finesse_and_reduce_overheat,Черепне заземлення
loc_chained_weakspot_hits_increase_finesse_and_reduce_overheat_desc,Зменшує накопичення жару на {buildup_amount:%s} і підвищує шкоду по вразливих місцях на {damage:%s} протягом {duration:%s} с при серії влучань у вразливі місця. Накопичується до {stacks:%s} разів.
loc_chainsword_2h_p1_cs001,Важкий випотрошувач (камуфляж «Тінь Круціса»)
loc_chainsword_2h_p1_cs001_desc,"Лісовий камуфляжний візерунок, що став відомим завдяки 100-му Круцийському полку «Охоронців Дзвіниці» під час давньої кампанії на Месселіні. Ті небагато ворогів, що пережили ті битви, здобули нову повагу до тіней.  "
loc_chainsword_2h_p1_cs002,Важкий випотрошувач (камуфляж «Вогняні пустки»)
loc_chainsword_2h_p1_cs002_desc,"Колись поширений візерунок, який використовували полки Астра Мілітарум, що заслужили бойові відзнаки, винищуючи зрадників-космодесантників, відомих як «Чорні Розбійники». Лише небагато таких полків пережили десятиліття відтоді… немовби на них полював якийсь зовнішній ворог."
loc_chainsword_2h_p1_locname,Важкий випотрошувач (камуфляж «Іній смерті»)
loc_chainsword_2h_p1_locname_desc,"Улюблений камуфляж полків Крижаних Воїнів Валхалли під час кампанії в затоці Масарі, відомої своєю величезною кількістю жертв і мізерними військовими здобутками. Призовники ставали ветеранами за одну ніч — що й на краще, адже мало хто доживав до другого світанку. Із п’яти світів, які Імперіум прагнув повернути у затоці Масарі, два залишилися обвугленими оболонками, а третій так і не виринув із варп-бурі, що його поглинула.  "
loc_chainsword_2h_p1_m001,Ланцюговий меч 2h P1
loc_chainsword_2h_p1_m001_desc,Skin
loc_chainsword_2h_p1_m002,Ланцюговий меч 2h P1
loc_chainsword_2h_p1_m002_desc,Skin
loc_chainsword_2h_p1_m003,Ланцюговий меч 2h P1
loc_chainsword_2h_p1_m003_desc,Skin
loc_chainsword_2h_p1_m1,Важкий випотрошувач Tigrus Мк II
loc_chainsword_2h_p1_m1_desc,"Цей непристойно громіздкий ланцюговий меч використовує низькопотужне поле руйнування, щоб посилити свої надзвичайно брудні та нищівні можливості."
loc_chainsword_2h_p1_m2,Важкий випотрошувач Tigrus Мк XV
loc_chainsword_2h_p1_m2_desc,"Самої сили недостатньо, щоб ефективно володіти Випотрошувачем, але запал і лють можуть це компенсувати. Тому ця зброя асоціюється з праведною люттю та є улюбленою зброєю палких проповідників."
loc_chainsword_2h_p1_ml01,Ковальська Ліврея Бранкс Мінор
loc_chainsword_2h_p1_ps001,Важкий випотрошувач (камуфляж «Хімічна твань»)
loc_chainsword_2h_p1_ps001_desc,"Один із 91 камуфляжних візерунків, запропонованих квеситором Департаменту Муніторум Себастьяном Ксантезом у спробі стандартизувати кольори кампаній Астра Мілітарум. Трактат Ксанте́за вже 85 років перебуває «в обробці»."
loc_chainsword_2h_p1_ps002,Важкий випотрошувач (камуфляж «Вогняний кіготь»)
loc_chainsword_2h_p1_ps002_desc,"Помічений на сотнях вулканічних світів — від Лахарі IX до Мезоа — камуфляж «Вогняний кіготь» став найбільш відомим завдяки Моебіанському 71-му полку під час кампанії «Діаболус», де запеклі бої серед потоків лави закріпили грізну репутацію полку."
loc_chainsword_2h_p1_ps003,Важкий випотрошувач (камуфляж «Батогокрай»)
loc_chainsword_2h_p1_ps003_desc,"Цей візерунок імітує мінливі тіні безлічі ксенос-структур, що вкривають сірчані пустелі Саріуса III. Нещодавно взвод Моебіанського 120-го був відправлений на Саріус III для розслідування дивних ксенос-руїн. Після повернення всім, окрім найстарших офіцерів, стерли пам’ять…"
loc_chainsword_2h_p1_ps004,Важкий випотрошувач (камуфляж «Крижана тундра»)
loc_chainsword_2h_p1_ps004_desc,"Названий на честь Валгалльського 1212-го полку «Холоднокровних», цей камуфляж став стандартною уніформою для крижаних світів у Астра Мілітарум, застосовуваний у кампаніях від зірок Сомніум до туманності Істлайт. Чи наділяє він своїх носіїв легендарною витривалістю тих, чиє ім’я носить, — ще належить довести."
loc_chainsword_2h_p1_ps005,Важкий випотрошувач (камуфляж «Сонячні пустки»)
loc_chainsword_2h_p1_ps005_desc,"Первісно створений для розхваленої кампанії на світі смерті Рамантіус IV — планеті з трьома сонцями, де з радіаційно обпалених пісків виростали кришталеві ліси, а зубаті хижаки полювали на необережних солдатів уночі."
loc_chainsword_2h_p1_ps006,Ваконінська Зима
loc_chainsword_2h_p1_ps006_desc,"Найвідоміше застосування — у складі трифронтової бойової групи, що об’єднувала моебіанські, ноктанські та валгалльські полки; цей камуфляж став вирішальним чинником перемоги серед безкраїх колючолісів Вакона Альфа."
loc_chainsword_2h_p1_ps007,Важкий випотрошувач (камуфляж «Тіні боліт»)
loc_chainsword_2h_p1_ps007_desc,"Створений як альтернативний камуфляж для Фенґвардів із туманних боліт Друк VI, цей візерунок став еталоном для бойових зон — від заболочених рівнин до дощових ліній окопів."
loc_chainsword_2h_p1_ps008,Ланцюговий меч 2h P1
loc_chainsword_2h_p1_ps008_desc,Skin
loc_chainsword_2h_p1_s001,Важкий випотрошувач (камуфляж «Гіріонські дюнні простори»)
loc_chainsword_2h_p1_s001_desc,"Відомий своєю бойовою ефективністю на пустельному світі Гиріон, цей візерунок уже давно є улюбленцем численних аблюдських полків, багато з яких були визволені під час кампанії від жорстоких нальотів ненависних Друкхарі."
loc_chainsword_2h_p1_s002,Мортіс Оперативник
loc_chainsword_2h_p1_s002_desc,"Оперативники Смерті — це таємне коло в межах бойової групи Ґрендила, і ти не маєш допуску до цієї інформації.  "
loc_chainsword_2h_p1_us001_1531,Офіцерський стрій 61-го Кадіанського
loc_chainsword_2h_p1_us001_1531_desc,Насичені зелені кольори та поліровані сплави — улюблений вибір офіцерів 61-го Кадіанського.
loc_chainsword_2h_p1_us002_1531,Благословенний важкий випотрошувач Тігрус Мк II
loc_chainsword_2h_p1_us002_1531_desc,"Писання, ретельно нанесені на лезо цієї могутньої зброї, описують бойовий спів Урії Якобуса, Захисника Віри. Іронічно, зважаючи на його добре задокументовану думку про цінність письмових настанов у розпал битви."
loc_chainsword_left_cinematic,Штурмовий ланцюговий меч Кадія Мк III
loc_chainsword_left_cinematic_desc,"З цим мотором точно щось не так, але якщо він пережовує плоть єретиків — яка різниця?
— Капітан Єжі Модамус"
loc_chainsword_npc_p1_m1,DEV WIP
loc_chainsword_npc_p1_m1_desc,DEV WIP
loc_chainsword_p1_a101,Штурмовий ланцюговий меч (камуфляж «Нокс непокірний»)
loc_chainsword_p1_a101_desc,"Традиційне озброєння офіцера Астра Мілітарум, яке втратило популярність серед 6-го Моебіанського — на користь силових, дробильних буздиганів."
loc_chainsword_p1_cs001,Штурмовий ланцюговий меч (камуфляж «Тінь Круціса»)
loc_chainsword_p1_cs001_desc,"Лісовий камуфляжний візерунок, що став відомим завдяки 100-му Круцийському полку «Охоронців Дзвіниці» під час давньої кампанії на Месселіні. Ті небагато ворогів, що пережили ті битви, здобули нову повагу до тіней.  "
loc_chainsword_p1_cs002,Штурмовий ланцюговий меч (камуфляж «Вогняні пустки»)
loc_chainsword_p1_cs002_desc,"Колись поширений візерунок, який використовували полки Астра Мілітарум, що заслужили бойові відзнаки, винищуючи зрадників-космодесантників, відомих як «Чорні Розбійники». Лише небагато таких полків пережили десятиліття відтоді… немовби на них полював якийсь зовнішній ворог."
loc_chainsword_p1_locname,Штурмовий ланцюговий меч (камуфляж «Іній смерті»)
loc_chainsword_p1_locname_desc,"Улюблений камуфляж полків Крижаних Воїнів Валхалли під час кампанії в затоці Масарі, відомої своєю величезною кількістю жертв і мізерними військовими здобутками. Призовники ставали ветеранами за одну ніч — що й на краще, адже мало хто доживав до другого світанку. Із п’яти світів, які Імперіум прагнув повернути у затоці Масарі, два залишилися обвугленими оболонками, а третій так і не виринув із варп-бурі, що його поглинула.  "
loc_chainsword_p1_m001,Ланцюговий меч P1
loc_chainsword_p1_m001_desc,Skin
loc_chainsword_p1_m002,Ланцюговий меч P1
loc_chainsword_p1_m002_desc,Skin
loc_chainsword_p1_m003,Ланцюговий меч P1
loc_chainsword_p1_m003_desc,Skin
loc_chainsword_p1_m1,Штурмовий ланцюговий меч Кадія Мк IV
loc_chainsword_p1_m1_deluxe,Штурмовий ланцюговий меч (камуфляж «Оперативник Мортіс»)
loc_chainsword_p1_m1_deluxe_desc,"Оперативники Смерті — це таємне коло в межах бойової групи Ґрендила, і ти не маєш допуску до цієї інформації.  "
loc_chainsword_p1_m1_desc,"Завдяки відточеним, мономолекулярним зубцям лез ланцюгові мечі високо цінуються в Астра Мілітарум, де їх часто видають сержантам загонів як символ влади."
loc_chainsword_p1_m1_xbox,Камуфляж «Іній Смерті»
loc_chainsword_p1_m1_xbox_desc,"Улюблений камуфляж полків Крижаних Воїнів Валхалли під час кампанії в затоці Масарі, відомої своєю величезною кількістю жертв і мізерними військовими здобутками. Призовники ставали ветеранами за одну ніч — що й на краще, адже мало хто доживав до другого світанку. Із п’яти світів, які Імперіум прагнув повернути у затоці Масарі, два залишилися обвугленими оболонками, а третій так і не виринув із варп-бурі, що його поглинула.  "
loc_chainsword_p1_m2,Штурмовий ланцюговий меч Кадія Мк IV
loc_chainsword_p1_m2_desc,"Ланцюговий меч майже не змінився від Темної Доби Технологій. Як жорстоко ефективний інструмент проти єресі — навіщо лагодити те, що не зламано?"
loc_chainsword_p1_ml01,Ковальська Ліврея Бранкс Мінор
loc_chainsword_p1_ps001,Штурмовий ланцюговий меч (камуфляж «Хімічна твань»)
loc_chainsword_p1_ps001_desc,"Один із 91 камуфляжних візерунків, запропонованих квеситором Департаменту Муніторум Себастьяном Ксантезом у спробі стандартизувати кольори кампаній Астра Мілітарум. Трактат Ксанте́за вже 85 років перебуває «в обробці»."
loc_chainsword_p1_ps002,Штурмовий ланцюговий меч (камуфляж «Вогняний кіготь»)
loc_chainsword_p1_ps002_desc,"Помічений на сотнях вулканічних світів — від Лахарі IX до Мезоа — камуфляж «Вогняний кіготь» став найбільш відомим завдяки Моебіанському 71-му полку під час кампанії «Діаболус», де запеклі бої серед потоків лави закріпили грізну репутацію полку."
loc_chainsword_p1_ps003,Штурмовий ланцюговий меч (камуфляж «Батогокрай»)
loc_chainsword_p1_ps003_desc,"Цей візерунок імітує мінливі тіні безлічі ксенос-структур, що вкривають сірчані пустелі Саріуса III. Нещодавно взвод Моебіанського 120-го був відправлений на Саріус III для розслідування дивних ксенос-руїн. Після повернення всім, окрім найстарших офіцерів, стерли пам’ять…"
loc_chainsword_p1_ps004,Штурмовий ланцюговий меч (камуфляж «Крижана тундра»)
loc_chainsword_p1_ps004_desc,"Названий на честь Валгалльського 1212-го полку «Холоднокровних», цей камуфляж став стандартною уніформою для крижаних світів у Астра Мілітарум, застосовуваний у кампаніях від зірок Сомніум до туманності Істлайт. Чи наділяє він своїх носіїв легендарною витривалістю тих, чиє ім’я носить, — ще належить довести."
loc_chainsword_p1_ps005,Штурмовий ланцюговий меч (камуфляж «Сонячні пустки»)
loc_chainsword_p1_ps005_desc,"Первісно створений для розхваленої кампанії на світі смерті Рамантіус IV — планеті з трьома сонцями, де з радіаційно обпалених пісків виростали кришталеві ліси, а зубаті хижаки полювали на необережних солдатів уночі."
loc_chainsword_p1_ps006,Ваконінська Зима
loc_chainsword_p1_ps006_desc,"Найвідоміше застосування — у складі трифронтової бойової групи, що об’єднувала моебіанські, ноктанські та валгалльські полки; цей камуфляж став вирішальним чинником перемоги серед безкраїх колючолісів Вакона Альфа."
loc_chainsword_p1_ps007,Штурмовий ланцюговий меч (камуфляж «Тіні боліт»)
loc_chainsword_p1_ps007_desc,"Створений як альтернативний камуфляж для Фенґвардів із туманних боліт Друк VI, цей візерунок став еталоном для бойових зон — від заболочених рівнин до дощових ліній окопів."
loc_chainsword_p1_ps008,Ланцюговий меч P1
loc_chainsword_p1_ps008_desc,Skin
loc_chainsword_p1_s001,Гиріонські дюни
loc_chainsword_p1_s001_112,Штурмовий ланцюговий меч (камуфляж «Монтар»)
loc_chainsword_p1_s001_112_desc,"Система Монтар здавна є зоною воєн, зазнаючи вторгнень від честолюбних варбосів орків до конклавів ренегатів Хаосу. Камуфляж «Монтарський розщеплювач» — універсальний деструктивний візерунок, який видають кільком полкам Астра Мілітаруму, що дозволяє швидко перекидати війська в межах системи з різноманітними середовищами."
loc_chainsword_p1_s001_348,Штурмовий ланцюговий меч (камуфляж «Поле різанини»)
loc_chainsword_p1_s001_348_desc,"Цей характерний камуфляж спершу створили, щоб імітувати листя надзвичайно отруйної, напіврозумної рослини зі світу смерті — з метою захистити солдатів Астра Мілітарум від нападу місцевої фауни."
loc_chainsword_p1_s001_desc,"Відомий своєю бойовою ефективністю на пустельному світі Гиріон, цей візерунок уже давно є улюбленцем численних аблюдських полків, багато з яких були визволені під час кампанії від жорстоких нальотів ненависних Друкхарі."
loc_chainsword_p1_s002,Штурмовий ланцюговий меч (камуфляж «Каср»)
loc_chainsword_p1_s002_desc,"Названий на честь великих фортець-міст Кадії, цей камуфляж є одним із кількох простих нейтральних візерунків, прийнятих славетними Касркінами. Популярність цього забарвлення забезпечена підтримкою таких елітних підрозділів."
loc_chainsword_p1_um002,Зуби Кадії
loc_chainsword_p1_um002_desc,Прожуй своїх ворогів цим ланцюговим мечем.
loc_chainsword_p1_us001_531,Відремонтований на швидкоруч ланцюговий меч
loc_chainsword_p1_us001_531_desc,"Ланцюговий меч — жорстоко ефективний інструмент проти єресі, тож навіщо лагодити те, що не зламано? Хіба що воно таки зламалося. Тільки не дай Хадроні це побачити."
loc_class_adamant_01,Кадет
loc_class_adamant_01_desc,"Під час служби ви побачите справжнє обличчя людства, кадети. У цих гниючих, перекручених кишках нутра вулика ви знайдете злодіїв, що обікрали Імператора, виявите мутантів, які сквернять Його володіння, і скинете ідеології, що проповідують єресь проти Його настанов."
loc_class_adamant_02,Новачок
loc_class_adamant_02_desc,Він був визнаний винним. І наш вирок — остаточний.
loc_class_adamant_03,Малокатор
loc_class_adamant_03_desc,Ми визначаємо винних. Ми ухвалюємо покарання.
loc_class_adamant_04,Поводир
loc_class_adamant_04_desc,Жоден слуга Імператора не гине невідплаченим. Жоден ворог Імператора не вислизає непокараним!
loc_class_adamant_05,Ревелатум
loc_class_adamant_05_desc,Заяви про невинність нічого не варті; вони лише доводять безглузду відсутність обережності.
loc_class_adamant_06,Пильний
loc_class_adamant_06_desc,"Наше завдання — карати аморфну павутину провин, і Закон є нашим маяком у цьому."
loc_class_adamant_07,Каратель
loc_class_adamant_07_desc,"Є незліченні форми вираження Лекс Імперіалис, кожна ретельно задокументована й оберігається у лабіринтовому Бібліокрипті Юдікорум на Террі."
loc_class_adamant_08,Проктор
loc_class_adamant_08_desc,"Головні закони Лекс Імперіалис, які всі Арбітри можуть цитувати напам’ять, відомі як Ін’юнкта Кардинал. Нерідко можна побачити їх, вибиті на стінах і хоругвах Прецинкт-фортець чи навіть вирізьблені на гільзах дробовиків."
loc_class_adamant_deluxe,Юстиціар
loc_class_adamant_deluxe_desc,Лекс Імперіаліс не знає винятків — і ти так само.
loc_class_ogryn_03_black,Повний залп
loc_class_ogryn_03_black_desc,Чим більше стріляєш — тим краще.
loc_class_ogryn_03_white,Найзліший
loc_class_ogryn_03_white_desc,"Принаймні, так усі про тебе кажуть."
loc_class_ogryn_04,Найкращий
loc_class_ogryn_04_desc,"Логічно ж, правда?"
loc_class_ogryn_05_yellow,Найкривавіший
loc_class_ogryn_05_yellow_desc,Коли щось убиваєш — воно вже не встане.
loc_class_ogryn_06_white,Найгрубіший
loc_class_ogryn_06_white_desc,"Бути ніжним — то для слабаків, так?"
loc_class_ogryn_06_yellow,Найпотаємніший
loc_class_ogryn_06_yellow_desc,Іноді достатньо лише ножа — хіба що дуже великого.
loc_class_psyker_01,Незрівнянний
loc_class_psyker_01_desc,Ти — мов бог серед нікчемних смертних.
loc_class_psyker_03,Непізнаваний
loc_class_psyker_03_desc,Ти — поза межами розуміння слабших умів.
loc_class_psyker_04,Найкращий
loc_class_psyker_04_desc,Тільки не кажи людям. Це їх непокоїть.
loc_class_psyker_05,Невимовний
loc_class_psyker_05_desc,Коли люди говорять про тебе — або до тебе — трапляються погані речі.
loc_class_psyker_variation_01,Незбагненний
loc_class_psyker_variation_01_desc,"Мов вируючий вир, що ніби крутиться за твоїми очима."
loc_class_veteran_01,Сумлінний
loc_class_veteran_01_desc,Обов’язок — єдиний справжній компаньйон солдата.
loc_class_veteran_03_medal,У гущу битви
loc_class_veteran_03_medal_desc,"Перший входиш, останній виходиш."
loc_class_veteran_04,Народжений готовим
loc_class_veteran_04_desc,"А для тих, хто ні — завжди є могила."
loc_class_veteran_04_medal,Гвардія стоїть!
loc_class_veteran_04_medal_desc,Незалежно від ворога. Незалежно від шансів.
loc_class_veteran_05,Слава Кантраеля
loc_class_veteran_05_desc,У лазгвинтівці немає нічого смиренного.
loc_class_zealot_01,Клянусь Бог-Імператором!
loc_class_zealot_01_desc,Нехай Він буде свідком твоїх учинків.
loc_class_zealot_03,Хранитель історії
loc_class_zealot_03_desc,"Історія не зобов’язана бути правдою, якщо вона служить вищій меті."
loc_class_zealot_05,Хранитель кадила
loc_class_zealot_05_desc,"Трохи священного ладану — це дар, коли треба заглушити скверний сморід світу."
loc_class_zealot_06,Гісторитор Санктус
loc_class_zealot_06_desc,"Записуй усе гідне. Забувай те, що не варте."
loc_class_zealot_variation_02,Хранитель Тома
loc_class_zealot_variation_02_desc,"Хто б міг повірити, що життя, присвячене навчанню, приведе тебе сюди?"
loc_closed_alpha_test,Тестовий суб’єкт
loc_closed_alpha_test_desc,"Ніхто не знає, коли саме Ґрендил зацікавився Атомою, але ти був там від самого початку."
loc_coif_hood_01_var_01,Каптур Охоронця Шляху
loc_coif_hood_01_var_01_desc,"Грубий матеріал і жодного явного захисту, але саме це завжди носили Сторожі Шляху. Чому б тобі це ставити під сумнів?"
loc_combataxe_p1_cs001,Бойова сокира (камуфляж «Тінь Круціса»)
loc_combataxe_p1_cs001_desc,"Лісовий камуфляжний візерунок, що став відомим завдяки 100-му Круцийському полку «Охоронців Дзвіниці» під час давньої кампанії на Месселіні. Ті небагато ворогів, що пережили ті битви, здобули нову повагу до тіней.  "
loc_combataxe_p1_cs002,Бойова сокира (камуфляж «Вогняні пустки»)
loc_combataxe_p1_cs002_desc,"Колись поширений візерунок, який використовували полки Астра Мілітарум, що заслужили бойові відзнаки, винищуючи зрадників-космодесантників, відомих як «Чорні Розбійники». Лише небагато таких полків пережили десятиліття відтоді… немовби на них полював якийсь зовнішній ворог."
loc_combataxe_p1_locname,Бойова сокира (камуфляж «Іній смерті»)
loc_combataxe_p1_locname_desc,"Улюблений камуфляж полків Крижаних Воїнів Валхалли під час кампанії в затоці Масарі, відомої своєю величезною кількістю жертв і мізерними військовими здобутками. Призовники ставали ветеранами за одну ніч — що й на краще, адже мало хто доживав до другого світанку. Із п’яти світів, які Імперіум прагнув повернути у затоці Масарі, два залишилися обвугленими оболонками, а третій так і не виринув із варп-бурі, що його поглинула.  "
loc_combataxe_p1_m001,Бойова сокира Р1
loc_combataxe_p1_m001_desc,Skin
loc_combataxe_p1_m002,Бойова сокира Р1
loc_combataxe_p1_m002_454,Бойова сокира (камуфляж «Червоний шрам відлиги»)
loc_combataxe_p1_m002_454_desc,"Світ Гаксорн славиться своїми суворими зимами, що вкривають радіоактивні рівнини, забарвлені в червоне століттями індустрії. Гаксорн не раз обороняли за його довгу історію, а нещодавно — 13-й Моебіанський, який успішно відбив вторгнення орків після жорстокого місяця боїв."
loc_combataxe_p1_m002_desc,Skin
loc_combataxe_p1_m003,Бойова сокира Р1
loc_combataxe_p1_m003_desc,Skin
loc_combataxe_p1_m1,Бойова сокира Рашад Мк II
loc_combataxe_p1_m1_desc,"Скромна бойова сокира — немодна, але ефективна зброя; її обтяжена голова часто завдає більше шкоди на замаху, ніж саме лезо."
loc_combataxe_p1_m2,Бойова сокира Антакс Мк V
loc_combataxe_p1_m2_desc,"Видається планетарним захисникам під час окопної війни. Легкі сокири використовують не лише для розчищення шляхів чи рубання дров у тривалих походах, а й для відсічі загарбників у відчайдушних ближніх сутичках."
loc_combataxe_p1_m3,Бойова сокира Аклис Мк VIII
loc_combataxe_p1_m3_desc,"Хоча це й не надто витончена зброя, багато дуелянтів знайшли свій кінець, займаючись вишуканим фехтуванням проти буйноправдного фанатика зі сокирою."
loc_combataxe_p1_ml01,Ковальська Ліврея Бранкс Мінор
loc_combataxe_p1_ps001,Бойова сокира (камуфляж «Хімічна твань»)
loc_combataxe_p1_ps001_desc,"Один із 91 камуфляжних візерунків, запропонованих квеситором Департаменту Муніторум Себастьяном Ксантезом у спробі стандартизувати кольори кампаній Астра Мілітарум. Трактат Ксанте́за вже 85 років перебуває «в обробці»."
loc_combataxe_p1_ps002,Бойова сокира (камуфляж «Вогняний кіготь»)
loc_combataxe_p1_ps002_desc,"Помічений на сотнях вулканічних світів — від Лахарі IX до Мезоа — камуфляж «Вогняний кіготь» став найбільш відомим завдяки Моебіанському 71-му полку під час кампанії «Діаболус», де запеклі бої серед потоків лави закріпили грізну репутацію полку."
loc_combataxe_p1_ps003,Бойова сокира (камуфляж «Батогокрай»)
loc_combataxe_p1_ps003_desc,"Цей візерунок імітує мінливі тіні безлічі ксенос-структур, що вкривають сірчані пустелі Саріуса III. Нещодавно взвод Моебіанського 120-го був відправлений на Саріус III для розслідування дивних ксенос-руїн. Після повернення всім, окрім найстарших офіцерів, стерли пам’ять…"
loc_combataxe_p1_ps004,Бойова сокира (камуфляж «Крижана тундра»)
loc_combataxe_p1_ps004_desc,"Названий на честь Валгалльського 1212-го полку «Холоднокровних», цей камуфляж став стандартною уніформою для крижаних світів у Астра Мілітарум, застосовуваний у кампаніях від зірок Сомніум до туманності Істлайт. Чи наділяє він своїх носіїв легендарною витривалістю тих, чиє ім’я носить, — ще належить довести."
loc_combataxe_p1_ps005,Бойова сокира (камуфляж «Сонячні пустки»)
loc_combataxe_p1_ps005_desc,"Первісно створений для розхваленої кампанії на світі смерті Рамантіус IV — планеті з трьома сонцями, де з радіаційно обпалених пісків виростали кришталеві ліси, а зубаті хижаки полювали на необережних солдатів уночі."
loc_combataxe_p1_ps006,Ваконінська Зима
loc_combataxe_p1_ps006_desc,"Найвідоміше застосування — у складі трифронтової бойової групи, що об’єднувала моебіанські, ноктанські та валгалльські полки; цей камуфляж став вирішальним чинником перемоги серед безкраїх колючолісів Вакона Альфа."
loc_combataxe_p1_ps007,Бойова сокира (камуфляж «Тіні боліт»)
loc_combataxe_p1_ps007_desc,"Створений як альтернативний камуфляж для Фенґвардів із туманних боліт Друк VI, цей візерунок став еталоном для бойових зон — від заболочених рівнин до дощових ліній окопів."
loc_combataxe_p1_ps008,Бойова сокира Р1
loc_combataxe_p1_ps008_desc,Skin
loc_combataxe_p1_s001,Мисливець на орків
loc_combataxe_p1_s001_desc,"Цей простий лісовий камуфляж з’явився після кампанії Ікабод, коли 71-й Моебіанський разом із Катачанським XIIим і XIXим майже шість терранських місяців вели жорстокі ближні бої проти орчої орди."
loc_combataxe_p1_us001,Камуфляж «Каср»
loc_combataxe_p1_us001_1141,Бойова сокира (камуфляж «Святинський Ноктюрн»)
loc_combataxe_p1_us001_1141_desc,"Чи то розмальоване спорядження, чи повністю прикрашена уніформа, чи навіть клапті тканини, благословенні проповідниками Месселіни — охоронці святинь, які супроводжують вірян у їхніх паломництвах, носять свої барви так, як Астра Мілітарум носить нагрудні відзнаки кампаній."
loc_combataxe_p1_us001_1426,Тайваанська планетарна висадка  
loc_combataxe_p1_us001_1426_desc,"Воїни Атоми, приготуйтеся! Сьогодні ми зійдемо з небес, немов янголи помсти. Сьогодні ми принесемо вогонь гніву Імператора нашим ворогам. Сьогодні ми принесемо розплату, якої вони ще не бачили. У-ра!  "
loc_combataxe_p1_us001_1521,Спадок Вракса
loc_combataxe_p1_us001_177,Бойова сокира (камуфляж «Брутські рівнини»)
loc_combataxe_p1_us001_177_desc,"Прославився під час сумнозвісного повстання Кроурк — кампанії, що точилася на безкраїх посушливих рівнинах, де місцева шаблезуба фауна становила більшу загрозу, ніж будь-який відступник.  "
loc_combataxe_p1_us001_999,Бойова сокира (візерунок «Честь Баркетта»)
loc_combataxe_p1_us001_999_desc,"Цей оздоблений візерунок узято з особистої геральдики Ґунтера Баркетта, одного з наймогутніших шляхтичів Атоми, й його носить особиста гвардія."
loc_combataxe_p1_us001_desc,"Названий на честь великих фортець-міст Кадії, цей камуфляж є одним із кількох простих нейтральних візерунків, прийнятих славетними Касркінами. Популярність цього забарвлення забезпечена підтримкою таких елітних підрозділів."
loc_combataxe_p1_us002,Камуфляж «Каср»
loc_combataxe_p1_us002_1225,«Росирійський Парад»
loc_combataxe_p1_us002_1225_desc,"Парадний мундир моебіанських полків, набраних із агросвіту Роцирія. Завдяки приглушеній палітрі він іноді використовується як лісовий камуфляж — і це виправдано, адже роцирійці зазвичай є найбіднішими серед моебіанської гвардії, яких часто вважають бідними родичами товаришів з Атоми чи Бранкс Магни.  "
loc_combataxe_p1_us002_1551,Кіготь Аквілад
loc_combataxe_p1_us002_1551_desc,"Однаково зручний і для прорубування шляху в забарикадовані житлові блоки, так і прорубування настирливих членів картелю."
loc_combataxe_p1_us002_1553,Помста Біанзера
loc_combataxe_p1_us002_1553_desc,"Носиться на згадку про загиблих товаришів, що були серед полеглих у лісах Ерральдо під час Загибелі Біанзера."
loc_combataxe_p1_us002_desc,"Названий на честь великих фортець-міст Кадії, цей камуфляж є одним із кількох простих нейтральних візерунків, прийнятих славетними Касркінами. Популярність цього забарвлення забезпечена підтримкою таких елітних підрозділів."
loc_combataxe_p2_cs001,Тактична сокира (камуфляж «Тінь Круціса»)
loc_combataxe_p2_cs001_desc,"Лісовий камуфляжний візерунок, що став відомим завдяки 100-му Круцийському полку «Охоронців Дзвіниці» під час давньої кампанії на Месселіні. Ті небагато ворогів, що пережили ті битви, здобули нову повагу до тіней.  "
loc_combataxe_p2_cs002,Тактична сокира (камуфляж «Вогняні пустки»)
loc_combataxe_p2_cs002_desc,"Колись поширений візерунок, який використовували полки Астра Мілітарум, що заслужили бойові відзнаки, винищуючи зрадників-космодесантників, відомих як «Чорні Розбійники». Лише небагато таких полків пережили десятиліття відтоді… немовби на них полював якийсь зовнішній ворог."
loc_combataxe_p2_locname,Тактична сокира (камуфляж «Іній смерті»)
loc_combataxe_p2_locname_desc,"Улюблений камуфляж полків Крижаних Воїнів Валхалли під час кампанії в затоці Масарі, відомої своєю величезною кількістю жертв і мізерними військовими здобутками. Призовники ставали ветеранами за одну ніч — що й на краще, адже мало хто доживав до другого світанку. Із п’яти світів, які Імперіум прагнув повернути у затоці Масарі, два залишилися обвугленими оболонками, а третій так і не виринув із варп-бурі, що його поглинула.  "
loc_combataxe_p2_m001,Бойова сокира Р2
loc_combataxe_p2_m001_desc,Skin
loc_combataxe_p2_m002,Бойова сокира Р2
loc_combataxe_p2_m002_desc,Skin
loc_combataxe_p2_m003,Бойова сокира Р2
loc_combataxe_p2_m003_desc,Skin
loc_combataxe_p2_m1,Тактична сокира Атрокс Мк II
loc_combataxe_p2_m1_desc,"Походячи від давніх мисливських зразків, тактичні сокири прості та дешеві у виробництві й смертельно небезпечні в руках навченного воїна."
loc_combataxe_p2_m2,Тактична сокира Атрокс Мк IV
loc_combataxe_p2_m2_desc,"Сокири, молоти, ножі, палиці та каміння. Це зброя скромних, робітничих людей. Це інструменти нашого звільнення.
— Джакс Ґролл"
loc_combataxe_p2_m3,Тактична сокира Атрокс Мк VII
loc_combataxe_p2_m3_desc,"Побачивши ефективність простих сокир у ближніх сутичках, інквізитори Круціса замовили велику індивідуальну партію в Atrox, щоб озброїти свої ударні загони."
loc_combataxe_p2_ml01,Ковальська Ліврея Бранкс Мінор
loc_combataxe_p2_ps001,Тактична сокира (камуфляж «Хімічна твань»)
loc_combataxe_p2_ps001_desc,"Один із 91 камуфляжних візерунків, запропонованих квеситором Департаменту Муніторум Себастьяном Ксантезом у спробі стандартизувати кольори кампаній Астра Мілітарум. Трактат Ксанте́за вже 85 років перебуває «в обробці»."
loc_combataxe_p2_ps002,Тактична сокира (камуфляж «Вогняний кіготь»)
loc_combataxe_p2_ps002_desc,"Помічений на сотнях вулканічних світів — від Лахарі IX до Мезоа — камуфляж «Вогняний кіготь» став найбільш відомим завдяки Моебіанському 71-му полку під час кампанії «Діаболус», де запеклі бої серед потоків лави закріпили грізну репутацію полку."
loc_combataxe_p2_ps003,Тактична сокира (камуфляж «Батогокрай»)
loc_combataxe_p2_ps003_desc,"Цей візерунок імітує мінливі тіні безлічі ксенос-структур, що вкривають сірчані пустелі Саріуса III. Нещодавно взвод Моебіанського 120-го був відправлений на Саріус III для розслідування дивних ксенос-руїн. Після повернення всім, окрім найстарших офіцерів, стерли пам’ять…"
loc_combataxe_p2_ps004,Тактична сокира (камуфляж «Крижана тундра»)
loc_combataxe_p2_ps004_desc,"Названий на честь Валгалльського 1212-го полку «Холоднокровних», цей камуфляж став стандартною уніформою для крижаних світів у Астра Мілітарум, застосовуваний у кампаніях від зірок Сомніум до туманності Істлайт. Чи наділяє він своїх носіїв легендарною витривалістю тих, чиє ім’я носить, — ще належить довести."
loc_combataxe_p2_ps005,Тактична сокира (камуфляж «Сонячні пустки»)
loc_combataxe_p2_ps005_desc,"Первісно створений для розхваленої кампанії на світі смерті Рамантіус IV — планеті з трьома сонцями, де з радіаційно обпалених пісків виростали кришталеві ліси, а зубаті хижаки полювали на необережних солдатів уночі."
loc_combataxe_p2_ps006,Ваконінська Зима
loc_combataxe_p2_ps006_desc,"Найвідоміше застосування — у складі трифронтової бойової групи, що об’єднувала моебіанські, ноктанські та валгалльські полки; цей камуфляж став вирішальним чинником перемоги серед безкраїх колючолісів Вакона Альфа."
loc_combataxe_p2_ps007,Тактична сокира (камуфляж «Тіні боліт»)
loc_combataxe_p2_ps007_desc,"Створений як альтернативний камуфляж для Фенґвардів із туманних боліт Друк VI, цей візерунок став еталоном для бойових зон — від заболочених рівнин до дощових ліній окопів."
loc_combataxe_p2_ps008,Бойова сокира Р2
loc_combataxe_p2_ps008_desc,Skin
loc_combataxe_p2_s001,Мисливець на орків
loc_combataxe_p2_s001_desc,"Цей простий лісовий камуфляж з’явився після кампанії Ікабод, коли 71-й Моебіанський разом із Катачанським XIIим і XIXим майже шість терранських місяців вели жорстокі ближні бої проти орчої орди."
loc_combataxe_p2_us001,Камуфляж «Каср»
loc_combataxe_p2_us001_1527,Черепоріз
loc_combataxe_p2_us001_1527_desc,"Твої напарники по зміні сміялися з назви, яку ти дав своїй ручній сокирі, коли Бартон всім розповів. Тепер вона видається цілком доречною."
loc_combataxe_p2_us001_desc,"Названий на честь великих фортець-міст Кадії, цей камуфляж є одним із кількох простих нейтральних візерунків, прийнятих славетними Касркінами. Популярність цього забарвлення забезпечена підтримкою таких елітних підрозділів."
loc_combataxe_p3_cs001,Саперна лопата (камуфляж «Тінь Круціса»)
loc_combataxe_p3_cs001_desc,"Лісовий камуфляжний візерунок, що став відомим завдяки 100-му Круцийському полку «Охоронців Дзвіниці» під час давньої кампанії на Месселіні. Ті небагато ворогів, що пережили ті битви, здобули нову повагу до тіней.  "
loc_combataxe_p3_cs002,Саперна лопата (камуфляж «Вогняні пустки»)
loc_combataxe_p3_cs002_desc,"Колись поширений візерунок, який використовували полки Астра Мілітарум, що заслужили бойові відзнаки, винищуючи зрадників-космодесантників, відомих як «Чорні Розбійники». Лише небагато таких полків пережили десятиліття відтоді… немовби на них полював якийсь зовнішній ворог."
loc_combataxe_p3_m001,Бойова сокира Р3
loc_combataxe_p3_m001_desc,Skin
loc_combataxe_p3_m002,Бойова сокира Р3
loc_combataxe_p3_m002_desc,Skin
loc_combataxe_p3_m003,Бойова сокира Р3
loc_combataxe_p3_m003_049,Саперна лопата (камуфляж «Плазун смертоноса»)
loc_combataxe_p3_m003_049_desc,"Цей джунглевий камуфляж отримав свою назву від товстих, звивистих ліан, що звисають із зелених наметів листя на безлічі світів смерті. Як встигли дізнатися на власному гіркому досвіді багато взводів Астра Мілітарум, така флора аж ніяк не є нешкідливою — вона має неприємну звичку хапати солдатів, що проходять повз, і видушувати з них життя…"
loc_combataxe_p3_m003_desc,Skin
loc_combataxe_p3_m1,Стандартна саперна лопата Муніторуму
loc_combataxe_p3_m1_desc,"Міцна лопата, зазвичай із одним гострим краєм для різання, є стандартною частиною спорядження в допоміжному оснащенні піхотного взводу."
loc_combataxe_p3_m2,Саперна лопата Муніторум Мк III
loc_combataxe_p3_m2_desc,"Копай! Копай заради перемоги!
— Дух Тертіуму"
loc_combataxe_p3_m3,Саперна лопата Муніторум Мк VII
loc_combataxe_p3_m3_desc,"Так, екіпажі танків отримують всю славу. Але саме бідолашним саперам у піхотних взводах доводиться відкопувати їх щоразу, коли вони загрузнуть.
— Капітан Єжі Модамус"
loc_combataxe_p3_ml01,Ковальська Ліврея Бранкс Мінор
loc_combataxe_p3_ml01_desc,"«Нехай твоя зброя буде вбережена від несправності,
Як і твоя душа — від нечистоти.
Омнісій пильнує над тобою.
Вивільни зброю війни.
Вивільни Смертодавця.
— Спів для запобігання несправності»"
loc_combataxe_p3_ps001,Саперна лопата (камуфляж «Хімічна твань»)
loc_combataxe_p3_ps001_desc,"Один із 91 камуфляжних візерунків, запропонованих квеситором Департаменту Муніторум Себастьяном Ксантезом у спробі стандартизувати кольори кампаній Астра Мілітарум. Трактат Ксанте́за вже 85 років перебуває «в обробці»."
loc_combataxe_p3_ps002,Саперна лопата (камуфляж «Вогняний кіготь»)
loc_combataxe_p3_ps002_desc,"Помічений на сотнях вулканічних світів — від Лахарі IX до Мезоа — камуфляж «Вогняний кіготь» став найбільш відомим завдяки Моебіанському 71-му полку під час кампанії «Діаболус», де запеклі бої серед потоків лави закріпили грізну репутацію полку."
loc_combataxe_p3_ps003,Саперна лопата (камуфляж «Батогокрай»)
loc_combataxe_p3_ps003_desc,"Цей візерунок імітує мінливі тіні безлічі ксенос-структур, що вкривають сірчані пустелі Саріуса III. Нещодавно взвод Моебіанського 120-го був відправлений на Саріус III для розслідування дивних ксенос-руїн. Після повернення всім, окрім найстарших офіцерів, стерли пам’ять…"
loc_combataxe_p3_ps004,Саперна лопата (камуфляж «Крижана тундра»)
loc_combataxe_p3_ps004_desc,"Названий на честь Валгалльського 1212-го полку «Холоднокровних», цей камуфляж став стандартною уніформою для крижаних світів у Астра Мілітарум, застосовуваний у кампаніях від зірок Сомніум до туманності Істлайт. Чи наділяє він своїх носіїв легендарною витривалістю тих, чиє ім’я носить, — ще належить довести."
loc_combataxe_p3_ps005,Саперна лопата (камуфляж «Сонячні пустки»)
loc_combataxe_p3_ps005_desc,"Первісно створений для розхваленої кампанії на світі смерті Рамантіус IV — планеті з трьома сонцями, де з радіаційно обпалених пісків виростали кришталеві ліси, а зубаті хижаки полювали на необережних солдатів уночі."
loc_combataxe_p3_ps006,Ваконінська Зима
loc_combataxe_p3_ps006_desc,"Найвідоміше застосування — у складі трифронтової бойової групи, що об’єднувала моебіанські, ноктанські та валгалльські полки; цей камуфляж став вирішальним чинником перемоги серед безкраїх колючолісів Вакона Альфа."
loc_combataxe_p3_ps007,Саперна лопата (камуфляж «Тіні боліт»)
loc_combataxe_p3_ps007_desc,"Створений як альтернативний камуфляж для Фенґвардів із туманних боліт Друк VI, цей візерунок став еталоном для бойових зон — від заболочених рівнин до дощових ліній окопів."
loc_combataxe_p3_ps008,Бойова сокира Р3
loc_combataxe_p3_ps008_desc,Skin
loc_combataxe_p3_us001,Камуфляж «Каср»
loc_combataxe_p3_us001_desc,"Названий на честь великих фортець-міст Кадії, цей камуфляж є одним із кількох простих нейтральних візерунків, прийнятих славетними Касркінами. Популярність цього забарвлення забезпечена підтримкою таких елітних підрозділів."
loc_combataxe_p3_us002,Камуфляж «Каср»
loc_combataxe_p3_us002_1545,Стара Добра
loc_combataxe_p3_us002_1545_desc,Сильне зношення свідчить про багато років служби. Мало який гвардієць почувається по-справжньому впевнено в активній зоні бойових дій без однієї з таких у своєму спорядженні.
loc_combataxe_p3_us002_desc,"Названий на честь великих фортець-міст Кадії, цей камуфляж є одним із кількох простих нейтральних візерунків, прийнятих славетними Касркінами. Популярність цього забарвлення забезпечена підтримкою таких елітних підрозділів."
loc_combataxe_p3_us003,Камуфляж «Каср»
loc_combataxe_p3_us003_1521,Саперна лопата (камуфляж «Нічний орел»)
loc_combataxe_p3_us003_1521_desc,"Улюблений камуфляж снайперських загонів Астра Мілітарум по всій галактиці; «Нічний орел» однаково вселяє страх безлічі ворогів Імперіуму, адже він означає смерть здалеку від рук невидимих убивць…"
loc_combataxe_p3_us003_desc,"Названий на честь великих фортець-міст Кадії, цей камуфляж є одним із кількох простих нейтральних візерунків, прийнятих славетними Касркінами. Популярність цього забарвлення забезпечена підтримкою таких елітних підрозділів."
loc_combataxe_p3_us004,Каменестійкий
loc_combataxe_p3_us004_1521,Зношений саперний інструмент
loc_combataxe_p3_us004_1521_desc,"Чи копаєш ти окоп, чи відправляєш єретика до суду Імператора — кмітливий гвардієць пропаде без свого саперного інструмента."
loc_combataxe_p3_us004_desc,"Один зі стандартних «тьмяних» одностроїв, виданих полкам Астра Мілітарум під час Рекультивації Обервальда у М40. Цей візерунок був вільною інтерпретацією камуфляжу кадіанських касрів, який було важко постачати у віддалену агросистему."
loc_combatknife_p1_cs001,Бойовий ніж (камуфляж «Темна тінь Круціса»)
loc_combatknife_p1_cs001_desc,"Лісовий камуфляжний візерунок, що став відомим завдяки 100-му Круцийському полку «Охоронців Дзвіниці» під час давньої кампанії на Месселіні. Ті небагато ворогів, що пережили ті битви, здобули нову повагу до тіней.  "
loc_combatknife_p1_cs002,Бойовий ніж (камуфляж «Вогняні пустки»)
loc_combatknife_p1_cs002_desc,"Колись поширений візерунок, який використовували полки Астра Мілітарум, що заслужили бойові відзнаки, винищуючи зрадників-космодесантників, відомих як «Чорні Розбійники». Лише небагато таких полків пережили десятиліття відтоді… немовби на них полював якийсь зовнішній ворог."
loc_combatknife_p1_locname,Бойовий ніж (камуфляж «Іній смерті»)
loc_combatknife_p1_locname_desc,"Улюблений камуфляж полків Крижаних Воїнів Валхалли під час кампанії в затоці Масарі, відомої своєю величезною кількістю жертв і мізерними військовими здобутками. Призовники ставали ветеранами за одну ніч — що й на краще, адже мало хто доживав до другого світанку. Із п’яти світів, які Імперіум прагнув повернути у затоці Масарі, два залишилися обвугленими оболонками, а третій так і не виринув із варп-бурі, що його поглинула.  "
loc_combatknife_p1_m001,Бойовий ніж P1
loc_combatknife_p1_m001_1544,Бойовий ніж (камуфляж «Сонячний горіння»)
loc_combatknife_p1_m001_1544_desc,Бойовий ніж (камуфляж «Сонячний горіння»)
loc_combatknife_p1_m001_desc,Skin
loc_combatknife_p1_m002,Бойовий ніж P1
loc_combatknife_p1_m002_desc,Skin
loc_combatknife_p1_m003,Бойовий ніж P1
loc_combatknife_p1_m003_739,Бойовий ніж (камуфляж «Мехрайтська Чума»)
loc_combatknife_p1_m003_739_desc,"Цей камуфляж востаннє використовували серед задушливих іржавих дюн Меґіддіо Септими, де об’єднані сили Моебіанського 55-го та 6-го Піранського Драгунського полків билися з ельдарами за контроль над величезним сховищем археотехнологій."
loc_combatknife_p1_m003_desc,Skin
loc_combatknife_p1_m1,Бойовий клинок Катачан Мк III
loc_combatknife_p1_m1_desc,"Кажуть, боєць Катачанських джунглів може покласти дорослого Кадвоведа одним таким клинком. Ну, все, що можуть вони — 100-й Моебіанський зробить краще!
— Майор Ніна Колфекс"
loc_combatknife_p1_m2,Бойовий клинок Катачан Мк VI
loc_combatknife_p1_m2_desc,"Іноді званий «Катачанським іклом», цей дебелий бойовий клинок відомий і вселяє страх у тисячі бойових зон."
loc_combatknife_p1_ml01,"Кинджал, благословенний Омнісієм"
loc_combatknife_p1_ps001,Бойовий ніж (камуфляж «Хімічна твань»)
loc_combatknife_p1_ps001_desc,"Один із 91 камуфляжних візерунків, запропонованих квеситором Департаменту Муніторум Себастьяном Ксантезом у спробі стандартизувати кольори кампаній Астра Мілітарум. Трактат Ксанте́за вже 85 років перебуває «в обробці»."
loc_combatknife_p1_ps002,Бойовий ніж (камуфляж «Вогняний кіготь»)
loc_combatknife_p1_ps002_desc,"Помічений на сотнях вулканічних світів — від Лахарі IX до Мезоа — камуфляж «Вогняний кіготь» став найбільш відомим завдяки Моебіанському 71-му полку під час кампанії «Діаболус», де запеклі бої серед потоків лави закріпили грізну репутацію полку."
loc_combatknife_p1_ps003,Бойовий ніж (камуфляж «Батогокрай»)
loc_combatknife_p1_ps003_desc,"Цей візерунок імітує мінливі тіні безлічі ксенос-структур, що вкривають сірчані пустелі Саріуса III. Нещодавно взвод Моебіанського 120-го був відправлений на Саріус III для розслідування дивних ксенос-руїн. Після повернення всім, окрім найстарших офіцерів, стерли пам’ять…"
loc_combatknife_p1_ps004,Бойовий ніж (камуфляж «Крижана тундра»)
loc_combatknife_p1_ps004_desc,"Названий на честь Валгалльського 1212-го полку «Холоднокровних», цей камуфляж став стандартною уніформою для крижаних світів у Астра Мілітарум, застосовуваний у кампаніях від зірок Сомніум до туманності Істлайт. Чи наділяє він своїх носіїв легендарною витривалістю тих, чиє ім’я носить, — ще належить довести."
loc_combatknife_p1_ps005,Бойовий ніж (камуфляж «Крижана тундра»)
loc_combatknife_p1_ps005_desc,"Первісно створений для розхваленої кампанії на світі смерті Рамантіус IV — планеті з трьома сонцями, де з радіаційно обпалених пісків виростали кришталеві ліси, а зубаті хижаки полювали на необережних солдатів уночі."
loc_combatknife_p1_ps006,Ваконінська Зима
loc_combatknife_p1_ps006_desc,"Найвідоміше застосування — у складі трифронтової бойової групи, що об’єднувала моебіанські, ноктанські та валгалльські полки; цей камуфляж став вирішальним чинником перемоги серед безкраїх колючолісів Вакона Альфа."
loc_combatknife_p1_ps007,Бойовий ніж (камуфляж «Тіні боліт»)
loc_combatknife_p1_ps007_desc,"Створений як альтернативний камуфляж для Фенґвардів із туманних боліт Друк VI, цей візерунок став еталоном для бойових зон — від заболочених рівнин до дощових ліній окопів."
loc_combatknife_p1_ps008,Бойовий ніж P1
loc_combatknife_p1_ps008_desc,Skin
loc_combatknife_p1_um001_1545,Пестощі Півночі
loc_combatknife_p1_us001,Камуфляж «Каср»
loc_combatknife_p1_us001_105,Бойовий ніж (камуфляж «Долумарський базальт»)
loc_combatknife_p1_us001_105_desc,"Багаторазово змінюваний протягом століть, цей складний пустельний камуфляж уперше було розроблено під час кампанії Неміор, коли двадцять полків Астра Мілітарум билися з ксеносами серед базальтових урвищ і мертвих лісів Долумару."
loc_combatknife_p1_us001_373,Хареус «Три-Сонця»
loc_combatknife_p1_us001_373_desc,"Цей вражаючий камуфляж було розроблено для кампанії Хареус, де сім полків — включно з Моебіанською шпилево-вартою та Піранськими драгунами — розгромили осередок Тау посеред вогню випалених дюн дельти Хареуса."
loc_combatknife_p1_us001_desc,"Названий на честь великих фортець-міст Кадії, цей камуфляж є одним із кількох простих нейтральних візерунків, прийнятих славетними Касркінами. Популярність цього забарвлення забезпечена підтримкою таких елітних підрозділів."
loc_combatknife_p1_us002,Камуфляж «Каср»
loc_combatknife_p1_us002_1521,Спадок Вракса
loc_combatknife_p1_us002_1538,Бойовий ніж десантника
loc_combatknife_p1_us002_1538_desc,"Малий дизайн цієї зброї робить її ідеальною для того, щоб сховати в чобіт перед стрибком. Підготовленість ніколи не завадить."
loc_combatknife_p1_us002_desc,"Названий на честь великих фортець-міст Кадії, цей камуфляж є одним із кількох простих нейтральних візерунків, прийнятих славетними Касркінами. Популярність цього забарвлення забезпечена підтримкою таких елітних підрозділів."
loc_combatknife_p1_us003,Камуфляж «Каср»
loc_combatknife_p1_us003_1179,Бойовий ніж (камуфляж «Моебіанський парад»)
loc_combatknife_p1_us003_1179_desc,"Більшість моебіанських полків мають два комплекти парадної форми — один для полкових церемоній і офіційних зборів Астра Мілітарум, а другий створено спеціально для парадів у присутності лорда Констанса Марґрейва."
loc_combatknife_p1_us003_1549,Бойовий ніж (камуфляж «Гірка ніч»)
loc_combatknife_p1_us003_1549_desc,"Зібрана міць полку Астра Мілітарум — жахлива й ефективна бойова сила, але інколи для виконання завдання достатньо тихого ножа між ребрами."
loc_combatknife_p1_us003_desc,"Названий на честь великих фортець-міст Кадії, цей камуфляж є одним із кількох простих нейтральних візерунків, прийнятих славетними Касркінами. Популярність цього забарвлення забезпечена підтримкою таких елітних підрозділів."
loc_combatknife_p1_us004,Бойовий ніж P1
loc_combatknife_p1_us004_desc,Skin
loc_combatsword_p1_a101,Бойовий меч (камуфляж «Нокс непокірний»)
loc_combatsword_p1_a101_desc,"Традиційно використовувався старшими офіцерами 6-го Моебіанського, але з поширенням дуельних боїв між ротами став значно частішим видовищем у недавніх кампаніях."
loc_combatsword_p1_cs001,Бойовий меч (камуфляж «Тінь Круціса»)
loc_combatsword_p1_cs001_desc,"Лісовий камуфляжний візерунок, що став відомим завдяки 100-му Круцийському полку «Охоронців Дзвіниці» під час давньої кампанії на Месселіні. Ті небагато ворогів, що пережили ті битви, здобули нову повагу до тіней.  "
loc_combatsword_p1_cs002,Бойовий меч (камуфляж «Вогняні пустки»)
loc_combatsword_p1_cs002_desc,"Колись поширений візерунок, який використовували полки Астра Мілітарум, що заслужили бойові відзнаки, винищуючи зрадників-космодесантників, відомих як «Чорні Розбійники». Лише небагато таких полків пережили десятиліття відтоді… немовби на них полював якийсь зовнішній ворог."
loc_combatsword_p1_locname,Бойовий меч (камуфляж «Іній смерті»)
loc_combatsword_p1_locname_desc,"Улюблений камуфляж полків Крижаних Воїнів Валхалли під час кампанії в затоці Масарі, відомої своєю величезною кількістю жертв і мізерними військовими здобутками. Призовники ставали ветеранами за одну ніч — що й на краще, адже мало хто доживав до другого світанку. Із п’яти світів, які Імперіум прагнув повернути у затоці Масарі, два залишилися обвугленими оболонками, а третій так і не виринув із варп-бурі, що його поглинула.  "
loc_combatsword_p1_m001,Бойовий меч Р1
loc_combatsword_p1_m001_329,Бойовий меч (камуфляж «Уламки світу смерті»)
loc_combatsword_p1_m001_329_desc,"Цей камуфляж спершу полюбили кілька полків Катачанських бійців джунглів під час очищення Дезорд IV. Відтоді його прийняли й інші підрозділи Астра Мілітарум — переважно ті, що ведуть бої в субтропічних регіонах Світів Смерті."
loc_combatsword_p1_m001_desc,Skin
loc_combatsword_p1_m002,Бойовий меч Р1
loc_combatsword_p1_m002_348,Бойовий меч Р1
loc_combatsword_p1_m002_348_desc,Skin
loc_combatsword_p1_m002_531,Бойовий меч (камуфляж «Адамантинове пекло»)
loc_combatsword_p1_m002_531_desc,"Кажуть, що цей візерунок був створений самим легендарним Залізноруким Стракеном. Він отримав свою назву від жахливо спекотних, вологих і невимовно небезпечних джунглів, у яких цей камуфляж часто використовували. Зовсім недавно цей візерунок прийняли Моебіанські 83-й, 441-й та 515-й полки під час сумнозвісної кампанії на Етосі."
loc_combatsword_p1_m002_824,Бойовий меч Р1
loc_combatsword_p1_m002_824_desc,Skin
loc_combatsword_p1_m002_983,Бойовий меч (камуфляж «Нічний хижак»)
loc_combatsword_p1_m002_983_desc,"Спочатку розроблений для Аеронавіґатики Імперіаліс, цей оздоблений візерунок був видимий лише неозброєним оком, але крізь ворожі приціли здавався темним, як нічне небо. Популяризований наземними екіпажами, він згодом припав до душі елітним ударним загонам та екіпажам вільних торговців по всьому Імперіуму."
loc_combatsword_p1_m002_desc,Skin
loc_combatsword_p1_m002_twitch,Бойовий меч (камуфляж «Шрам зими»)
loc_combatsword_p1_m002_twitch_desc,"Битва за Вінтергоум відома в анналах Астра Мілітарум як катастрофічна поразка. Попри це, камуфляж «Шрам Вінтергоуму» не вважається нещасливим — він напрочуд ефективний. Після шести вильотів у те крижане пекло тіла досі не знайдені..."
loc_combatsword_p1_m003,Бойовий меч Р1
loc_combatsword_p1_m003_923,Бойовий меч (камуфляж «Гонорус Інфідус»)
loc_combatsword_p1_m003_923_desc,"Це високоцінне спорядження вручають ветеранам Інфідус Брім — сумнівна честь, адже такі воїни зазвичай є тими, хто пережив немислимі жахи й рідко повертається до строю незмінним."
loc_combatsword_p1_m003_desc,Skin
loc_combatsword_p1_m1,Меч Катачан Мк I «Пазур Диявола»
loc_combatsword_p1_m1_desc,Катачанці називають ці величезні клинки ножами. Для всіх інших — це важкі мечі.
loc_combatsword_p1_m2,Меч Катачан Мк IV «Пазур Диявола»
loc_combatsword_p1_m2_desc,"Названий на честь катачанського диявола — лютого хижака з джунглів Катачану, цей масивний клинок є найціннішою зброєю однойменного полку."
loc_combatsword_p1_m3,Меч Катачан Мк VII «Пазур Диявола»
loc_combatsword_p1_m3_desc,"Ближчий до меча, ніж до ножа, його клинок порожнистий і наполовину заповнений ртуттю, що робить його напрочуд легким і надає більшої сили замаху."
loc_combatsword_p1_ml01,Ковальська Ліврея Бранкс Мінор
loc_combatsword_p1_ps001,Бойовий меч (камуфляж «Хімічна твань»)
loc_combatsword_p1_ps001_desc,"Один із 91 камуфляжних візерунків, запропонованих квеситором Департаменту Муніторум Себастьяном Ксантезом у спробі стандартизувати кольори кампаній Астра Мілітарум. Трактат Ксанте́за вже 85 років перебуває «в обробці»."
loc_combatsword_p1_ps002,Бойовий меч (камуфляж «Вогняний кіготь»)
loc_combatsword_p1_ps002_desc,"Помічений на сотнях вулканічних світів — від Лахарі IX до Мезоа — камуфляж «Вогняний кіготь» став найбільш відомим завдяки Моебіанському 71-му полку під час кампанії «Діаболус», де запеклі бої серед потоків лави закріпили грізну репутацію полку."
loc_combatsword_p1_ps003,Бойовий меч (камуфляж «Вогняний кіготь»)
loc_combatsword_p1_ps003_desc,"Цей візерунок імітує мінливі тіні безлічі ксенос-структур, що вкривають сірчані пустелі Саріуса III. Нещодавно взвод Моебіанського 120-го був відправлений на Саріус III для розслідування дивних ксенос-руїн. Після повернення всім, окрім найстарших офіцерів, стерли пам’ять…"
loc_combatsword_p1_ps004,Бойовий меч (камуфляж «Крижана тундра»)
loc_combatsword_p1_ps004_desc,"Названий на честь Валгалльського 1212-го полку «Холоднокровних», цей камуфляж став стандартною уніформою для крижаних світів у Астра Мілітарум, застосовуваний у кампаніях від зірок Сомніум до туманності Істлайт. Чи наділяє він своїх носіїв легендарною витривалістю тих, чиє ім’я носить, — ще належить довести."
loc_combatsword_p1_ps005,Бойовий меч (камуфляж «Сонячні пустки»)
loc_combatsword_p1_ps005_desc,"Первісно створений для розхваленої кампанії на світі смерті Рамантіус IV — планеті з трьома сонцями, де з радіаційно обпалених пісків виростали кришталеві ліси, а зубаті хижаки полювали на необережних солдатів уночі."
loc_combatsword_p1_ps006,Ваконінська Зима
loc_combatsword_p1_ps006_desc,"Найвідоміше застосування — у складі трифронтової бойової групи, що об’єднувала моебіанські, ноктанські та валгалльські полки; цей камуфляж став вирішальним чинником перемоги серед безкраїх колючолісів Вакона Альфа."
loc_combatsword_p1_ps007,Бойовий меч (камуфляж «Тіні боліт»)
loc_combatsword_p1_ps007_desc,"Створений як альтернативний камуфляж для Фенґвардів із туманних боліт Друк VI, цей візерунок став еталоном для бойових зон — від заболочених рівнин до дощових ліній окопів."
loc_combatsword_p1_ps008,Бойовий меч Р1
loc_combatsword_p1_ps008_desc,Skin
loc_combatsword_p1_s001,Амарахська хакі
loc_combatsword_p1_s001_1019,Бойовий меч (камуфляж «Імператорське життя»)
loc_combatsword_p1_s001_1019_desc,"Кров мучеників:
Ми прагнемо.
Кров святих:
Ми вшановуємо.
Кров Імператора:
Ми служимо.

— З VI Кантилки Селуції"
loc_combatsword_p1_s001_185,Бойовий меч (камуфляж «Фанокс — попільний демон»)
loc_combatsword_p1_s001_185_desc,"Цей камуфляж востаннє бачили в дії на спустошеному світі Фанокс, де вісім Моебіанських полків і шість Гектаонських полків билися з ренегатами Хаосу — Лицарями Крові. Хоча ренегатів і відбили, масштаб руйнувань був таким, що Фанокс нині позначений як мертвий світ."
loc_combatsword_p1_s001_311,Швидкотих як вітер
loc_combatsword_p1_s001_311_desc,"З його почорнілим лезом, відточеним до бритвеної гостроти, це справді зброя, якою б пишався будь-який майбутній убивця."
loc_combatsword_p1_s001_348,Бойовий меч (камуфляж «Поле різанини»)
loc_combatsword_p1_s001_348_desc,"Цей характерний камуфляж спершу створили, щоб імітувати листя надзвичайно отруйної, напіврозумної рослини зі світу смерті — з метою захистити солдатів Астра Мілітарум від нападу місцевої фауни."
loc_combatsword_p1_s001_desc,Давнє позначення з перших днів існування Астра Мілітарум; цей відтінок однострою набув популярності під час жорстокої окопної війни у Війні Орфея.
loc_combatsword_p1_us001_1545,Лезо Месселіни
loc_combatsword_p1_us001_1553,Холодна Втіха
loc_combatsword_p2_cs001,Важкий меч (камуфляж «Тінь Круціса»)
loc_combatsword_p2_cs001_desc,"Лісовий камуфляжний візерунок, що став відомим завдяки 100-му Круцийському полку «Охоронців Дзвіниці» під час давньої кампанії на Месселіні. Ті небагато ворогів, що пережили ті битви, здобули нову повагу до тіней.  "
loc_combatsword_p2_cs002,Важкий меч (камуфляж «Вогняні пустки»)
loc_combatsword_p2_cs002_desc,"Колись поширений візерунок, який використовували полки Астра Мілітарум, що заслужили бойові відзнаки, винищуючи зрадників-космодесантників, відомих як «Чорні Розбійники». Лише небагато таких полків пережили десятиліття відтоді… немовби на них полював якийсь зовнішній ворог."
loc_combatsword_p2_locname,Важкий меч (камуфляж «Іній смерті»)
loc_combatsword_p2_locname_desc,"Улюблений камуфляж полків Крижаних Воїнів Валхалли під час кампанії в затоці Масарі, відомої своєю величезною кількістю жертв і мізерними військовими здобутками. Призовники ставали ветеранами за одну ніч — що й на краще, адже мало хто доживав до другого світанку. Із п’яти світів, які Імперіум прагнув повернути у затоці Масарі, два залишилися обвугленими оболонками, а третій так і не виринув із варп-бурі, що його поглинула.  "
loc_combatsword_p2_m001,Бойовий меч Р2
loc_combatsword_p2_m001_desc,Skin
loc_combatsword_p2_m002,Бойовий меч Р2
loc_combatsword_p2_m002_348,Важкий меч (камуфляж «Поле різанини»)
loc_combatsword_p2_m002_348_desc,"Цей характерний камуфляж спершу створили, щоб імітувати листя надзвичайно отруйної, напіврозумної рослини зі світу смерті — з метою захистити солдатів Астра Мілітарум від нападу місцевої фауни."
loc_combatsword_p2_m002_desc,Skin
loc_combatsword_p2_m003,Бойовий меч Р2
loc_combatsword_p2_m003_desc,Skin
loc_combatsword_p2_m1,Важкий меч Туртольский Мк VI
loc_combatsword_p2_m1_desc,"Первісно створений для Восторанських Першонароджених, важкий меч Тортольського став популярною зброєю серед екіпажів флоту та вільних торговців."
loc_combatsword_p2_m2,Важкий меч Туртольский Мк VII
loc_combatsword_p2_m2_desc,"Вигнуті, однолезові клинки мечів Тортольського створені для завдання нищівних розмашистих ударів скупченим ворогам, хоча броня пробивається ними не надто добре."
loc_combatsword_p2_m3,Важкий меч Туртольский Мк IX
loc_combatsword_p2_m3_desc,"Узявши за основу традиційні шашки Восторанських полків Астра Мілітарум, ці популярні клинки ефективні як у розтинанні, так і в колючих ударах."
loc_combatsword_p2_ml01,Ковальська Ліврея Бранкс Мінор
loc_combatsword_p2_ps001,Важкий меч (камуфляж «Хімічна твань»)
loc_combatsword_p2_ps001_desc,"Один із 91 камуфляжних візерунків, запропонованих квеситором Департаменту Муніторум Себастьяном Ксантезом у спробі стандартизувати кольори кампаній Астра Мілітарум. Трактат Ксанте́за вже 85 років перебуває «в обробці»."
loc_combatsword_p2_ps002,Важкий меч (камуфляж «Вогняний кіготь»)
loc_combatsword_p2_ps002_desc,"Помічений на сотнях вулканічних світів — від Лахарі IX до Мезоа — камуфляж «Вогняний кіготь» став найбільш відомим завдяки Моебіанському 71-му полку під час кампанії «Діаболус», де запеклі бої серед потоків лави закріпили грізну репутацію полку."
loc_combatsword_p2_ps003,Важкий меч (камуфляж «Батогокрай»)
loc_combatsword_p2_ps003_desc,"Цей візерунок імітує мінливі тіні безлічі ксенос-структур, що вкривають сірчані пустелі Саріуса III. Нещодавно взвод Моебіанського 120-го був відправлений на Саріус III для розслідування дивних ксенос-руїн. Після повернення всім, окрім найстарших офіцерів, стерли пам’ять…"
loc_combatsword_p2_ps004,Важкий меч (камуфляж «Крижана тундра»)
loc_combatsword_p2_ps004_desc,"Названий на честь Валгалльського 1212-го полку «Холоднокровних», цей камуфляж став стандартною уніформою для крижаних світів у Астра Мілітарум, застосовуваний у кампаніях від зірок Сомніум до туманності Істлайт. Чи наділяє він своїх носіїв легендарною витривалістю тих, чиє ім’я носить, — ще належить довести."
loc_combatsword_p2_ps005,Важкий меч (камуфляж «Сонячні пустки»)
loc_combatsword_p2_ps005_desc,"Первісно створений для розхваленої кампанії на світі смерті Рамантіус IV — планеті з трьома сонцями, де з радіаційно обпалених пісків виростали кришталеві ліси, а зубаті хижаки полювали на необережних солдатів уночі."
loc_combatsword_p2_ps006,Ваконінська Зима
loc_combatsword_p2_ps006_desc,"Найвідоміше застосування — у складі трифронтової бойової групи, що об’єднувала моебіанські, ноктанські та валгалльські полки; цей камуфляж став вирішальним чинником перемоги серед безкраїх колючолісів Вакона Альфа."
loc_combatsword_p2_ps007,Важкий меч (камуфляж «Тіні боліт»)
loc_combatsword_p2_ps007_desc,"Створений як альтернативний камуфляж для Фенґвардів із туманних боліт Друк VI, цей візерунок став еталоном для бойових зон — від заболочених рівнин до дощових ліній окопів."
loc_combatsword_p2_ps008,Бойовий меч Р2
loc_combatsword_p2_ps008_desc,Skin
loc_combatsword_p2_s001,Елнатський партизан
loc_combatsword_p2_s001_desc,"Цей камуфляж найвідоміший тим, що його використовували підрозділи Астра Мілітарум у пекельних джунглях Елнату, де цілих вісім полків кілька тижнів тримали оборону проти мародерів-космодесантників Хаосу. Після прибуття ударної групи Саламандр більшість солдатів Мілітаруму було піддано стиранню пам’яті, а більшість їхнього спорядження — знищено…"
loc_combatsword_p2_us002_1123,Бойовий меч (камуфляж «Святинський церулеан»)
loc_combatsword_p2_us002_1123_desc,"Один зі священних реліквій, що їх вшановують у Святині Святої Месселіни в Чистоті. Кажуть, що його використовували послідовники Святої під час визволення міста Арванія."
loc_combatsword_p3_cs001,Дуельний меч (камуфляж «Тінь Круціса»)
loc_combatsword_p3_cs001_desc,"Лісовий камуфляжний візерунок, що став відомим завдяки 100-му Круцийському полку «Охоронців Дзвіниці» під час давньої кампанії на Месселіні. Ті небагато ворогів, що пережили ті битви, здобули нову повагу до тіней.  "
loc_combatsword_p3_cs002,Дуельний меч (камуфляж «Вогняні пустки»)
loc_combatsword_p3_cs002_desc,"Колись поширений візерунок, який використовували полки Астра Мілітарум, що заслужили бойові відзнаки, винищуючи зрадників-космодесантників, відомих як «Чорні Розбійники». Лише небагато таких полків пережили десятиліття відтоді… немовби на них полював якийсь зовнішній ворог."
loc_combatsword_p3_locname,Дуельний меч (камуфляж «Іній смерті»)
loc_combatsword_p3_locname_desc,"Улюблений камуфляж полків Крижаних Воїнів Валхалли під час кампанії в затоці Масарі, відомої своєю величезною кількістю жертв і мізерними військовими здобутками. Призовники ставали ветеранами за одну ніч — що й на краще, адже мало хто доживав до другого світанку. Із п’яти світів, які Імперіум прагнув повернути у затоці Масарі, два залишилися обвугленими оболонками, а третій так і не виринув із варп-бурі, що його поглинула.  "
loc_combatsword_p3_m001,Бойовий меч Р3
loc_combatsword_p3_m001_desc,Skin
loc_combatsword_p3_m002,Бойовий меч Р3
loc_combatsword_p3_m002_desc,Skin
loc_combatsword_p3_m003,Бойовий меч Р3
loc_combatsword_p3_m003_824,Мордіанський Гонорус
loc_combatsword_p3_m003_824_desc,"«Гордість за власний вигляд наближає до слави Імператора. Нехай твій бездоганний мундир буде маяком, подібним до Його світла. Нехай ворог побачить свої останні миті, відбиті у блиску твоїх чобіт.»  
— полковник Райнеґер, 237-й Мордіанський облоговий полк"
loc_combatsword_p3_m003_desc,Skin
loc_combatsword_p3_m1,Дуельний меч Маккабіан Мк II
loc_combatsword_p3_m1_desc,"Кажуть, що Святий Друсус (колишній Лорд-Генерал Мілітант Друсус) був віртуозним фехтувальником і тримав свій оздоблений дуельний меч у руках аж до останнього подиху."
loc_combatsword_p3_m2,Дуельний меч Маккабіан Мк IV
loc_combatsword_p3_m2_desc,"Мечі Маккабіан відомі своєю легкістю, гострим лезом і пишним оздобленням. Мк IV — улюбленець командирів Флоту, Вільних Торговців і Лордів-Інквізиторів однаково."
loc_combatsword_p3_m3,Дуельний меч Маккабіан Мк V
loc_combatsword_p3_m3_desc,"Більшість імперських мечів — прості, важкі знаряддя, створені так, щоб навіть недосвідчений унтер-офіцер міг убивчо ними володіти. Але не шаблі Маккабіан — на їх опанування потрібні роки практики."
loc_combatsword_p3_ml01,Ковальська Ліврея Бранкс Мінор
loc_combatsword_p3_ps001,Дуельний меч (камуфляж «Хімічна твань»)
loc_combatsword_p3_ps001_desc,"Один із 91 камуфляжних візерунків, запропонованих квеситором Департаменту Муніторум Себастьяном Ксантезом у спробі стандартизувати кольори кампаній Астра Мілітарум. Трактат Ксанте́за вже 85 років перебуває «в обробці»."
loc_combatsword_p3_ps002,Дуельний меч (камуфляж «Вогняний кіготь»)
loc_combatsword_p3_ps002_desc,"Помічений на сотнях вулканічних світів — від Лахарі IX до Мезоа — камуфляж «Вогняний кіготь» став найбільш відомим завдяки Моебіанському 71-му полку під час кампанії «Діаболус», де запеклі бої серед потоків лави закріпили грізну репутацію полку."
loc_combatsword_p3_ps003,Дуельний меч (камуфляж «Батогокрай»)
loc_combatsword_p3_ps003_desc,"Цей візерунок імітує мінливі тіні безлічі ксенос-структур, що вкривають сірчані пустелі Саріуса III. Нещодавно взвод Моебіанського 120-го був відправлений на Саріус III для розслідування дивних ксенос-руїн. Після повернення всім, окрім найстарших офіцерів, стерли пам’ять…"
loc_combatsword_p3_ps004,Дуельний меч (камуфляж «Крижана тундра»)
loc_combatsword_p3_ps004_desc,"Названий на честь Валгалльського 1212-го полку «Холоднокровних», цей камуфляж став стандартною уніформою для крижаних світів у Астра Мілітарум, застосовуваний у кампаніях від зірок Сомніум до туманності Істлайт. Чи наділяє він своїх носіїв легендарною витривалістю тих, чиє ім’я носить, — ще належить довести."
loc_combatsword_p3_ps005,Дуельний меч (камуфляж «Сонячні пустки»)
loc_combatsword_p3_ps005_desc,"Первісно створений для розхваленої кампанії на світі смерті Рамантіус IV — планеті з трьома сонцями, де з радіаційно обпалених пісків виростали кришталеві ліси, а зубаті хижаки полювали на необережних солдатів уночі."
loc_combatsword_p3_ps006,Ваконінська Зима
loc_combatsword_p3_ps006_desc,"Найвідоміше застосування — у складі трифронтової бойової групи, що об’єднувала моебіанські, ноктанські та валгалльські полки; цей камуфляж став вирішальним чинником перемоги серед безкраїх колючолісів Вакона Альфа."
loc_combatsword_p3_ps007,Дуельний меч (камуфляж «Тіні боліт»)
loc_combatsword_p3_ps007_desc,"Створений як альтернативний камуфляж для Фенґвардів із туманних боліт Друк VI, цей візерунок став еталоном для бойових зон — від заболочених рівнин до дощових ліній окопів."
loc_combatsword_p3_ps008,Бойовий меч Р3
loc_combatsword_p3_ps008_desc,Skin
loc_combatsword_p3_us001,Шабля кавалерії Корпусу Смерті Кріґу
loc_combatsword_p3_us001_1545,Шабля кавалерії Корпусу Смерті Кріґу
loc_combatsword_p3_us001_1545_desc,"У багатьох полках кавалерійську шаблю вважають радше церемоніальною річчю, ніж зброєю. Але тільки не для похмурих вершників Корпусу Смерті Кріґу."
loc_combatsword_p3_us001_desc,"У багатьох полках кавалерійську шаблю вважають радше церемоніальною річчю, ніж зброєю. Але тільки не для похмурих вершників Корпусу Смерті Кріґу."
loc_combatsword_p3_us002_1545,Аквіланський клинок
loc_combatsword_p3_us002_1545_desc,"Голова орла на наверші свідчить, що цей вишуканий клинок колись належав особі благородного походження."
loc_combatsword_p3_us003_1545,Клинок Асасина
loc_companion_dog_set_01_var_01,Кібер-мастиф R-VR Theta-17
loc_companion_dog_set_01_var_02,Кібер-мастиф R-VR XX9
loc_companion_dog_set_02_var_01,Кібер-мастиф R-VR UY-07
loc_companion_dog_set_02_var_02,Кібер-мастиф R-VR S60T
loc_companion_dog_set_02_var_03,Кібер-мастиф R-VR GB1
loc_companion_dog_set_02_var_04,Кібер-мастиф R-VR 6AW
loc_companion_dog_set_03_var_01,Кібер-мастиф R-VR A4
loc_companion_dog_set_03_var_02,Кібер-мастиф R-VR X7
loc_crafting_upgrade_unknown_perk_description,[Unknown Perk]
loc_crafting_upgrade_unknown_trait_description,[Unknown Blessing]
loc_crafting_upgrade_unknown_trait_name,[Unknown Blessing]
loc_crowbar_p1_m1,Лом техножреця Мк VI
loc_crowbar_p1_m1_desc,"Простий інструмент, обернений на нищівну зброю у ближньому бою. Винахідливість і жорстокість Покидьків Вулику яскраво проступає в цій брутальній хватці."
loc_crowbar_p1_ml01,Ковальська Ліврея Бранкс Мінор
loc_crusader_a_headgear_set_03,Каптур Екскоріатора
loc_crusader_a_headgear_set_03_desc,"Блаженні душі, що прагнуть видобути істину зі своїх неохочих ближніх.
— Архі-Сповідник Вінарій"
loc_crusader_a_headgear_set_04,Каптур Демагога
loc_crusader_a_headgear_set_04_desc,"Проповідники часто носять простий одяг — частково з покори, а частково щоб ніщо не відволікало від їхньої промови."
loc_crusader_a_lowerbody_set_03,Стрій хрестоносця «Покарання»
loc_crusader_a_lowerbody_set_03_desc,"Цікаво, як люди віри — що проповідують скромність і покору — рідко бувають скромними чи покірними у своїх шатах."
loc_crusader_a_lowerbody_set_04,Стрій хрестоносця «Очищення»
loc_crusader_a_lowerbody_set_04_desc,"Броньовані наколінники існують не для того, як дехто каже, щоб захищати від зношення через надмірне згинання."
loc_crusader_a_lowerbody_set_06,Стрій хрестоносця «Тіньове святилище»
loc_crusader_a_lowerbody_set_06_desc,"У прагненні до прихованішого вбрання навіть бронепластини вкрито сажею. Це потребує регулярного догляду і, іронічно, замінює звичні ритуали полірування, яким багато хрестоносців присвячують години."
loc_crusader_upperbody_a_set_03,Стрій хрестоносця «Покарання»
loc_crusader_upperbody_a_set_03_desc,"Деякі секти Культу Імперіаліс цінують подерте бойове спорядження, адже воно свідчить про життя випробувань і страждань. "
loc_crusader_upperbody_a_set_04,Стрій хрестоносця «Очищення»
loc_crusader_upperbody_a_set_04_desc,"Усередині шат слово «кайся» написане знову й знову. Очевидно, писар мав труднощі з правописом… але зрештою впорався."
loc_crusader_upperbody_a_set_06,Стрій хрестоносця «Тіньове святилище»
loc_crusader_upperbody_a_set_06_desc,"Улюблений тими, чиї священні обов’язки вимагають хитрощів і скритності. Звісно ж, в ім’я Імператора."
loc_curio_a_a01,Святий фрагмент (у клітці)
loc_curio_a_a01_desc,"Я здійснила мандрівку, повну див, у найвіддаленішому  секторі Моебіану. Нехай Бог-Імператор пильнує за мною.

З «Записів послушниці Месселіни»"
loc_curio_a_a02,Позолочений фрагмент (у клітці)
loc_curio_a_a02_desc,"Я ніколи не знала такої радості. Велич може бути найнікчемнішим місяцем у домініоні, але вона, певно, найсвятіша.

З «Записів послушниці Месселіни»"
loc_curio_a_b01,Щелепа непохитного (у клітці)
loc_curio_a_b01_desc,"Святиня Сліз Імператора — найвеличніша з будівель. Тисяча статуй тримають свої списи, спрямовані до далекої Терри.

З «Записів послушниці Месселіни»"
loc_curio_a_b02,Позолочена щелепа (у клітці)
loc_curio_a_b02_desc,"Мої келії дарують покору, як і личить. Хіба не стоїть покора поруч із ненавистю в очах Бог-Імператора?

З «Записів послушниці Месселіни»"
loc_curio_a_c01,Рука спасителя (у клітці)
loc_curio_a_c01_desc,">>Timestamp: -3.11.40.KE.M39<<
>>PrIVate Datastack: Taric/Dn<<

Сестра Месселіна — сумлінна душа, справді скромна."
loc_curio_a_c02,Позолочена рука спасителя (у клітці)
loc_curio_a_c02_desc,">>Timestamp: -15.7.40.KE.M39<<
>>PrIVate Datastack: Taric/Dn<<

Вона ніколи не ставить питань, ця. Вона бачить Бог-Імператора в кожному спалаху світла й у кожній тіні. Кожен драб мав би знати таку втіху."
loc_curio_a_d01,Уривок із писання (у клітці)
loc_curio_a_d01_desc,">>Timestamp: -10.3.40.KE.M39<<
>>PrIVate Datastack: Taric/Dn<<

На жаль, Месселіна ніколи нічого не досягне. Проте служіння Бог-Імператору — нагорода сама по собі."
loc_curio_a_e01,Інквізиторський Розарій (у клітці)
loc_curio_a_e01_desc,"Щодня благодать Бог-Імператора наповнює наші клуатри, але паломники застерігають про темряву за мурами.

З «Щоденника послушниці Месселіни»"
loc_curio_a_e02,Позолочений Інквізиторський Розарій (у клітці)
loc_curio_a_e02_desc,"Попередження солдата про єретиків, що плюндрують багнища, стало тягарем більшим, ніж його смерть.

З «Записів послушниці Месселіни»"
loc_curio_a_f01,Благословенна куля (у клітці)
loc_curio_a_f01_desc,"Цього ранку вітер приніс крики ще одного міста, відданого мечу. Де ж воїни Імператора? Чому ніхто не бореться?

З «Записів послушниці Месселіни»"
loc_curio_a_f02,Куля в обсидіановому кожусі (у клітці)
loc_curio_a_f02_desc,"Кардинал Тарік виявив найглибшу нетерпимість до чуток. Нам заборонено говорити про єретиків, навіть коли обрій тоне в димі та полум’ї.

З «Записів послушниці Месселіни»"
loc_curio_a_g01,Печатка мандрівника (у клітці)
loc_curio_a_g01_desc,"Саме повітря гуде від галасливого занепаду. Від єресі — сказаної й скоєної. Брами зачинено, їхній оберіг опечатано. Боюся, цього недостатньо.

З «Записів послушниці Месселіни»"
loc_curio_a_g02,Печатка геральда (у клітці)
loc_curio_a_g02_desc,"Проповідник Каладок тепер відкрито говорить про брак наших укріплень. Як і багато що на Величі, вони погано доглянуті, а вартові — ліниві.

З «Записів послушниці Месселіни»"
loc_curio_a_h01,Позолочений Інквізиторський Розарій (у клітці)
loc_curio_a_h01_desc,"Попередження солдата про єретиків, що плюндрують багнища, стало тягарем більшим, ніж його смерть.

З «Записів послушниці Месселіни»"
loc_curio_a_h02,Благословенна куля (у клітці)
loc_curio_a_h02_desc,"Цього ранку вітер приніс крики ще одного міста, відданого мечу. Де ж воїни Імператора? Чому ніхто не бореться?

З «Записів послушниці Месселіни»"
loc_curio_a_i01,Куля в обсидіановому кожусі (у клітці)
loc_curio_a_i01_desc,"Кардинал Тарік виявив найглибшу нетерпимість до чуток. Нам заборонено говорити про єретиків, навіть коли обрій тоне в димі та полум’ї.

З «Записів послушниці Месселіни»"
loc_curio_a_i02,Печатка мандрівника (у клітці)
loc_curio_a_i02_desc,"Саме повітря гуде від галасливого занепаду. Від єресі — сказаної й скоєної. Брами зачинено, їхній оберіг опечатано. Боюся, цього недостатньо.

З «Записів послушниці Месселіни»"
loc_curio_a_j01,Печатка геральда (у клітці)
loc_curio_a_j01_desc,"Проповідник Каладок тепер відкрито говорить про брак наших укріплень. Як і багато що на Величі, вони погано доглянуті, а вартові — ліниві.

З «Записів послушниці Месселіни»"
loc_curio_a_j02,Хранитель ненависті (у клітці)
loc_curio_a_j02_desc,"Жодної пощади єретику! Ані краплі каяття. Ані пролитої сльози.

Приписують святій Месселіні
>>timestamp -5.3.39.KE.M39<<"
loc_curio_a_k01,Хранитель ноктурнус (у клітці)
loc_curio_a_k01_desc,"Я ніколи не бачив сестру Месселіну такою, як того дня. Вона вже не була боязкою — а відродженою у гніві.

З «Життя Месселіни» Каладока, т. III"
loc_curio_a_k02,Хранитель величі (у клітці)
loc_curio_a_k02_desc,"Голосом, подібним до грому, послушниця звеліла нам битися. І в ту мить наша втома зникла.

З «Життя Месселіни» Каладока, т. III"
loc_curio_b_a01,Святий фрагмент (релікварій)
loc_curio_b_a01_desc,"У годину перемоги Месселіна стояла серед полеглих, у білих шатах, що стали криваво-червоними, зі страшним сяйвом на чолі.

З «Життя Месселіни» Каладока, т. III"
loc_curio_b_a02,Позолочений фрагмент (релікварій)
loc_curio_b_a02_desc,"Вона взяла мене за руку й звеліла підвестися з того поля смерті. Так багато загинуло за неї. За Бога-Імператора.

З «Життя Месселіни» Каладока, т. III"
loc_curio_b_b01,Щелепа непохитного (релікварій)
loc_curio_b_b01_desc,"Занадто довго цей світ Величі лежав занедбаний, його молитви стихли через недбалість і гординю. Досить.

Приписують святій Месселіні
>>timestamp -2.3.39.KE.M39<<"
loc_curio_b_b02,Позолочена щелепа (релікварій)
loc_curio_b_b02_desc,"Світло Бог-Імператора повернеться.
Приписують святій Месселіні
>>timestamp -2.3.39.KE.M39<<"
loc_curio_b_c01,Рука спасителя (релікварій)
loc_curio_b_c01_desc,"Знедоленим вона дарувала надію. Байдужим — мету. Усім — славу Бог-Імператора.
З «Життя Месселіни» Каладока, т. IV"
loc_curio_b_c02,Позолочена рука спасителя (релікварій)
loc_curio_b_c02_desc,"Я прошу нічого, чого ти вже не пообіцяв своїм смиренним народженням: голос звеличувати та волю взятися за зброю.
Приписують святій Месселіні
>>timestamp -25.7.37.KE.M39<<"
loc_curio_b_d01,Уривок із писання (релікварій)
loc_curio_b_d01_desc,"І простолюд, і вельможі схилялися перед нею. Не за перемоги, а з покори очевидній долі.
З «Життя Месселіни» Каладока, т. IV"
loc_curio_b_e01,Інквізиторський Розарій (релікварій)
loc_curio_b_e01_desc,"Бачу, ти наляканий. Не страшися, бо Бог-Імператор явив мені шлях до перемоги.
Приписують святій Месселіні
>>timestamp -18.2.37.KE.M39<<"
loc_curio_b_e02,Позолочений Інквізиторський Розарій (релікварій)
loc_curio_b_e02_desc,"Пильність. Ненависть. Лють. Хай стануть вони твоїм гаслом і священним обов’язком.
Приписують святій Месселіні
>>timestamp -14.6.36.KE.M39<<"
loc_curio_b_f01,Благословенна куля (релікварій)
loc_curio_b_f01_desc,"Тобі не потрібні ані клинок, ані броня, доки твої серця переповнені ненавистю.
Приписують святій Месселіні 
>>timestamp -11.3.36.KE.M39<<"
loc_curio_b_f02,Куля в обсидіановому кожусі (релікварій)
loc_curio_b_f02_desc,"Нас було жалюгідна дванадцятка, коли вона вивела нас із поруйнованої святині. А коли ми сягнули брам столиці — нас були вже мільйони.
З «Життя Месселіни» Каладока, т. IX"
loc_curio_b_g01,Печатка мандрівника (релікварій)
loc_curio_b_g01_desc,"Навіть одна праведна душа має силу наказувати долі — якщо лише її відвага не вичерпається.
Приписують святій Месселіні 
>>timestamp -21.9.35.KE.M39<<"
loc_curio_b_g02,Печатка геральда (релікварій)
loc_curio_b_g02_desc,"Хай ненависть буде тобі мечем та щитом. 
Приписують святій Месселіні 
>>timestamp -20.9.35.KE.M39<<"
loc_curio_b_h01,Лаурель Праведна (релікварій)
loc_curio_b_h01_desc,"Ненависть тримає владу понад людську силу. Вона служитиме тобі аж до самої смерті.
Приписують святій Месселіні 
>>timestamp -20.9.35.KE.M39<<"
loc_curio_b_h02,Лаурель Справедлива (релікварій)
loc_curio_b_h02_desc,"Велич належить Імператорові. Хто спочиватиме, доки хоча б один єретик дихає, — той кидає виклик Бог-Імператору!
Приписують святій Месселіні 
>>timestamp -18.2.35.KE.M39<<"
loc_curio_b_i01,Зразок ікони Механікуса (релікварій)
loc_curio_b_i01_desc,"Доторк священного є цілющим бальзамом для вірних і погибеллю для зіпсутих.
Приписують святій Месселіні 
>>timestamp -13.1.35.KE.M39<<"
loc_curio_b_i02,Ікона Механікус Ілюструс (релікварій)
loc_curio_b_i02_desc,"І ось! Велич знову була визволена від зрадників та єретиків. Та Месселіна відкинула всі почесті, бо служіння було її єдиною нагородою.
З «Життя Месселіни» Каладока, т. IX"
loc_curio_b_j01,Хранитель втрачених (релікварій)
loc_curio_b_j01_desc,"Рука, піднесена на службу Бог-Імператору, варта більше за золото.
Приписують святій Месселіні 
>>timestamp -10.12.34.KE.M39<<"
loc_curio_b_j02,Хранитель ненависті (релікварій)
loc_curio_b_j02_desc,"Велич упала, та вірні побачили її віднайденою. Якщо твоє серце істинне, ти завжди знайдеш свій шлях у полум’ї!
Приписують святій Месселіні 
>>timestamp -10.12.32.KE.M39<<"
loc_curio_b_k01,Хранитель ноктурнус (релікварій)
loc_curio_b_k01_desc,"Полум’я дарує силу, спокуту та очищення. Це сама сутність святості.
Приписують святій Месселіні 
>>timestamp -10.12.32.KE.M39<<"
loc_curio_b_k02,Хранитель величі (релікварій)
loc_curio_b_k02_desc,"Але одна честь була вшанована Святу без її відома. Світ, який вона врятувала, відтоді носитиме її ім’я поряд зі своїм власним.
З «Життя Месселіни» Каладока, т. IX"
loc_curio_c_a01,Святий фрагмент (скринька)
loc_curio_c_a01_desc,"Я не шукала ні похвал, ні слави — і тепер цілий світ носить моє ім’я. Я стала перепочинком на ідолопоклонницькому шляху.
Приписують святій Месселіні 
>>timestamp -1.12.32.KE.M39<<"
loc_curio_c_a02,Позолочений фрагмент (скринька)
loc_curio_c_a02_desc,"Тепер я вважаю перейменування Величі необхідним поштовхом до дії. Комаріс знемагає в єресі. Так тривати більше не буде.
Приписують святій Месселіні 
>>timestamp -34.11.32.KE.M39<<"
loc_curio_c_b01,Щелепа непохитного (скринька)
loc_curio_c_b01_desc,"Месселіна вийшла з медитації оновлена, благословенна святою візією. Вона повела — і ми рушили за нею.
З «Життя Месселіни» Каладока, т. XIII"
loc_curio_c_b02,Позолочена щелепа (скринька)
loc_curio_c_b02_desc,"Не шукай спасіння в Бог-Імператорі, бо він дав тобі засоби здобути його самотужки!
Приписують святій Месселіні 
>>timestamp -21.2.32.KE.M39<<"
loc_curio_c_c01,Рука спасителя (скринька)
loc_curio_c_c01_desc,"На Комарісі, як і на відродженій Месселіні Величі, вірні стікалися до неї, віддаючи життя за Бог-Імператора.
З «Життя Месселіни» Каладока, т. XV"
loc_curio_c_c02,Позолочена рука спасителя (скринька)
loc_curio_c_c02_desc,"Такі видіння бачили на Комарісі, що й святого могли довести до сліз.
З «Життя Месселіни» Каладока, т. XV"
loc_curio_c_d01,Уривок із писання (скринька)
loc_curio_c_d01_desc,"Месселіна сприймала кожен прояв єресі як особисту рану.
З «Життя Месселіни» Каладока, т. XV"
loc_curio_c_e01,Інквізиторський Розарій (скринька)
loc_curio_c_e01_desc,"Коли брами Креторії впали, робота Месселіни ледве почалася.
З «Життя Месселіни» Каладока, т. XV"
loc_curio_c_e02,Позолочений Інквізиторський Розарій (скринька)
loc_curio_c_e02_desc,"Єресь глибоко пронизала Комаріс — кров’ю та узами всіх родів.
З «Життя Месселіни» Каладока, т. XV"
loc_curio_c_f01,Благословенна куля (скринька)
loc_curio_c_f01_desc,"Іменем Месселіни я виганяла кожну сквернену душу й дарувала їм спокуту в полум’ї.
З «Життя Месселіни» Каладока, т. XV"
loc_curio_c_f02,Куля в обсидіановому кожусі (скринька)
loc_curio_c_f02_desc,"Тих, кого я посилала у вогонь, було просякнуто зрадою. Єретики всі до одного. І я не знаю провини.
Приписують святій Месселіні 
>>timestamp -6.7.32.KE.M39<<"
loc_curio_c_g01,Печатка мандрівника (скринька)
loc_curio_c_g01_desc,"І лише тоді, коли Комаріс було очищено від скверни, свята Месселіна звела погляд назовні — до загублених світів Домінії.
З «Життя Месселіни» Каладока, т. XIX"
loc_curio_c_g02,Печатка геральда (скринька)
loc_curio_c_g02_desc,"Іди й виганяй єретика та ксеноса, бо ці світи належать Бог-Імператору й нікому іншому.
Приписують святій Месселіні 
>>timestamp -20.5.-29.KE.M39<<"
loc_curio_c_h01,Лаурель Праведна (скринька)
loc_curio_c_h01_desc,"Так свята Месселіна проклала золотобагряний шлях через Зовнішню Домінію, відновлюючи розірване владарювання Бог-Імператора.
З «Життя Месселіни» Каладока, т. XX"
loc_curio_c_h02,Лаурель Справедлива (скринька)
loc_curio_c_h02_desc,"На кожному визволеному світі постають статуї на мою подобу. Я мушу зберігати смиренність.
Приписують святій Месселіні 
>>timestamp -13.8.11.KE.M39<<"
loc_curio_c_i01,Зразок ікони Механікуса (скринька)
loc_curio_c_i01_desc,"Та заздрість завжди була джерелом єресі. Дехто з почту Святої плекав лихі думки.
З «Життя Месселіни» Каладока, т. XXVI"
loc_curio_c_i02,Ікона Механікус Ілюструс (скринька)
loc_curio_c_i02_desc,"Ти сумніваєшся в моїх словах? Я, що стояла біля палаючих брам Креторії? Хто ти така, щоб кидати виклик обраній Бог-Імператора?
Приписують святій Месселіні 
>>timestamp -30.11.0.KE.M39<<"
loc_curio_c_j01,Хранитель втрачених (скринька)
loc_curio_c_j01_desc,"Ти гадаєш, мене введено в оману? Але жоден зрадник не сховається від мого погляду надовго.
Приписують святій Месселіні 
>>timestamp -30.11.0.KE.M39<<"
loc_curio_c_j02,Хранитель ненависті (скринька)
loc_curio_c_j02_desc,"І через найогиднішу зраду найближчі супутники Святої досягли того, у чому єретики зазнали невдачі.
З «Життя Месселіни» Каладока, т. XXVI"
loc_curio_c_k01,Хранитель ноктурнус (скринька)
loc_curio_c_k01_desc,"І так, під час Вогнешторму Комаріса вона віддала своє життя Імператорові. Мучеництво таке яскраве, що могло б засліпити й самі зорі.
З «Життя Месселіни» Каладока, т. XXVI"
loc_curio_c_k02,Хранитель величі (скринька)
loc_curio_c_k02_desc,"Я була сліпою, та нині ясно бачу розор, що буде вчинено від мого імені. Хай Бог-Імператор простить мене.
Приписують святій Месселіні 
>>timestamp -0.0.0.KE.M39<<"
loc_d7_ogryn_lowerbody,Броня Броґґа Рокґата
loc_d7_ogryn_lowerbody_desc,"Враховуючи, яких неймовірних прочуханів зазнають ці роби й чоботи, вони досі тримаються доволі пристойно."
loc_d7_ogryn_upperbody,Броня Броґґа Рокґата
loc_d7_ogryn_upperbody_desc,"Хоч більшість Оґринів геть недбалі щодо чистоти свого обмундирування, вони все ж пишаються тим, що носять його, і за найменшої нагоди вихваляються кожною відзнакою чи пам’ятним вм’ятиною."
loc_d7_psyker_f_headgear,Комір Псайкани патерна «Нікс»
loc_d7_psyker_f_headgear_desc,"З часом багато псайкерів починають бачити реальний світ тьмяним і мілким. Нерідко такі душі закривають свої фізичні очі, щоб зосередитись на відьомовидінні."
loc_d7_psyker_f_lowerbody,Чорні роби та фіксатор Клоусона
loc_d7_psyker_f_lowerbody_desc,"Можуть минути дні, тижні чи місяці, перш ніж носій нарешті змінить свой одяг. Навіть добре налаштований псайкерський розум цінує чисте, практичне й добре обслужене спорядження."
loc_d7_psyker_f_upperbody,Гамбезон і провідник патерна «Нікс»
loc_d7_psyker_f_upperbody_desc,"Цей одяг має піжонський розмах того, хто служив поруч із широко мандрованим Капером або, можливо, Інквізитором."
loc_d7_psyker_m_headgear,Покрив провидця з коміром Псайкани
loc_d7_psyker_m_headgear_desc,"Темний ковпак може приховати чимало, хоча слабким укриттям він буде від Варпвогню, що жевріє в очах розгніваного Псайкера."
loc_d7_psyker_m_lowerbody,"Штани «Схоластика Псайкана» (стиль XII, псай-заземлення)"
loc_d7_psyker_m_lowerbody_desc,"М’які вставки на суглобах і силіконове покриття роблять штани витривалими, а кілька врятованих бронепластин завершують образ: практично, але з огляду на можливий вогонь противника."
loc_d7_psyker_m_upperbody,Гамбезон і провідник патерна «Лександер»
loc_d7_psyker_m_upperbody_desc,"Ця багряна туніка, пояс і блискуча броня мають вигляд офіцера з верхніх рівнів вулища."
loc_d7_veteran_f_headgear,Вокс-набір Карі Броне
loc_d7_veteran_f_headgear_desc,"Хоч більшість віддає перевагу простій, непомітній вокс-перлині, Карі знаходить, що її легко вибиває під час метушні та тисняви ближнього бою. Тому вона покладається на цей надійніший варіант."
loc_d7_veteran_f_lowerbody,Польовий одяг Карі Броне
loc_d7_veteran_f_lowerbody_desc,Учбові роби (камуфляж «Нічні джунглі»)
loc_d7_veteran_f_upperbody,Польовий одяг Карі Броне
loc_d7_veteran_f_upperbody_desc,Ця флак-буксир зі ґрафсталю викувана в факторіях Тертіума й високо цінується на чорних ринках.
loc_d7_veteran_m_headgear,Бойовий шолом патерна «Атоман» із респіратором
loc_d7_veteran_m_headgear_desc,"Поширений у багатьох полках Моебіану, цей шолом разом із маскою названо на честь світу-столиці системи."
loc_d7_veteran_m_lowerbody,Польовий одяг Арло Тохмассона
loc_d7_veteran_m_lowerbody_desc,"Хоч у галактиці безліч жахіть і технологічних див, на добру пару чобіт і гострий клинок завжди можна покластися."
loc_d7_veteran_m_upperbody,Польовий одяг Арло Тохмассона
loc_d7_veteran_m_upperbody_desc,"Щоб служити Імператорові, захисти тіло від шкоди, а розум — від скверни."
loc_d7_zealot_f_lowerbody,Бриджі Нали Кантара
loc_d7_zealot_f_lowerbody_desc,Благословенні нетерпимі. Помстиві успадкують галактику. А хто чекає милості — не заслуговує її.
loc_d7_zealot_f_upperbody,Лахміття Нали Кантара
loc_d7_zealot_f_upperbody_desc,"Хоч деякі ополчення живуть довго, більшість з них здіймається швидко, вербує людей, здіймає короткий буревій дії — і так само швидко розпадається, а члени розходяться, вливаючись у нові формування."
loc_d7_zealot_m_lowerbody,Лахміття брата Падраїґа
loc_d7_zealot_m_lowerbody_desc,Будь смиренним у служінні своєму Імператорові.
loc_d7_zealot_m_upperbody,Лахміття брата Падраїґа
loc_d7_zealot_m_upperbody_desc,"Шануй свої обітниці, як шанував би самого Імператора. Віддай Йому все, що маєш, і знай — навіть цього буде замало."
loc_death_korps_of_krieg_02_b_var_02,Флак-шолом «Сталевий Легіон» (камуфляж «Пустельний тьмяний»)
loc_death_korps_of_krieg_02_b_var_02_desc,"Зношене, піскувате фарбування шолома свідчить про численні битви в суворих, посушливих краях."
loc_death_korps_of_krieg_02_d_var_01,Флак-шолом Мк VII
loc_death_korps_of_krieg_02_d_var_01_desc,"Мати при собі пляшку амасеку — зрозуміло, але ж певно існує безпечніше місце, щоб її тримати?"
loc_death_korps_of_krieg_02_e_var_02,Флак-шолом (камуфляж «Крижаний шрам»)
loc_death_korps_of_krieg_02_e_var_03,Флак-шолом (камуфляж «Трезька ніч»)
loc_death_korps_of_krieg_02_e_var_03_desc,"Цей камуфляжний візерунок прийняв Моебіанський 37-й під час Трезького Протистояння. Бурхлива атмосфера планети затуляла сонце на місяці, занурюючи її лісисті землі в морок, сповнений тіней."
loc_death_korps_of_krieg_02_e_var_04,Флак шолом (Жовтий)
loc_death_korps_of_krieg_02_f_var_02,Флак-шолом «Сталевий Легіон» (камуфляж «Окопоштормовий»)
loc_death_korps_of_krieg_02_f_var_02_desc,"Похмурий і вивітрений візерунок на цьому шоломі промовляє про довгі кампанії на суворих, безрадісних світах, давно очищених від будь-яких здорових форм життя."
loc_death_korps_of_krieg_04_a_var_03,Шолом ополчення зі захисними окулярами (зелений)
loc_death_korps_of_krieg_04_a_var_04,Шолом ополчення зі захисними окулярами (камуфляж «Болотно-джунглевий»)
loc_death_korps_of_krieg_04_a_var_04_desc,"Тріщини на цих окулярах, певно, нівелюють будь-який захист, який вони могли б дати, та бодай ти будеш замаскований серед дерев… хоча б каптур збереже тепло."
loc_death_korps_of_krieg_04_a_var_05,Шолом ополчення зі захисними окулярами (жовтий)
loc_death_korps_of_krieg_04_a_var_06,Шолом ополчення зі захисними окулярами (камуфляж «Міські бої»)
loc_death_korps_of_krieg_headgear_01_var_01,Люціус Мк IIIa «Голова Смерті»
loc_death_korps_of_krieg_headgear_01_var_01_desc,"Жоден запис уже не зберігає числа тих, хто загинув в окопах Кроску."
loc_death_korps_of_krieg_headgear_01_var_03,Люціус Мк IIId «Голова Смерті»
loc_death_korps_of_krieg_headgear_01_var_04,Люціус Мк IIIdi «Голова Смерті»
loc_death_korps_of_krieg_headgear_01_var_05,Люціус Мк IIIa «Голова Смерті» (камуфляж «Сонячний горіння»)
loc_death_korps_of_krieg_headgear_03_a_var_01,Люціус Мк VIIIb «Голова Смерті»
loc_death_korps_of_krieg_headgear_03_a_var_01_desc,"Хіба ви не вийдете зі своїх нір потанцювати з нами? Хіба короткий подих ратної слави не кращий за довгу, хрипку смерть?
Еллетаї Смертовій, Архон Спаленого Серця"
loc_default,Ферний адепт
loc_default_desc,"Звання для тих, хто служив належно."
loc_dual_autopistols_p1_m1,Парні авто-пістолети Бранкс МкIII
loc_dual_autopistols_p1_m1_desc,"Ковані у місцевих зброярських мануфакторіях Бранкс Маґна, ці спарені автопістолі випускають сконцентрований шквал вогню."
loc_dual_autopistols_p1_ml01,Ковальська Ліврея Бранкс Мінор
loc_dual_autopistols_p1_ml01_desc,"«Нехай твоя зброя буде вбережена від несправності,
Як і твоя душа — від нечистоти.
Омнісій пильнує над тобою.
Вивільни зброю війни.
Вивільни Смертодавця.
— Спів для запобігання несправності»"
loc_dual_shivs_p1_m1,Імпровізовані заточки Мк I 
loc_dual_shivs_p1_m1_desc,Ідеально щоб вивертати нутрощі ворога.
loc_dual_shivs_p1_ml01,Ковальська Ліврея Бранкс Мінор
loc_dual_shivs_p1_ml01_desc,"«Нехай твоя зброя буде вбережена від несправності,
Як і твоя душа — від нечистоти.
Омнісій пильнує над тобою.
Вивільни зброю війни.
Вивільни Смертодавця.
— Спів для запобігання несправності»"
loc_dual_shivs_p1_us001,Дряп і Цвьох
loc_dual_stubpistols_p1_m1,Парні пістолети Бранкс МкVIII 
loc_dual_stubpistols_p1_m1_desc,Що краще за один ствол? Правильно — два стволи водночас!
loc_dual_stubpistols_p1_ml01,Ковальська Ліврея Бранкс Мінор
loc_ecclesiarchy_cable_collar_a_var_01,Іліссі Мк XXIa «Забуття»
loc_ecclesiarchy_cable_collar_a_var_01_desc,"Еклезіархія користується послугами Псайкерів, але рідко коли їм довіряє."
loc_ecclesiarchy_executioner_hood_01_var_01,Каптур ката «Милість»
loc_ecclesiarchy_executioner_hood_01_var_01_desc,"На Месселіні казали, що безвірні можуть зустріти кінець тисячею способів — і мільярд душ стоїть напоготові, щоб служити катами."
loc_ecclesiarchy_executioner_hood_01_var_03,Каптур ката «Покара»
loc_ecclesiarchy_executioner_hood_01_var_03_desc,"Невинність не є захистом.
Посестра-у-Гніві Еліна Прісс (спочила)"
loc_ecclesiarchy_executioner_hood_01_var_04,Каптур ката Ґлоріана
loc_ecclesiarchy_executioner_hood_01_var_04_desc,"Культ Кривавої Відплати існує й досі, за тисячоліття після того, як його прародителі вистежили зрадників святої Месселіни."
loc_ecclesiarchy_executioner_hood_01_var_05,Каптур ката «Смирення»
loc_ecclesiarchy_executioner_hood_01_var_05_desc,"Смирення — це висока чеснота для народжених у низькості.
Архісповідник Вінарій"
loc_ecclesiarchy_executioner_hood_01_var_06,Благословенний клобук віри та слави
loc_ecclesiarchy_executioner_hood_01_var_06_desc,Нехай спокута розпочнеться…
loc_ecclesiarchy_executioner_hood_01_var_07,Каптур ката хранителя сувоїв
loc_ecclesiarchy_executioner_hood_01_var_07_desc,Традиційний каптур у червоно-золотих барвах Братства.
loc_ecclesiarchy_executioner_hood_01_var_08,Каптур ката «Послушник»
loc_ecclesiarchy_executioner_hood_01_var_08_desc,"""Ланцюги, клинки, полум’я та ненависть. Ось знаряддя по-справжньому вірних.""
Архидиякон Дедакулус"
loc_ecclesiarchy_executioner_hood_01_var_09,Каптур ката (камуфляж «Тароський тьмяний»)
loc_ecclesiarchy_executioner_hood_01_var_09_desc,"Єретик і Богохульник не можуть запропонувати жодного виправдання своїм злочинам. Ті, кого помилувано, лише живуть далі, затуляючи Людство від Світла Імператора темрявою власних душ."
loc_ecclesiarchy_executioner_hood_01_var_10,Каптур Ката (Арктичний білий)
loc_ecclesiarchy_executioner_hood_01_var_11,Каптур Ката (Крижана міць)
loc_ecclesiarchy_executioner_hood_01_var_12,Каптур Ката (Обпалена Залізна Мантія)
loc_ecclesiarchy_hood_01_necromunda_02_b_var_02,Каптур судді «Урочистість»
loc_ecclesiarchy_hood_01_necromunda_02_b_var_02_desc,"Незчисленні гімни складали святій Месселіні за її життя. Побоюючись стати об’єктом ідолопоклонства, вона відкидала їх усі."
loc_ecclesiarchy_hood_01_necromunda_02_b_var_03,Каптур судді «Покара»
loc_ecclesiarchy_hood_01_necromunda_02_b_var_03_desc,"Мене звинувачують у суворому правосудді, що нібито суперечить духові декретів Бог-Імператора. Але якщо це так, хіба він не вразив би мене?
Спокутник Мазкаріан (спочили)"
loc_ecclesiarchy_hood_01_necromunda_02_b_var_04,Каптур судді Ґлоріана
loc_ecclesiarchy_hood_01_necromunda_02_b_var_04_desc,"У війні проти єретиків смерть — єдина милість, яку я можу дарувати.
Кардинал Анкарія Нокс"
loc_ecclesiarchy_hood_01_necromunda_04_a_var_01,Клобук учня Імперської Віри
loc_ecclesiarchy_hood_01_necromunda_04_a_var_01_desc,"Благословенний клобук і окуляри дають певний захист від скверни та від полум’я, яким її слід очищувати."
loc_ecclesiarchy_hood_01_necromunda_04_a_var_02,Каптур Послідовника Віри Імперіуса (Крижана міць)
loc_ecclesiarchy_hood_01_necromunda_04_a_var_03,Каптур Послідовника Віри Імперіуса (Обпалена Залізна Мантія)
loc_ecclesiarchy_hood_01_necromunda_04_a_var_04,Каптур Послідовника Віри Імперіуса (Арктичний білий)
loc_ecclesiarchy_hood_01_var_01,Каптур свідка «Милість»
loc_ecclesiarchy_hood_01_var_01_desc,"Свідок Милості дарує відпущення твоїм гріхам, змиваючи їх кожним ударом світло-бича."
loc_ecclesiarchy_missionary_diadem_a_tech_mouth_cover_01_b_var_01,"Діадема, схвалена Еклезіархією (патерн «Слова Віри»)"
loc_ecclesiarchy_missionary_diadem_a_tech_mouth_cover_01_b_var_01_desc,"Вбудований у цю маску хвало-голос дозволяє ворогам носія чути катехізиси й прокльони, що волаються до них, навіть на найдужчих полях битви."
loc_ecclesiarchy_missionary_diadem_a_tech_mouth_cover_01_var_01,"Діадема, схвалена Еклезіархією (патерн «Святе Слово»)"
loc_ecclesiarchy_missionary_diadem_a_tech_mouth_cover_01_var_01_desc,"Модель віро-голоса. Промовляй голосно Істину Імператора. Популярна серед місіонерів, сповідників і проповідників по всій Домінії Моеба."
loc_ecclesiarchy_ogryn_forehead_eagle_01_var_01,Аргентове тавро
loc_ecclesiarchy_ogryn_forehead_eagle_01_var_01_desc,"Оґрини схильні губити папери чи пергаменти, тож їхню вірність часто ставлять просто на чолі."
loc_ecclesiarchy_ogryn_forehead_eagle_01_var_02,Сяйне тавро
loc_ecclesiarchy_ogryn_forehead_eagle_01_var_02_desc,"Оґрини люблять золото не менше за інших, але мало хто з них його здобуває."
loc_ecclesiarchy_pointy_hat_w_goggles_a_var_01,Клобук віри та Мк II маг-окуляри (камуфляж «Блейздимер»)
loc_ecclesiarchy_pointy_hat_w_goggles_a_var_01_desc,"Вищий захист очей: ударостійкі лінзи, спектральний зір, стійкість до бризок і рівно стільки стилю, скільки треба (а це небагато)."
loc_ecclesiarchy_psyker_veil_a_var_01,Вуаль Спокутника «Милість»
loc_ecclesiarchy_psyker_veil_a_var_01_desc,"Попри всі їхні гарні слова, мене тут лише терплять. Вони рахують години до тієї миті, коли буде прийнятно мене вбити.
Астралла Шукачка (спочила)"
loc_ecclesiarchy_psyker_veil_a_var_03,Вуаль Спокутника «Покара»
loc_ecclesiarchy_psyker_veil_a_var_03_desc,"Темніші за ніч — прокляті бажання псайкера.
Круціанське прислів’я"
loc_ecclesiarchy_psyker_veil_a_var_04,Вуаль Спокутника Ґлоріана
loc_ecclesiarchy_psyker_veil_a_var_04_desc,"Історитори сперечаються щодо ставлення святої Месселіни до Псайкерів, хоча хранителі її святинь наполягають, що вона їх зневажала."
loc_ecclesiarchy_psyker_veil_a_var_05,Вуаль Спокутника «Смирення»
loc_ecclesiarchy_psyker_veil_a_var_06,Вуаль Спокутника «Помин»
loc_ecclesiarchy_psyker_veil_a_var_06_desc,"Померти на службі Імператорові — найбільша честь, яку Він може дарувати."
loc_ecclesiarchy_psyker_veil_a_var_07,Вуаль Спокутника «Звеличений»
loc_ecclesiarchy_psyker_veil_a_var_08,Вуаль Спокутника «Пильний»
loc_ecclesiarchy_scroll_hat_mouth_cover_var_01,Круціанський обітний вартовий
loc_ecclesiarchy_scroll_hat_mouth_cover_var_01_desc,"Залишайся вірним — і здобудеш або славну перемогу, або почесне мучеництво."
loc_ecclesiarchy_scroll_hat_mouth_cover_var_02,Круціанський обітний вартовий (камуфляж «Крижаний смуток»)
loc_ecclesiarchy_scroll_hat_mouth_cover_var_02_desc,"З наглазниками та благословеннями ти будеш підперезаний, а сила твоя — зосереджена. Довіряй світлу Імператора, що провадить крізь темряву."
loc_elysian_ogryn_goggles_b_var_01,Флеш-окуляри патерна «Скопіос» Мк IIb
loc_elysian_ogryn_goggles_b_var_01_desc,"Створені спершу на об’єкті Адептус Механікуса «Скопіос», за сім днів подорожі від Елісії, нині вони поширені в усіх допоміжних полках Елісії."
loc_elysian_ogryn_goggles_b_var_02,Окуляри-спалахозахист «Скопіос» Мк IIb (жовті)
loc_elysian_ogryn_goggles_b_var_03,Окуляри-спалахозахист «Скопіос» Мк IIb (сині)
loc_emote_human_affirmative_001_thumbs_up_01,Палець угору!
loc_emote_human_affirmative_001_thumbs_up_01_desc,Схвалення або згода.
loc_emote_human_affirmative_002_clap_01,Оплеск (ствердний)
loc_emote_human_affirmative_002_clap_01_desc,Плесни в долоні.
loc_emote_human_affirmative_004_nod_02,Кивок (ствердний)
loc_emote_human_affirmative_004_nod_02_desc,Кивни головою на знак згоди.
loc_emote_human_greeting_001_wave_01,Помахати 
loc_emote_human_greeting_001_wave_01_desc,Привітання або прощання.
loc_emote_human_greeting_002_wave_02,Помахати (2)
loc_emote_human_greeting_002_wave_02_desc,Людина піднімає руку у вітанні.
loc_emote_human_greeting_003_bow_01,Поклон
loc_emote_human_greeting_003_bow_01_desc,Схиляння в знак привітання або поваги.
loc_emote_human_greeting_004_beckon_01,Помахати рукою
loc_emote_human_greeting_004_beckon_01_desc,Поклич когось до себе.
loc_emote_human_negative_001_refuse_01,Негативно
loc_emote_human_negative_001_refuse_01_desc,Категорична відмова.
loc_emote_human_negative_002_head_shake_01,Не згоден
loc_emote_human_negative_002_head_shake_01_desc,Похитування головою (Негативно)
loc_emote_human_negative_004_face_palm_01,Фейспалм
loc_emote_human_negative_004_face_palm_01_desc,Не може бути!
loc_emote_human_negative_005_frustration_01,Зневіра
loc_emote_human_negative_005_frustration_01_desc,Але…Чому?
loc_emote_human_personality_002_inspect_01,Оглянути
loc_emote_human_personality_002_inspect_01_desc,Оглянути щось.
loc_emote_human_personality_003_stretch_01,Розтягування
loc_emote_human_personality_005_kneel_01,Стати на коліно
loc_emote_human_personality_005_kneel_01_desc,Персонаж опускається на одне коліно.
loc_emote_human_personality_006_squat_01,Присісти
loc_emote_human_personality_006_squat_01_desc,Персонаж сідає навпочіпки.
loc_emote_human_veteran_001_knife_01,Гра ножом
loc_emote_human_veteran_001_knife_01_desc,"Леза догори, леза назовні."
loc_emote_ogryn_001_chest_pound_01,Удар у груди
loc_emote_ogryn_002_knife_01,Ніж
loc_emote_ogryn_002_knife_01_desc,... Ось це тобі ніж!
loc_emote_ogryn_affirmative_002_nod_01,Кивок (1)
loc_emote_ogryn_affirmative_002_nod_01_desc,Кивни головою на знак згоди.
loc_emote_ogryn_affirmative_006_thumbs_up_02,Палець угору (2)
loc_emote_ogryn_affirmative_006_thumbs_up_02_desc,Оґрин показує палець угору (з неабияким запалом).
loc_emote_ogryn_affirmative_008_clap_01,Оплеск
loc_emote_ogryn_affirmative_008_clap_01_desc,"Плесни в долоні — аж гримить, мов грім!"
loc_emote_ogryn_greeting_001_wave_01,Вітання!
loc_emote_ogryn_greeting_001_wave_01_desc,Цей Оґрин завжди привітний.
loc_emote_ogryn_greeting_002_wave_02,Махання (2)
loc_emote_ogryn_greeting_002_wave_02_desc,Оґрин піднімає праву руку у привітанні.
loc_emote_ogryn_greeting_004_salute_01,Віта́ння
loc_emote_ogryn_greeting_004_salute_01_desc,Піднеси руку до чола у військовому вітанні.
loc_emote_ogryn_greeting_006_beckon_01,Помахати рукою
loc_emote_ogryn_greeting_006_beckon_01_desc,Поклич когось до себе.
loc_emote_ogryn_negative_001_refuse_01,Негативно
loc_emote_ogryn_negative_001_refuse_01_desc,"Звучить як погана ідея, босе..."
loc_emote_ogryn_negative_002_head_shake_01,"Ага, ні"
loc_emote_ogryn_negative_002_head_shake_01_desc,Оґрин піднімає праву руку у привітанні.
loc_emote_ogryn_negative_006_face_palm_01,Фейспалм
loc_emote_ogryn_negative_006_face_palm_01_desc,Приклади свою (величезну) руку до свого (величезного) обличчя у невірі.
loc_emote_ogryn_negative_007_shrug_01,Знизування плечима
loc_emote_ogryn_personality_002_flex_01,Пофлексити
loc_emote_ogryn_personality_002_flex_01_desc,Оґрин великий! Великий — це найкраще!
loc_emote_ogryn_personality_004_pants_01,Безпека понад усе
loc_emote_ogryn_personality_004_pants_01_desc,Оґрин підтягнув штани за ремінь або пояс.
loc_emote_ogryn_personality_005_kneel_01,Стати на коліно
loc_emote_ogryn_personality_005_kneel_01_desc,Оґрин стає на ліве коліно.
loc_empty_backpack,Без аксесуарів
loc_empty_backpack_desc,"Подорожуй без зайвого грузу, подорожуй вільно."
loc_empty_body_tattoo,++REDACTED++
loc_empty_body_tattoo_desc,++REDACTED++
loc_empty_emote,Порожньо
loc_empty_face_scar,Без шрамів
loc_empty_face_scar_desc,++REDACTED++
loc_empty_face_tattoo,Без татуювань
loc_empty_face_tattoo_desc,++REDACTED++
loc_empty_headgear,Без головного убору
loc_empty_headgear_desc,Нічого
loc_empty_set,empty_set
loc_empty_set_desc,[Порожньо]
loc_empty_trinket,Немає
loc_empty_trinket_desc,Невже твоя відданість Імператору така мізерна?
loc_end_of_round_adamant_001,"Вільно, новобранцю"
loc_end_of_round_adamant_001_desc,"Адамант стоїть, дивлячись на компаньйона"
loc_end_of_round_adamant_002_weapon,Суд Імператора
loc_end_of_round_adamant_003,Добре злагоджений механізм
loc_end_of_round_adamant_003_desc,Ти та твій кібер-мастиф дієте як єдине ціле.
loc_end_of_round_adamant_004,Готовий до наступного
loc_end_of_round_adamant_004_desc,Для виконавців суду Імператора не існує відпочинку.
loc_end_of_round_adamant_005_weapon,Пильний Закон
loc_end_of_round_adamant_005_weapon_desc,Пильне око Закону ніколи не припиняє свого пошуку.
loc_end_of_round_broker_001_weapon,Вартовий
loc_end_of_round_broker_002_weapon,Невимушене Насильство
loc_end_of_round_broker_003,Непокірний
loc_end_of_round_broker_007_weapon,Ніж у Руках
loc_end_of_round_ogryn_001,Хочеш битися?
loc_end_of_round_ogryn_001_desc,Лише відчайдушний дурень насмілиться вступити в бій з Оґрином.
loc_end_of_round_ogryn_002,Нема нічого складного
loc_end_of_round_ogryn_002_desc,"У Оґринів зазвичай три стани: розслаблений, збентежений і злий."
loc_end_of_round_ogryn_003,Віта́ння
loc_end_of_round_ogryn_003_desc,"Оґрини поважають і силу, і розум, але передусім — силу."
loc_end_of_round_ogryn_004,Не насміхайся з Оґрина...
loc_end_of_round_ogryn_004_desc,Другого попередження не буде...
loc_end_of_round_ogryn_005_weapon,Глибокі роздуми
loc_end_of_round_ogryn_005_weapon_desc,Такі як: «де б дістати більшу гармату?»
loc_end_of_round_ogryn_006_weapon,У наступі
loc_end_of_round_ogryn_006_weapon_desc,"Коли Оґрин рушає в бій, зупинити його майже неможливо."
loc_end_of_round_ogryn_007_weapon,У патрулі
loc_end_of_round_ogryn_007_weapon_desc,"Оґрини не надто терплячі до патрулювання і, зазвичай, стріляють в усе, що схоже на ціль."
loc_end_of_round_ogryn_008_weapon,Вільно
loc_end_of_round_ogryn_008_weapon_desc,"Розслаблений Оґрин — це зазвичай добре, якщо тільки він не розслабився настільки, що заснув."
loc_end_of_round_ogryn_012,Помилкова впевненість
loc_end_of_round_psyker_001,Утихомирення
loc_end_of_round_psyker_001_desc,Спокій — це благо для душі.
loc_end_of_round_psyker_002,Психічна атака
loc_end_of_round_psyker_002_desc,"Тремтіть перед тим, хто перевершує вас!"
loc_end_of_round_psyker_003,Незламна зосередженість
loc_end_of_round_psyker_003_desc,Втрата контролю карається смертю... у будь-якому разі.
loc_end_of_round_psyker_004,Неперевершений розум
loc_end_of_round_psyker_004_desc,Нехай ніхто не ставить його під сумнів.
loc_end_of_round_psyker_005_weapon,Локус
loc_end_of_round_psyker_005_weapon_desc,"Коли приходять голоси, будь-яка прив’язка — це порятунок."
loc_end_of_round_psyker_006_weapon,Готовий служити
loc_end_of_round_psyker_006_weapon_desc,"Хоча, звісно, це не завжди вибір."
loc_end_of_round_psyker_007_weapon,Роздуми
loc_end_of_round_psyker_007_weapon_desc,"Мантра — корисний інструмент, щоб зберегти розум."
loc_end_of_round_psyker_008_weapon,Пробуди Варп
loc_end_of_round_psyker_008_weapon_desc,Тримайся подалі.
loc_end_of_round_psyker_009,Пильність
loc_end_of_round_psyker_009_desc,Одна лише витривалість тебе не врятує.
loc_end_of_round_psyker_015,Зпопели ворогів своїх 
loc_end_of_round_veteran_001,Досвідчений ветеран
loc_end_of_round_veteran_001_desc,Досвід — найкращий учитель.
loc_end_of_round_veteran_002,Командний
loc_end_of_round_veteran_002_desc,Не думай — дій.
loc_end_of_round_veteran_003,Без нісенітниць
loc_end_of_round_veteran_003_desc,"Деякі солдати бачили занадто багато, щоб перейматися тим, що ще попереду."
loc_end_of_round_veteran_004,Добре заслужений відпочинок
loc_end_of_round_veteran_004_desc,Ти навчаєшся дрімати де завгодно й коли завгодно.
loc_end_of_round_veteran_005_weapon,Зброю догори!
loc_end_of_round_veteran_005_weapon_desc,"Товаришам не завжди можна довіряти, але твоя зброя — поза сумнівом."
loc_end_of_round_veteran_006_weapon,У очікуванні пострілу
loc_end_of_round_veteran_006_weapon_desc,"Справа не в кількості куль, а в числі повалених єретиків."
loc_end_of_round_veteran_007_weapon,Холодний погляд
loc_end_of_round_veteran_007_weapon_desc,Що ти сказав?
loc_end_of_round_veteran_008_weapon,Снайпер
loc_end_of_round_veteran_008_weapon_desc,Очі на цілі. У очікуванні пострілу.
loc_end_of_round_veteran_010,Ланцюг командування
loc_end_of_round_zealot_001,Пильність
loc_end_of_round_zealot_001_desc,Ціна виживання.
loc_end_of_round_zealot_002,До справи
loc_end_of_round_zealot_002_desc,Воістину віруючі завжди готові до бою.
loc_end_of_round_zealot_003,Чому? ЧОМУ?
loc_end_of_round_zealot_003_desc,"Розчарування в інших — тягар, який вірні знають надто добре."
loc_end_of_round_zealot_004,Благаю тебе!
loc_end_of_round_zealot_004_desc,Бог-Імператор завжди слухає. Нехай почує тебе зараз.
loc_end_of_round_zealot_005_weapon,За Терру!
loc_end_of_round_zealot_005_weapon_desc,Колиска людства і тронний світ Імперіуму.
loc_end_of_round_zealot_006_weapon,Короткий перепочинок
loc_end_of_round_zealot_006_weapon_desc,"Використай цю мить спокою, щоб відновити дух."
loc_end_of_round_zealot_007_weapon,Медитативне коліно
loc_end_of_round_zealot_007_weapon_desc,Подумай над своїм вибором.
loc_end_of_round_zealot_008_weapon,Готовий до дій
loc_end_of_round_zealot_008_weapon_desc,Як і будь-який істинний слуга Милостивого Імператора.
loc_end_of_round_zealot_012,Клеймити Зрадника
loc_enforcer_upperbody_a,Броня Виконавця (округ Бреска)
loc_enforcer_upperbody_a_desc,Клятва Відплати Виконавця багаторазово вигравійована всередині броні.
loc_explosion_on_overheat_lockout,Перевантаження
loc_explosion_on_overheat_lockout_desc,Після досягнення стану перегріву спричиняєш вибух навколо себе та негайно знижуєш жар на {overheat_reduction:%s}.
loc_eye_blue_01_blind_left,Серулеан (осліплений зліва)
loc_eye_blue_01_blind_left_desc,++PERDITUM SANCTUS++
loc_eye_blue_01_blind_right,Серулеан (осліплений справа)
loc_eye_blue_01_blind_right_desc,++PERDITUM SANCTUS++
loc_eye_blue_02_blind_left,Ультрамарин (осліплений зліва)
loc_eye_blue_02_blind_left_desc,++PERDITUM SANCTUS++
loc_eye_blue_02_blind_right,Ультрамарин (осліплений справа)
loc_eye_brown_01_blind_left,Фероксит (осліплений зліва)
loc_eye_brown_01_blind_left_desc,++PERDITUM SANCTUS++
loc_eye_brown_01_blind_right,Фероксит (осліплений справа)
loc_eye_brown_01_blind_right_desc,++PERDITUM SANCTUS++
loc_eye_brown_02_blind_left,Лоаміт (осліплений зліва)
loc_eye_brown_02_blind_left_desc,++PERDITUM SANCTUS++
loc_eye_brown_02_blind_right,Лоаміт (осліплений справа)
loc_eye_brown_02_blind_right_desc,++PERDITUM SANCTUS++
loc_eye_color_blind_both,Засліплений
loc_eye_color_blind_both_desc,++PERDITUM SANCTUS++
loc_eye_color_blue_01,Серулеан
loc_eye_color_blue_01_black_scalera,Серулеан (торкнутий ксеносами)
loc_eye_color_blue_01_black_scalera_desc,++PERDITUM SANCTUS++
loc_eye_color_blue_01_desc,++PERDITUM SANCTUS++
loc_eye_color_blue_02,Ультрамарин
loc_eye_color_blue_02_black_scalera,Ультрамарин (торкнутий ксеносами)
loc_eye_color_blue_02_black_scalera_desc,++PERDITUM SANCTUS++
loc_eye_color_blue_02_desc,++PERDITUM SANCTUS++
loc_eye_color_brown_01,Фероксит
loc_eye_color_brown_01_black_scalera,Фероксит (торкнутий ксеносами)
loc_eye_color_brown_01_black_scalera_desc,++PERDITUM SANCTUS++
loc_eye_color_brown_01_desc,++PERDITUM SANCTUS++
loc_eye_color_brown_02,Лоаміт
loc_eye_color_brown_02_black_scalera,Лоаміт (торкнутий ксеносами)
loc_eye_color_brown_02_black_scalera_desc,++PERDITUM SANCTUS++
loc_eye_color_brown_02_desc,++PERDITUM SANCTUS++
loc_eye_color_green_01,Адамантин
loc_eye_color_green_01_black_scalera,Адамантин (торкнутий ксеносами)
loc_eye_color_green_01_black_scalera_desc,++PERDITUM SANCTUS++
loc_eye_color_green_01_desc,++PERDITUM SANCTUS++
loc_eye_color_green_02,Джадіум
loc_eye_color_green_02_black_scalera,Джадіум (торкнутий ксеносами)
loc_eye_color_green_02_black_scalera_desc,++PERDITUM SANCTUS++
loc_eye_color_green_02_desc,++PERDITUM SANCTUS++
loc_eye_color_psyker_01,Серулеан (торкнутий Варпом)
loc_eye_color_psyker_01_black_scalera,Серулеан (двічі проклятий)
loc_eye_color_psyker_01_black_scalera_desc,++PERDITUM SANCTUS++
loc_eye_color_psyker_01_desc,++PERDITUM SANCTUS++
loc_eye_color_psyker_02,Ультрамарин (торкнутий Варпом)
loc_eye_color_psyker_02_black_scalera,Ультрамарин (двічі проклятий)
loc_eye_color_psyker_02_black_scalera_desc,++PERDITUM SANCTUS++
loc_eye_color_psyker_02_desc,++PERDITUM SANCTUS++
loc_eye_color_purple_01,Магентіум
loc_eye_color_purple_01_black_scalera,Магентіум (торкнутий ксеносами)
loc_eye_color_purple_01_black_scalera_desc,++PERDITUM SANCTUS++
loc_eye_color_purple_01_desc,++PERDITUM SANCTUS++
loc_eye_color_purple_02,Вермиліум
loc_eye_color_purple_02_black_scalera,Вермиліум (торкнутий ксеносами)
loc_eye_color_purple_02_black_scalera_desc,++PERDITUM SANCTUS++
loc_eye_color_purple_02_desc,++PERDITUM SANCTUS++
loc_eye_color_red_01,Сангвініт
loc_eye_color_red_01_black_scalera,Сангвініт (торкнутий ксеносами)
loc_eye_color_red_01_black_scalera_desc,++PERDITUM SANCTUS++
loc_eye_color_red_01_desc,++PERDITUM SANCTUS++
loc_eye_color_red_02,Газардік
loc_eye_color_red_02_black_scalera,Газардік (торкнутий ксеносами)
loc_eye_color_red_02_black_scalera_desc,++PERDITUM SANCTUS++
loc_eye_color_red_02_desc,++PERDITUM SANCTUS++
loc_eye_color_sienna,Індигніум
loc_eye_color_sienna_black_scalera,Індигніум (торкнутий ксеносами)
loc_eye_color_sienna_black_scalera_desc,++PERDITUM SANCTUS++
loc_eye_color_sienna_blind_left,Індигніум (осліплений зліва)
loc_eye_color_sienna_blind_left_desc,++PERDITUM SANCTUS++
loc_eye_color_sienna_blind_right,Індигніум (осліплений справа)
loc_eye_color_sienna_blind_right_desc,++PERDITUM SANCTUS++
loc_eye_color_sienna_desc,++PERDITUM SANCTUS++
loc_eye_green_01_blind_left,Адамантин (осліплений зліва)
loc_eye_green_01_blind_left_desc,++PERDITUM SANCTUS++
loc_eye_green_01_blind_right,Адамантин (осліплений справа)
loc_eye_green_01_blind_right_desc,++PERDITUM SANCTUS++
loc_eye_green_02_blind_left,Джадіум (осліплений зліва)
loc_eye_green_02_blind_left_desc,++PERDITUM SANCTUS++
loc_eye_green_02_blind_right,Джадіум (осліплений справа)
loc_eye_green_02_blind_right_desc,++PERDITUM SANCTUS++
loc_eye_psyker_01_blind_left,"Серулеан (торкнутий Варпом, осліплений зліва)"
loc_eye_psyker_01_blind_left_desc,++PERDITUM SANCTUS++
loc_eye_psyker_01_blind_right,"Серулеан (торкнутий Варпом, осліплений справа)"
loc_eye_psyker_01_blind_right_desc,++PERDITUM SANCTUS++
loc_eye_psyker_02_blind_left,"Ультрамарин (торкнутий Варпом, осліплений зліва)"
loc_eye_psyker_02_blind_left_desc,++PERDITUM SANCTUS++
loc_eye_psyker_02_blind_right,"Ультрамарин (торкнутий Варпом, осліплений справа)"
loc_eye_psyker_02_blind_right_desc,++PERDITUM SANCTUS++
loc_eye_purple_01_blind_left,Магентіум (осліплений зліва)
loc_eye_purple_01_blind_left_desc,++PERDITUM SANCTUS++
loc_eye_purple_01_blind_right,Магентіум (осліплений справа)
loc_eye_purple_01_blind_right_desc,++PERDITUM SANCTUS++
loc_eye_purple_02_blind_left,Вермиліум (осліплений зліва)
loc_eye_purple_02_blind_left_desc,++PERDITUM SANCTUS++
loc_eye_purple_02_blind_right,Вермиліум (осліплений справа)
loc_eye_purple_02_blind_right_desc,++PERDITUM SANCTUS++
loc_eye_red_01_blind_left,Сангвініт (осліплений зліва)
loc_eye_red_01_blind_left_desc,++PERDITUM SANCTUS++
loc_eye_red_01_blind_right,Сангвініт (осліплений справа)
loc_eye_red_01_blind_right_desc,++PERDITUM SANCTUS++
loc_eye_red_02_blind_left,Газардік (осліплений зліва)
loc_eye_red_02_blind_left_desc,++PERDITUM SANCTUS++
loc_eye_red_02_blind_right,Газардік (осліплений справа)
loc_eye_red_02_blind_right_desc,++PERDITUM SANCTUS++
loc_eye_tech_01_slim_implant_var_01,Окулярний аугметик Ілліума
loc_eye_tech_01_slim_var_01,Тричі благословенне Око Покарання
loc_eye_tech_01_var_01,Окулярний аугметик Мк CVI
loc_eye_tech_01_var_01_desc,"Функціональне, але непривабливе замінне око."
loc_eye_tech_01_var_02,Окулярний аугметик Мкcvii
loc_eye_tech_01_var_03,Окулярний аугметик Мкcii
loc_eye_tech_01_var_04,Окулярний аугметик Мкcx
loc_eye_tech_01_var_slim_implant_var_01_desc,Дивовижно елегантна річ для когось твого становища.
loc_eye_tech_01_var_slim_var_01_desc,Жодна єресь чи скверна не вислизне від праведного сканувального зору Тричі Благословенного Ока Покарання.
loc_face_psyker_01,Розарій
loc_face_psyker_01_desc,++REDACTED++
loc_face_psyker_02,Око Інквізиції
loc_face_psyker_02_desc,++REDACTED++
loc_face_psyker_03,Погляд Омнісія
loc_face_psyker_03_desc,++REDACTED++
loc_face_psyker_04,Астра Телепатика
loc_face_psyker_04_desc,++REDACTED++
loc_face_psyker_05,Стовпи Всевидіння
loc_face_psyker_05_desc,++REDACTED++
loc_face_tattoo_01,Око за око
loc_face_tattoo_01_desc,++REDACTED++
loc_face_tattoo_02,Обличчя смерті
loc_face_tattoo_02_desc,++REDACTED++
loc_face_tattoo_03,Смертоносне провидіння
loc_face_tattoo_03_desc,++REDACTED++
loc_face_tattoo_04,Смертоносна змія
loc_face_tattoo_04_desc,++REDACTED++
loc_face_tattoo_05,Очищення
loc_face_tattoo_05_desc,++REDACTED++
loc_face_tattoo_06,Погляд Лілії
loc_face_tattoo_06_desc,++REDACTED++
loc_face_tattoo_07,Проява віри
loc_face_tattoo_07_desc,++REDACTED++
loc_face_tattoo_08,Полум’я покаяння
loc_face_tattoo_08_desc,++REDACTED++
loc_face_tattoo_09,Отруєностійкий
loc_face_tattoo_09_desc,++REDACTED++
loc_face_tattoo_10,Погляд осуду
loc_face_tattoo_10_desc,++REDACTED++
loc_face_tattoo_broker_05,face_tattoo_broker_05
loc_face_tattoo_broker_06,face_tattoo_broker_06
loc_face_tattoo_broker_cartel_01,face_tattoo_broker_cartel_01
loc_face_tattoo_broker_cartel_02,face_tattoo_broker_cartel_02
loc_face_tattoo_broker_cartel_03,face_tattoo_broker_cartel_03
loc_face_tattoo_broker_cartel_04,face_tattoo_broker_cartel_04
loc_face_tattoo_easter,face_tattoo_easter
loc_face_tattoo_easter_desc,Татуювання на обличчя для людей на тему Великодня
loc_face_tattoo_labour_01,Блаженний піт
loc_face_tattoo_labour_01_desc,++REDACTED++
loc_face_tattoo_labour_02,Нескінченна праця
loc_face_tattoo_labour_02_desc,++REDACTED++
loc_face_tattoo_labour_03,"Не робота, а обов’язок"
loc_face_tattoo_labour_03_desc,++REDACTED++
loc_face_tattoo_ogryn_01,Аквіла
loc_face_tattoo_ogryn_01_desc,++REDACTED++
loc_face_tattoo_ogryn_02,Власність Інквізиції
loc_face_tattoo_ogryn_02_desc,++REDACTED++
loc_face_tattoo_ogryn_03,Вінець покори
loc_face_tattoo_ogryn_03_desc,++REDACTED++
loc_face_tattoo_ogryn_03_tier_02,Вінець покори III
loc_face_tattoo_ogryn_03_tier_02_desc,"Ланцюгові орнаменти — популярний вибір серед ув’язнених. Ланки можуть символізувати відбуті роки або, можливо, вчинені злочини"
loc_face_tattoo_ogryn_04,Велика шестерня
loc_face_tattoo_ogryn_04_desc,++REDACTED++
loc_face_tattoo_ogryn_04_tier_02,Велика шестерня III
loc_face_tattoo_ogryn_04_tier_02_desc,"Ті, хто наважується запитати про символізм татуювання з вушком болта, можуть вважати себе щасливими, якщо відбудуться лише зламаними кістками. Утім, відповідь вони все одно не дізнаються."
loc_face_tattoo_ogryn_05,Шпаргалка
loc_face_tattoo_ogryn_05_desc,++REDACTED++
loc_face_tattoo_ogryn_06,Друг Ґроксів
loc_face_tattoo_ogryn_06_desc,++REDACTED++
loc_face_tattoo_ogryn_07,Імператор захищає
loc_face_tattoo_ogryn_07_desc,++REDACTED++
loc_face_tattoo_ogryn_07_tier_02,Імператор захищає III
loc_face_tattoo_ogryn_07_tier_02_desc,"«Імператор захищає» — популярне татуювання серед Оґринів, його часто наносять під очима або просто на повіках."
loc_face_tattoo_ogryn_08,Кістяна щелепа
loc_face_tattoo_ogryn_08_desc,++REDACTED++
loc_face_tattoo_ogryn_09,Усмішка смерті
loc_face_tattoo_ogryn_09_desc,++REDACTED++
loc_face_tattoo_ogryn_10,Погана кров
loc_face_tattoo_ogryn_10_desc,++REDACTED++
loc_face_tattoo_ogryn_11,Чемпіон важкої ваги
loc_face_tattoo_ogryn_11_desc,++REDACTED++
loc_face_tattoo_ogryn_12,Злочинні звичаї
loc_face_tattoo_ogryn_12_desc,++REDACTED++
loc_face_tattoo_ogryn_13,Отруєностійкий
loc_face_tattoo_ogryn_13_desc,++REDACTED++
loc_face_tattoo_ogryn_14,На межі люті
loc_face_tattoo_ogryn_14_desc,++REDACTED++
loc_face_tattoo_ogryn_15,Слава в смерті
loc_face_tattoo_ogryn_15_desc,++REDACTED++
loc_face_tattoo_ogryn_easter,face_tattoo_ogryn_easter
loc_face_tattoo_ogryn_easter_dec,Татуювання на обличчя Оґрина на тему Великодня
loc_face_tattoo_ogryn_labour_01,Замкнений розум
loc_face_tattoo_ogryn_labour_01_dec,++REDACTED++
loc_face_tattoo_ogryn_labour_02,Честь у праці
loc_face_tattoo_ogryn_labour_02_desc,++REDACTED++
loc_face_tattoo_ogryn_labour_03,Трощитель шкідників
loc_face_tattoo_ogryn_labour_03_desc,++REDACTED++
loc_face_tattoo_sianna,Знак Піроманіяка
loc_face_tattoo_sianna_desc,++REDACTED++
loc_face_tattoo_veteran_01,Аквіла
loc_face_tattoo_veteran_01_desc,++REDACTED++
loc_face_tattoo_veteran_02,Полкова гордість
loc_face_tattoo_veteran_02_desc,++REDACTED++
loc_face_tattoo_veteran_02_tier_02,Полкова гордість III
loc_face_tattoo_veteran_02_tier_02_desc,"Дехто носить тюремне татуювання з номером партії із гордістю, дехто — зі соромом, але як би там не було, приховати його неможливо."
loc_face_tattoo_veteran_03,Освячене бачення
loc_face_tattoo_veteran_03_desc,++REDACTED++
loc_face_tattoo_veteran_04,Смерть і лють
loc_face_tattoo_veteran_04_desc,++REDACTED++
loc_face_tattoo_veteran_05,Стовп дисципліни
loc_face_tattoo_veteran_05_desc,++REDACTED++
loc_face_tattoo_waystalker,Знак мисливця
loc_face_tattoo_waystalker_desc,++REDACTED++
loc_face_tattoo_zealot_01,Інквізиція в моїх думках
loc_face_tattoo_zealot_01_desc,++REDACTED++
loc_face_tattoo_zealot_02,Незабутня клятва
loc_face_tattoo_zealot_02_desc,++REDACTED++
loc_face_tattoo_zealot_03,Аквіла
loc_face_tattoo_zealot_03_desc,++REDACTED++
loc_face_tattoo_zealot_04,Стовп відданості
loc_face_tattoo_zealot_04_desc,++REDACTED++
loc_face_tattoo_zealot_05,Доля єретиків
loc_face_tattoo_zealot_05_desc,++REDACTED++
loc_facial_hair_a_eyebrows,Борода 1
loc_facial_hair_a_eyebrows_desc,++REDACTED++
loc_facial_hair_a_eyebrows_victor,Борода 2
loc_facial_hair_a_eyebrows_victor_desc,++REDACTED++
loc_facial_hair_a_fullbeard,Борода 3
loc_facial_hair_a_fullbeard_desc,++REDACTED++
loc_facial_hair_a_goattee,Борода 4
loc_facial_hair_a_goattee_desc,++REDACTED++
loc_facial_hair_a_goattee_mustache,Борода 5
loc_facial_hair_a_goattee_mustache_desc,++REDACTED++
loc_facial_hair_a_goattee_sideburns,Борода 6
loc_facial_hair_a_goattee_sideburns_desc,++REDACTED++
loc_facial_hair_a_mustache,Борода 7
loc_facial_hair_a_mustache_desc,++REDACTED++
loc_facial_hair_a_mustache_sideburns,Борода 8
loc_facial_hair_a_mustache_sideburns_desc,++REDACTED++
loc_facial_hair_a_sideburns,Борода 9
loc_facial_hair_a_sideburns_desc,++REDACTED++
loc_facial_hair_a_stubble,Борода 10
loc_facial_hair_a_stubble_desc,++REDACTED++
loc_facial_hair_b_eyebrows,Борода 11
loc_facial_hair_b_eyebrows_desc,++REDACTED++
loc_facial_hair_b_fullbeard,Борода 12
loc_facial_hair_b_fullbeard_desc,++REDACTED++
loc_facial_hair_b_goattee,Борода 13
loc_facial_hair_b_goattee_desc,++REDACTED++
loc_facial_hair_b_goattee_mustache,Борода 14
loc_facial_hair_b_goattee_mustache_desc,++REDACTED++
loc_facial_hair_b_goattee_sideburns,Борода 15
loc_facial_hair_b_goattee_sideburns_desc,++REDACTED++
loc_facial_hair_b_kruber_mustache,Борода 16
loc_facial_hair_b_mustache,Борода 17
loc_facial_hair_b_mustache_desc,++REDACTED++
loc_facial_hair_b_mustache_kruber_desc,++REDACTED++
loc_facial_hair_b_mustache_sideburns,Борода 18
loc_facial_hair_b_mustache_sideburns_desc,++REDACTED++
loc_facial_hair_b_sideburns,Борода 19
loc_facial_hair_b_sideburns_desc,++REDACTED++
loc_facial_hair_b_stubble,Борода 20
loc_facial_hair_b_stubble_stubble,Борода 21
loc_facial_hair_c_eyebrows,Борода 22
loc_facial_hair_c_eyebrows_desc,++REDACTED++
loc_facial_hair_c_fullbeard,Борода 23
loc_facial_hair_c_fullbeard_desc,++REDACTED++
loc_facial_hair_c_goattee,Борода 24
loc_facial_hair_c_goattee_desc,++REDACTED++
loc_facial_hair_c_goattee_mustache,Борода 25
loc_facial_hair_c_goattee_mustache_desc,++REDACTED++
loc_facial_hair_c_goattee_sideburns,Борода 26
loc_facial_hair_c_goattee_sideburns_desc,++REDACTED++
loc_facial_hair_c_mustache,Борода 27
loc_facial_hair_c_mustache_desc,++REDACTED++
loc_facial_hair_c_mustache_sideburns,Борода 28
loc_facial_hair_c_mustache_sideburns_desc,++REDACTED++
loc_facial_hair_c_sideburns,Борода 29
loc_facial_hair_c_sideburns_desc,++REDACTED++
loc_facial_hair_c_stubble,Борода 30
loc_facial_hair_c_stubble_desc,++REDACTED++
loc_facial_hair_fullbeard_a,Борода 31
loc_facial_hair_fullbeard_a_desc,++REDACTED++
loc_facial_hair_fullgoattee_a,Борода 32
loc_facial_hair_fullgoattee_a_desc,++REDACTED++
loc_facial_hair_hulihee_a,Борода 33
loc_facial_hair_hulihee_a_desc,++REDACTED++
loc_facial_hair_vandyke_a,Борода 34
loc_facial_hair_vandyke_a_desc,++REDACTED++
loc_female_facial_fullgoattee_a,Борода 35
loc_female_facial_fullgoattee_a_desc,++REDACTED++
loc_female_facial_hair_a,Борода 36
loc_female_facial_hair_a_desc,++REDACTED++
loc_female_facial_hair_b,Борода 37
loc_female_facial_hair_b_desc,++REDACTED++
loc_female_facial_hair_base,Борода 38
loc_female_facial_hair_base_desc,++REDACTED++
loc_female_facial_hair_c,Борода 39
loc_female_facial_hair_c_desc,++REDACTED++
loc_female_facial_hair_d,Борода 40
loc_female_facial_hair_d_desc,++REDACTED++
loc_female_facial_hair_e,Борода 41
loc_female_facial_hair_e_desc,++REDACTED++
loc_female_facial_hair_f,Борода 42
loc_female_facial_hair_f_desc,++REDACTED++
loc_female_facial_hair_g,Борода 43
loc_female_facial_hair_g_desc,++REDACTED++
loc_female_facial_hair_h,Борода 44
loc_female_facial_hair_h_desc,++REDACTED++
loc_female_facial_hulihee_a,Борода 45
loc_female_facial_hulihee_a_desc,++REDACTED++
loc_female_facial_vandyke_a,Борода 46
loc_female_facial_vandyke_a_desc,++REDACTED++
loc_flamer_npc_p1_m1,DEV WIP
loc_flamer_npc_p1_m1_desc,DEV WIP
loc_flamer_p1_cs001,Вогнемет Очищення (камуфляж «Нічнотінь Круціс»)
loc_flamer_p1_cs001_desc,"Лісовий камуфляжний візерунок, що став відомим завдяки 100-му Круцийському полку «Охоронців Дзвіниці» під час давньої кампанії на Месселіні. Ті небагато ворогів, що пережили ті битви, здобули нову повагу до тіней.  "
loc_flamer_p1_cs002,Вогнемет Очищення (камуфляж «Вогняні пустки»)
loc_flamer_p1_cs002_desc,"Колись поширений візерунок, який використовували полки Астра Мілітарум, що заслужили бойові відзнаки, винищуючи зрадників-космодесантників, відомих як «Чорні Розбійники». Лише небагато таких полків пережили десятиліття відтоді… немовби на них полював якийсь зовнішній ворог."
loc_flamer_p1_locname,Вогнемет Очищення (камуфляж «Іній смерті»)
loc_flamer_p1_locname_desc,"Улюблений камуфляж полків Крижаних Воїнів Валхалли під час кампанії в затоці Масарі, відомої своєю величезною кількістю жертв і мізерними військовими здобутками. Призовники ставали ветеранами за одну ніч — що й на краще, адже мало хто доживав до другого світанку. Із п’яти світів, які Імперіум прагнув повернути у затоці Масарі, два залишилися обвугленими оболонками, а третій так і не виринув із варп-бурі, що його поглинула.  "
loc_flamer_p1_m001,Вогнемет Р1
loc_flamer_p1_m001_desc,Skin
loc_flamer_p1_m002,Вогнемет Р1
loc_flamer_p1_m002_desc,Skin
loc_flamer_p1_m003,Вогнемет Р1
loc_flamer_p1_m003_desc,Skin
loc_flamer_p1_m1,Вогнемет Очищення Артемія Мк III
loc_flamer_p1_m1_desc,"Походячи з того самого світу-кузні, що й могутній вогнеметний танк «Геллгаунд», ця зброя використовує нестійкий прометіум, щоб вигоряти єретиків полум’ям."
loc_flamer_p1_ml01,Ковальська Ліврея Бранкс Мінор
loc_flamer_p1_ps001,Вогнемет Очищення (камуфляж «Хімзона-Іл»)
loc_flamer_p1_ps001_desc,"Один із 91 камуфляжних візерунків, запропонованих квеситором Департаменту Муніторум Себастьяном Ксантезом у спробі стандартизувати кольори кампаній Астра Мілітарум. Трактат Ксанте́за вже 85 років перебуває «в обробці»."
loc_flamer_p1_ps002,Вогнемет Очищення (камуфляж «Вогняний кіготь»)
loc_flamer_p1_ps002_desc,"Помічений на сотнях вулканічних світів — від Лахарі IX до Мезоа — камуфляж «Вогняний кіготь» став найбільш відомим завдяки Моебіанському 71-му полку під час кампанії «Діаболус», де запеклі бої серед потоків лави закріпили грізну репутацію полку."
loc_flamer_p1_ps003,Вогнемет Очищення (камуфляж «Багатокрай»)
loc_flamer_p1_ps003_desc,"Цей візерунок імітує мінливі тіні безлічі ксенос-структур, що вкривають сірчані пустелі Саріуса III. Нещодавно взвод Моебіанського 120-го був відправлений на Саріус III для розслідування дивних ксенос-руїн. Після повернення всім, окрім найстарших офіцерів, стерли пам’ять…"
loc_flamer_p1_ps004,Вогнемет Очищення (камуфляж «Крижана тундра»)
loc_flamer_p1_ps004_desc,"Названий на честь 1212-го Валгалльського полку «Холоднокровних», цей камуфляж став стандартною уніформою для крижаних світів у Астра Мілітарум, застосовуваний у кампаніях від зірок Сомніум до туманності Істлайт. Чи наділяє він своїх носіїв легендарною витривалістю тих, чиє ім’я носить, — ще належить довести."
loc_flamer_p1_ps005,Вогнемет Очищення (камуфляж «Сонячні пустки»)
loc_flamer_p1_ps005_desc,"Первісно створений для розхваленої кампанії на світі смерті Рамантіус IV — планеті з трьома сонцями, де з радіаційно обпалених пісків виростали кришталеві ліси, а зубаті хижаки полювали на необережних солдатів уночі."
loc_flamer_p1_ps006,Ваконінська Зима
loc_flamer_p1_ps006_desc,"Найвідоміше застосування — у складі трифронтової бойової групи, що об’єднувала моебіанські, ноктанські та валгалльські полки; цей камуфляж став вирішальним чинником перемоги серед безкраїх колючолісів Вакона Альфа."
loc_flamer_p1_ps007,Вогнемет Очищення (камуфляж «Тіні боліт»)
loc_flamer_p1_ps007_desc,"Створений як альтернативний камуфляж для Фенґвардів із туманних боліт Друк VI, цей візерунок став еталоном для бойових зон — від заболочених рівнин до дощових ліній окопів."
loc_flamer_p1_ps008,Вогнемет Р1
loc_flamer_p1_ps008_desc,Skin
loc_flamer_p1_um001_1545,Крижаний Вогонь
loc_flamer_p1_us001_1521,Вогнемет Очищення Артемії (Польовий ремонт)
loc_flamer_p1_us001_1521_desc,"Ця зброя, схоже, бачила кращі часи, але її машинний дух і досі прагне очищення."
loc_flamer_p1_us002_1545,Благословенний Вогнемет Круціс
loc_flamer_p1_us002_1545_desc,"Багато сект, що вшановують святу Месселіну, вірять у очищувальну силу полум’я. Особливо коли воно застосоване до тих, хто впав із-під світла Імператора."
loc_flamer_p1_us003_1546,Вогнемет Очищення Артемії (підібраний)
loc_flamer_p1_us003_1546_desc,"Ця зброя пережила багато. Але й велетенський тепловий відблиск на передньому захисті, і численні ремонти не зменшують її здатності вигорати єретиків у невпинному полум’ї гніву Імператора."
loc_forcestaff_p1_cs001,Шоковий силовий посох (камуфляж «Нічнотінь Круціс»)
loc_forcestaff_p1_cs001_desc,"Лісовий камуфляжний візерунок, що став відомим завдяки 100-му Круцийському полку «Охоронців Дзвіниці» під час давньої кампанії на Месселіні. Ті небагато ворогів, що пережили ті битви, здобули нову повагу до тіней.  "
loc_forcestaff_p1_cs002,Шоковий силовий посох (камуфляж «Вогняні пустки»)
loc_forcestaff_p1_cs002_desc,"Колись поширений візерунок, який використовували полки Астра Мілітарум, що заслужили бойові відзнаки, винищуючи зрадників-космодесантників, відомих як «Чорні Розбійники». Лише небагато таких полків пережили десятиліття відтоді… немовби на них полював якийсь зовнішній ворог."
loc_forcestaff_p1_locname,Шоковий силовий посох (камуфляж «Іній смерті»)
loc_forcestaff_p1_locname_desc,"Улюблений камуфляж полків Крижаних Воїнів Валхалли під час кампанії в затоці Масарі, відомої своєю величезною кількістю жертв і мізерними військовими здобутками. Призовники ставали ветеранами за одну ніч — що й на краще, адже мало хто доживав до другого світанку. Із п’яти світів, які Імперіум прагнув повернути у затоці Масарі, два залишилися обвугленими оболонками, а третій так і не виринув із варп-бурі, що його поглинула.  "
loc_forcestaff_p1_m001,Силовий посох Р1
loc_forcestaff_p1_m001_446,Шоковий силовий посох (камуфляж «Шрам порожнечі»)
loc_forcestaff_p1_m001_446_desc,"Цей камуфляжний візерунок сформувався протягом тривалої чотирирічної облоги, під час якої Імперську місячну фортецю врешті-решт вирвали з-під контролю відступників."
loc_forcestaff_p1_m001_desc,Skin
loc_forcestaff_p1_m002,Силовий посох Р1
loc_forcestaff_p1_m002_desc,Skin
loc_forcestaff_p1_m003,Силовий посох Р1
loc_forcestaff_p1_m003_desc,Skin
loc_forcestaff_p1_m1,Шоковий силовий посох Еквінокс Мк III
loc_forcestaff_p1_m1_deluxe,Шоковий силовий посох (камуфляж «Мортіс Оперативника»)
loc_forcestaff_p1_m1_deluxe_desc,"Оперативники Смерті — це таємне коло в межах бойової групи Ґрендила, і ти не маєш допуску до цієї інформації.  "
loc_forcestaff_p1_m1_desc,"Крізь химерні псай-конвектори силового посоха Псайкер спрямовує чисту енергію Варпу, випускаючи її на ворогів у лютій психічній кавалькаді."
loc_forcestaff_p1_m1_xbox,Камуфляж «Іній Смерті»
loc_forcestaff_p1_m1_xbox_desc,"Улюблений камуфляж полків Крижаних Воїнів Валхалли під час кампанії в затоці Масарі, відомої своєю величезною кількістю жертв і мізерними військовими здобутками. Призовники ставали ветеранами за одну ніч — що й на краще, адже мало хто доживав до другого світанку. Із п’яти світів, які Імперіум прагнув повернути у затоці Масарі, два залишилися обвугленими оболонками, а третій так і не виринув із варп-бурі, що його поглинула.  "
loc_forcestaff_p1_ml01,Ковальська Ліврея Бранкс Мінор
loc_forcestaff_p1_ps001,Шоковий силовий посох (камуфляж «Хімзона-Іл»)
loc_forcestaff_p1_ps001_desc,"Один із 91 камуфляжних візерунків, запропонованих квеситором Департаменту Муніторум Себастьяном Ксантезом у спробі стандартизувати кольори кампаній Астра Мілітарум. Трактат Ксанте́за вже 85 років перебуває «в обробці»."
loc_forcestaff_p1_ps002,Шоковий силовий посох (камуфляж «Вогняний Кіготь»)
loc_forcestaff_p1_ps002_desc,"Помічений на сотнях вулканічних світів — від Лахарі IX до Мезоа — камуфляж «Вогняний кіготь» став найбільш відомим завдяки Моебіанському 71-му полку під час кампанії «Діаболус», де запеклі бої серед потоків лави закріпили грізну репутацію полку."
loc_forcestaff_p1_ps003,Шоковий силовий посох (камуфляж «Батогокрай»)
loc_forcestaff_p1_ps003_desc,"Цей візерунок імітує мінливі тіні безлічі ксенос-структур, що вкривають сірчані пустелі Саріуса III. Нещодавно взвод Моебіанського 120-го був відправлений на Саріус III для розслідування дивних ксенос-руїн. Після повернення всім, окрім найстарших офіцерів, стерли пам’ять…"
loc_forcestaff_p1_ps004,Шоковий силовий посох (камуфляж «Крижана тундра»)
loc_forcestaff_p1_ps004_desc,"Названий на честь Валгалльського 1212-го полку «Холоднокровних», цей камуфляж став стандартною уніформою для крижаних світів у Астра Мілітарум, застосовуваний у кампаніях від зірок Сомніум до туманності Істлайт. Чи наділяє він своїх носіїв легендарною витривалістю тих, чиє ім’я носить, — ще належить довести."
loc_forcestaff_p1_ps005,Шоковий силовий посох (камуфляж «Сонячні пустки»)
loc_forcestaff_p1_ps005_desc,"Первісно створений для розхваленої кампанії на світі смерті Рамантіус IV — планеті з трьома сонцями, де з радіаційно обпалених пісків виростали кришталеві ліси, а зубаті хижаки полювали на необережних солдатів уночі."
loc_forcestaff_p1_ps006,Ваконінська Зима
loc_forcestaff_p1_ps006_desc,"Найвідоміше застосування — у складі трифронтової бойової групи, що об’єднувала моебіанські, ноктанські та валгалльські полки; цей камуфляж став вирішальним чинником перемоги серед безкраїх колючолісів Вакона Альфа."
loc_forcestaff_p1_ps007,Шоковий силовий посох (камуфляж «Тіні боліт»)
loc_forcestaff_p1_ps007_desc,"Створений як альтернативний камуфляж для Фенґвардів із туманних боліт Друк VI, цей візерунок став еталоном для бойових зон — від заболочених рівнин до дощових ліній окопів."
loc_forcestaff_p1_ps008,Силовий посох Р1
loc_forcestaff_p1_ps008_desc,Skin
loc_forcestaff_p1_us001,Камуфляж «Каср»
loc_forcestaff_p1_us001_1553,Лють Зими
loc_forcestaff_p1_us001_739,Шоковий силовий посох (камуфляж «Мехрайтова чума»)
loc_forcestaff_p1_us001_739_desc,"Цей камуфляж востаннє використовували серед задушливих іржавих дюн Меґіддіо Септими, де об’єднані сили Моебіанського 55-го та 6-го Піранського Драгунського полків билися з ельдарами за контроль над величезним сховищем археотехнологій."
loc_forcestaff_p1_us001_desc,"Названий на честь великих фортець-міст Кадії, цей камуфляж є одним із кількох простих нейтральних візерунків, прийнятих славетними Касркінами. Популярність цього забарвлення забезпечена підтримкою таких елітних підрозділів."
loc_forcestaff_p1_us002,Камуфляж «Каср»
loc_forcestaff_p1_us002_1551,Силовий посох придушення натовпу (бренд «Охорона»)
loc_forcestaff_p1_us002_1551_desc,"Навіть найтупіший єретик швидко розуміє, що тріскотливого повітря краще уникати."
loc_forcestaff_p1_us002_983,Шоковий силовий посох (камуфляж «Брокад нічного сталкера»)
loc_forcestaff_p1_us002_983_desc,"Спочатку розроблений для Аеронавіґатики Імперіаліс, цей оздоблений візерунок був видимий лише неозброєним оком, але крізь ворожі приціли здавався темним, як нічне небо. Популяризований наземними екіпажами, він згодом припав до душі елітним ударним загонам та екіпажам вільних торговців по всьому Імперіуму."
loc_forcestaff_p1_us002_desc,"Названий на честь великих фортець-міст Кадії, цей камуфляж є одним із кількох простих нейтральних візерунків, прийнятих славетними Касркінами. Популярність цього забарвлення забезпечена підтримкою таких елітних підрозділів."
loc_forcestaff_p1_us004_1545,Посох Астро-телепата
loc_forcestaff_p1_us004_1545_desc,Таємничий артефакт великої сили.
loc_forcestaff_p2_cs001,Силовий посох Очищення (камуфляж «Тінь Круцісу»)
loc_forcestaff_p2_cs001_desc,"Лісовий камуфляжний візерунок, що став відомим завдяки 100-му Круцийському полку «Охоронців Дзвіниці» під час давньої кампанії на Месселіні. Ті небагато ворогів, що пережили ті битви, здобули нову повагу до тіней.  "
loc_forcestaff_p2_cs002,Силовий посох Очищення (камуфляж «Вогняні пустки»)
loc_forcestaff_p2_cs002_desc,"Колись поширений візерунок, який використовували полки Астра Мілітарум, що заслужили бойові відзнаки, винищуючи зрадників-космодесантників, відомих як «Чорні Розбійники». Лише небагато таких полків пережили десятиліття відтоді… немовби на них полював якийсь зовнішній ворог."
loc_forcestaff_p2_m001,Силовий посох Р2
loc_forcestaff_p2_m001_desc,Skin
loc_forcestaff_p2_m002,Силовий посох Р2
loc_forcestaff_p2_m002_desc,Skin
loc_forcestaff_p2_m003,Силовий посох Р2
loc_forcestaff_p2_m003_desc,Skin
loc_forcestaff_p2_m1,Силовий посох Очищення Ріфтхафен Мк II
loc_forcestaff_p2_m1_desc,"Інквізитор веде вперед словами милості, тримаючи силовий посох як символ віри. Але не помиляйся: вони — не пастирі смиренних. Вони — руйнівники світів.
— Верховний еклезіарх Ренальд Котар"
loc_forcestaff_p2_ml01,Ковальська Ліврея Бранкс Мінор
loc_forcestaff_p2_ps001,Силовий посох Очищення (камуфляж «Хімзона-Іл»)
loc_forcestaff_p2_ps001_desc,"Один із 91 камуфляжних візерунків, запропонованих квеситором Департаменту Муніторум Себастьяном Ксантезом у спробі стандартизувати кольори кампаній Астра Мілітарум. Трактат Ксанте́за вже 85 років перебуває «в обробці»."
loc_forcestaff_p2_ps002,Силовий посох Очищення (камуфляж «Вогняний Кіготь»)
loc_forcestaff_p2_ps002_desc,"Помічений на сотнях вулканічних світів — від Лахарі IX до Мезоа — камуфляж «Вогняний кіготь» став найбільш відомим завдяки Моебіанському 71-му полку під час кампанії «Діаболус», де запеклі бої серед потоків лави закріпили грізну репутацію полку."
loc_forcestaff_p2_ps003,Силовий посох Очищення (камуфляж «Батогокрай»)
loc_forcestaff_p2_ps003_desc,"Цей візерунок імітує мінливі тіні безлічі ксенос-структур, що вкривають сірчані пустелі Саріуса III. Нещодавно взвод Моебіанського 120-го був відправлений на Саріус III для розслідування дивних ксенос-руїн. Після повернення всім, окрім найстарших офіцерів, стерли пам’ять…"
loc_forcestaff_p2_ps004,Силовий посох Очищення (камуфляж «Крижана тундра»)
loc_forcestaff_p2_ps004_desc,"Названий на честь Валгалльського 1212-го полку «Холоднокровних», цей камуфляж став стандартною уніформою для крижаних світів у Астра Мілітарум, застосовуваний у кампаніях від зірок Сомніум до туманності Істлайт. Чи наділяє він своїх носіїв легендарною витривалістю тих, чиє ім’я носить, — ще належить довести."
loc_forcestaff_p2_ps005,Силовий посох Очищення (камуфляж «Сонячні пустки»)
loc_forcestaff_p2_ps005_desc,"Первісно створений для розхваленої кампанії на світі смерті Рамантіус IV — планеті з трьома сонцями, де з радіаційно обпалених пісків виростали кришталеві ліси, а зубаті хижаки полювали на необережних солдатів уночі."
loc_forcestaff_p2_ps006,Ваконінська Зима
loc_forcestaff_p2_ps006_desc,"Найвідоміше застосування — у складі трифронтової бойової групи, що об’єднувала моебіанські, ноктанські та валгалльські полки; цей камуфляж став вирішальним чинником перемоги серед безкраїх колючолісів Вакона Альфа."
loc_forcestaff_p2_ps007,Силовий посох Очищення (камуфляж «Тіні боліт»)
loc_forcestaff_p2_ps007_desc,"Створений як альтернативний камуфляж для Фенґвардів із туманних боліт Друк VI, цей візерунок став еталоном для бойових зон — від заболочених рівнин до дощових ліній окопів."
loc_forcestaff_p2_ps008,Силовий посох Р2
loc_forcestaff_p2_ps008_desc,Skin
loc_forcestaff_p3_cs001,Силовий посох Сплеску (камуфляж «Тінь Круцісу»)
loc_forcestaff_p3_cs001_desc,"Лісовий камуфляжний візерунок, що став відомим завдяки 100-му Круцийському полку «Охоронців Дзвіниці» під час давньої кампанії на Месселіні. Ті небагато ворогів, що пережили ті битви, здобули нову повагу до тіней.  "
loc_forcestaff_p3_cs002,Силовий посох Сплеску (камуфляж «Вогняні пустки»)
loc_forcestaff_p3_cs002_desc,"Колись поширений візерунок, який використовували полки Астра Мілітарум, що заслужили бойові відзнаки, винищуючи зрадників-космодесантників, відомих як «Чорні Розбійники». Лише небагато таких полків пережили десятиліття відтоді… немовби на них полював якийсь зовнішній ворог."
loc_forcestaff_p3_m001,Силовий посох Р3
loc_forcestaff_p3_m001_desc,Skin
loc_forcestaff_p3_m002,Силовий посох Р3
loc_forcestaff_p3_m002_desc,Skin
loc_forcestaff_p3_m003,Силовий посох Р3
loc_forcestaff_p3_m003_desc,Skin
loc_forcestaff_p3_m1,Силовий посох Сплеску Номанус Мк VI
loc_forcestaff_p3_m1_desc,"Силовий посох заземлює Псайкера, допомагаючи йому чинити опір демонічній одержимості."
loc_forcestaff_p3_ml01,Ковальська Ліврея Бранкс Мінор
loc_forcestaff_p3_ps001,Силовий посох Сплеску (камуфляж «Хімзона-Іл»)
loc_forcestaff_p3_ps001_desc,"Один із 91 камуфляжних візерунків, запропонованих квеситором Департаменту Муніторум Себастьяном Ксантезом у спробі стандартизувати кольори кампаній Астра Мілітарум. Трактат Ксанте́за вже 85 років перебуває «в обробці»."
loc_forcestaff_p3_ps002,Силовий посох Сплеску (камуфляж «Вогняний Кіготь»)
loc_forcestaff_p3_ps002_desc,"Помічений на сотнях вулканічних світів — від Лахарі IX до Мезоа — камуфляж «Вогняний кіготь» став найбільш відомим завдяки Моебіанському 71-му полку під час кампанії «Діаболус», де запеклі бої серед потоків лави закріпили грізну репутацію полку."
loc_forcestaff_p3_ps003,Силовий посох Сплеску (камуфляж «Батогокрай»)
loc_forcestaff_p3_ps003_desc,"Цей візерунок імітує мінливі тіні безлічі ксенос-структур, що вкривають сірчані пустелі Саріуса III. Нещодавно взвод Моебіанського 120-го був відправлений на Саріус III для розслідування дивних ксенос-руїн. Після повернення всім, окрім найстарших офіцерів, стерли пам’ять…"
loc_forcestaff_p3_ps004,Силовий посох Сплеску (камуфляж «Крижана тундра»)
loc_forcestaff_p3_ps004_desc,"Названий на честь Валгалльського 1212-го полку «Холоднокровних», цей камуфляж став стандартною уніформою для крижаних світів у Астра Мілітарум, застосовуваний у кампаніях від зірок Сомніум до туманності Істлайт. Чи наділяє він своїх носіїв легендарною витривалістю тих, чиє ім’я носить, — ще належить довести."
loc_forcestaff_p3_ps005,Силовий посох Сплеску (камуфляж «Сонячні пустки»)
loc_forcestaff_p3_ps005_desc,"Первісно створений для розхваленої кампанії на світі смерті Рамантіус IV — планеті з трьома сонцями, де з радіаційно обпалених пісків виростали кришталеві ліси, а зубаті хижаки полювали на необережних солдатів уночі."
loc_forcestaff_p3_ps006,Ваконінська Зима
loc_forcestaff_p3_ps006_desc,"Найвідоміше застосування — у складі трифронтової бойової групи, що об’єднувала моебіанські, ноктанські та валгалльські полки; цей камуфляж став вирішальним чинником перемоги серед безкраїх колючолісів Вакона Альфа."
loc_forcestaff_p3_ps007,Силовий посох Сплеску (камуфляж «Тіні боліт»)
loc_forcestaff_p3_ps007_desc,"Створений як альтернативний камуфляж для Фенґвардів із туманних боліт Друк VI, цей візерунок став еталоном для бойових зон — від заболочених рівнин до дощових ліній окопів."
loc_forcestaff_p3_ps008,Силовий посох Р3
loc_forcestaff_p3_ps008_desc,Skin
loc_forcestaff_p4_cs001,Силовий посох удару порожнечі (камуфляж «Тінь Круцісу»)
loc_forcestaff_p4_cs001_desc,"Лісовий камуфляжний візерунок, що став відомим завдяки 100-му Круцийському полку «Охоронців Дзвіниці» під час давньої кампанії на Месселіні. Ті небагато ворогів, що пережили ті битви, здобули нову повагу до тіней.  "
loc_forcestaff_p4_cs002,Силовий посох удару порожнечі (камуфляж «Вогняні пустки»)
loc_forcestaff_p4_cs002_desc,"Колись поширений візерунок, який використовували полки Астра Мілітарум, що заслужили бойові відзнаки, винищуючи зрадників-космодесантників, відомих як «Чорні Розбійники». Лише небагато таких полків пережили десятиліття відтоді… немовби на них полював якийсь зовнішній ворог."
loc_forcestaff_p4_m001,Силовий посох Р4
loc_forcestaff_p4_m001_desc,Skin
loc_forcestaff_p4_m002,Силовий посох Р4
loc_forcestaff_p4_m002_desc,Skin
loc_forcestaff_p4_m003,Силовий посох Р4
loc_forcestaff_p4_m003_desc,Skin
loc_forcestaff_p4_m1,Силовий посох удару порожнечі Еквінокс Мк IV
loc_forcestaff_p4_m1_desc,"Нехай твій розум буде зброєю. Посох лише покликаний освітлювати темряву.
Праймаріс Псайкер Ґлена Тор"
loc_forcestaff_p4_ml01,Ковальська Ліврея Бранкс Мінор
loc_forcestaff_p4_ps001,Силовий посох удару порожнечі (камуфляж «Хімзона-Іл»)
loc_forcestaff_p4_ps001_desc,"Один із 91 камуфляжних візерунків, запропонованих квеситором Департаменту Муніторум Себастьяном Ксантезом у спробі стандартизувати кольори кампаній Астра Мілітарум. Трактат Ксанте́за вже 85 років перебуває «в обробці»."
loc_forcestaff_p4_ps002,Силовий посох удару порожнечі (камуфляж «Вогняний Кіготь»)
loc_forcestaff_p4_ps002_desc,"Помічений на сотнях вулканічних світів — від Лахарі IX до Мезоа — камуфляж «Вогняний кіготь» став найбільш відомим завдяки Моебіанському 71-му полку під час кампанії «Діаболус», де запеклі бої серед потоків лави закріпили грізну репутацію полку."
loc_forcestaff_p4_ps003,Силовий посох удару порожнечі (камуфляж «Батогокрай»)
loc_forcestaff_p4_ps003_desc,"Цей візерунок імітує мінливі тіні безлічі ксенос-структур, що вкривають сірчані пустелі Саріуса III. Нещодавно взвод Моебіанського 120-го був відправлений на Саріус III для розслідування дивних ксенос-руїн. Після повернення всім, окрім найстарших офіцерів, стерли пам’ять…"
loc_forcestaff_p4_ps004,Силовий посох удару порожнечі (камуфляж «Крижана тундра»)
loc_forcestaff_p4_ps004_desc,"Названий на честь Валгалльського 1212-го полку «Холоднокровних», цей камуфляж став стандартною уніформою для крижаних світів у Астра Мілітарум, застосовуваний у кампаніях від зірок Сомніум до туманності Істлайт. Чи наділяє він своїх носіїв легендарною витривалістю тих, чиє ім’я носить, — ще належить довести."
loc_forcestaff_p4_ps005,Силовий посох удару порожнечі (камуфляж «Сонячні пустки»)
loc_forcestaff_p4_ps005_desc,"Первісно створений для розхваленої кампанії на світі смерті Рамантіус IV — планеті з трьома сонцями, де з радіаційно обпалених пісків виростали кришталеві ліси, а зубаті хижаки полювали на необережних солдатів уночі."
loc_forcestaff_p4_ps006,Ваконінська Зима
loc_forcestaff_p4_ps006_desc,"Найвідоміше застосування — у складі трифронтової бойової групи, що об’єднувала моебіанські, ноктанські та валгалльські полки; цей камуфляж став вирішальним чинником перемоги серед безкраїх колючолісів Вакона Альфа."
loc_forcestaff_p4_ps007,Силовий посох удару порожнечі (камуфляж «Тіні боліт»)
loc_forcestaff_p4_ps007_desc,"Створений як альтернативний камуфляж для Фенґвардів із туманних боліт Друк VI, цей візерунок став еталоном для бойових зон — від заболочених рівнин до дощових ліній окопів."
loc_forcestaff_p4_ps008,Силовий посох Р4
loc_forcestaff_p4_ps008_desc,Skin
loc_forcesword_2h_p1_cs001,Великий меч Сили Полум’я (камуфляж «Нічна паслінь Круциса»)
loc_forcesword_2h_p1_cs002,Великий меч Сили Полум’я (камуфляж «Вогняні пустки»)
loc_forcesword_2h_p1_m1_desc,"Іноді званий силовим фальчіоном, цей важкий клинок стає відносно легким у руках псайкера: його психоконвектори надають йому неочікуваної грації та сили."
loc_forcesword_2h_p1_ml01,Ковальська Ліврея Бранкс Мінор
loc_forcesword_2h_p1_us001_1553,Крижаний Осколок
loc_forcesword_2h_p1_us001_1553_desc,"З лезом, що кусає, мов завиваючий арктичний вітер, цей меч скуштував крові безлічі ворогів Імператора."
loc_forcesword_npc_p1_m1,++ PERDITUM SANCTUS ++
loc_forcesword_npc_p1_m1_desc,++ PERDITUM SANCTUS ++
loc_forcesword_p1_cs001,Силовий клинок полум’я (камуфляж «Тінь Круцісу»)
loc_forcesword_p1_cs001_desc,"Лісовий камуфляжний візерунок, що став відомим завдяки 100-му Круцийському полку «Охоронців Дзвіниці» під час давньої кампанії на Месселіні. Ті небагато ворогів, що пережили ті битви, здобули нову повагу до тіней.  "
loc_forcesword_p1_cs002,Силовий клинок полум’я (камуфляж «Вогняні пустки»)
loc_forcesword_p1_cs002_desc,"Колись поширений візерунок, який використовували полки Астра Мілітарум, що заслужили бойові відзнаки, винищуючи зрадників-космодесантників, відомих як «Чорні Розбійники». Лише небагато таких полків пережили десятиліття відтоді… немовби на них полював якийсь зовнішній ворог."
loc_forcesword_p1_locname,Силовий клинок полум’я (камуфляж «Іній смерті»)
loc_forcesword_p1_locname_desc,"Улюблений камуфляж полків Крижаних Воїнів Валхалли під час кампанії в затоці Масарі, відомої своєю величезною кількістю жертв і мізерними військовими здобутками. Призовники ставали ветеранами за одну ніч — що й на краще, адже мало хто доживав до другого світанку. Із п’яти світів, які Імперіум прагнув повернути у затоці Масарі, два залишилися обвугленими оболонками, а третій так і не виринув із варп-бурі, що його поглинула.  "
loc_forcesword_p1_m001,Силовий меч Р2
loc_forcesword_p1_m001_desc,Skin
loc_forcesword_p1_m002,Силовий меч Р2
loc_forcesword_p1_m002_1499,Вітання Титаноліту
loc_forcesword_p1_m002_1499_desc,Його носили обрані вартові Преторіанської Ґвардії під час своєї варти в тіні Титанолітів Святої Терри. Лише жменька уніформ і спорядження з цим візерунком досі перебувають в обігу.
loc_forcesword_p1_m002_desc,Skin
loc_forcesword_p1_m003,Силовий меч Р2
loc_forcesword_p1_m003_desc,Skin
loc_forcesword_p1_m1,Силовий клинок полум’я Обскурус Мк II
loc_forcesword_p1_m1_deluxe,Силовий клинок полум’я (камуфляж «Мортіс оператив»)
loc_forcesword_p1_m1_deluxe_desc,"Оперативники Смерті — це таємне коло в межах бойової групи Ґрендила, і ти не маєш допуску до цієї інформації.  "
loc_forcesword_p1_m1_desc,"Вишукана зброя, що стає воістину могутньою в руках Псайкера."
loc_forcesword_p1_m1_xbox,Камуфляж «Іній Смерті»
loc_forcesword_p1_m1_xbox_desc,"Улюблений камуфляж полків Крижаних Воїнів Валхалли під час кампанії в затоці Масарі, відомої своєю величезною кількістю жертв і мізерними військовими здобутками. Призовники ставали ветеранами за одну ніч — що й на краще, адже мало хто доживав до другого світанку. Із п’яти світів, які Імперіум прагнув повернути у затоці Масарі, два залишилися обвугленими оболонками, а третій так і не виринув із варп-бурі, що його поглинула.  "
loc_forcesword_p1_m2,Силовий клинок полум’я Деймос Мк IV
loc_forcesword_p1_m2_desc,"Крізь силовий клинок Псайкер може спрямувати жахливу кількість енергії Варпу, і лезо стає смертельним провідником між розумом Псайкера та плоттю ворога."
loc_forcesword_p1_m3,Силовий клинок полум’я Іліссі Мк V
loc_forcesword_p1_m3_desc,"Улюблені Ордо Єретикус: силові клинки Іліссі містять туго сплетену псай-матрицю всередині своїх карбосталевих лез, що робить зброю вкрай стійкою до скверни."
loc_forcesword_p1_ml01,Ковальська Ліврея Бранкс Мінор
loc_forcesword_p1_ps001,Силовий клинок полум’я (камуфляж «Хімзона-Іл»)
loc_forcesword_p1_ps001_desc,"Один із 91 камуфляжних візерунків, запропонованих квеситором Департаменту Муніторум Себастьяном Ксантезом у спробі стандартизувати кольори кампаній Астра Мілітарум. Трактат Ксанте́за вже 85 років перебуває «в обробці»."
loc_forcesword_p1_ps002,Силовий клинок полум’я (камуфляж «Вогняний Кіготь»)
loc_forcesword_p1_ps002_desc,"Помічений на сотнях вулканічних світів — від Лахарі IX до Мезоа — камуфляж «Вогняний кіготь» став найбільш відомим завдяки Моебіанському 71-му полку під час кампанії «Діаболус», де запеклі бої серед потоків лави закріпили грізну репутацію полку."
loc_forcesword_p1_ps003,Силовий клинок полум’я (камуфляж «Батогокрай»)
loc_forcesword_p1_ps003_desc,"Цей візерунок імітує мінливі тіні безлічі ксенос-структур, що вкривають сірчані пустелі Саріуса III. Нещодавно взвод Моебіанського 120-го був відправлений на Саріус III для розслідування дивних ксенос-руїн. Після повернення всім, окрім найстарших офіцерів, стерли пам’ять…"
loc_forcesword_p1_ps004,Силовий клинок полум’я (камуфляж «Крижана тундра»)
loc_forcesword_p1_ps004_desc,"Названий на честь Валгалльського 1212-го полку «Холоднокровних», цей камуфляж став стандартною уніформою для крижаних світів у Астра Мілітарум, застосовуваний у кампаніях від зірок Сомніум до туманності Істлайт. Чи наділяє він своїх носіїв легендарною витривалістю тих, чиє ім’я носить, — ще належить довести."
loc_forcesword_p1_ps005,Силовий клинок полум’я (камуфляж «Сонячні пустки»)
loc_forcesword_p1_ps005_desc,"Первісно створений для розхваленої кампанії на світі смерті Рамантіус IV — планеті з трьома сонцями, де з радіаційно обпалених пісків виростали кришталеві ліси, а зубаті хижаки полювали на необережних солдатів уночі."
loc_forcesword_p1_ps006,Ваконінська Зима
loc_forcesword_p1_ps006_desc,"Найвідоміше застосування — у складі трифронтової бойової групи, що об’єднувала моебіанські, ноктанські та валгалльські полки; цей камуфляж став вирішальним чинником перемоги серед безкраїх колючолісів Вакона Альфа."
loc_forcesword_p1_ps007,Силовий клинок полум’я (камуфляж «Тіні боліт»)
loc_forcesword_p1_ps007_desc,"Створений як альтернативний камуфляж для Фенґвардів із туманних боліт Друк VI, цей візерунок став еталоном для бойових зон — від заболочених рівнин до дощових ліній окопів."
loc_forcesword_p1_ps008,Силовий меч Р2
loc_forcesword_p1_ps008_desc,Skin
loc_forcesword_p1_s001,Камуфляж для боїв у місті
loc_forcesword_p1_s001_1123,Силовий клинок полум’я (камуфляж «Святинський лазуровий»)
loc_forcesword_p1_s001_1123_desc,"""Ти можеш казати, що слабких слід зневажати, бо вони прокладають шлях до єресі. Але ні! слабких слід вести сильним вірою. Тільки тоді їхня жертва матиме сенс.
— Якобія Лант, жрець Месселіни"""
loc_forcesword_p1_s001_1545,Залізна воля
loc_forcesword_p1_s001_1545_desc,Десятиліття зв’язку з киплячими енергіями Варпу надали цьому клинку бронзового блиску.
loc_forcesword_p1_s001_desc,"Поширена схема камуфляжу для боїв у місті Астра Мілітарум, яку активно використовували підкріплювальні полки під час битви за Кадіанську браму."
loc_forcesword_p1_um001,Силовий клинок Дознавача
loc_forcesword_p1_um001_desc,"Страхітлива зброя в умілому руці. Коли цей клинок вихоплено, приховати свою Інквізиторську належність вже неможливо. Тож переконайся, що не лишиться нікого, хто б зміг переказати побачене."
loc_forcesword_p1_us001,Камуфляж «Каср»
loc_forcesword_p1_us001_1179,Силовий клинок полум’я (камуфляж «Парад Моебіан»)
loc_forcesword_p1_us001_1179_desc,"Більшість моебіанських полків мають два комплекти парадної форми — один для полкових церемоній і офіційних зборів Астра Мілітарум, а другий створено спеціально для парадів у присутності лорда Констанса Марґрейва."
loc_forcesword_p1_us001_desc,"Названий на честь великих фортець-міст Кадії, цей камуфляж є одним із кількох простих нейтральних візерунків, прийнятих славетними Касркінами. Популярність цього забарвлення забезпечена підтримкою таких елітних підрозділів."
loc_forcesword_p1_us002,Камуфляж «Каср»
loc_forcesword_p1_us002_112,Силовий клинок (камуфляж «Монтар»)
loc_forcesword_p1_us002_112_desc,"Система Монтар здавна є зоною війни, що потерпає від вторгнень амбітних Орк-вождів і конклавів Відступників Хаосу. Камуфляж «монтарський спліттер» — універсальний деструктивний візерунок, який видавали кільком полкам Астра Мілітарум, дозволяючи швидко перекидати війська в межах системи з різноманітними середовищами."
loc_forcesword_p1_us002_855,Силовий клинок полум’я (камуфляж «Кров Святої»)
loc_forcesword_p1_us002_855_desc,"Коли темні вітри єресі здіймаються, може здаватися, що твої шанси мізерні. Але якщо ти несеш світло Імператора в собі, ти станеш непорушним бастіоном серед бурі.
— Із проповіді Якобії Лант, жриці Месселіни."
loc_forcesword_p1_us002_desc,"Названий на честь великих фортець-міст Кадії, цей камуфляж є одним із кількох простих нейтральних візерунків, прийнятих славетними Касркінами. Популярність цього забарвлення забезпечена підтримкою таких елітних підрозділів."
loc_frateris_militia_a_01_lowerbody_set_01,Одяг ополчення Мученика
loc_frateris_militia_a_01_lowerbody_set_01_desc,"Шкіра й досі лишається відносно дешевим і міцним засобом захисту. Лише не питай, з кого вона знята."
loc_frateris_militia_a_01_lowerbody_set_02,Одяг ополчення Сангвінія
loc_frateris_militia_a_01_lowerbody_set_02_desc,"Якщо ти не вознесеш хвалу Володареві Людства, то твоє життя — віддане.
Посестра в Золоті Клариса Говдан"
loc_frateris_militia_a_01_lowerbody_set_05,Одяг ополчення Покути
loc_frateris_militia_a_01_lowerbody_set_05_desc,"Рідкісний приклад того, як одна з вірних приймає скромне вбрання."
loc_frateris_militia_a_02_lowerbody_set_01,Пілігримські штани (рівень тертя мученика III)
loc_frateris_militia_a_02_lowerbody_set_01_desc,"Коли очищуєш галактику від зрадників, відьом, невірних і ксеносів, добре мати штани, що дають повний діапазон руху. Гнучкі, але не настільки зручні, щоб тобі було за що каятися. ""Будь непримітним на вигляд, бо справжньому воякові Імператорової Віри не потрібне показне вбрання — лише істинна переконаність."""
loc_frateris_militia_a_02_lowerbody_set_02,Одяг ополчення «Полум’яний закон»
loc_frateris_militia_a_02_lowerbody_set_02_desc,"Твоя секта вірить у скромне вбрання, але також у вогнестійкі властивості шкіри. Палаючі відьми становлять серйозну пожежну небезпеку."
loc_frateris_militia_a_02_lowerbody_set_03,Одяг ополчення «Велика Відплата»
loc_frateris_militia_a_02_lowerbody_set_03_desc,За твоєю відданістю тебе впізнають. За твоїм запалом тебе судитимуть.
loc_frateris_militia_a_02_lowerbody_set_04,Одяг ополчення «Велика Глоріана»
loc_frateris_militia_a_02_lowerbody_set_04_desc,"Це вбрання, хоч колись і було величнішим понад усяк рахунок, тепер уже бачило кращі часи."
loc_frateris_militia_a_02_lowerbody_set_05,Одяг ополчення «Велика Покута» (триразово благословенний)
loc_frateris_militia_a_02_lowerbody_set_05_desc,"Ці штани раніше служили двом різним Мученикам справи Імператора. Кажуть, утретє приходить справжня милість…"
loc_frateris_militia_a_03_headgear_set_01,Шолом Покори Інкантата Мк IVa
loc_frateris_militia_a_03_headgear_set_01_desc,"Побачена істина має сумнівну користь. Лише затуливши очі, можна визначити праведність."
loc_frateris_militia_a_03_headgear_set_04,Шолом Покори Інкантата Мк IVn
loc_frateris_militia_a_03_headgear_set_04_desc,"Знайдений у скарбниці на Павані. Невідомо, звідки він походив і кому належав востаннє."
loc_frateris_militia_a_03_lowerbody_set_01,Броня оперативника-ад’юдикатора
loc_frateris_militia_a_03_lowerbody_set_01_desc,"Хоч поїдена міллю й крихка, ці речі надто святі, щоб їх просто відкинути."
loc_frateris_militia_a_03_lowerbody_set_02,Регалія святого помазувальника
loc_frateris_militia_a_03_lowerbody_set_02_desc,"Багато каплиць і святинь Круцісу вербують власні загони ополчення, посилаючи їх звершувати великі діла та нести Слово Імператора."
loc_frateris_militia_a_03_lowerbody_set_04,Броня оперативника-ілюмінатора
loc_frateris_militia_a_03_lowerbody_set_04_desc,"Ймовірно задумана як хитрий камуфляж, і якби не велич здвоєної нагрудної пластини, могла б бути успішною."
loc_frateris_militia_a_03_lowerbody_set_05,Одяг оперативника-освячувача
loc_frateris_militia_a_03_lowerbody_set_05_desc,"Ти гадаєш, я маю ховатися серед руїн, коли віра в Бога-Імператора відведе усі кулі?
Проповідник Вознесений Найлл Кінсон"
loc_frateris_militia_a_03_lowerbody_set_06,Позолочене кармінове вбрання Смиренника
loc_frateris_militia_a_03_lowerbody_set_06_desc,Під час роботи хранителя сувоїв доводиться чимало стояти навколішки. Це вбрання має полегшити цей тягар.
loc_frateris_militia_a_04_lowerbody_set_04,Одяг служителя Глоріани
loc_frateris_militia_a_04_lowerbody_set_04_desc,"Ці штани бачили кращі часи. Та зрештою, ти й сам не той, хто має судити, чи не так?"
loc_frateris_militia_a_04_lowerbody_set_05,Одяг ополчення Війська Віри
loc_frateris_militia_a_04_lowerbody_set_05_desc,Навіть грубі навички шиття стають у пригоді під час лагодження уніформи та найпростіших польових хірургічних втручань.
loc_frateris_militia_a_05_lowerbody_set_01,Одяг ополчення Викупителів святого Луція
loc_frateris_militia_a_05_lowerbody_set_01_desc,"Кожен доброволець ополчення Братства Віри отримував однакову уніформу. Особливо ефективними виявилися сталеві наконечники чобіт, якими легко навчити невірних покори."
loc_frateris_militia_a_05_lowerbody_set_02,Одяг Вченого Сангвінія
loc_frateris_militia_a_05_lowerbody_set_02_desc,Цим чоботам украй потрібна нова підошва.
loc_frateris_militia_a_05_lowerbody_set_03,Уніформа Конклаву Святого Імператора
loc_frateris_militia_a_05_lowerbody_set_03_desc,"Виворіт цих штанів шорсткіший за наждачний папір, аби з кожним кроком справжній каятник страждав і не відводив думок від праведної справи."
loc_frateris_militia_a_05_lowerbody_set_05,Одяг покутого Вченого
loc_frateris_militia_a_05_lowerbody_set_05_desc,"Стережіться, єретики! Мені є що покутувати. І я зроблю це у вашій крові!
Сповідник Арка Тюдор"
loc_frateris_militia_a_06_headgear_set_01,Знайдений бойовий шолом Ґрая Мк Va
loc_frateris_militia_a_06_headgear_set_01_desc,"Побите спорядження, як і побиті душі, усе ще може служити задуму Імператора."
loc_frateris_militia_a_06_headgear_set_04,Знайдений бойовий шолом Ґрая Мк Vf
loc_frateris_militia_a_06_headgear_set_04_desc,"Моебіанський 51-й не марнує добре спорядження на новобранців — командири вважають, що воно корисніше в руках досвідчених вояків."
loc_frateris_militia_a_06_lowerbody_set_01,Знайдене бойове спорядження Мілітаруму (802-й Кадіанський)
loc_frateris_militia_a_06_lowerbody_set_01_desc,Багато вірних поводяться як вояки. Мало хто — справді має належні навички.
loc_frateris_militia_a_06_lowerbody_set_03,Знайдене бойове спорядження Мілітаруму (камуфляж «Міськобійний»)
loc_frateris_militia_a_06_lowerbody_set_03_desc,"Вкрадене зі скрижавлених. Хочеться сподіватися, що дарувальник був не жертвою теперішнього власника."
loc_frateris_militia_a_06_lowerbody_set_04,Знайдене бойове спорядження Мілітаруму (камуфляж «Сонячний горіння»)
loc_frateris_militia_a_06_lowerbody_set_04_desc,"Спорядження Муніторуму може витримати безліч знущань, перш ніж стане цілком непридатним."
loc_frateris_militia_a_07_lowerbody_set_05,Одяг ополчення носіїв правди Золотого Трону
loc_frateris_militia_a_07_lowerbody_set_05_desc,"Ополченці, що збираються в позолоченій Каплиці Імператорської Могутності на Тертіумі, полюбляють блискуче вбрання, золоту облямівку та жорстокі піснеспіви про долю невірних."
loc_frateris_militia_b_backpack_set_01,Трактат «Маллеус»
loc_frateris_militia_b_backpack_set_01_desc,"Фоліант заборонених знань, на жаль, незбагненних і сильно відредагованих."
loc_frateris_militia_b_headgear_set_01,Окуло-щит Муніторум Мк Ia
loc_frateris_militia_b_headgear_set_01_desc,"Закривавлений Офіціо Муніторум. Це ж кривава пов’язка на око, от і все.
Гвардієць Ґуннар Голт
Згодом страчений за заколот."
loc_frateris_militia_b_headgear_set_02,Окулярний щит Муніторум Мк Ib
loc_frateris_militia_b_headgear_set_02_desc,"Деякі вояки люблять тримати одне око закритим, аби зберегти нічний зір. Більшість утратила те саме око в бою."
loc_frateris_militia_b_lowerbody_set_02,Штани «Смертельна смуга»
loc_frateris_militia_b_lowerbody_set_02_desc,Інтригуюче поєднання кольорів…
loc_frateris_militia_b_lowerbody_set_05,Незаплямоване вбрання мученика
loc_frateris_militia_b_lowerbody_set_05_desc,"Принаймні власник твердив, що воно без вад. Насправді пошкодження лише вміло приховано."
loc_frateris_militia_upperbody_a_01_set_01,Одяг ополчення
loc_frateris_militia_upperbody_a_01_set_01_desc,"Від усіх здорових чоловіків і жінок очікують, що вони стануть під зброю в ім’я Імператора, коли пролунає поклик."
loc_frateris_militia_upperbody_a_01_set_05,Одяг ополчення Покути
loc_frateris_militia_upperbody_a_01_set_05_desc,Багато хто вступає до ополчення в покутах за давні провини — справжні чи уявні.
loc_frateris_militia_upperbody_a_02_set_02,Одяг ополчення Захисників Імператорових Декретів
loc_frateris_militia_upperbody_a_02_set_02_desc,"Якщо чесно, обітниці, сповіді та цитати зі священних текстів містять стільки помилок, що читаються вони приблизно як незнайома іноземна мова."
loc_frateris_militia_upperbody_a_02_set_03,Уніформа Відданих Золотому Трону (дивізія ополчення святого Кастора)
loc_frateris_militia_upperbody_a_02_set_03_desc,Ніхто не втече від Суду Імператора
loc_frateris_militia_upperbody_a_03_set_01,Броня оперативника-ад’юдикатора
loc_frateris_militia_upperbody_a_03_set_01_desc,"Офіційне на вигляд вбрання, пасує тому, хто почав здобувати місце в рядах бойового загону."
loc_frateris_militia_upperbody_a_03_set_02,Броня Святої Благочестивості
loc_frateris_militia_upperbody_a_03_set_02_desc,"Щоб якнайліпше вразити ворога, поєднай свою праведну лють із відданістю Імператорові."
loc_frateris_militia_upperbody_a_03_set_06,Войовнича броня хранителя сувоїв
loc_frateris_militia_upperbody_a_03_set_06_desc,"Дехто з більш язикатих слуг каже, що хранителі сувоїв Братства витрачають більше часу на полірування своєї броні, ніж на виконання обов’язків."
loc_frateris_militia_upperbody_a_05_set_01,Риза Вірних із богослужбовим шарфом
loc_frateris_militia_upperbody_a_05_set_01_desc,"Благословенні ті, що сповнені праведного гніву."
loc_frateris_militia_upperbody_a_05_set_02,Одяг Кровавого Вченого
loc_frateris_militia_upperbody_a_05_set_02_desc,Молитва на молитві записана на цих писаннях — усі вони прирікають ворога на найкривавіший кінець.
loc_frateris_militia_upperbody_a_05_set_03,Регалія Благочестивих
loc_frateris_militia_upperbody_a_05_set_03_desc,"Я приношу віру Імператора. І, без сумніву, перемога піде слідом. Богослужбовий шарф проголошує твої обітниці святої відплати."
loc_frateris_militia_upperbody_a_06_set_01,Знайдене бойове спорядження Мілітаруму (802-й Кадіанський)
loc_frateris_militia_upperbody_a_06_set_01_desc,"Судячи зі стану, це вбрання розграбували давним-давно."
loc_frateris_militia_upperbody_a_06_set_04,Знайдене бойове спорядження Мілітаруму (камуфляж «Сонячний горіння»)
loc_frateris_militia_upperbody_a_06_set_04_desc,"Печатки чистоти свідчать, що носій вільний від скверни… хоча розрізнити справжні від підроблених потребує особливого вміння."
loc_frateris_militia_upperbody_a_06_set_06,Туніка Каючогося Стигій Mk VIII
loc_frateris_militia_upperbody_a_07_set_05,Одяг Позолоченого Викупителя
loc_frateris_militia_upperbody_a_07_set_05_desc,Тричі благословенне бойове вбрання для освяченого воїна віри.
loc_frateris_militia_upperbody_b_set_05,Врятований Кровавий Одяг
loc_frateris_militia_upperbody_b_set_05_desc,"Дзвони дзвонять, аби відігнати будь-яких демонів, що можуть слухати. Принаймні така ідея. Більшість демонів значно стійкіші."
loc_frateris_militia_upperbody_c_var_03,Вбрання Гексорциста (камуфляж «Крижаний смуток»)
loc_frateris_militia_upperbody_c_var_03_desc,"Гексорцисти вірять, що найліпший спосіб поширювати свою віру — крізь ствол зброї."
loc_frateris_militia_upperbody_d_var_01,Одяг Благочестивого Прапороносця
loc_frateris_militia_upperbody_d_var_01_desc,"Це вбрання зі шкіри та полірованої сталі — улюблене серед тих, хто прагне спрямувати гнів Імператора на тих, кого вони вважають відступниками від праведного шляху."
loc_frateris_militia_upperbody_e_var_02,Вбрання Каятника
loc_frateris_militia_upperbody_e_var_02_desc,"Традиційне вбрання, яке носять хранителі святинь у часи війни. Разом із безликими каптурами воно перетворює їх із мирних доглядачів на лютих янголів відплати, готових вершити суд Імператора."
loc_frateris_militia_upperbody_g_var_02,Вбрання Катехиста
loc_frateris_militia_upperbody_g_var_02_desc,"Кожен із черепів, що прикрашають ці ризи, колись належав видатному катехисту. Лише справді гідних обирають продовжити службу й після того, як смерть забрала їх."
loc_frateris_militia_upperbody_h_var_01,Флак-камізель Темпляра
loc_frateris_militia_upperbody_h_var_01_desc,"Можна було б подумати, що поєднання свічок і старого пергаменту призведе до аварій, та перед лицем лазерного вогню й вогнеметів це, певно, найменше з твоїх клопотів."
loc_full_hood_w_chains_01_var_01,Каптур Спокути
loc_full_hood_w_chains_01_var_01_desc,"Багатьох, чиї вчинки не дотягли до вимог Еклезіархії, більше ніколи не бачать, але декільком пощастило отримати шанс на спокуту. Надягаючи Клобук Спокути, вони кидаються на ворогів Імперіуму, щоб прославити Бог-Імператора й відпокутувати давні провини."
loc_gadget_block_cost_reduction_desc,{block_cost_multiplier:%s} ефективність блоку
loc_gadget_cooldown_desc,{ability_cooldown_modifier:%s} відновлення бойового вміння
loc_gadget_corruption_resistance_desc,{corruption_taken_multiplier:%s} опір погані
loc_gadget_grim_corruption_resistance_desc,{permanent_damage_converter_resistance:%s} опір погані (ґримуар)
loc_gadget_mission_reward_gear_instead_of_weapon_increase,++REDACTED++
loc_gadget_revive_speed_desc,{revive_speed_modifier:%s} швидкість відродження (союзника)
loc_gadget_sprint_cost_reduction_desc,{sprinting_cost_multiplier:%s} ефективність спринта
loc_gadget_stamina_regeneration_desc,{stamina_regeneration_modifier:%s} відновлення витривалості
loc_gadget_toughness_regen_delay_desc,{toughness_regen_delay_multiplier:%s} швидкість відновлення щитів
loc_genestealer_cults_02_b_bioniceye_b_var_01,Респіратор класу «Каррум» з аугметичним імплантом ока
loc_genestealer_cults_02_b_bioniceye_b_var_01_desc,"Коли навколо тебе щомиті клубочиться розплавлений метал і отруйні випари, добрий респіратор може стати благословенням, посланим самим Імператором працівникові мануфакторію."
loc_genstealer_cults_02_b_var_01,Респіратор «Адакор»
loc_genstealer_cults_02_b_var_01_desc,"Створений на шахтарському світі Адакор, цей респіратор спеціально розроблено, щоб ефективно фільтрувати частинки руди. Завдяки цьому його високо цінують робітники численних рафінерій, розкиданих по всьому вулищу."
loc_genstealer_cults_02_c_var_01,Респіратор патерна «Фаетон»
loc_genstealer_cults_02_c_var_01_desc,"Попри більшу славу варіанта танка «Леман Росс», працьовиті техножреці світу-кузні Фаетон упродовж століть подарували Імперіуму чимало нових патернів спорядження."
loc_genstealer_cults_02_c_var_02,Респіратор патерна «Мордант»
loc_genstealer_cults_02_c_var_02_desc,"«Кислі Пси» Морданту віддають перевагу простому респіратору перед стандартними фільтраційними заглушками. Стверджують, що він забезпечує значно кращий захист у польових умовах."
loc_goggles_hedgear_a_imperial_guard_helmet_02_var_01,Флеш-окуляри патерна «Скопіос» Мк Ia із льотною маскою
loc_goggles_hedgear_a_imperial_guard_helmet_02_var_01_desc,"Цей щільно прилеглий респіратор створено, щоб компенсувати перепади тиску під час висотних десантувань у різних атмосферах."
loc_goggles_hedgear_a_imperial_guard_helmet_02_var_02,Окуляри-спалахозахист «Скопіос» Мк Ia з льотним респіратором (камуфляж «Крижаний Шрам»)
loc_goggles_hedgear_a_imperial_guard_helmet_02_var_03,Окуляри-спалахозахист «Скопіос» Мк Ia з льотним респіратором (камуфляж «Сонячний Опік»)
loc_gothic_01,Прихильність Омнісія
loc_gothic_01_desc,Машинний Бог визнав тебе гідним заслуги.
loc_gothic_02,Визнання Омнісія
loc_gothic_02_desc,Машинний Бог визнав тебе гідним уваги.
loc_gothic_03,Погорда Омнісія
loc_gothic_03_desc,Машинний Бог помітив тебе… ледь-ледь.
loc_grunt,Завжди на цілі
loc_grunt_desc,Цілься вірно — і все решта стане на місце.
loc_guardsman_c_headgear_set_02,Каптур Пішаш (камуфляж «Крижаний смуток»)
loc_guardsman_c_headgear_set_02_desc,"Після планетарного удару на пустельному світі Ґатхадра командири Моебіанського 81-го швидко зрозуміли, що стандартне спорядження вб’є їхніх вояків швидше, ніж зеленошкірі."
loc_guardsman_c_headgear_set_04,Каптур Пішаш (камуфляж «Плато»)
loc_guardsman_c_headgear_set_04_desc,"Використовуючи ніч і клуби розпеченої куряви як укриття, капітан Азґрід зненацька взяв воєводу у власному занедбаному таборі й одним пострілом зі стабера поклав край Ваагх!у."
loc_guardsman_c_lowerbody_set_01,Посилене розвідувальне спорядження (камуфляж «Чагарниковий візерунок»)
loc_guardsman_c_lowerbody_set_01_desc,"Міцні роби й чоботи, але досі мають легкий присмак токсичного мулу з попередніх битв. Не такий уже й огидний запах, як могло б здатися, але, все ж, далеко не свіжість."
loc_guardsman_c_lowerbody_set_02,Розвідувальне спорядження (камуфляж «Ваді»)
loc_guardsman_c_lowerbody_set_02_desc,"Легко броньоване, аби зменшити тягар."
loc_guardsman_c_lowerbody_set_06,Розвідувальне спорядження Хранителя Шляху
loc_guardsman_c_lowerbody_set_06_desc,"На контраст із блискучо відполірованими бронепластинами, кольчугу залишають, аби вона збирала бруд і сліди бою — нагадування Хранителю Шляху уникати спокуси гордині."
loc_guardsman_c_lowerbody_set_07,Розвідувальне спорядження (камуфляж «Тароський тьмяний»)
loc_guardsman_c_lowerbody_set_07_desc,"Статистично, штурм добре укріпленої фортеці з досвідченим командиром майже напевно призведе до твоєї смерті. Тож прагни, щоб смерть була корисною."
loc_guardsman_upperbody_c_set_01,Нагрудна плита «Аквіла Ґард»
loc_guardsman_upperbody_c_set_01_desc,"Адептус Мілітарум у Домінії Моеба зазвичай зберігає важку плитну броню для елітних полків або формувань, що ведуть вирішальні наступи. Ті обладунки, що пережили кампанії, також охоче підбирають мародери."
loc_guardsman_upperbody_c_set_02,Розвідувальне спорядження (камуфляж «Ваді»)
loc_guardsman_upperbody_c_set_02_desc,"Для військ, що рухаються легко, рясна броня — розкіш, від якої доводиться відмовлятися."
loc_guardsman_upperbody_c_set_06,Процесійна броня Хранителя Шляху
loc_guardsman_upperbody_c_set_06_desc,"Святиня святої Месселіни часто призначає Хранителя Шляху супроводжувати прочан і служителів у подорожах. Його обов’язок — передусім захист супроводу, а свічки на плечах символізують місію Святині: нести світло Імператора в найтемніші місця."
loc_hair_broker_01,hair_broker_01
loc_hair_broker_01_a,hair_broker_01_a
loc_hair_broker_01_b,hair_broker_01_b
loc_hair_broker_03,hair_broker_03
loc_hair_broker_03_a,hair_broker_03_a
loc_hair_broker_03_b,hair_broker_03_b
loc_hair_broker_04,hair_broker_04
loc_hair_broker_blonde_01,hair_broker_blonde_01
loc_hair_color_bardin,Тініум
loc_hair_color_bardin_desc,++REDACTED++
loc_hair_color_black_01,Войдит
loc_hair_color_black_01_desc,++REDACTED++
loc_hair_color_black_02,Облівій
loc_hair_color_black_02_desc,++REDACTED++
loc_hair_color_blonde_01,Аурик
loc_hair_color_blonde_01_desc,++REDACTED++
loc_hair_color_blonde_02,Радіакс
loc_hair_color_blonde_02_desc,++REDACTED++
loc_hair_color_blonde_03,Короніт
loc_hair_color_blonde_03_desc,++REDACTED++
loc_hair_color_broker_blue_01,hair_color_broker_blue_01
loc_hair_color_broker_blue_02,hair_color_broker_blue_02
loc_hair_color_broker_green_01,hair_color_broker_green_01
loc_hair_color_broker_purple_01,hair_color_broker_purple_01
loc_hair_color_broker_purple_02,hair_color_broker_purple_02
loc_hair_color_broker_red_01,hair_color_broker_red_01
loc_hair_color_broker_red_02,hair_color_broker_red_02
loc_hair_color_broker_yellow_01,hair_color_broker_yellow_01
loc_hair_color_brown_01,Фероксит
loc_hair_color_brown_01_desc,++REDACTED++
loc_hair_color_brown_02,Лоаміт
loc_hair_color_brown_02_desc,++REDACTED++
loc_hair_color_brown_03,Терраксит
loc_hair_color_brown_03_desc,++REDACTED++
loc_hair_color_gray_01,Аргент
loc_hair_color_gray_01_desc,++REDACTED++
loc_hair_color_gray_02,Містеріум
loc_hair_color_gray_02_desc,++REDACTED++
loc_hair_color_gray_03,Стеллікс
loc_hair_color_gray_03_desc,++REDACTED++
loc_hair_color_hive_scum_blue_01,Церулеанська фішка Слеммера
loc_hair_color_hive_scum_blue_01_desc,Мати волосся хибного кольору в певних житлових блоках підвуличчя — це точно смертний вирок.
loc_hair_color_hive_scum_green_01,Адамантієвий Спецзаміс Сламмера
loc_hair_color_hive_scum_green_01_desc,Зелений колір особливо вдалого чхання чи хлюпу є вельми жаданим серед багатьох банд підвуличчя.
loc_hair_color_hive_scum_purple_01,Геліотриновий Спецзаміс Сламмера
loc_hair_color_hive_scum_purple_01_desc,"М’ясоїдні кроуліпеди, з яких добувають цю пурпурову фарбу, трапляються лише в глибинних шарах вулища."
loc_hair_color_hive_scum_red_01,Санґунітовий Спецзаміс Сламмера
loc_hair_color_hive_scum_red_01_desc,"Цю червону фарбу часто пов’язують із вуличними бандами на кшталт Крімлоків, Багряних Скорпів чи Червоних Нальотчиків."
loc_hair_color_kerilian,Ексиліт
loc_hair_color_kerilian_desc,++REDACTED++
loc_hair_color_red_01,Сангвініт
loc_hair_color_red_01_desc,++REDACTED++
loc_hair_color_red_02,Газардік
loc_hair_color_red_02_desc,++REDACTED++
loc_hair_color_red_03,Беллікозум
loc_hair_color_red_03_Desc,++REDACTED++
loc_hair_color_sienna,Пірокантит
loc_hair_color_sienna_desc,++REDACTED++
loc_hair_color_white_01,Алабастин
loc_hair_color_white_01_desc,++REDACTED++
loc_hair_long_highponytail_a,Зачіска 3
loc_hair_long_highponytail_a_desc,"Кілька банд вулика та багато санкціонованих культів Тертіуму носять довгий високий хвіст волосся, який підстригають лише під час ритуальної церемонії."
loc_hair_long_mullet_a,Зачіска 4
loc_hair_long_mullet_a_desc,++REDACTED++
loc_hair_long_powdered_wig_a,Зачіска 5
loc_hair_long_powdered_wig_a_desc,"Ніхто не знає, коли чи де почалося останнє захоплення носінням напудрених перук, але, ймовірно, його витоки — у надмірностях верхнього вулика."
loc_hair_long_tiedback_a,Зачіска 6
loc_hair_long_tiedback_a_desc,++REDACTED++
loc_hair_long_tiedback_a_fallback_hair,hair_long_tiedback_a_fallback_hair
loc_hair_long_tiedback_a_fallback_hair_desc,"Довге, доглянуте волосся, зібране назад. Використовується як запасний варіант зачіски."
loc_hair_medium_afro_a,Зачіска 7
loc_hair_medium_afro_a_desc,++REDACTED++
loc_hair_medium_battlesister_a,Зачіска 8
loc_hair_medium_battlesister_a_desc,++REDACTED++
loc_hair_medium_canoness_a,Зачіска 9
loc_hair_medium_canoness_a_desc,++REDACTED++
loc_hair_medium_dapper_a,Зачіска 10
loc_hair_medium_dapper_a_desc,++REDACTED++
loc_hair_medium_dapper_a_fallback_hair,hair_medium_dapper_a_fallback_hair
loc_hair_medium_dapper_a_fallback_hair_desc,"Доглянута, стильна зачіска. Використовується як запасний варіант зачіски."
loc_hair_medium_side_swept_afro_a,Зачіска 11
loc_hair_medium_side_swept_afro_a_des,Зачіска 12
loc_hair_medium_undercut_a,Зачіска 13
loc_hair_medium_undercut_a_desc,++REDACTED++
loc_hair_ogryn_medium_backbun_a,Зачіска 14
loc_hair_ogryn_medium_backbun_a_desc,++REDACTED++
loc_hair_short_bantu_a,Вузли Кранту (коротко підстрижені)
loc_hair_short_bantu_a_desc,Вузли Кранту
loc_hair_short_bobcut_a,Зачіска 15
loc_hair_short_bobcut_a_desc,++REDACTED++
loc_hair_short_bowlcut,Зачіска 16
loc_hair_short_bowlcut_desc,++REDACTED++
loc_hair_short_buzzcut_a,Зачіска 17
loc_hair_short_buzzcut_a_desc,++REDACTED++
loc_hair_short_buzzcut_b,Зачіска 18
loc_hair_short_buzzcut_b_desc,++REDACTED++
loc_hair_short_buzzcut_c,Зачіска 19
loc_hair_short_buzzcut_c_desc,++REDACTED++
loc_hair_short_c,Зачіска 20
loc_hair_short_c_01,Зачіска 21
loc_hair_short_c_01_desc,++REDACTED++
loc_hair_short_c_02,Зачіска 22
loc_hair_short_c_02_desc,++REDACTED++
loc_hair_short_c_desc,++REDACTED++
loc_hair_short_d,Зачіска 23
loc_hair_short_d_desc,++REDACTED++
loc_hair_short_dreads_a,Зачіска 24
loc_hair_short_dreads_a_desc,++REDACTED++
loc_hair_short_e,Зачіска 25
loc_hair_short_e_desc,++REDACTED++
loc_hair_short_horn_braids_a,Зачіска 26
loc_hair_short_horn_braids_a_desc,++REDACTED++
loc_hair_short_modular_a,Зачіска 27
loc_hair_short_modular_a_01,Зачіска 28
loc_hair_short_modular_a_01_desc,++REDACTED++
loc_hair_short_modular_a_02,Зачіска 29
loc_hair_short_modular_a_02_desc,++REDACTED++
loc_hair_short_modular_a_03,Зачіска 30
loc_hair_short_modular_a_03_desc,++REDACTED++
loc_hair_short_modular_a_04,Зачіска 31
loc_hair_short_modular_a_04_desc,++REDACTED++
loc_hair_short_modular_a_05,Зачіска 32
loc_hair_short_modular_a_05_desc,++REDACTED++
loc_hair_short_modular_a_desc,++REDACTED++
loc_hair_short_modular_b,Зачіска 33
loc_hair_short_modular_b_01,Зачіска 34
loc_hair_short_modular_b_01_desc,++REDACTED++
loc_hair_short_modular_b_02,Зачіска 35
loc_hair_short_modular_b_02_desc,++REDACTED++
loc_hair_short_modular_b_03,Зачіска 36
loc_hair_short_modular_b_03_desc,++REDACTED++
loc_hair_short_modular_b_04,Зачіска 37
loc_hair_short_modular_b_04_desc,++REDACTED++
loc_hair_short_modular_b_desc,++REDACTED++
loc_hair_short_modular_c,Зачіска 38
loc_hair_short_modular_c_02,Зачіска 39
loc_hair_short_modular_c_02_desc,++REDACTED++
loc_hair_short_modular_c_03,Зачіска 40
loc_hair_short_modular_c_03_desc,++REDACTED++
loc_hair_short_modular_c_04,Зачіска 41
loc_hair_short_modular_c_04_desc,++REDACTED++
loc_hair_short_modular_c_05,Зачіска 42
loc_hair_short_modular_c_05_desc,++REDACTED++
loc_hair_short_modular_c_desc,++REDACTED++
loc_hair_short_modular_d_02,Зачіска 43
loc_hair_short_modular_d_02_desc,++REDACTED++
loc_hair_short_modular_d_03,Зачіска 44
loc_hair_short_modular_d_03_desc,++REDACTED++
loc_hair_short_mohawk_a,Зачіска 45
loc_hair_short_mohawk_a_desc,"Коротка, скуйовджена та агресивна. Ідеальний стиль для воїна, який завжди в русі."
loc_hair_short_prisoncut_a,Зачіска 46
loc_hair_short_prisoncut_a_desc,++REDACTED++
loc_hair_short_raised_a,Зачіска 47
loc_hair_short_raised_a_desc,++REDACTED++
loc_hair_short_reverse_mohawk_a,Зачіска 48
loc_hair_short_reverse_mohawk_a_desc,++REDACTED++
loc_hair_short_shira_a,Зачіска 49
loc_hair_short_shira_a_desc,++REDACTED++
loc_head_cables_a_var_01,Імплант черепного охолодження
loc_head_cables_a_var_01_desc,"Кралл присягається на його дієвості, хоча результати не такі вже й однозначні."
loc_head_plate_a_var_01,Черепний аугмент рівня «Тета» (XXXL)
loc_head_plate_a_var_01_desc,"Схожий за конструкцією на звичайний, людського розміру варіант, цей аугметичний імплант часто містить і поліпшення кістяного черепа, значно підвищуючи здатність Оґрина мислити й робити висновки. Хоча це небагато сказано — більшість не починає з високого рівня."
loc_head_screws_a_var_01,Пам’ятні гвинти для голови
loc_head_screws_a_var_01_desc,"Ті, хто пережив останній Зимовий Наступ під час Тризубної Кампанії на фронті Домінії Моеба, відомому як Прикордонні Війни, прагнули якось відсвяткувати. Між вибором медалей або пам’ятних гвинтів у голову лише Оґрини обрали друге."
loc_hestia_pot_01,Непрощений
loc_hestia_pot_01_desc,Вигнаний без жодної надії.
loc_hive_scum_hood_02_rebreather_02_b_var_01,Каптур вулищного покидька (чорний)
loc_hive_scum_hood_02_rebreather_02_b_var_01_desc,"Це безлике головне вбрання ідеально зливається з натовпами, що називають місто-вулище своїм домом."
loc_hive_scum_hood_02_rebreather_02_b_var_02,Позолочений карміновий каптур
loc_hive_scum_hood_02_rebreather_02_b_var_02_desc,"Надмірне вдихання отруйних пахощів — професійний ризик для хранителів сувоїв. Багато хто обирає респіратори, хоча деякі пуристи стверджують, що це применшує їхню самопожертву."
loc_hive_scum_metal_mohawk_bandana_mask_goggles_var_01,Голова́рська маска «Різничник»
loc_hive_scum_metal_mohawk_bandana_mask_goggles_var_01_desc,"Окуляри для слабкого світла, шпильки на голові й хімічно просочена маска — безпомилкові ознаки вулищного гангера. Ці кольори найчастіше трапляються на нижчих рівнях Тертіума."
loc_hive_scum_ogryn_bandana_mask_01_var_01,Ганчір’яна маска різника
loc_hive_scum_ogryn_bandana_mask_01_var_01_desc,Ця маска фігурує в одній неприємній історії про канібалізм і каліцтво.
loc_horde_01,Блукач Розуму
loc_horde_01_desc,"Ти пройшов Театри Смертельних Страждань і вижив, щоб розповісти про це."
loc_horde_02,Розширений розум
loc_horde_02_desc,Зосередженістю та наполегливістю ти здолав випробування Театрів Смертельних Страждань.
loc_imperial_guard_helmet_05_necromunda_01_a_mask_var_01,Флак-шолом штурмовика (камуфляж «Болотно-джунглевий»)
loc_imperial_guard_helmet_05_necromunda_01_a_mask_var_01_desc,"З вбудованим ауспекс-націлювачем і сигнальним світлом цей шолом гарантує, що ти б’єшся на піку своїх можливостей. Імператор не чекав би меншого."
loc_imperial_guard_jacket_a_lowerbody_set_01,Бойове спорядження старшого офіцера (Кадіанський 802-й)
loc_imperial_guard_jacket_a_lowerbody_set_01_desc,"Ті, що командують, завжди мають найкраще спорядження. Було б жахливо, якби з ним щось сталося.
Гвардієць Лекса Рока"
loc_imperial_guard_jacket_a_lowerbody_set_05,Штани танкіста (155-й Моебіанський броньований)
loc_imperial_guard_jacket_a_lowerbody_set_05_desc,"Шкіряні штани кавалерійських чи моторизованих бригад високо цінуються, бо вони міцні та витривалі."
loc_imperial_guard_jacket_a_set_01,Бойове спорядження старшого офіцера (Кадіанський 802-й)
loc_imperial_guard_jacket_a_set_01_desc,"У Кадіанських полках старші офіцери б’ються на передовій — щоб краще надихати чоловіків і жінок, що служать під їхнім командуванням."
loc_imperial_guard_jacket_a_set_05,Офіцерська шкіра (камуфляж «Болотно-джунглевий»)
loc_imperial_guard_jacket_a_set_05_desc,"Попередній власник не заслуговував на цю куртку. Принаймні, так ти собі кажеш (не хвилюйся, це працює)."
loc_imperial_guard_jacket_b_set_06,"Офіцерська куртка (стиль Ґрісфілд, червона)"
loc_imperial_guard_jacket_b_set_06_desc,Також відома як куртка стилю Ґрісфілд: має три застібки — по одній за кожну переможну кампанію того славетного командира Атоми Прайм.
loc_imperial_guard_jacket_c_lowerbody_set_01,Святкове вбрання Капера Величі
loc_imperial_guard_jacket_c_lowerbody_set_01_desc,"Дерев’яна нога, на жаль, не є опцією."
loc_imperial_guard_jacket_c_lowerbody_set_03,Шкура Капера
loc_imperial_guard_jacket_c_lowerbody_set_03_desc,"Ці шкіряні елементи повинні надавати певний захист від відкритого вогню. Та попри всі варіанти спорядження, краще ніколи не перевіряти це на практиці."
loc_imperial_guard_jacket_c_lowerbody_set_05,Штани капера-мученика
loc_imperial_guard_jacket_c_lowerbody_set_05_desc,"На випадок, коли ти абсолютно точно хочеш, щоб ворог побачив тебе здалеку."
loc_imperial_guard_jacket_c_set_01,Святкове вбрання Капера Величі
loc_imperial_guard_jacket_c_set_01_desc,Вільний Торговець. Пірат. Урешті-решт — те саме.
loc_imperial_guard_jacket_c_set_03,Убрання доблесного офіцера
loc_imperial_guard_jacket_c_set_03_desc,Деякі уніформи краще за інші промовляють: «Старший офіцер…»
loc_imperial_guard_jacket_d_lowerbody_set_01,Піжонка Рейлера Прірви
loc_imperial_guard_jacket_d_lowerbody_set_02,Регалія Нальотчиків Деркама (елітарна гвардія)
loc_imperial_guard_jacket_d_lowerbody_set_02_desc,"Зухвала уніформа Моебіанського 260-го — це традиція, що бере свій початок століття тому і відсилає до вулищних банд, з яких вони вербують рекрутів."
loc_imperial_guard_jacket_d_lowerbody_set_03,Роби з шкури Теремта-Линкса
loc_imperial_guard_jacket_d_lowerbody_set_03_desc,"Теремета-линкси цінуються за розкішне хутро, завдяки своїй люті та рідкісності. Полювання на них на Нокс Альфа завжди було небезпечним, а після фатального розгортання Моебіанського VI-го на приречений Світ Смерті стало й зовсім немислимим."
loc_imperial_guard_jacket_d_lowerbody_set_06,Роби вулищної банди «Скаттл»
loc_imperial_guard_jacket_d_lowerbody_set_06_desc,"Зручно притерті — ці роби імітують колір токсичного мулу, що так часто трапляється в надрах глибинного вулища."
loc_imperial_guard_jacket_d_lowerbody_set_07,imperial_guard_jacket_d_lowerbody_set_07
loc_imperial_guard_jacket_d_lowerbody_set_07_desc,Штани у стилі вулищного покидька. Синя кольорова гама.
loc_imperial_guard_jacket_d_set_01,Піжонка Рейлера Прірви
loc_imperial_guard_jacket_d_set_02,Офіцерська куртка Моебіанського 455-го
loc_imperial_guard_jacket_d_set_02_desc,"Міцна, витривала й трохи загрозлива. Чорні шкіряні куртки — стильний вибір для вулищних гангерів, Імперських Комісарів та Астра Мілітарум однаково."
loc_imperial_guard_jacket_d_set_06,Куртка танкіста Моебіанського 455-го
loc_imperial_guard_jacket_d_set_06_desc,"Ці шкіра й ланцюги міцні, витривалі й ніколи не виходять із моди. Намагайся лише не продірявити її!"
loc_imperial_guard_jacket_e_lowerbody_set_01,Бойове спорядження танкіста (Кадіанський 802-й)
loc_imperial_guard_jacket_e_lowerbody_set_01_desc,Практичні кишені — справжнє благословення для кожного вояка.
loc_imperial_guard_jacket_e_set_01,Бойове спорядження танкіста (Кадіанський 802-й)
loc_imperial_guard_jacket_e_set_01_desc,"Бойові танки «Леман Росс» багато чим славні, але «спроєктовані для комфорту» — точно не серед цих чеснот."
loc_imperial_guard_jacket_f_lowerbody_set_01,Бойове спорядження командира танка (Кадіанський 802-й)
loc_imperial_guard_jacket_f_lowerbody_set_01_desc,"Історичні плями бою не так легко звести — можливо, це просто попелясті рештки попереднього власника."
loc_imperial_guard_jacket_f_lowerbody_set_02,"Стьобані штани командира танка (Моебіанський 155-й, броньований)"
loc_imperial_guard_jacket_f_lowerbody_set_02_desc,"Міцний солдат не зізнається, але коли трясеться танк чи бронемашина, добре підбиті штани справді рятують."
loc_imperial_guard_jacket_f_lowerbody_set_05,Штани танкового екіпажу (моебіанська модель III)
loc_imperial_guard_jacket_f_lowerbody_set_05_desc,"Коли очищуєш галактику від зрадників, відьом, невірних і ксеносів, добре мати штани, що дають широкий діапазон руху. Гнучкі — але не настільки зручні, щоб тобі було за що каятися."
loc_imperial_guard_jacket_f_set_02,"Бойове спорядження командира танка (Моебіанський 110-й, броньований)"
loc_imperial_guard_jacket_f_set_02_desc,Це твоя нова щаслива куртка. Про попередню ми не говоримо…
loc_imperial_guard_jacket_f_set_05,Бойове спорядження командира танка (камуфляж «Болотно-джунглевий»)
loc_imperial_guard_jacket_f_set_05_desc,Блискуча чорна шкіра танкістської куртки напевно викликатиме гнів і заздрість у кожного піхотинця.
loc_imperial_guard_upperbody_a_05_headgear_set_01,Бандана «Реґтай» (Моебіанський 33-й)
loc_imperial_guard_upperbody_a_05_headgear_set_01_desc,"Бандитські кольори не гарантують вірності, але краще мати їх, ніж ні."
loc_imperial_guard_upperbody_a_05_headgear_set_03,Носіння таких бандан — поширений звичай серед банд глибинних рівнів Тертіума.
loc_imperial_guard_upperbody_a_05_headgear_set_03_desc,"Пилюжна й хімічно обпалена, ця бандана все ж вважається щасливою. Чи зможеш ти зберегти її такою?"
loc_imperial_guard_upperbody_a_05_headgear_set_05,Бандана «Реґтай» (камуфляж «Міськобійний»)
loc_imperial_guard_upperbody_a_05_headgear_set_05_desc,"Голови вниз. Голови на місці.
Приказка Моебіанського 10-го."
loc_imperial_guard_upperbody_a_05_headgear_set_06,Пов'язка камуфляж «Токс-Кобальтовий»)
loc_imperial_guard_upperbody_a_05_headgear_set_07,Пов'язка (камуфляж «Сумп-бруд»)
loc_imperial_guard_upperbody_a_05_headgear_set_08,Пов'язка (камуфляж «Пустки»)
loc_imperial_guard_upperbody_a_05_lowerbody_set_01,Бойове спорядження коммандо (камуфляж «Токс-Кобальт»)
loc_imperial_guard_upperbody_a_05_lowerbody_set_01_desc,"Очищається легко — хіба що в місцях, де шили нашвидкуруч."
loc_imperial_guard_upperbody_a_05_lowerbody_set_02,"Бойове спорядження коммандо (Моебіанський 138-й, «Хлороваст»)"
loc_imperial_guard_upperbody_a_05_lowerbody_set_02_desc,"Чим холодніша погода, тим менше ти цінуєш металеві частини цих штанів."
loc_imperial_guard_upperbody_a_05_lowerbody_set_03,Польові роби коммандо (камуфляж «Болотно-зелений»)
loc_imperial_guard_upperbody_a_05_lowerbody_set_03_desc,"Побите й зношене, але довело тебе аж дотепер."
loc_imperial_guard_upperbody_a_05_lowerbody_set_05,Модифіковані роби Мілітаруму (камуфляж «Сампмір»)
loc_imperial_guard_upperbody_a_05_lowerbody_set_05_desc,"Чим довше солдат перебуває в полі, тим більше шансів, що він змінюватиме своє спорядження. Тепер ці роби підсилено латкою з кольчуги та металевими пластинами."
loc_imperial_guard_upperbody_a_05_lowerbody_set_06,Кармінові роби з позолотою
loc_imperial_guard_upperbody_a_05_lowerbody_set_06_desc,Багате візерунчасте полотно та золоті пластини не можуть приховати практичність цього бойового вбрання.
loc_imperial_guard_upperbody_a_05_set_01,Бойове спорядження коммандо (камуфляж «Токс-Кобальт»)
loc_imperial_guard_upperbody_a_05_set_01_desc,Трофеї минулих перемог (або жертв?) добре підіймають бойовий дух.
loc_imperial_guard_upperbody_a_05_set_02,Важка флак-броня Моебіанського 178-го (Кампанія Ґрімвальд)
loc_imperial_guard_upperbody_a_05_set_02_desc,"Неможливо сказати, де саме вони закрили ту діру від лазгармати. Гарна робота!"
loc_imperial_guard_upperbody_a_05_set_03,Бойова броня коммандо (камуфляж «Крижаний шрам»)
loc_imperial_guard_upperbody_a_05_set_03_desc,"Свіжа схема камуфляжу приховує більшість випробувань, які перенесла ця броня, але вона й далі служитиме на відмінно."
loc_imperial_guard_upperbody_a_05_set_05,Бойове спорядження коммандо (камуфляж «Сампмір»)
loc_imperial_guard_upperbody_a_05_set_05_desc,"Сержанте? Мені здається, що в болоті хтось є разом із нами.
Гвардієць Ґанс Геррік (загиблий)"
loc_imperial_guard_upperbody_a_06_set_06,Привласнена флак-плита
loc_imperial_guard_upperbody_a_06_set_06_desc,"Ти диви, він же вже не користувався…"
loc_inate_gadget_health,Життєва сила
loc_inate_gadget_health_desc,{max_health_modifier:%s} макс. здоров’я
loc_inate_gadget_health_segment,Витривалець
loc_inate_gadget_health_segment_desc,{extra_max_amount_of_wounds:%s} Рана(и)
loc_inate_gadget_stamina,Спромога
loc_inate_gadget_stamina_desc,{stamina_modifier:%s} максимальна витривалість
loc_inate_gadget_toughness,Залізобетонна шкура
loc_inate_gadget_toughness_desc,{toughness_bonus:%s} щитів
loc_inquisition_astra_a_01_helmet_rebreather_03_var_01,Респіратор Арідін Мк VIb
loc_inquisition_astra_a_01_helmet_rebreather_03_var_01_desc,"Метал завжди холодний на дотик. Ніхто, здається, не знає чому."
loc_inquisition_astra_a_01_helmet_rebreather_03_var_02,Респіратор Арідін Мк VIe
loc_inquisition_astra_a_01_helmet_rebreather_03_var_02_desc,"Колись належав Праймаріс Псайкерці, приписаній до Моебіанського 33-го. Її доля не задокументована."
loc_inquisition_eagle_collar_a_necromunda_02_b_var_01,Стримаючий гарнітур Іліссі Мк XVa
loc_inquisition_eagle_collar_a_necromunda_02_b_var_01_desc,"Може, трохи показний, але більшість Псайкерів мають слабкість до театральності… навіть якщо ніколи цього не визнають."
loc_inquisition_eagle_collar_a_necromunda_02_b_var_02,Стримаючий гарнітур Іліссі Мк XVb
loc_inquisition_eagle_collar_a_necromunda_02_b_var_02_desc,"Проста позолота, що вже починає зтиратися місцями."
loc_inquisition_eagle_collar_a_necromunda_02_b_var_03,Упряж стримувача Іліссі Мк XVd
loc_inquisition_eagle_collar_a_necromunda_02_b_var_04,Стримаючий гарнітур Іліссі Мк XVe
loc_inquisition_eagle_collar_a_necromunda_02_b_var_05,Обвіс Резольвера Ілліссі Мк XVe (Ваді)
loc_inquisition_eagle_collar_a_necromunda_02_b_var_06,Обвіс Резольвера Ілліссі Мк XVe (Камуфляж Замерзлий Вулик)
loc_inquisition_eagle_collar_a_necromunda_02_b_var_07,Обвіс Резольвера Ілліссі Мк XVe (Камуфляж Вогняні Пустки)
loc_inquisition_eagle_collar_a_rebreather_03_var_01,Комір Псайкани патерна «Аквіла» Мк III
loc_inquisition_eagle_collar_a_rebreather_03_var_01_desc,"Дехто вважає його надто барвистим, інші — знаком істинно палкого послідовника Імперського Кредо."
loc_inquisition_eagle_collar_a_var_01,Великий стримаючий гарнітур Іліссі Мк I
loc_inquisition_eagle_collar_a_var_01_desc,"Псайкери часом здіймаються до високих посад — особливо серед енфорсерів, — але їм ніколи не довіряють."
loc_inquisition_eagle_collar_a_var_02,Респіратор патерна «Аурум» із підсилювачем вокса
loc_inquisition_eagle_collar_a_var_02_desc,"Повітря майже на кожному заселеному світі Домінії Моеба настільки сквернене, що навіть найвитриваліші швидко захворіють без респіратора, здатного відфільтрувати найгірші токсини атмосфери."
loc_inquisition_face_cage_01_var_01,Клітка Рекузанта
loc_inquisition_face_cage_01_var_01_desc,Які провини прирікають людину на таку маску? Попередній власник не зміг сказати — він відкусив і проковтнув власний язик.
loc_inquisition_face_cage_01_var_02,Клітка Скнари
loc_inquisition_face_cage_01_var_02_desc,"Не плутай оздобу зі статусом. Золота маска — давня традиція принижувати тих, хто волів накопичувати багатства замість сплачувати десятину."
loc_inquisition_hood_01_rebreather_02_b_var_01,Пілігримський каптур і респіратор Культу Імперіаліс Мк IV
loc_inquisition_hood_01_rebreather_02_b_var_01_desc,"Каптур, який носять на честь Доттуса Барталоміо Чорного — кривавого Сповідника, знаного по всій Домінії Моеба."
loc_inquisition_hood_02_necromunda_02_b_var_01,Каптур Освячувача Істини
loc_inquisition_hood_02_necromunda_02_b_var_01_desc,"Ті, хто шукає правду, мусять приховувати свою особистість, інакше за ними прийдуть у відповідь."
loc_inquisition_hood_02_necromunda_02_b_var_02,Каптур Ексгорціста Святині
loc_inquisition_hood_02_necromunda_02_b_var_02_desc,"Золота маска символізує духовне багатство того, хто прагне визволяти інших від прихованих гріхів."
loc_inquisition_hood_02_necromunda_02_b_var_03,Каптур демагога святині
loc_inquisition_hood_02_necromunda_02_b_var_03_desc,"Срібна маска, що привертає погляд. Голосні промови, що здіймають дух."
loc_inquisition_hood_02_temple_mask_02_var_01,Каптур смиренника
loc_inquisition_hood_02_temple_mask_02_var_01_desc,"Похмурий і затінений каптур, доповнений маскою, аби зберегти особу носія."
loc_inquisition_hood_02_var_02,Каптур сам’яті ексгорціста
loc_inquisition_hood_02_var_02_desc,"Ексгорціст пам’ятатиме твої провини ще довго після того, як ти стечеш кров’ю."
loc_inquisition_hood_02_var_03,Каптур Пам’яті Демагога
loc_inquisition_hood_02_var_04,Каптур Пам’яті Ексгорціста (імперський брокад)
loc_inquisition_hood_02_var_05,Каптур Пам’яті Ексгорціста (камуфляж «Сонячний горіння»)
loc_inquisition_necromunda_01_b_necromunda_02_b_var_02,Маска Геральда «Урочистість»
loc_inquisition_necromunda_01_b_necromunda_02_b_var_02_desc,"Безокий виродок! Думає, ця маска робить його страшним?
Ґост Ґоррін,
Збирач Глибинного Вулища (загиблий)"
loc_inquisition_necromunda_01_b_necromunda_02_b_var_03,Маска Геральда «Покара»
loc_inquisition_necromunda_01_b_necromunda_02_b_var_03_desc,Геральди Покари залишаються й після завершення святої трапези — аби волочити ненажер до кари за марнотратство дарів Бог-Імператора.
loc_inquisition_necromunda_01_b_necromunda_02_b_var_04,Маска Геральда «Смирення»
loc_inquisition_necromunda_01_b_necromunda_02_b_var_04_desc,"Єдині серед геральдів, представники Смирення не беруть участі у святкових частуваннях… хоча причина цього — суворо охоронювана таємниця."
loc_inquisition_necromunda_01_b_necromunda_02_b_var_05,Маска смерті Ґейстос Мк VI
loc_inquisition_necromunda_01_b_necromunda_02_b_var_05_desc,"Улюблена серед найбільш крайніх елементів. Дехто каже, що череп нагадує: Імператор завжди бачить."
loc_inquisition_necromunda_01_b_necromunda_02_b_var_06,Маска Геральда «Рішучість»
loc_inquisition_rebreather_01_b_var_01,Респіратор Істини Катехізатора
loc_inquisition_rebreather_01_b_var_01_desc,"Щоб зміцнити душу й оновити завзяття тоді, коли руки вже вкриті застиглою кров’ю."
loc_inquisition_rebreather_01_b_var_02,Респіратор із пахощами Ексгорціста
loc_inquisition_rebreather_01_b_var_02_desc,"Кажуть, ці пахощі розширюють свідомість, відкриваючи розуміння думок інших. Безперечно, вони дарують маніакальну запопадливість."
loc_inquisition_rebreather_01_b_var_03,Респіратор із пахощами Ексгорціста
loc_inquisition_rebreather_01_b_var_03_desc,"Кажуть, ці пахощі розширюють свідомість, відкриваючи розуміння думок інших. Безперечно, вони дарують маніакальну запопадливість."
loc_inquisition_rebreather_01_b_var_04,Кадильний ребризер Ексоріатора (Ваді)
loc_inquisition_rebreather_01_b_var_05,Кадильний ребризер Ексоріатора (Крижана скорбота)
loc_inquisition_rebreather_01_b_var_06,Кадильний ребризер Ексоріатора (Бойова Тінь Темнолісу)
loc_inquisition_scroll_hat_a_var_01,Капелюх-Писання Катехізатора
loc_inquisition_scroll_hat_a_var_01_desc,Слова святої Месселіни слід завжди тримати при собі.
loc_inquisition_scroll_hat_a_var_02,Капелюх-Писання Ексгорціста
loc_inquisition_scroll_hat_a_var_02_desc,"Немає такої підлості, яку не зміг би викрити кмітливий розум, сповнений віри та мети."
loc_inquisition_scroll_hat_a_var_03,Капелюх-Писання Демагога
loc_inquisition_scroll_hat_a_var_03_desc,Менш доброчесні проповідники нерідко підміняють священні вірші словами власної майбутньої промови.
loc_inquisition_voicebox_a_var_01,Голосовий респіратор (патерн «Осклум III»)
loc_inquisition_voicebox_a_var_01_desc,"Коли голосовий модуль заїдає, сильний удар ребром долоні (іноді) втихомирює його знервований машинний дух."
loc_inquistion_plug_eye_cover_a_necromunda_01_b_var_01,Пелена Візира Катехізатора
loc_inquistion_plug_eye_cover_a_necromunda_01_b_var_01_desc,"Ті, що наділені (або прокляті — залежно від погляду) псайкерськими дарами, часто не потребують звичайних чуттів. Вони надають перевагу істині, відкритій внутрішнім зором."
loc_inquistion_plug_eye_cover_a_var_01,Каптур Видіння Містика
loc_inquistion_plug_eye_cover_a_var_01_desc,Отвори для очей — лише зайва відволікаюча дрібниця.
loc_insignia_87,Оперативник у боротьбі з Хаосом
loc_insignia_87_desc,"Ти довів, що гідний звання оперативника у боротьбі з Хаосом. "
loc_insignia_88,Авангард проти Хаосу
loc_insignia_88_desc,Операції рівня загрози Хаос — ось де твої здібності справді сяють.
loc_insignia_89,Володар Вихору Хаосу
loc_insignia_89_desc,"Навіть Сір Мелк визнає, що ти — справжня сила."
loc_insignia_94,Оглядач Вихору
loc_insignia_94_desc,Ти пройшов крізь буревій і стоїш гордо після цього.
loc_insignia_95,Медальйон Вихору
loc_insignia_95_desc,"Тебе випробували найгіршим, що може кинути Тертіум, і ти вижив… поки що."
loc_insignia_adamant_01_01,Захисник Закону
loc_insignia_adamant_01_01_desc,"Декрет Імперського Закону — абсолютний, і ти боронитимеш його власним життям."
loc_insignia_adamant_01_02,Охоронець Закону
loc_insignia_adamant_01_02_desc,"Lex Imperialis керує злагодою величезного Імперіуму, забезпечуючи безперервний потік життєвої Десятини."
loc_insignia_adamant_01_03,Виконавець Закону
loc_insignia_adamant_01_03_desc,"Будь то покидьок чи вельможа — ніхто не уникне твого гніву, якщо порушить засади Законів."
loc_insignia_adamant_02_01,Вершитель Закону
loc_insignia_adamant_02_01_desc,Lex Imperialis сяє в кожному твоєму вчинку. Injuncta Cardinal немов вирізьблена просто на твоєму обличчі.
loc_insignia_broker_02_01,Знана Пика
loc_insignia_broker_02_01_desc,"Картель звернув на тебе увагу; попереду сяють перспективи, якщо матимеш відвагу їх узяти."
loc_insignia_broker_02_02,Воїн Картелю
loc_insignia_broker_02_02_desc,"Міцно вкорінившись, ти віднині вдома в Картелі."
loc_insignia_broker_02_03,Перевірений оперативник
loc_insignia_broker_02_03_desc,Твої вчинки здобули тобі місце серед родини. Внутрішнє коло Картелю дарує чимало привілеїв.
loc_insignia_broker_02_04,Офіцер Картелю
loc_insignia_broker_02_04_desc,"Тепер ти довірений член, готовий вести операції та захищати інтереси Картелю."
loc_insignia_default,Невипробуваний
loc_insignia_default_desc,Тобі ще належить довести себе.
loc_insignia_event_abhuman_explosions,Винищувач Гримотливих Гігантів
loc_insignia_event_explosions,Гренадер: Перший клас
loc_insignia_event_explosions_desc,"Дзвін у твоїх вухах не вщухає, але принаймні за твої труди ти отримав блискучу медаль!"
loc_insignia_event_hack,Божественні провидіння
loc_insignia_event_hack_desc,Омнісій явно благословив тебе — інакше як би ти так вправно володів цим священним інструментом?
loc_insignia_event_hordes,Світ — суцільна сцена…
loc_insignia_event_hordes_desc,А ми всі — маріонетки Сефоні.
loc_insignia_event_saint_b,Вісник Меселіни
loc_insignia_event_saint_b_desc,"«Кров’ю праведних Моебіанський Домініон убережено від єресі. Проливайте її з розумом».
— З «Життя Святої Меселіни»"
loc_insignia_event_stimms,Стим-ульований
loc_insignia_event_stimms_desc,"""На щастя чи на лихо, ти скористався Послугами Картелю й тепер знаєшся на діях бойових стимів."""
loc_insignia_havoc_01,Авангард божевілля
loc_insignia_havoc_01_desc,Ти знову і знову доводить свою відданість — ніхто не ставить її під сумнів.  
loc_insignia_havoc_02,Стільки скільки знадобиться
loc_insignia_havoc_02_desc,"Боротьба з Хаосом — безкінечна. Потрібна сила тіла й духу, аби не зламатися. Ти показав(ла) велику відвагу. Не вагайся.  "
loc_insignia_havoc_03,Покоритель божевілля
loc_insignia_havoc_03_desc,"Ти зробив(ла) усе можливе, щоб урятувати Атому. Імператор усміхається тобі.  "
loc_insignia_hestia_01_01,Новачок
loc_insignia_hestia_01_01_desc,"Твоя дорога лише починається. Тобі доведеться звершити ще безліч таких покарань, перш ніж вона скінчиться."
loc_insignia_hestia_01_02,Вчений
loc_insignia_hestia_01_02_desc,Ти вивчаєш шлях Святої з уважністю справжнього книжника. Вона бачить твої діяння — як і я.
loc_insignia_hestia_01_03,Обнадійливий Гексорцист
loc_insignia_hestia_01_03_desc,"Гексорцист поширює слово Імператора розважливим застосуванням насильства. Твої вчинки свідчать, що це покликання може тобі пасувати. В очах святої Месселіни не існує вищого."
loc_insignia_hestia_01_04,Месселіна Вознесена
loc_insignia_hestia_01_04_desc,Звістка про твої старання сягнула найвищих кіл. Записи про ці діяння посядуть місце особливої шани у священних архівах.
loc_insignia_hestia_01_05,Герой Тертіуму
loc_insignia_hestia_01_05_desc,"Про твоє майбутнє мучеництво співатимуть пісні. Звісно, я не бажаю, щоб це сталося, і ти доволі стійко тримався досі. Тож — за твоє майбутнє, яким би коротким воно не було."
loc_insignia_horde_02,"Змучений, але нескорений (1)"
loc_insignia_horde_02_desc,Сефоні вражена твоїми звершеннями в смертельних випробуваннях.
loc_insignia_horde_03,"Змучений, але нескорений (2)"
loc_insignia_horde_03_desc,Сефоні вражена твоїми звершеннями в смертельних випробуваннях.
loc_insignia_horde_04,"Принижений, та нескорений (3)  "
loc_insignia_horde_04_desc,Сефоні вражена твоїми звершеннями в смертельних випробуваннях.
loc_insignia_horde_05,"Принижений, та нескорений (4)  "
loc_insignia_horde_05_desc,Сефоні вражена твоїми звершеннями в смертельних випробуваннях.
loc_insignia_ogryn_01_01,Серце конфлікту
loc_insignia_ogryn_01_01_desc,Солодкий громило. Твоя відданість шляху нашої Святої відкриває твою справжню природу: чисте серце і незламні переконання.
loc_insignia_ogryn_01_02,Оплот Віри
loc_insignia_ogryn_01_02_desc,"Хвиля єретиків розбивається об тебе. Зміцни дух і вір, що свята Месселіна захистить тебе і всіх вірних Імператорові."
loc_insignia_ogryn_01_03,Молот Імператора
loc_insignia_ogryn_01_03_desc,"Твоя слава відлунює подвиги великих танкових батальйонів Астра Мілітарум — невпинних, що трощать усіх ворогів під своїм наступом. Свята благословляє покути, які ти звершуєш."
loc_insignia_psyker_01_01,Торкнутий Варпом
loc_insignia_psyker_01_01_desc,Твої сили зростають разом із твоїми звершеннями. Продовжуй невтомно навчатися — спокуси Варпу можуть завести у темряву.
loc_insignia_psyker_01_02,Дойєн Псайкани
loc_insignia_psyker_01_02_desc,"Твої побратими поважають і шанують твої таланти. Опанування варп-мистецтва вже майже в твоїх руках, хоч його небезпеки такі ж грізні, як і його могутність. Завжди тримай у думці вчення Святої."
loc_insignia_psyker_01_03,Маяк мети
loc_insignia_psyker_01_03_desc,"Можливо, твої методи відрізняються від шляхів моєї пастви, та світло Святої безперечно сяє через тебе, коли ти караєш її ворогів. Імператор благословив тебе цими дарами. Твій шлях воістину божественний."
loc_insignia_skull_week_2025,Відпущення Темного Обряду
loc_insignia_skull_week_2025_desc,Покарання й далі випробовує владу Імперіуму. Твої старання навернути їх на праведний шлях були помічені.
loc_insignia_veteran_01_01,Навчений оперативник
loc_insignia_veteran_01_01_desc,Ти вже знаєш розклад. Тримай голову ясною — і повертатимешся живим.
loc_insignia_veteran_01_02,Надійний товариш
loc_insignia_veteran_01_02_desc,"У глибині вулища команда — усе, що в тебе є. Пильнуйте одне одного."
loc_insignia_veteran_01_03,Загартований ветеран
loc_insignia_veteran_01_03_desc,Ти бачив уже все. Жахи війни зробили тебе твердим і готовим до будь-чого.
loc_insignia_zealot_01_01,Промовець Істин
loc_insignia_zealot_01_01_desc,Твої слова відлунюють учення Святої Месселіни. Іди та стань її голосом у темряві.
loc_insignia_zealot_01_02,Осуджувач єретиків
loc_insignia_zealot_01_02_desc,"Скинь тих, хто наважився порушити Його волю. Їхній шлях не веде до Імператора."
loc_insignia_zealot_01_03,Голос Імператора
loc_insignia_zealot_01_03_desc,"Твоя промова надихає всіх, хто її чує, і наганяє страх у серця ворогів. Єретики тремтітимуть перед твоєю лютою риторикою."
loc_jacket_b_headgear_set_01,Командирська кашкетка Кантраель Мк IIb
loc_jacket_b_headgear_set_01_desc,"Офіцери повинні як бачити підлеглих, так і бути видимими для них."
loc_jacket_b_headgear_set_02,Кашкет Комісара
loc_jacket_b_headgear_set_02_desc,Один лише вигляд цієї впізнаваної червоно-чорної кашкетки змушує тремтіти навіть найвірніших вояків Астра Мілітарум.
loc_jacket_b_headgear_set_06,Кашкет Комісара (червоний)
loc_jacket_b_headgear_set_06_desc,Один лише вигляд цієї впізнаваної червоно-чорної кашкетки змушує тремтіти навіть найвірніших вояків Астра Мілітарум.
loc_jacket_d_headgear_set_01,Окуляри «Рейлер Безодні»
loc_jacket_d_headgear_set_01_desc,"Корисні і під час вибивання дверей до сховища, і під час стрімкої втечі з твоїм незаконним трофеєм."
loc_jacket_d_headgear_set_02,Високовидимі окуляри Тінкера Зарда
loc_jacket_d_headgear_set_02_desc,"Кожен вулищний покидьок знає: хімічно оброблена маска та пара самоочисних, високочітких окулярів — обов’язкові для тих, хто спускається в глибші сховища нижнього вулища."
loc_jacket_d_headgear_set_04,"Окуляри Окка, просякнуті кров’ю"
loc_jacket_d_headgear_set_05,Окуляри «Рейлер Безодні» (камуфляж «Замерзле вулище»)
loc_jacket_d_headgear_set_06,Окуляри «Рейлер Безодні» (камуфляж «Токс-скраб»)
loc_jacket_e_headgear_set_01,Вибухозахисна кашкетка Кантраель Мк IIIb
loc_jacket_e_headgear_set_01_desc,"Легкий шолом, улюблений танковими екіпажами. Кулю не спинить, але може вберегти від удару головою об коамінг башти."
loc_jacket_e_headgear_set_05,Танковий шолом (камуфляж «Чагарниковий»)
loc_jacket_e_headgear_set_05_desc,"Стандартний шолом Мілітаруму створено для захисту від осколків та летючих уламків. Його вигнута форма здатна відвести навіть прямий удар твердоснарядної чи лазерної зброї. Крім того, шолом слугує платформою для засобів зв’язку та оптики. Нехай Імператор береже твій."
loc_jacket_f_headgear_set_01,Вибухозахисна кашкетка Ґрая Мк VIIc
loc_jacket_f_headgear_set_01_desc,Різні броньовані полки Моебіанської Домінії значною мірою залежать від продукції Атомських мануфакторій.
loc_jacket_f_headgear_set_02,Вибухозахисний ковпак «Ґрайя» Мк VIIb
loc_jacket_f_headgear_set_03,Вибухозахисний ковпак «Ґрайя» Мк VIId
loc_lasgun_npc_p1_m1,DEV WIP
loc_lasgun_npc_p1_m1_desc,DEV WIP
loc_lasgun_p1_a101,Піхотна лазгвинтівка (камуфляж «Нокс Непокірний»)
loc_lasgun_p1_cs001,Піхотна лазгвинтівка (камуфляж «Тінь Круцісу»)
loc_lasgun_p1_cs001_desc,"Лісовий камуфляжний візерунок, що став відомим завдяки 100-му Круцийському полку «Охоронців Дзвіниці» під час давньої кампанії на Месселіні. Ті небагато ворогів, що пережили ті битви, здобули нову повагу до тіней.  "
loc_lasgun_p1_cs002,Піхотна лазгвинтівка (камуфляж «Вогняні пустки»)
loc_lasgun_p1_cs002_desc,"Колись поширений візерунок, який використовували полки Астра Мілітарум, що заслужили бойові відзнаки, винищуючи зрадників-космодесантників, відомих як «Чорні Розбійники». Лише небагато таких полків пережили десятиліття відтоді… немовби на них полював якийсь зовнішній ворог."
loc_lasgun_p1_locname,Піхотна лазгвинтівка (камуфляж «Іній смерті»)
loc_lasgun_p1_locname_desc,"Улюблений камуфляж полків Крижаних Воїнів Валхалли під час кампанії в затоці Масарі, відомої своєю величезною кількістю жертв і мізерними військовими здобутками. Призовники ставали ветеранами за одну ніч — що й на краще, адже мало хто доживав до другого світанку. Із п’яти світів, які Імперіум прагнув повернути у затоці Масарі, два залишилися обвугленими оболонками, а третій так і не виринув із варп-бурі, що його поглинула.  "
loc_lasgun_p1_m001,Лазгвинтівка Р1
loc_lasgun_p1_m001_desc,Skin
loc_lasgun_p1_m001_twitch,Лазгвинтівка «Скар» (камуфляж «Зимівник»)
loc_lasgun_p1_m001_twitch_desc,"Битва за Вінтергоум відома в анналах Астра Мілітарум як катастрофічна поразка. Попри це, камуфляж «Шрам Вінтергоуму» не вважається нещасливим — він напрочуд ефективний. Після шести вильотів у те крижане пекло тіла досі не знайдені..."
loc_lasgun_p1_m002,Лазгвинтівка Р1
loc_lasgun_p1_m002_348,Піхотна лазгвинтівка (камуфляж «Криваве поле»)
loc_lasgun_p1_m002_348_desc,"Цей характерний камуфляж спершу створили, щоб імітувати листя надзвичайно отруйної, напіврозумної рослини зі світу смерті — з метою захистити солдатів Астра Мілітарум від нападу місцевої фауни."
loc_lasgun_p1_m002_desc,Skin
loc_lasgun_p1_m003,Лазгвинтівка Р1
loc_lasgun_p1_m003_desc,Skin
loc_lasgun_p1_m1,Піхотна лазгвинтівка Кантраель MG Ia
loc_lasgun_p1_m1_deluxe,Піхотна лазгвинтівка (Мортис-оперативник)
loc_lasgun_p1_m1_deluxe_desc,"Оперативники Смерті — це таємне коло в межах бойової групи Ґрендила, і ти не маєш допуску до цієї інформації.  "
loc_lasgun_p1_m1_desc,"Лазгвинтівка дешевау виробництві, а її міцна рама витримує знущання довгої воєнної кампанії."
loc_lasgun_p1_m1_xbox,Піхотна лазгвинтівка (камуфляж «Іній смерті»)
loc_lasgun_p1_m1_xbox_desc,"Улюблений камуфляж полків Крижаних Воїнів Валхалли під час кампанії в затоці Масарі, відомої своєю величезною кількістю жертв і мізерними військовими здобутками. Призовники ставали ветеранами за одну ніч — що й на краще, адже мало хто доживав до другого світанку. Із п’яти світів, які Імперіум прагнув повернути у затоці Масарі, два залишилися обвугленими оболонками, а третій так і не виринув із варп-бурі, що його поглинула.  "
loc_lasgun_p1_m2,Піхотна лазгвинтівка Кантраель MG IV
loc_lasgun_p1_m2_desc,"MG Мк IV була своєрідним недовговічним експериментом, що пожертвував зупинальною дією заради підвищеної швидкості стрільби."
loc_lasgun_p1_m3,Піхотна лазгвинтівка Кантраель MG XII
loc_lasgun_p1_m3_desc,"З удосконаленим зарядним блоком і фокусувальним модулем MG XII належить до найпотужніших лазгвинтівок, що виходять із мануфакторій Кантраель, хоч і стріляє дещо повільніше за своїх родичів."
loc_lasgun_p1_ml01,Ковальська Ліврея Бранкс Мінор
loc_lasgun_p1_ps001,Піхотна лазгвинтівка (камуфляж «Хімзона. Твань»)
loc_lasgun_p1_ps001_desc,"Один із 91 камуфляжних візерунків, запропонованих квеситором Департаменту Муніторум Себастьяном Ксантезом у спробі стандартизувати кольори кампаній Астра Мілітарум. Трактат Ксанте́за вже 85 років перебуває «в обробці»."
loc_lasgun_p1_ps002,Піхотна лазгвинтівка (камуфляж «Вогняний кіготь»)
loc_lasgun_p1_ps002_desc,"Помічений на сотнях вулканічних світів — від Лахарі IX до Мезоа — камуфляж «Вогняний кіготь» став найбільш відомим завдяки Моебіанському 71-му полку під час кампанії «Діаболус», де запеклі бої серед потоків лави закріпили грізну репутацію полку."
loc_lasgun_p1_ps003,Піхотна лазгвинтівка (камуфляж «Скверноскол»)
loc_lasgun_p1_ps003_desc,"Цей візерунок імітує мінливі тіні безлічі ксенос-структур, що вкривають сірчані пустелі Саріуса III. Нещодавно взвод Моебіанського 120-го був відправлений на Саріус III для розслідування дивних ксенос-руїн. Після повернення всім, окрім найстарших офіцерів, стерли пам’ять…"
loc_lasgun_p1_ps004,Піхотна лазгвинтівка (Крижана тундра)
loc_lasgun_p1_ps004_desc,"Названий на честь Валгалльського 1212-го полку «Холоднокровних», цей камуфляж став стандартною уніформою для крижаних світів у Астра Мілітарум, застосовуваний у кампаніях від зірок Сомніум до туманності Істлайт. Чи наділяє він своїх носіїв легендарною витривалістю тих, чиє ім’я носить, — ще належить довести."
loc_lasgun_p1_ps005,Піхотна лазгвинтівка (Сонячні пустки)
loc_lasgun_p1_ps005_desc,"Первісно створений для розхваленої кампанії на світі смерті Рамантіус IV — планеті з трьома сонцями, де з радіаційно обпалених пісків виростали кришталеві ліси, а зубаті хижаки полювали на необережних солдатів уночі."
loc_lasgun_p1_ps006,Ваконінська Зима
loc_lasgun_p1_ps006_desc,"Найвідоміше застосування — у складі трифронтової бойової групи, що об’єднувала моебіанські, ноктанські та валгалльські полки; цей камуфляж став вирішальним чинником перемоги серед безкраїх колючолісів Вакона Альфа."
loc_lasgun_p1_ps007,Піхотна лазгвинтівка (камуфляж «Тіні боліт»)
loc_lasgun_p1_ps007_desc,"Створений як альтернативний камуфляж для Фенґвардів із туманних боліт Друк VI, цей візерунок став еталоном для бойових зон — від заболочених рівнин до дощових ліній окопів."
loc_lasgun_p1_ps008,Лазгвинтівка Р1
loc_lasgun_p1_ps008_desc,Skin
loc_lasgun_p1_s001,Яфус «Череп'яна голова»
loc_lasgun_p1_s001_desc,"Популяризований 20-м, 78-м і 103-м полками Моебіану під час мобілізацій у затемненій Периферійній Зоні, цей камуфляж насправді був розроблений 12-м полком Яфуса — сумнозвісними «Череп'яними головами» — під час їхньої тривалої кампанії проти підступних Ельдарі."
loc_lasgun_p1_s002,Сонцепал
loc_lasgun_p1_s002_desc,"Один із сорока трьох окремих пустельних камуфляжних візерунків, санкціонованих для використання 3-ми Талларнськими Пустельними Рейдерами за наказом їхнього легендарного капітана аль-Рахема. Ця нині повсюдна схема часто застосовується полками від Моебійських Дзвіничників до Сцинтиліанських Ґренадерів."
loc_lasgun_p1_um002_1545,Стара вірна
loc_lasgun_p1_um002_1545_desc,"З надійною лазґвинтівкою не помилишся. Це не найпотужніша зброя в арсеналі, але жоден порядний гвардієць не проміняє свою."
loc_lasgun_p1_us001,Камуфляж «Каср»
loc_lasgun_p1_us001_454,Піхотна лазгвинтівка (камуфляж «Червоний Шрам. Відлига»)
loc_lasgun_p1_us001_454_desc,"Світ Гаксорн славиться своїми суворими зимами, що вкривають радіоактивні рівнини, забарвлені в червоне століттями індустрії. Гаксорн не раз обороняли за його довгу історію, а нещодавно — Моебіанський 13-й, який успішно відбив вторгнення орків після жорстокого місяця боїв."
loc_lasgun_p1_us001_desc,"Названий на честь великих фортець-міст Кадії, цей камуфляж є одним із кількох простих нейтральних візерунків, прийнятих славетними Касркінами. Популярність цього забарвлення забезпечена підтримкою таких елітних підрозділів."
loc_lasgun_p1_us002,Камуфляж «Каср»
loc_lasgun_p1_us002_1521,Піхотна лазгвинтівка (камуфляж «Нічний Орел»)
loc_lasgun_p1_us002_1521_desc,"Улюблений камуфляж снайперських загонів Астра Мілітарум по всій галактиці; «Нічний орел» однаково вселяє страх безлічі ворогів Імперіуму, адже він означає смерть здалеку від рук невидимих убивць…"
loc_lasgun_p1_us002_desc,"Названий на честь великих фортець-міст Кадії, цей камуфляж є одним із кількох простих нейтральних візерунків, прийнятих славетними Касркінами. Популярність цього забарвлення забезпечена підтримкою таких елітних підрозділів."
loc_lasgun_p2_cs001,Лазгвинтівка Пеклобій (камуфляж «Темна тінь Круціс»)
loc_lasgun_p2_cs001_desc,"Лісовий камуфляжний візерунок, що став відомим завдяки 100-му Круцийському полку «Охоронців Дзвіниці» під час давньої кампанії на Месселіні. Ті небагато ворогів, що пережили ті битви, здобули нову повагу до тіней.  "
loc_lasgun_p2_cs002,Лазгвинтівка Пеклобій (камуфляж «Вогняні пустки»)
loc_lasgun_p2_cs002_desc,"Колись поширений візерунок, який використовували полки Астра Мілітарум, що заслужили бойові відзнаки, винищуючи зрадників-космодесантників, відомих як «Чорні Розбійники». Лише небагато таких полків пережили десятиліття відтоді… немовби на них полював якийсь зовнішній ворог."
loc_lasgun_p2_locname,Лазгвинтівка Пеклобій (камуфляж «Іній смерті»)
loc_lasgun_p2_locname_desc,"Улюблений камуфляж полків Крижаних Воїнів Валхалли під час кампанії в затоці Масарі, відомої своєю величезною кількістю жертв і мізерними військовими здобутками. Призовники ставали ветеранами за одну ніч — що й на краще, адже мало хто доживав до другого світанку. Із п’яти світів, які Імперіум прагнув повернути у затоці Масарі, два залишилися обвугленими оболонками, а третій так і не виринув із варп-бурі, що його поглинула.  "
loc_lasgun_p2_m001,Лазгвинтівка Р2
loc_lasgun_p2_m001_desc,Skin
loc_lasgun_p2_m002,Лазгвинтівка Р2
loc_lasgun_p2_m002_desc,Skin
loc_lasgun_p2_m003,Лазгвинтівка Р2
loc_lasgun_p2_m003_desc,Skin
loc_lasgun_p2_m1,Лазгвинтівка Пеклобій Люцій Мк I
loc_lasgun_p2_m1_desc,"Більшість лазгвинтівок патерну «Люцій» працюють у діапазоні 21 мегатоуля, випускаючи потужніший постріл, але виснажуючи зарядні блоки значно швидше."
loc_lasgun_p2_m2,Лазгвинтівка Пеклобій Люцій Мк II
loc_lasgun_p2_m2_desc,"Більш витончений різновид Люцій Мк I. Колись призначена виключно для офіцерів Корпусу Смерті Кріга, ця стара, але надійна модель поширилася у руках вояків по всій галактиці."
loc_lasgun_p2_m3,Лазгвинтівка Пеклобій Люцій Мк III
loc_lasgun_p2_m3_desc,"З подовженими стволами та байонетними петлями, лазгвинтівки патерну «Люцій» високо цінуються штурмовими підрозділами, які прагнуть у Ближньому Бою після кількох залпів."
loc_lasgun_p2_ml01,Ковальська Ліврея Бранкс Мінор
loc_lasgun_p2_ps001,Лазгвинтівка Пеклобій (камуфляж «Хімзона. Твань»)
loc_lasgun_p2_ps001_desc,"Один із 91 камуфляжних візерунків, запропонованих квеситором Департаменту Муніторум Себастьяном Ксантезом у спробі стандартизувати кольори кампаній Астра Мілітарум. Трактат Ксанте́за вже 85 років перебуває «в обробці»."
loc_lasgun_p2_ps002,Лазгвинтівка Пеклобій (камуфляж «Вогняний кіготь»)
loc_lasgun_p2_ps002_desc,"Помічений на сотнях вулканічних світів — від Лахарі IX до Мезоа — камуфляж «Вогняний кіготь» став найбільш відомим завдяки Моебіанському 71-му полку під час кампанії «Діаболус», де запеклі бої серед потоків лави закріпили грізну репутацію полку."
loc_lasgun_p2_ps003,Лазгвинтівка Пеклобій (камуфляж «Скверноскол»)
loc_lasgun_p2_ps003_desc,"Цей візерунок імітує мінливі тіні безлічі ксенос-структур, що вкривають сірчані пустелі Саріуса III. Нещодавно взвод Моебіанського 120-го був відправлений на Саріус III для розслідування дивних ксенос-руїн. Після повернення всім, окрім найстарших офіцерів, стерли пам’ять…"
loc_lasgun_p2_ps004,Лазгвинтівка Пеклобій (Крижана тундра)
loc_lasgun_p2_ps004_desc,"Названий на честь Валгалльського 1212-го полку «Холоднокровних», цей камуфляж став стандартною уніформою для крижаних світів у Астра Мілітарум, застосовуваний у кампаніях від зірок Сомніум до туманності Істлайт. Чи наділяє він своїх носіїв легендарною витривалістю тих, чиє ім’я носить, — ще належить довести."
loc_lasgun_p2_ps005,Лазгвинтівка Пеклобій (Сонячні пустки)
loc_lasgun_p2_ps005_desc,"Первісно створений для розхваленої кампанії на світі смерті Рамантіус IV — планеті з трьома сонцями, де з радіаційно обпалених пісків виростали кришталеві ліси, а зубаті хижаки полювали на необережних солдатів уночі."
loc_lasgun_p2_ps006,Ваконінська Зима
loc_lasgun_p2_ps006_desc,"Найвідоміше застосування — у складі трифронтової бойової групи, що об’єднувала моебіанські, ноктанські та валгалльські полки; цей камуфляж став вирішальним чинником перемоги серед безкраїх колючолісів Вакона Альфа."
loc_lasgun_p2_ps007,Лазгвинтівка Пеклобій (камуфляж «Тіні боліт»)
loc_lasgun_p2_ps007_desc,"Створений як альтернативний камуфляж для Фенґвардів із туманних боліт Друк VI, цей візерунок став еталоном для бойових зон — від заболочених рівнин до дощових ліній окопів."
loc_lasgun_p2_ps008,Лазгвинтівка Р2
loc_lasgun_p2_ps008_desc,Skin
loc_lasgun_p2_s001,Тайваанська планетарна висадка  
loc_lasgun_p2_s001_desc,"Воїни Атоми, приготуйтеся! Сьогодні ми зійдемо з небес, немов янголи помсти. Сьогодні ми принесемо вогонь гніву Імператора нашим ворогам. Сьогодні ми принесемо розплату, якої вони ще не бачили. У-ра!  "
loc_lasgun_p2_s002,Лісовий Привид
loc_lasgun_p2_s002_desc,"Спершу розроблений фахівцями джунглевого бою з полку Катачанських Диявлів під час довготривалої кампанії на світі Гейма, цей тонкий камуфляжний узор згодом використовували сотні полків у більш ніж сорока зонах війни."
loc_lasgun_p2_us001,Камуфляж «Каср»
loc_lasgun_p2_us001_1531,Пустельний Спис
loc_lasgun_p2_us001_1531_desc,Ця модифікована лазгвинтівка Пеклобій відпрацювала більше ніж потрібно своєї частки культистів за останні місяці.
loc_lasgun_p2_us001_1553,Старий Надійний
loc_lasgun_p2_us001_1553_desc,"Дехто зі старших стрільців полку клянуться старими добрими механічними прицілами, стверджуючи, що будь-яке посилене наведення поступається їхньому загартованому зору."
loc_lasgun_p2_us001_desc,"Названий на честь великих фортець-міст Кадії, цей камуфляж є одним із кількох простих нейтральних візерунків, прийнятих славетними Касркінами. Популярність цього забарвлення забезпечена підтримкою таких елітних підрозділів."
loc_lasgun_p2_us002,Камуфляж «Каср»
loc_lasgun_p2_us002_1521,Спадок Вракса
loc_lasgun_p2_us002_desc,"Названий на честь великих фортець-міст Кадії, цей камуфляж є одним із кількох простих нейтральних візерунків, прийнятих славетними Касркінами. Популярність цього забарвлення забезпечена підтримкою таких елітних підрозділів."
loc_lasgun_p3_cs001,Лазгвинтівка розвідника (камуфляж «Темна тінь Круціс»)
loc_lasgun_p3_cs001_desc,"Лісовий камуфляжний візерунок, що став відомим завдяки 100-му Круцийському полку «Охоронців Дзвіниці» під час давньої кампанії на Месселіні. Ті небагато ворогів, що пережили ті битви, здобули нову повагу до тіней.  "
loc_lasgun_p3_cs002,Лазгвинтівка розвідника (камуфляж «Вогняні пустки»)
loc_lasgun_p3_cs002_desc,"Колись поширений візерунок, який використовували полки Астра Мілітарум, що заслужили бойові відзнаки, винищуючи зрадників-космодесантників, відомих як «Чорні Розбійники». Лише небагато таких полків пережили десятиліття відтоді… немовби на них полював якийсь зовнішній ворог."
loc_lasgun_p3_locname,Лазгвинтівка розвідника (камуфляж «Іній смерті»)
loc_lasgun_p3_locname_desc,"Улюблений камуфляж полків Крижаних Воїнів Валхалли під час кампанії в затоці Масарі, відомої своєю величезною кількістю жертв і мізерними військовими здобутками. Призовники ставали ветеранами за одну ніч — що й на краще, адже мало хто доживав до другого світанку. Із п’яти світів, які Імперіум прагнув повернути у затоці Масарі, два залишилися обвугленими оболонками, а третій так і не виринув із варп-бурі, що його поглинула.  "
loc_lasgun_p3_m001,Лазгвинтівка Р3
loc_lasgun_p3_m001_desc,Skin
loc_lasgun_p3_m002,Лазгвинтівка Р3
loc_lasgun_p3_m002_desc,Skin
loc_lasgun_p3_m003,Лазгвинтівка Р3
loc_lasgun_p3_m003_desc,Skin
loc_lasgun_p3_m1,Лазгвинтівка розвідника Аккатран Мк II
loc_lasgun_p3_m1_desc,"Лазгвинтівки Аккатран вирізняються коротким, майже карабінним профілем і високою швидкістю стрільби, що робить їх ідеальними для абордажних дій, боїв у місті чи траншейної війни."
loc_lasgun_p3_m2,Лазгвинтівка розвідника Аккатран Мк VId
loc_lasgun_p3_m2_desc,"Серія Мк VI є еволюційною відгалуженою версією Мк IV, так улюбленої Елізійськими Десантниками. Підвищена швидкість стрільби, досягнута завдяки ефективнішому зарядному блоку, дається ціною зменшеної зупинальної дії."
loc_lasgun_p3_m3,Лазгвинтівка розвідника Аккатран Мк VIIa
loc_lasgun_p3_m3_desc,"«Кажуть, лазгвинтівка — зброя “скромна”. А я кажу, що це найефективніший інструмент у галактиці. Мільярди визволених душ не можуть помилятися.
— Лорд-Мілітант Еннік Баросс»"
loc_lasgun_p3_ml01,Ковальська Ліврея Бранкс Мінор
loc_lasgun_p3_ps001,Лазгвинтівка розвідника (камуфляж «Хімзона. Твань»)
loc_lasgun_p3_ps001_desc,"Один із 91 камуфляжних візерунків, запропонованих квеситором Департаменту Муніторум Себастьяном Ксантезом у спробі стандартизувати кольори кампаній Астра Мілітарум. Трактат Ксанте́за вже 85 років перебуває «в обробці»."
loc_lasgun_p3_ps002,Лазгвинтівка розвідника (камуфляж «Вогняний кіготь»)
loc_lasgun_p3_ps002_desc,"Помічений на сотнях вулканічних світів — від Лахарі IX до Мезоа — камуфляж «Вогняний кіготь» став найбільш відомим завдяки Моебіанському 71-му полку під час кампанії «Діаболус», де запеклі бої серед потоків лави закріпили грізну репутацію полку."
loc_lasgun_p3_ps003,Лазгвинтівка розвідника (камуфляж «Скверноскол»)
loc_lasgun_p3_ps003_desc,"Цей візерунок імітує мінливі тіні безлічі ксенос-структур, що вкривають сірчані пустелі Саріуса III. Нещодавно взвод Моебіанського 120-го був відправлений на Саріус III для розслідування дивних ксенос-руїн. Після повернення всім, окрім найстарших офіцерів, стерли пам’ять…"
loc_lasgun_p3_ps004,Лазгвинтівка розвідника (Крижана тундра)
loc_lasgun_p3_ps004_desc,"Названий на честь Валгалльського 1212-го полку «Холоднокровних», цей камуфляж став стандартною уніформою для крижаних світів у Астра Мілітарум, застосовуваний у кампаніях від зірок Сомніум до туманності Істлайт. Чи наділяє він своїх носіїв легендарною витривалістю тих, чиє ім’я носить, — ще належить довести."
loc_lasgun_p3_ps005,Лазгвинтівка розвідника (Сонячні пустки)
loc_lasgun_p3_ps005_desc,"Первісно створений для розхваленої кампанії на світі смерті Рамантіус IV — планеті з трьома сонцями, де з радіаційно обпалених пісків виростали кришталеві ліси, а зубаті хижаки полювали на необережних солдатів уночі."
loc_lasgun_p3_ps006,Ваконінська Зима
loc_lasgun_p3_ps006_desc,"Найвідоміше застосування — у складі трифронтової бойової групи, що об’єднувала моебіанські, ноктанські та валгалльські полки; цей камуфляж став вирішальним чинником перемоги серед безкраїх колючолісів Вакона Альфа."
loc_lasgun_p3_ps007,Лазгвинтівка розвідника (камуфляж «Тіні боліт»)
loc_lasgun_p3_ps007_desc,"Створений як альтернативний камуфляж для Фенґвардів із туманних боліт Друк VI, цей візерунок став еталоном для бойових зон — від заболочених рівнин до дощових ліній окопів."
loc_lasgun_p3_ps008,Лазгвинтівка Р3
loc_lasgun_p3_ps008_desc,Skin
loc_lasgun_p3_s002,Затока Токсичної Мли
loc_lasgun_p3_s002_desc,"Вперше з’явився в Домініоні Моебії під час Прикордонних Війн, коли Моебіанські полки відбивали вторгнення некронів; цей незвичний візерунок зазвичай використовують для боїв на сплюндрованих світах, уражених хімічними чи радіаційними катастрофами."
loc_lasgun_p3_s003,Крижана тундра
loc_lasgun_p3_s003_desc,"Названий на честь Валгалльського 1212-го полку «Холоднокровних», цей камуфляж став стандартною уніформою для крижаних світів у Астра Мілітарум, застосовуваний у кампаніях від зірок Сомніум до туманності Істлайт. Чи наділяє він своїх носіїв легендарною витривалістю тих, чиє ім’я носить, — ще належить довести."
loc_lasgun_p3_um001_1545,Лазгвинтівка розвідника («Небесний мисливець»)
loc_lasgun_p3_um001_1545_desc,"Схема кольорів, здобута тими, хто пережив війну на Галладані... тими небагатьма, хто ще лишився."
loc_lasgun_p3_us001,Лазгвинтівка Р3
loc_lasgun_p3_us001_desc,Skin
loc_lasgun_p3_us002,Лазгвинтівка Р3
loc_lasgun_p3_us002_1538,Лазгвинтівка патерну Аккатран Мк IV (ночі Беталіс)
loc_lasgun_p3_us002_1538_desc,"Це стандартне озброєння всіх Елізійських Десантників. Темне забарвлення названо на честь полків, втрачених у химерній Беталіській Кампанії проти загрози Ельдарі."
loc_lasgun_p3_us002_desc,Skin
loc_laspistol_npc_p1_m1,DEV WIP
loc_laspistol_npc_p1_m1_desc,DEV WIP
loc_laspistol_p1_a101,Важкий лазпістолет (камуфляж «Нокс Непокірний»)
loc_laspistol_p1_cs001,Важкий лазпістолет (камуфляж «Нескорена Нокс»)
loc_laspistol_p1_cs001_desc,"Лісовий камуфляжний візерунок, що став відомим завдяки 100-му Круцийському полку «Охоронців Дзвіниці» під час давньої кампанії на Месселіні. Ті небагато ворогів, що пережили ті битви, здобули нову повагу до тіней.  "
loc_laspistol_p1_cs002,Важкий лазпістолет (камуфляж «Темна тінь Круціс»)
loc_laspistol_p1_cs002_desc,"Колись поширений візерунок, який використовували полки Астра Мілітарум, що заслужили бойові відзнаки, винищуючи зрадників-космодесантників, відомих як «Чорні Розбійники». Лише небагато таких полків пережили десятиліття відтоді… немовби на них полював якийсь зовнішній ворог."
loc_laspistol_p1_locname,Важкий лазпістолет (камуфляж «Іній смерті»)
loc_laspistol_p1_locname_desc,"Улюблений камуфляж полків Крижаних Воїнів Валхалли під час кампанії в затоці Масарі, відомої своєю величезною кількістю жертв і мізерними військовими здобутками. Призовники ставали ветеранами за одну ніч — що й на краще, адже мало хто доживав до другого світанку. Із п’яти світів, які Імперіум прагнув повернути у затоці Масарі, два залишилися обвугленими оболонками, а третій так і не виринув із варп-бурі, що його поглинула.  "
loc_laspistol_p1_m001,Лазпістолет Р1
loc_laspistol_p1_m001_desc,Skin
loc_laspistol_p1_m002,Лазпістолет Р1
loc_laspistol_p1_m002_desc,Skin
loc_laspistol_p1_m003,Лазпістолет Р1
loc_laspistol_p1_m003_desc,Skin
loc_laspistol_p1_m1,Важкий лазпістолет Аккатран MG Мк II
loc_laspistol_p1_m1_desc,"Використовуваний офіцерами Астра Мілітарум по всій галактиці, цей важкий лазпістоль завдає відчутного удару."
loc_laspistol_p1_m3,Важкий лазпістолет Кантраель Мк X
loc_laspistol_p1_m3_desc,Прізвиськом «захисник» Кантраель MG є улюбленою боковою зброєю кадійських полків і так само здобув прихильність серед Моїбіанської Шпилевої Варти.
loc_laspistol_p1_ml01,Ковальська Ліврея Бранкс Мінор
loc_laspistol_p1_ps001,Важкий лазпістолет (камуфляж «Хімзона. Твань»)
loc_laspistol_p1_ps001_desc,"Один із 91 камуфляжних візерунків, запропонованих квеситором Департаменту Муніторум Себастьяном Ксантезом у спробі стандартизувати кольори кампаній Астра Мілітарум. Трактат Ксанте́за вже 85 років перебуває «в обробці»."
loc_laspistol_p1_ps002,Важкий лазпістолет (камуфляж «Вогняний кіготь»)
loc_laspistol_p1_ps002_desc,"Помічений на сотнях вулканічних світів — від Лахарі IX до Мезоа — камуфляж «Вогняний кіготь» став найбільш відомим завдяки Моебіанському 71-му полку під час кампанії «Діаболус», де запеклі бої серед потоків лави закріпили грізну репутацію полку."
loc_laspistol_p1_ps003,Важкий лазпістолет (камуфляж «Скверноскол»)
loc_laspistol_p1_ps003_desc,"Цей візерунок імітує мінливі тіні безлічі ксенос-структур, що вкривають сірчані пустелі Саріуса III. Нещодавно взвод Моебіанського 120-го був відправлений на Саріус III для розслідування дивних ксенос-руїн. Після повернення всім, окрім найстарших офіцерів, стерли пам’ять…"
loc_laspistol_p1_ps004,Важкий лазпістолет (Крижана тундра)
loc_laspistol_p1_ps004_desc,"Названий на честь Валгалльського 1212-го полку «Холоднокровних», цей камуфляж став стандартною уніформою для крижаних світів у Астра Мілітарум, застосовуваний у кампаніях від зірок Сомніум до туманності Істлайт. Чи наділяє він своїх носіїв легендарною витривалістю тих, чиє ім’я носить, — ще належить довести."
loc_laspistol_p1_ps005,Важкий лазпістолет (Сонячні пустки)
loc_laspistol_p1_ps005_desc,"Первісно створений для розхваленої кампанії на світі смерті Рамантіус IV — планеті з трьома сонцями, де з радіаційно обпалених пісків виростали кришталеві ліси, а зубаті хижаки полювали на необережних солдатів уночі."
loc_laspistol_p1_ps006,Ваконінська Зима
loc_laspistol_p1_ps006_desc,"Найвідоміше застосування — у складі трифронтової бойової групи, що об’єднувала моебіанські, ноктанські та валгалльські полки; цей камуфляж став вирішальним чинником перемоги серед безкраїх колючолісів Вакона Альфа."
loc_laspistol_p1_ps007,Важкий лазпістолет (камуфляж «Тіні боліт»)
loc_laspistol_p1_ps007_desc,"Створений як альтернативний камуфляж для Фенґвардів із туманних боліт Друк VI, цей візерунок став еталоном для бойових зон — від заболочених рівнин до дощових ліній окопів."
loc_laspistol_p1_ps008,Лазпістолет Р1
loc_laspistol_p1_ps008_desc,Skin
loc_laspistol_p1_s001,Камуфляж «Каср»
loc_laspistol_p1_s001_1179,Важкий лазпістолет (камуфляж «Моебіанський парад»)
loc_laspistol_p1_s001_1179_779_desc,Skin
loc_laspistol_p1_s001_1179_desc,"Більшість моебіанських полків мають два комплекти парадної форми — один для полкових церемоній і офіційних зборів Астра Мілітарум, а другий створено спеціально для парадів у присутності лорда Констанса Марґрейва."
loc_laspistol_p1_s001_446,Важкий лазпістолет (камуфляж «Пустотний Шрам»)
loc_laspistol_p1_s001_446_desc,"Цей камуфляжний візерунок сформувався протягом тривалої чотирирічної облоги, під час якої Імперську місячну фортецю врешті-решт вирвали з-під контролю відступників."
loc_laspistol_p1_s001_779,Лазпістолет Р1
loc_laspistol_p1_s001_desc,"Названий на честь великих фортець-міст Кадії, цей камуфляж є одним із кількох простих нейтральних візерунків, прийнятих славетними Касркінами. Популярність цього забарвлення забезпечена підтримкою таких елітних підрозділів."
loc_laspistol_p1_us001,Камуфляж «Каср»
loc_laspistol_p1_us001_876,Дотик Марґрейва
loc_laspistol_p1_us001_876_desc,"Кажуть, цей вишуканий пістолет було створено для члена шляхетного Дому Марґрейвів. Він позначає носія як людину високого роду. Або як злодія."
loc_laspistol_p1_us001_desc,"Названий на честь великих фортець-міст Кадії, цей камуфляж є одним із кількох простих нейтральних візерунків, прийнятих славетними Касркінами. Популярність цього забарвлення забезпечена підтримкою таких елітних підрозділів."
loc_laspistol_p1_us002,Камуфляж «Каср»
loc_laspistol_p1_us002_112,Важкий лазпістолет (камуфляж «Монтар»)
loc_laspistol_p1_us002_112_desc,"Система Монтар здавна є зоною воєн, зазнаючи вторгнень від честолюбних варбосів орків до конклавів ренегатів Хаосу. Камуфляж «Монтарський розщеплювач» — універсальний деструктивний візерунок, який видають кільком полкам Астра Мілітаруму, що дозволяє швидко перекидати війська в межах системи з різноманітними середовищами."
loc_laspistol_p1_us002_531,Важкий лазпістолет (камуфляж «Адамантинове Пекло»)
loc_laspistol_p1_us002_531_desc,"Кажуть, що цей візерунок був створений самим легендарним Залізноруким Стракеном. Він отримав свою назву від жахливо спекотних, вологих і невимовно небезпечних джунглів, у яких цей камуфляж часто використовували. Зовсім недавно цей візерунок прийняли Моебіанські 83-й, 441-й та 515-й полки під час сумнозвісної кампанії на Етосі."
loc_laspistol_p1_us002_desc,"Названий на честь великих фортець-міст Кадії, цей камуфляж є одним із кількох простих нейтральних візерунків, прийнятих славетними Касркінами. Популярність цього забарвлення забезпечена підтримкою таких елітних підрозділів."
loc_laspistol_p1_us003,Фейд Токсотрута
loc_laspistol_p1_us003_1521,Важкий лазпістолет Accatran Мк IX
loc_laspistol_p1_us003_1521_desc,"Моделі Аккатран зазвичай важчі за інші лазпістолети, проте компенсують це значно вищою нищівною потугою."
loc_laspistol_p1_us003_desc,"Надзвичайно ефективне забарвлення, що, за чутками, ідеально відтворює вигляд отруйної рослини токстрійло зі світу смерті Файд, який був роздертий війною на в секторі Моебію."
loc_laspistol_p1_us004_1538,Важкий лазпістолет (камуфляж «Беталіс Ніч»)
loc_laspistol_p1_us004_1538_desc,"Лише небагато офіцерів наважилися б здійснити висадку без цього пістоля, закріпленого у спорядженні патерна 68."
loc_loc_achievements_116_desc,"Вони завдають потужних ударів, але й досі падають від одного-двох влучно пущених болтерних пострілів."
loc_loc_achievements_117_desc,У тебе хист визначати пріоритетні цілі.
loc_loc_achievements_118_desc,"Схоже, ти навіть знаходиш задоволення в тому, щоб знищувати цих броньованих громил."
loc_loc_achievements_119_desc,Чим важче — тим гучніше падіння.
loc_love_01,"Май віру, любе серце"
loc_love_01_desc,Благодійний Імператор скеровує й оберігає вірних.
loc_loyalty_bonus_01,"Вірний… але, можливо, заблуканий?"
loc_loyalty_bonus_01_desc,"Так… Щось у цьому місці не так, друзі."
loc_loyalty_bonus_02,Хибний поворот за межами Гельмґарта
loc_loyalty_bonus_02_desc,"Благословенний Сігмаре, нехай це буде марення, навіяне ельфійськими отрутами…"
loc_maniac,Благословенний
loc_maniac_desc,Володар Людства визнає твою цінність.
loc_metal_01,Ферний адепт
loc_metal_01_desc,"Звання для тих, хто служив належно."
loc_metal_02,Окровавлене
loc_metal_02_desc,Убивати в ім’я Імператора — ознака героя.
loc_metal_03,Ферум-оперативник
loc_metal_03_desc,Твою службу (і старанність) відзначено.
loc_metal_04,Новачок загону
loc_metal_04_desc,"Перший крок. Сподіваймося, не останній."
loc_metal_05,Новачок загону
loc_metal_05_desc,"Продовжуй у такому дусі — й, можливо, ще досягнеш вищого."
loc_metal_06,Адепт загону
loc_metal_06_desc,"Не припускайся хибної думки, що ти незамінний."
loc_metal_mohawk_a_var_01,Гребінь-Шип
loc_metal_mohawk_a_var_01_desc,"Єдине краще за імплантований шип у череп — пара таких шипів. Або моторизований, що обертається, мов ланцюговий меч."
loc_metal_mohawk_a_var_02,«Ріппер-Горобець»
loc_metal_mohawk_a_var_02_desc,"Шипи, червоне й смугастий небезпечний візерунок! Цей вигляд кричить: «Небезпека!»"
loc_missionary_a_headgear_set_03,Ореол Ексорціатора
loc_missionary_a_headgear_set_03_desc,"Хоч надмірність і засуджується, вона рідко виходить із моди. Золото сяє навіть у темряві."
loc_missionary_a_lowerbody_set_02,Штани секти Багряної Спокути
loc_missionary_a_lowerbody_set_02_desc,"Ніхто достеменно не знає, куди може занести місіонера Імператорської Віри. Часто вони з’являються в строкАтому вбранні — свідченні минулих мандрів. Судіть не за одягом, а за силою їхньої віри."
loc_missionary_a_lowerbody_set_06,Гарб Осудника (камуфляж «Спалах»)
loc_missionary_a_lowerbody_set_06_desc,"Попри занепалу пишність, ці штани напрочуд вогнестійкі. І це, певно, на краще."
loc_missionary_upperbody_a_set_02,Броня Дому Возславленого Спокутника
loc_missionary_upperbody_a_set_02_desc,"Члени Адептус Міністорум кажуть, що віра — найкраща броня, але важко заперечити, що сталь і підбиття шкірою додають ще трохи корисного захисту."
loc_missionary_upperbody_a_set_06,Броня Благочестивого Вояка
loc_missionary_upperbody_a_set_06_desc,"Хоч здебільшого церемоніальна, ця загартована пласталь все ж надає певного захисту і від ворожого вогню, і від клинків."
loc_moebian_6th_headgear_01_b_var_04_desc,Похмурі сині тіні камуфляжу «Ґлоамус» моторошно нагадують задимлені поля бою Нокс Альфи.
loc_mouth_cover_01_var_01,Захисна решітка МкIII
loc_mouth_cover_01_var_01_desc,І нехай слова твоєї віри фільтруються й підсилюються лише найчистішими металами…
loc_necromunda_03_var_01,Краніальний імплант рівня Тета
loc_necromunda_03_var_01_desc,"Зазвичай застосовується лише після тяжких травм; цей аугмент дає захист майже такий самий, як добрий плак-шолом."
loc_necromunda_04_a_var_01,Каптур Фанатика
loc_necromunda_04_a_var_01_desc,"Тіняво-сірий каптур, що зосереджує думки Ревнителя на його призначенні."
loc_necromunda_04_a_var_02,Каптур Примари
loc_necromunda_04_a_var_02_desc,"Примарно-блідий каптур, який надає носієві моторошного вигляду в глибоких мороках нижніх рівнів вулища."
loc_necromunda_04_a_var_03,Каптур Фанатика (камуфляж «Болотна Кора»)
loc_necromunda_04_a_var_04,Каптур Фанатика (камуфляж «Замерзле вулище»)
loc_necromunda_04_a_var_05,Каптур фанатика (камуфляж «Палаюча сірка»)
loc_necromunda_04_a_var_06,Каптур фанатика (камуфляж «Мул відстійника»)
loc_necromunda_04_a_var_07,Каптур фанатика (камуфляж «Темна кров»)
loc_necromunda_04_b_var_02,Каптур Каятника
loc_necromunda_04_b_var_02_desc,"Ховаючи обличчя за цим каптуром, носії вірять, що Імператор спрямовує їх, дозволяючи скоювати незліченні звірства в Його ім’я без тіні каяття."
loc_needlepistol_p1_m1,Голчастий пістолет Бранкс МкVI
loc_needlepistol_p1_m1_desc,"Одна з більш езотеричних видів зброї в арсеналі Покидька Вулику, цей легкий пістолет доставляє смертоносні токсини за допомогою лазерно-спрямованих енергетичних імпульсів."
loc_needlepistol_p1_m2_desc,"Іноді відомий як голковик, цей зразок зброї є улюбленцем тих ,хто віддає перевагу менш показному способу вбивства."
loc_needlepistol_p1_ml01,Ковальська Ліврея Бранкс Мінор
loc_needlepistol_p1_ml01_desc,"«Нехай твоя зброя буде вбережена від несправності,
Як і твоя душа — від нечистоти.
Омнісій пильнує над тобою.
Вивільни зброю війни.
Вивільни Смертодавця.
— Спів для запобігання несправності»"
loc_npc_gillia_masozi_goggles,Окуляри Масозі
loc_npc_gillia_masozi_goggles_desc,"Очевидно, робота на замовлення. Злодій статиме перед Імператором раніше, ніж сподівається."
loc_ogryn_b_headgear_set_01,"Потопоглинальний налобник (камуфляж «Карстова шкіра», XXXXL)"
loc_ogryn_b_headgear_set_01_desc,"Проведи трохи часу поруч з Оґрином — і швидко зрозумієш, чому цей налобник необхідний."
loc_ogryn_b_headgear_set_03,"Потопоглинальний налобник (камуфляж «Піски Кісток», XXXXL)"
loc_ogryn_b_headgear_set_03_desc,"Він доволі великий, але й мусить таким бути."
loc_ogryn_b_headgear_set_04,"Потопоглинальний налобник (камуфляж «Міський камуфляж», XXXXL)"
loc_ogryn_b_headgear_set_04_desc,"Ніхто вже й не пам’ятає, хто підписав наказ, що направив стільки Оґринів до Моебіанського 9-го, але тепер, коли вони там, сперечатися ніхто не ризикує."
loc_ogryn_b_lowerbody_set_02,"Тренувальні Польовий комплект (камуфляж «Хімзона-Іл», XXXXL)"
loc_ogryn_b_lowerbody_set_02_desc,"«Мені довподоби джунглі. Завжди багато чого подивитися і багато чого з’їсти, так?
Об Черевань»"
loc_ogryn_b_lowerbody_set_04,Польовий комплект розміру здоровило (камуфляж «Міський камуфляж»)
loc_ogryn_b_lowerbody_set_04_desc,"Цей Оґринський камуфляж виготовлено з щільного фільтраційного матеріалу — радше щоб стримувати запах, а не захищати носія."
loc_ogryn_b_lowerbody_set_06,Польовий комплект «Темнолат» (XXXXL)
loc_ogryn_b_lowerbody_set_06_desc,"Попри моду на просте, темне спорядження, деякі бійці ніяк не можуть втриматися від дрібки персоналізації у своєму вбранні."
loc_ogryn_backpack_01_var_01,Наплічник (розмір здоровило)
loc_ogryn_backpack_01_var_01_desc,Мілітарумський мішок здоровило (зелений)
loc_ogryn_backpack_01_var_02,Мішок Громили (камуфляж «Дапплкем»)
loc_ogryn_backpack_01_var_02_desc,"Усе, що виглядає як їжа (а для Оґрина це може бути майже будь-що), запихується до нього «на потім». Часом додаються блискітки чи дрібні цяцьки — їх нерідко з’їдають разом із харчами."
loc_ogryn_backpack_01_var_03,Мішок Громили (камуфляж «Сухоландський»)
loc_ogryn_backpack_01_var_03_desc,Оґрини не люблять розгортань у пустельних чи спустошених зонах — проста причина: у таких краях надто важко знайти щось їстівне.
loc_ogryn_backpack_01_var_04,Набір для здоровили зі звірячої шкури
loc_ogryn_backpack_01_var_04_desc,"Ніхто не знає, істота з якої саме шкури дала матеріал для цього наплічника, але Оґринам запах анітрохи не заважає, хоч іншим він і дошкуляє."
loc_ogryn_backpack_02_var_02,Перевантажений торба (червоний)
loc_ogryn_backpack_02_var_02_desc,"Ремонтні шви та модифікації свідчать, що цей наплічник був колись добре доглянутим і часто вживаним. Цікаво, що сталося з попереднім власником?"
loc_ogryn_backpack_02_var_03,Перевантажений торба (чорний)
loc_ogryn_backpack_02_var_03_desc,"Ремонтні шви та модифікації свідчать, що цей наплічник був колись добре доглянутим і часто вживаним. Цікаво, що сталося з попереднім власником?"
loc_ogryn_backpack_03_var_01,Наплічник (розмір здоровило)
loc_ogryn_backpack_03_var_01_desc,"Усе, що виглядає як їжа (а для Оґрина це може бути майже будь-що), запихується до нього «на потім». Часом додаються блискітки чи дрібні цяцьки — їх нерідко з’їдають разом із харчами."
loc_ogryn_backpack_04_var_01,Запасна артилерійська каретка
loc_ogryn_backpack_06_var_02,Сумнівні пайки (Ваді)
loc_ogryn_backpack_06_var_03,Сумнівні пайки (Бойова Тінь Темнолісу)
loc_ogryn_backpack_06_var_04,Сумнівні пайки (Палена сірка)
loc_ogryn_backpack_07_var_01,Статутний торба (XXXXL)
loc_ogryn_backpack_07_var_01_desc,Просто базова полотняна торба. Але велика. Дуже велика.
loc_ogryn_backpack_09_var_02,"Підсилювач сигналу ауспекса (пошкоджений, жовтий)"
loc_ogryn_backpack_09_var_03,"Підсилювач сигналу ауспекса (пошкоджений, червоний)"
loc_ogryn_backpack_09_var_04,"Підсилювач сигналу ауспекса (пошкоджений, білий)"
loc_ogryn_backpack_10_var_01,Важливий контейнер (Хлороваст)
loc_ogryn_backpack_10_var_02,Важливий контейнер (Бойова Тінь Темнолісу)
loc_ogryn_backpack_10_var_03,Важливий контейнер (Ваді)
loc_ogryn_backpack_15_var_01,Імпровізована «броня»
loc_ogryn_beret_01_var_01,Командний берет Моебіанського 82-го
loc_ogryn_beret_01_var_01_desc,"У Війнах Окраїн елітні або ударні підрозділи часто вирізнялися окремими беретами. 82-й, або «Нічні Яструби», як вони самі себе називали, спеціалізувався на таємних операціях. Чорний берет носили з гордістю на всіх урочистих подіях."
loc_ogryn_beta_headgear_01,Флак-шолом роти «Бета» (XXXXL)
loc_ogryn_beta_headgear_01_desc,"«Ризик завжди є в того, хто першим йде в бій, але ти вижив. Нехай твій приклад веде інших до слави.
(Також зручно перевертати, щоб зачерпнути рагу під час харчу.)»"
loc_ogryn_c_headgear_set_01,Респіратор Кроурк Мк IIc
loc_ogryn_c_headgear_set_01_desc,Будь-який респіратор для здоровила мусить витримувати (випадкові) удари.
loc_ogryn_c_headgear_set_02,Респіратор Кроурк Мк IId
loc_ogryn_c_headgear_set_02_desc,У разі потреби може бути перероблений на імпровізовану броню для бійця з меншими… габаритами.
loc_ogryn_c_headgear_set_03,Респіратор Кроурк Мк IIf
loc_ogryn_c_headgear_set_03_desc,"«Е-е. А це не задом наперед?»
— Піщаний Диявол Стреґґ"
loc_ogryn_c_headgear_set_04,Респіратор Кроурк Мк IIg
loc_ogryn_c_headgear_set_05,ogryn_c_headgear_set_05
loc_ogryn_c_headgear_set_05_desc,"Кадійська маска-бастіон для здоровила. Сіра, із намальованими по боках іклами лютого пса."
loc_ogryn_c_headgear_set_06,Респіратор Кроурк Мк IIa
loc_ogryn_c_lowerbody_set_01,"Боєкомплект Мілітаруму (Кадія 802-й, XXXXL)"
loc_ogryn_c_lowerbody_set_01_desc,"Кадійці цінують здоровил за їхню силу, хоча підхід до дисципліни — дещо мінливий."
loc_ogryn_c_lowerbody_set_03,"Боєкомплект Мілітаруму (камуфляж «Міський камуфляж», XXXXL)"
loc_ogryn_c_lowerbody_set_03_desc,У скруті здоровило слугує доволі корисним клаптем мобільного укриття.
loc_ogryn_c_lowerbody_set_04,"Боєкомплект Мілітаруму (133-й Моебіанський, Кампанія Палаючих Земель)"
loc_ogryn_c_lowerbody_set_04_desc,"Ударні підрозділи здоровил Моебіанського 133-го успішно використовувалися в проривних атаках роками, допоки величезні втрати не змусили розформувати формації."
loc_ogryn_c_lowerbody_set_05,Штани-бастіон (розміру здоровила) та броньовані чоботи (камуфляж «Монтар»)
loc_ogryn_c_lowerbody_set_05_desc,Добре підігнані чоботи — справжній скарб для будь-якої піхоти. Здоровило міг би день у день спокійно втоптувати ворогів у червоні плями в цих металево підсилених чоботях.
loc_ogryn_cadia_lowerbody_set_01,Статутний боєкомплект Мілітаруму (XXXXL)
loc_ogryn_cadia_lowerbody_set_01_desc,"«Нові штани доволі добрі. Але кишень немає. Куди мені складати пайки?»
— Ґорф"
loc_ogryn_cadia_upperbody_a_set_01,Тренувальна майка Мілітаруму (XXXXL)
loc_ogryn_cadia_upperbody_a_set_01_desc,Груба натільна сорочка зі зображенням Імперського Аквіли.
loc_ogryn_career_01_lvl_01_set_01,Ґруммар Пожирач Порожнечі
loc_ogryn_career_01_lvl_01_set_01_desc,"Такий міцний, що жує цвяхи на сніданок. І це дослівно… Ґруммар може їсти будь-що — і робить це."
loc_ogryn_career_01_lvl_03_headgear_set_01,Брутшолом Кроурк Мк IIIa
loc_ogryn_career_01_lvl_03_headgear_set_01_desc,"Трохи зварювання, пара великих болтів — і готово до бою."
loc_ogryn_career_01_lvl_03_headgear_set_02,Брутпластина Кроурк Мк II
loc_ogryn_career_01_lvl_03_headgear_set_02_desc,"Цей шолом витримав один таран головою забагато, але кілька заклепок усе виправлять (принаймні поки що)."
loc_ogryn_career_01_lvl_03_headgear_set_03,Жорстка каска «Залізний» Кроурк
loc_ogryn_career_01_lvl_03_headgear_set_03_desc,Нагадування собі: більше ніколи не таранити танк головою.
loc_ogryn_career_01_lvl_03_headgear_set_04,Брутпластина Кроурк Мк VI «Мертвенно-Тихий»
loc_ogryn_career_01_lvl_03_headgear_set_04_desc,"Усі питають, але ти вже не пам’ятаєш, як він тріснув… та й чому ти тепер так погано пам’ятаєш."
loc_ogryn_career_01_lvl_03_headgear_set_05,Брутпластина Кроурк Мк VIb «Нічний боєць»
loc_ogryn_career_01_lvl_03_headgear_set_05_desc,"Казали, що якщо ти зламаєш іще один шолом — матимеш серйозні проблеми. Це було кілька шоломів тому…"
loc_ogryn_career_01_lvl_03_set_01,Нестримний Орн
loc_ogryn_career_01_lvl_03_set_01_desc,"Завзятий, мов каменюка, що котиться з гори: ніщо не зіб’є Орна з курсу. Він пройде крізь вогонь і переживе найстрашніші рани, аби лише виконати завдання."
loc_ogryn_career_01_lvl_04_headgear_set_01,Брутшолом Кроурк Мк IIIb
loc_ogryn_career_01_lvl_04_headgear_set_01_desc,"Як і самі здоровили, цей шолом створений не для зручності й не для швидкості."
loc_ogryn_career_01_lvl_04_headgear_set_02,Шолом Оґрина Аджакс Мк Ib
loc_ogryn_career_01_lvl_04_headgear_set_02_desc,"У цьому шоломі так зручно, що в ньому можна спати — чим ти й користуєшся при кожній нагоді."
loc_ogryn_career_01_lvl_04_headgear_set_03,Шолом Оґрина Акліс Мк III «Найкращий Камуфляж»
loc_ogryn_career_01_lvl_04_headgear_set_03_desc,"Тепер ти бачиш значно краще, після того як вони перев’язали маску так, щоб вона більше не закривала тобі очі!"
loc_ogryn_career_01_lvl_04_headgear_set_04,Шолом Оґрина Аджакс Мк III
loc_ogryn_career_01_lvl_04_headgear_set_04_desc,"Твою попередню маску зіпсувало те, що ти відригнув і прожег у ній діру, тож будь трохи обережніший із цією, гаразд?"
loc_ogryn_career_01_lvl_04_headgear_set_05,ogryn_career_01_lvl_04_headgear_set_05
loc_ogryn_career_01_lvl_04_headgear_set_05_desc,Шолом класу «Кісткоголов» для здоровила з маскою. Частина косметичного набору 4-го рівня. Колористика Інквізиції.
loc_ogryn_career_01_lvl_04_set_01,Бос Барраг
loc_ogryn_career_01_lvl_04_set_01_desc,Бос Барраг здобув свої шрами та апґрейд «Кісткоголов» у боях із Моебіанським 55-м.
loc_ogryn_career_01_lvl_05_headgear_set_01,Брутшолом Кроурк Мк IIIfi
loc_ogryn_career_01_lvl_05_headgear_set_01_desc,"Окуляри додають трішки вишуканості — це добре — і приховують обличчя здоровила — що, за словами багатьох, ще краще."
loc_ogryn_career_01_lvl_05_headgear_set_02,Шолом Ендиміон Мк IV «Піщаний Кочівник»
loc_ogryn_career_01_lvl_05_headgear_set_02_desc,"Окуляри не дають крові забризкати очі, коли я вдаряю… надто сильно!"
loc_ogryn_career_01_lvl_05_headgear_set_03,Залізний шолом «Вуличний здоровило» — захисний каск
loc_ogryn_career_01_lvl_05_headgear_set_03_desc,"Сержант спитав, чи «щось відбувається всередині твого шолома», і ти не зрозумів, що він мав на увазі… але тепер цікаво? Є там щось? Ну, а раптом?"
loc_ogryn_career_01_lvl_05_headgear_set_04,Залізний шолом Мк VI «Кісткоголовна шапка»
loc_ogryn_career_01_lvl_05_headgear_set_04_desc,"Вони сказали: «Ти станеш Кулаком Імператора» — і тобі сподобалося, як це звучить."
loc_ogryn_career_01_lvl_05_set_01,Скруґ Небокулак
loc_ogryn_career_01_lvl_05_set_01_desc,"Скруґ здобув славу, відірвавши важкий болтер зі знешкодженого танка та збивши ним пару ворожих аерокрафтів, що косили Моебіанські позиції."
loc_ogryn_career_02_lvl_01_set_01,Норґа Стрілець
loc_ogryn_career_02_lvl_01_set_01_desc,"На відміну від багатьох своїх побратимів-здоровил, Норґа навчився цінувати прицілювання перед стрільбою. Така влучність принесла йому безліч похвал від командирів."
loc_ogryn_career_02_lvl_02_set_01,Грімний Дреґа
loc_ogryn_career_02_lvl_02_set_01_desc,"Його тріск пальців схожий на лавину, кроки — на магпотяг. Навіть серед галасливих побратимів Дреґа вважається гучним малим."
loc_ogryn_career_02_lvl_03_headgear_set_01,Ремінь-Вокс Кроурк Мк I
loc_ogryn_career_02_lvl_03_headgear_set_01_desc,"Збудовано міцно, щоб витримувати грубе поводження."
loc_ogryn_career_02_lvl_03_headgear_set_02,Ремінь-Вокс Кроурк Мк III
loc_ogryn_career_02_lvl_03_headgear_set_02_desc,"Метал твоєї гарнітури, схоже, проіржавів після контакту з твоєю головою. Навіть метал не міцніший за здоровила!"
loc_ogryn_career_02_lvl_03_headgear_set_03,Напівтактичний вигукувач «Кісткоголового»
loc_ogryn_career_02_lvl_03_headgear_set_03_desc,"Простота — це добре, а ця спрощена гарнітура — ідеальний приклад."
loc_ogryn_career_02_lvl_03_headgear_set_04,Здоровий Вокс «Постійне Нагадування»
loc_ogryn_career_02_lvl_03_headgear_set_04_desc,"Треба завжди слухати, бо часом Ім-пер-тор кличе!"
loc_ogryn_career_02_lvl_03_headgear_set_05,Статутний здоровий Ремінь-Вокс Муніторуму
loc_ogryn_career_02_lvl_03_headgear_set_05_desc,Шолом класу «Кісткоголов» для здоровила. Частина косметичного набору 3-го рівня. Міська колористика.
loc_ogryn_career_02_lvl_03_set_01,Дроґ Товсточеревець
loc_ogryn_career_02_lvl_03_set_01_desc,"У дитинстві в нетрях вулища Дроґ навчився ковтати все, що бодай приблизно нагадувало їжу. Мало що в Моебіанській Домінії ходить, повзає чи літає, чого Дроґ не пробував на смак."
loc_ogryn_career_02_lvl_04_headgear_set_01,Ремінь-Вокс Кроурк Мк IV
loc_ogryn_career_02_lvl_04_headgear_set_01_desc,На людині ця маска могла б приглушити голос. Для здоровил це ніколи не проблема.
loc_ogryn_career_02_lvl_04_headgear_set_02,Здоровий Ремінь-Вокс Навіс Імперіаліс
loc_ogryn_career_02_lvl_04_headgear_set_02_desc,"Брутальна дикість. Ти не знаєш, що це означає, але сержант сказав, що її в тебе багато."
loc_ogryn_career_02_lvl_04_headgear_set_03,Здоровий Ремінь-Вокс Ордо Геретікус
loc_ogryn_career_02_lvl_04_headgear_set_03_desc,Шолом класу «Кісткоголов» для здоровила з маскою. Частина косметичного набору 4-го рівня. Міська колористика.
loc_ogryn_career_02_lvl_04_headgear_set_04,Здоровий Ремінь-Вокс Ордо Маллеус
loc_ogryn_career_02_lvl_04_headgear_set_04_desc,"Запам’ятовувати важко, а інколи добрий удар по голові допомагає."
loc_ogryn_career_02_lvl_04_headgear_set_05,ogryn_career_02_lvl_04_headgear_set_05
loc_ogryn_career_02_lvl_04_headgear_set_05_desc,Шолом класу «Кісткоголов» для здоровила з маскою. Частина косметичного набору 4-го рівня. Колористика Інквізиції.
loc_ogryn_career_02_lvl_04_set_01,Могутній Гак
loc_ogryn_career_02_lvl_04_set_01_desc,У звитягах надлюдської сили ніхто не зрівняється з Могутнім Гаком. Йому заборонили армрестлінг із побратимами після кількох випадків висмикнутих із плечей рук.
loc_ogryn_career_02_lvl_05_headgear_set_01,Ремінь-Вокс Кроурк Мк XII
loc_ogryn_career_02_lvl_05_headgear_set_01_desc,"Надає трохи зловісного вигляду — який швидко зникає, щойно здоровило заговорить, і повертається вже справжньою загрозою, коли він нависає над дурнем, що засміявся."
loc_ogryn_career_02_lvl_05_headgear_set_02,Здоровий командний підсилювач «Стійкий до Єресі»
loc_ogryn_career_02_lvl_05_headgear_set_02_desc,Часом прикрите обличчя — дарунок для товаришів…
loc_ogryn_career_02_lvl_05_headgear_set_03,Здоровий командний підсилювач Ордо Маллеус
loc_ogryn_career_02_lvl_05_headgear_set_03_desc,"Не намагайся знову почухати око й вибити лінзу, добре?"
loc_ogryn_career_02_lvl_05_headgear_set_04,Командний підсилювач «Кісткоголового»
loc_ogryn_career_02_lvl_05_headgear_set_04_desc,++PERDITUM SANCTUS++
loc_ogryn_career_02_lvl_05_set_01,Ґлорум Пожирач
loc_ogryn_career_02_lvl_05_set_01_desc,"Під час берегової відпустки на Інкроні Ґлорум осушив усе питне не в одному, а в трьох різних шинках. Його лютість поступається лише вмінню ковтати без упину."
loc_ogryn_career_prisoner_01_lvl_03_headgear_var_01,Залізощелепа здоровили Мк III (нержавійка)
loc_ogryn_career_prisoner_01_lvl_03_headgear_var_01_desc,"Жахлива, але напрочуд зручна річ."
loc_ogryn_career_prisoner_01_lvl_04_headgear_var_01,Комір здоровили
loc_ogryn_career_prisoner_01_lvl_04_headgear_var_01_desc,"Чхання, хропіння, кусання — усе відчувається інакше, коли сталеву щелепу надійно прикручено на місце."
loc_ogryn_career_prisoner_01_lvl_05_headgear_var_01,"Залізощелепа Мк VI (нержавійка), Брут-окуляри та Великий каптур"
loc_ogryn_career_prisoner_01_lvl_05_headgear_var_01_desc,"З парою брут-окулярів неважливо, скільки крові ти розбризкаєш — вона ніколи не потрапляє в очі!"
loc_ogryn_christmas_headgear_01,Флак-шолом Кроурк «Всезірка»
loc_ogryn_christmas_headgear_01_desc,"«Найбільша вм’ятина на цьому шоломі з’явилася не від ворожого вогню, а від самого здоровила: у нього засвербіло в голові, але він забув, що носить шолом, і почав гамселити себе палицею по місцю, що чесалося.
“Ні, бос, мені подобається червоний шолом. Як вони ціляться в нього — то попадають в нічого важливого!”»"
loc_ogryn_club_p1_cs001,Польова лопата (камуфляж «Тінь Круцісу»)
loc_ogryn_club_p1_cs001_desc,"Лісовий камуфляжний візерунок, що став відомим завдяки 100-му Круцийському полку «Охоронців Дзвіниці» під час давньої кампанії на Месселіні. Ті небагато ворогів, що пережили ті битви, здобули нову повагу до тіней.  "
loc_ogryn_club_p1_cs002,Польова лопата (камуфляж «Вогняні пустки»)
loc_ogryn_club_p1_cs002_desc,"Колись поширений візерунок, який використовували полки Астра Мілітарум, що заслужили бойові відзнаки, винищуючи зрадників-космодесантників, відомих як «Чорні Розбійники». Лише небагато таких полків пережили десятиліття відтоді… немовби на них полював якийсь зовнішній ворог."
loc_ogryn_club_p1_locname,Польова лопата (камуфляж «Іній смерті»)
loc_ogryn_club_p1_locname_desc,"Улюблений камуфляж полків Крижаних Воїнів Валхалли під час кампанії в затоці Масарі, відомої своєю величезною кількістю жертв і мізерними військовими здобутками. Призовники ставали ветеранами за одну ніч — що й на краще, адже мало хто доживав до другого світанку. Із п’яти світів, які Імперіум прагнув повернути у затоці Масарі, два залишилися обвугленими оболонками, а третій так і не виринув із варп-бурі, що його поглинула.  "
loc_ogryn_club_p1_m001,Довбня Оґрина Р1
loc_ogryn_club_p1_m001_desc,Skin
loc_ogryn_club_p1_m002,Довбня Оґрина Р1
loc_ogryn_club_p1_m002_desc,Skin
loc_ogryn_club_p1_m003,Довбня Оґрина Р1
loc_ogryn_club_p1_m003_desc,Skin
loc_ogryn_club_p1_m1,Польова лопата Мозковибивач Мк III
loc_ogryn_club_p1_m1_desc,"Брудна робота, але хтось мусить її виконати. І дев’ять разів із десяти цим кимось є Оґрин."
loc_ogryn_club_p1_m2,Польова лопата Мозковибивач Мк XIX
loc_ogryn_club_p1_m2_desc,"Постачання лопат збільшеного розміру для передових частин — логістичний жах, але в руках Оґринських полків ціла мережа траншей може бути викопана за частку звичного часу."
loc_ogryn_club_p1_m3,Польова лопата Мозковибивач Мк V
loc_ogryn_club_p1_m3_desc,"Перша робота Оґрина в Астра Мілітарум зазвичай — копати: чи то нужники, чи то траншеї, різниці немає. Деякі Оґрини прив’язуються до своєї лопати, вважаючи її дорогоцінним дарунком від «Емп’Ра»."
loc_ogryn_club_p1_ml01,Ковальська Ліврея Бранкс Мінор
loc_ogryn_club_p1_ps001,Польова лопата (камуфляж «Хімзона. Твань»)
loc_ogryn_club_p1_ps001_desc,"Один із 91 камуфляжних візерунків, запропонованих квеситором Департаменту Муніторум Себастьяном Ксантезом у спробі стандартизувати кольори кампаній Астра Мілітарум. Трактат Ксанте́за вже 85 років перебуває «в обробці»."
loc_ogryn_club_p1_ps002,Польова лопата (камуфляж «Вогняний кіготь»)
loc_ogryn_club_p1_ps002_desc,"Помічений на сотнях вулканічних світів — від Лахарі IX до Мезоа — камуфляж «Вогняний кіготь» став найбільш відомим завдяки Моебіанському 71-му полку під час кампанії «Діаболус», де запеклі бої серед потоків лави закріпили грізну репутацію полку."
loc_ogryn_club_p1_ps003,Польова лопата (камуфляж «Скверноскол»)
loc_ogryn_club_p1_ps003_desc,"Цей візерунок імітує мінливі тіні безлічі ксенос-структур, що вкривають сірчані пустелі Саріуса III. Нещодавно взвод Моебіанського 120-го був відправлений на Саріус III для розслідування дивних ксенос-руїн. Після повернення всім, окрім найстарших офіцерів, стерли пам’ять…"
loc_ogryn_club_p1_ps004,Польова лопата (Крижана тундра)
loc_ogryn_club_p1_ps004_desc,"Названий на честь Валгалльського 1212-го полку «Холоднокровних», цей камуфляж став стандартною уніформою для крижаних світів у Астра Мілітарум, застосовуваний у кампаніях від зірок Сомніум до туманності Істлайт. Чи наділяє він своїх носіїв легендарною витривалістю тих, чиє ім’я носить, — ще належить довести."
loc_ogryn_club_p1_ps005,Польова лопата (Сонячні пустки)
loc_ogryn_club_p1_ps005_desc,"Первісно створений для розхваленої кампанії на світі смерті Рамантіус IV — планеті з трьома сонцями, де з радіаційно обпалених пісків виростали кришталеві ліси, а зубаті хижаки полювали на необережних солдатів уночі."
loc_ogryn_club_p1_ps006,Ваконінська Зима
loc_ogryn_club_p1_ps006_desc,"Найвідоміше застосування — у складі трифронтової бойової групи, що об’єднувала моебіанські, ноктанські та валгалльські полки; цей камуфляж став вирішальним чинником перемоги серед безкраїх колючолісів Вакона Альфа."
loc_ogryn_club_p1_ps007,Польова лопата (камуфляж «Тіні боліт»)
loc_ogryn_club_p1_ps007_desc,"Створений як альтернативний камуфляж для Фенґвардів із туманних боліт Друк VI, цей візерунок став еталоном для бойових зон — від заболочених рівнин до дощових ліній окопів."
loc_ogryn_club_p1_ps008,Довбня Оґрина Р1
loc_ogryn_club_p1_ps008_desc,Skin
loc_ogryn_club_p1_s001,Попелястий камуфляж
loc_ogryn_club_p1_s001_desc,"Цей камуфляжний узор нанесено пігментами Астра Мілітарум, обробленими хімреактивами, розробленими для стійкості у корозійних атмосферах. Відомо застосований під час високооспіваного Наступу Ноктюрнус, цей споряджений камуфляж користується великим попитом серед бійців, що входять у токсичні середовища."
loc_ogryn_club_p1_s002,Гиріонські дюни
loc_ogryn_club_p1_s002_desc,"Відомий своєю бойовою ефективністю на пустельному світі Гиріон, цей візерунок уже давно є улюбленцем численних аблюдських полків, багато з яких були визволені під час кампанії від жорстоких нальотів ненависних Друкхарі."
loc_ogryn_club_p1_us001_311,Саперна лопатка з роздвоєним клинком
loc_ogryn_club_p1_us001_311_desc,"Хоча заявлена ефективність роздвоєного клинку в копанні траншей часто (і голосно) оскаржується тими, хто має цим займатися, ніхто не заперечить, що вона перетворює на криваве місиво будь-якого єретика, який стає на її шляху."
loc_ogryn_club_p1_us002,Моебіанська «Темна тінь»
loc_ogryn_club_p1_us002_531,Потерта бойова саперна лопатка (XXXXL)
loc_ogryn_club_p1_us002_531_desc,"Надійна саперна лопатка нерідко стає рятівницею солдата в безвихідній ситуації. Ця, здається, бачила немало бою."
loc_ogryn_club_p1_us002_desc,"Стандартне позначення спорядження для полків, які воювали на тій території, що нині відома як Месселіна, під час кампанії Відпущення. Назва походить від забарвлення смертоносної флори планети — пурпурної тіні — рослини, яку давно стерли з поверхні світу, щоб звільнити місце для численних храмів і павільйонів святої Месселіни."
loc_ogryn_club_p1_us003,Камуфляж «Каср»
loc_ogryn_club_p1_us003_desc,"Названий на честь великих фортець-міст Кадії, цей камуфляж є одним із кількох простих нейтральних візерунків, прийнятих славетними Касркінами. Популярність цього забарвлення забезпечена підтримкою таких елітних підрозділів."
loc_ogryn_club_p1_us004,Каменестійкий
loc_ogryn_club_p1_us004_1521,Саперна лопатка (XXXXL)
loc_ogryn_club_p1_us004_1521_desc,На цьому етапі всеприсутня саперна лопатка є стандартним спорядженням у лавах Корпусу Смерті.
loc_ogryn_club_p1_us004_1553,Снігова Лопата МкVII (Крижана Міць)
loc_ogryn_club_p1_us004_1553_desc,"Коли настає час розчищати сніг, дуже доречно мати Оґрина з такою штукою."
loc_ogryn_club_p1_us004_desc,"Один зі стандартних «тьмяних» одностроїв, виданих полкам Астра Мілітарум під час Рекультивації Обервальда у М40. Цей візерунок був вільною інтерпретацією камуфляжу кадіанських касрів, який було важко постачати у віддалену агросистему."
loc_ogryn_club_p2_cs001,Довбня хулігана (камуфляж «Темна тінь Круціс»)
loc_ogryn_club_p2_cs001_desc,"Лісовий камуфляжний візерунок, що став відомим завдяки 100-му Круцийському полку «Охоронців Дзвіниці» під час давньої кампанії на Месселіні. Ті небагато ворогів, що пережили ті битви, здобули нову повагу до тіней.  "
loc_ogryn_club_p2_cs002,Довбня хулігана (камуфляж «Вогняні пустки»)
loc_ogryn_club_p2_cs002_desc,"Колись поширений візерунок, який використовували полки Астра Мілітарум, що заслужили бойові відзнаки, винищуючи зрадників-космодесантників, відомих як «Чорні Розбійники». Лише небагато таких полків пережили десятиліття відтоді… немовби на них полював якийсь зовнішній ворог."
loc_ogryn_club_p2_locname,Довбня хулігана (камуфляж «Іній смерті»)
loc_ogryn_club_p2_locname_desc,"Улюблений камуфляж полків Крижаних Воїнів Валхалли під час кампанії в затоці Масарі, відомої своєю величезною кількістю жертв і мізерними військовими здобутками. Призовники ставали ветеранами за одну ніч — що й на краще, адже мало хто доживав до другого світанку. Із п’яти світів, які Імперіум прагнув повернути у затоці Масарі, два залишилися обвугленими оболонками, а третій так і не виринув із варп-бурі, що його поглинула.  "
loc_ogryn_club_p2_m001,Довбня Оґрина Р2
loc_ogryn_club_p2_m001_1114,Сонцепал
loc_ogryn_club_p2_m001_1114_desc,"Один із сорока трьох окремих пустельних камуфляжних візерунків, санкціонованих для використання 3-ми Талларнськими Пустельними Рейдерами за наказом їхнього легендарного капітана аль-Рахема. Ця нині повсюдна схема часто застосовується полками від Моебійських Дзвіничників до Сцинтиліанських Ґренадерів."
loc_ogryn_club_p2_m001_395,Довбня хулігана (Авагейстська сірка)
loc_ogryn_club_p2_m001_395_desc,"Нещодавно використовувався кількома полками, що билися проти сил Хаосу в перші дні Тринадцятого Чорного Хрестового Походу. Цей рідкісний пустельний камуфляж можна простежити в архівах Департаментуму Муніторму багато століть назад."
loc_ogryn_club_p2_m001_desc,Skin
loc_ogryn_club_p2_m002,Довбня Оґрина Р2
loc_ogryn_club_p2_m002_desc,Skin
loc_ogryn_club_p2_m003,Довбня Оґрина Р2
loc_ogryn_club_p2_m003_desc,Skin
loc_ogryn_club_p2_m1,Довбня хулігана «Фішка від Бранта» Мк I 
loc_ogryn_club_p2_m1_desc,"«Мотлох? Хто це назвав мотлохом? Це ж особлива довбня. Мій власний дизайн. У мене самого таких дві.
— Ґеррі “Брант” Чернік»"
loc_ogryn_club_p2_m2,Довбня хулігана «Гордість Бранта» Мк II 
loc_ogryn_club_p2_m2_desc,"«Найкращу довбню я зробив, кажу вам. Створена за зразком моєї улюбленої довбні, яку я втратив на Фортанісі. Її зжер клятий тиранід. Я ледь не розплакався, чесне слово.
— Ґеррі “Брант” Чернік»"
loc_ogryn_club_p2_m3,Довбня хулігана «Трощило Бранта» Мк IIIb 
loc_ogryn_club_p2_m3_desc,"Одна з різновидів зброї, створених грізним квартирмейстером «Морнінґстара» Ґеррі «Брантом» Черніком, яку він приберігає для своїх улюблених Оґринів."
loc_ogryn_club_p2_ml01,Ковальська Ліврея Бранкс Мінор
loc_ogryn_club_p2_ps001,Довбня хулігана (камуфляж «Хімзона. Твань»)
loc_ogryn_club_p2_ps001_desc,"Один із 91 камуфляжних візерунків, запропонованих квеситором Департаменту Муніторум Себастьяном Ксантезом у спробі стандартизувати кольори кампаній Астра Мілітарум. Трактат Ксанте́за вже 85 років перебуває «в обробці»."
loc_ogryn_club_p2_ps002,Довбня хулігана (камуфляж «Вогняний кіготь»)
loc_ogryn_club_p2_ps002_desc,"Помічений на сотнях вулканічних світів — від Лахарі IX до Мезоа — камуфляж «Вогняний кіготь» став найбільш відомим завдяки Моебіанському 71-му полку під час кампанії «Діаболус», де запеклі бої серед потоків лави закріпили грізну репутацію полку."
loc_ogryn_club_p2_ps003,Довбня хулігана (камуфляж «Скверноскол»)
loc_ogryn_club_p2_ps003_desc,"Цей візерунок імітує мінливі тіні безлічі ксенос-структур, що вкривають сірчані пустелі Саріуса III. Нещодавно взвод Моебіанського 120-го був відправлений на Саріус III для розслідування дивних ксенос-руїн. Після повернення всім, окрім найстарших офіцерів, стерли пам’ять…"
loc_ogryn_club_p2_ps004,Довбня хулігана (Крижана тундра)
loc_ogryn_club_p2_ps004_desc,"Названий на честь Валгалльського 1212-го полку «Холоднокровних», цей камуфляж став стандартною уніформою для крижаних світів у Астра Мілітарум, застосовуваний у кампаніях від зірок Сомніум до туманності Істлайт. Чи наділяє він своїх носіїв легендарною витривалістю тих, чиє ім’я носить, — ще належить довести."
loc_ogryn_club_p2_ps005,Довбня хулігана (Сонячні пустки)
loc_ogryn_club_p2_ps005_desc,"Первісно створений для розхваленої кампанії на світі смерті Рамантіус IV — планеті з трьома сонцями, де з радіаційно обпалених пісків виростали кришталеві ліси, а зубаті хижаки полювали на необережних солдатів уночі."
loc_ogryn_club_p2_ps006,Ваконінська Зима
loc_ogryn_club_p2_ps006_desc,"Найвідоміше застосування — у складі трифронтової бойової групи, що об’єднувала моебіанські, ноктанські та валгалльські полки; цей камуфляж став вирішальним чинником перемоги серед безкраїх колючолісів Вакона Альфа."
loc_ogryn_club_p2_ps007,Довбня хулігана (камуфляж «Тіні боліт»)
loc_ogryn_club_p2_ps007_desc,"Створений як альтернативний камуфляж для Фенґвардів із туманних боліт Друк VI, цей візерунок став еталоном для бойових зон — від заболочених рівнин до дощових ліній окопів."
loc_ogryn_club_p2_ps008,Довбня Оґрина Р2
loc_ogryn_club_p2_ps008_desc,Skin
loc_ogryn_club_p2_s001,Тайваанська планетарна висадка  
loc_ogryn_club_p2_s001_desc,"Воїни Атоми, приготуйтеся! Сьогодні ми зійдемо з небес, немов янголи помсти. Сьогодні ми принесемо вогонь гніву Імператора нашим ворогам. Сьогодні ми принесемо розплату, якої вони ще не бачили. У-ра!  "
loc_ogryn_club_p2_s002,Червонодеревна Завірюха
loc_ogryn_club_p2_s002_desc,"Позначення Департаменту Муніторму 82616/с — недовговічний камуфляжний узор, визнаний нещасливим після провальної зимової кампанії в мертвих лісах Вакон Альфа. Пізніше планету було відвойовано, а успішні полки Астра Мілітарум отримали оновлену версію, названу «Ваконська Зима»."
loc_ogryn_club_p2_us001_1521,«Трощило Блуґа»
loc_ogryn_club_p2_us001_1521_desc,"Дехто каже, що довбня — це просто довбня, але ті, хто знаються, розуміють значення ваги й балансу. «Трощило Блуґа» влучає в ту саму солодку точку вагомості, максимально підсилюючи удар."
loc_ogryn_combatblade_npc_p1_m1,++ PERDITUM SANCTUS ++
loc_ogryn_combatblade_npc_p1_m1_desc,DEV WIP
loc_ogryn_combatblade_p1_a101,Тесак (камуфляж «Нескорена Нокс»)
loc_ogryn_combatblade_p1_a101_desc,"Для Оґрина це легка й зручна зброя. Більшість людей насилу підняли б її, не кажучи вже про те, щоб махати нею в бою."
loc_ogryn_combatblade_p1_cs001,Тесак (камуфляж «Темна тінь Круціс»)
loc_ogryn_combatblade_p1_cs001_desc,"Лісовий камуфляжний візерунок, що став відомим завдяки 100-му Круцийському полку «Охоронців Дзвіниці» під час давньої кампанії на Месселіні. Ті небагато ворогів, що пережили ті битви, здобули нову повагу до тіней.  "
loc_ogryn_combatblade_p1_cs002,Тесак (камуфляж «Вогняні пустки»)
loc_ogryn_combatblade_p1_cs002_desc,"Колись поширений візерунок, який використовували полки Астра Мілітарум, що заслужили бойові відзнаки, винищуючи зрадників-космодесантників, відомих як «Чорні Розбійники». Лише небагато таких полків пережили десятиліття відтоді… немовби на них полював якийсь зовнішній ворог."
loc_ogryn_combatblade_p1_locname,Тесак (камуфляж «Іній смерті»)
loc_ogryn_combatblade_p1_locname_desc,"Улюблений камуфляж полків Крижаних Воїнів Валхалли під час кампанії в затоці Масарі, відомої своєю величезною кількістю жертв і мізерними військовими здобутками. Призовники ставали ветеранами за одну ніч — що й на краще, адже мало хто доживав до другого світанку. Із п’яти світів, які Імперіум прагнув повернути у затоці Масарі, два залишилися обвугленими оболонками, а третій так і не виринув із варп-бурі, що його поглинула.  "
loc_ogryn_combatblade_p1_m001,Бойовий ніж Р1
loc_ogryn_combatblade_p1_m001_desc,"Стандартне спорядження для полків, що билися на теперішній Месселіні, під час Кампанії Відпущення. Назву було взято від забарвлення смертоносної флори планети — багряної нічної тіні, рослини, яку давно винищили з поверхні світу, щоб звільнити місце для багатьох храмів і павільйонів Святої Месселіни."
loc_ogryn_combatblade_p1_m002,Бойовий ніж Р1
loc_ogryn_combatblade_p1_m002_desc,Skin
loc_ogryn_combatblade_p1_m003,Бойовий ніж Р1
loc_ogryn_combatblade_p1_m003_112,Тесак (камуфляж «Монтар»)
loc_ogryn_combatblade_p1_m003_112_desc,"Система Монтар здавна є зоною воєн, зазнаючи вторгнень від честолюбних варбосів орків до конклавів ренегатів Хаосу. Камуфляж «Монтарський розщеплювач» — універсальний деструктивний візерунок, який видають кільком полкам Астра Мілітаруму, що дозволяє швидко перекидати війська в межах системи з різноманітними середовищами."
loc_ogryn_combatblade_p1_m003_182,Тесак (камуфляж «Нічна завіса Коналда»)
loc_ogryn_combatblade_p1_m003_182_desc,"Цей камуфляжний узор уперше застосували на покровному світі Коналда, де об’єднана бойова група кадійських, ландрійських і моебіанських полків спричинила падіння славетного ренеґатського ватажка, поклавши край трирічній кампанії."
loc_ogryn_combatblade_p1_m003_desc,Skin
loc_ogryn_combatblade_p1_m1,Тесак Кроурк Мк VI
loc_ogryn_combatblade_p1_m1_deluxe,Тесак (Мортис-оперативник)
loc_ogryn_combatblade_p1_m1_deluxe_desc,"Оперативники Смерті — це таємне коло в межах бойової групи Ґрендила, і ти не маєш допуску до цієї інформації.  "
loc_ogryn_combatblade_p1_m1_desc,"Щоб не марнувати цінні ресурси світів-кузень на виробництво лез для Оґринів, різноманітні грубі племінні ножі й тесаки кують напівумілі кісткоголові ковалі для своїх побратимів."
loc_ogryn_combatblade_p1_m1_xbox,Тесак (камуфляж «Іній смерті»)
loc_ogryn_combatblade_p1_m1_xbox_desc,"Улюблений камуфляж полків Крижаних Воїнів Валхалли під час кампанії в затоці Масарі, відомої своєю величезною кількістю жертв і мізерними військовими здобутками. Призовники ставали ветеранами за одну ніч — що й на краще, адже мало хто доживав до другого світанку. Із п’яти світів, які Імперіум прагнув повернути у затоці Масарі, два залишилися обвугленими оболонками, а третій так і не виринув із варп-бурі, що його поглинула.  "
loc_ogryn_combatblade_p1_m2,Тесак М'ясник Мк III
loc_ogryn_combatblade_p1_m2_desc,"У руках Оґрина ці масивні, грубі тесаки можуть розітнути дорослого чоловіка навпіл одним лише розмашистим ударом."
loc_ogryn_combatblade_p1_m3,Тесак Кроурк Мк IV
loc_ogryn_combatblade_p1_m3_desc,"Ці величезні леза майже надто важкі, щоб гвардієць узагалі міг їх підняти, але в руках Оґрина вони нічим не відрізняються від легких кинджалів."
loc_ogryn_combatblade_p1_ml01,Ковальська Ліврея Бранкс Мінор
loc_ogryn_combatblade_p1_ml01_desc,"«Нехай твоя зброя буде вбережена від несправності,
Як і твоя душа — від нечистоти.
Омнісій пильнує над тобою.
Вивільни зброю війни.
Вивільни Смертодавця.
— Спів для запобігання несправності»"
loc_ogryn_combatblade_p1_ps001,Тесак (камуфляж «Хімзона. Твань»)
loc_ogryn_combatblade_p1_ps001_desc,"Один із 91 камуфляжних візерунків, запропонованих квеситором Департаменту Муніторум Себастьяном Ксантезом у спробі стандартизувати кольори кампаній Астра Мілітарум. Трактат Ксанте́за вже 85 років перебуває «в обробці»."
loc_ogryn_combatblade_p1_ps002,Тесак (камуфляж «Вогняний кіготь»)
loc_ogryn_combatblade_p1_ps002_desc,"Помічений на сотнях вулканічних світів — від Лахарі IX до Мезоа — камуфляж «Вогняний кіготь» став найбільш відомим завдяки Моебіанському 71-му полку під час кампанії «Діаболус», де запеклі бої серед потоків лави закріпили грізну репутацію полку."
loc_ogryn_combatblade_p1_ps003,Тесак (камуфляж «Скверноскол»)
loc_ogryn_combatblade_p1_ps003_desc,"Цей візерунок імітує мінливі тіні безлічі ксенос-структур, що вкривають сірчані пустелі Саріуса III. Нещодавно взвод Моебіанського 120-го був відправлений на Саріус III для розслідування дивних ксенос-руїн. Після повернення всім, окрім найстарших офіцерів, стерли пам’ять…"
loc_ogryn_combatblade_p1_ps004,Тесак (Крижана тундра)
loc_ogryn_combatblade_p1_ps004_desc,"Названий на честь Валгалльського 1212-го полку «Холоднокровних», цей камуфляж став стандартною уніформою для крижаних світів у Астра Мілітарум, застосовуваний у кампаніях від зірок Сомніум до туманності Істлайт. Чи наділяє він своїх носіїв легендарною витривалістю тих, чиє ім’я носить, — ще належить довести."
loc_ogryn_combatblade_p1_ps005,Тесак (Сонячні пустки)
loc_ogryn_combatblade_p1_ps005_desc,"Первісно створений для розхваленої кампанії на світі смерті Рамантіус IV — планеті з трьома сонцями, де з радіаційно обпалених пісків виростали кришталеві ліси, а зубаті хижаки полювали на необережних солдатів уночі."
loc_ogryn_combatblade_p1_ps006,Ваконінська Зима
loc_ogryn_combatblade_p1_ps006_desc,"Найвідоміше застосування — у складі трифронтової бойової групи, що об’єднувала моебіанські, ноктанські та валгалльські полки; цей камуфляж став вирішальним чинником перемоги серед безкраїх колючолісів Вакона Альфа."
loc_ogryn_combatblade_p1_ps007,Тесак (камуфляж «Тіні боліт»)
loc_ogryn_combatblade_p1_ps007_desc,"Створений як альтернативний камуфляж для Фенґвардів із туманних боліт Друк VI, цей візерунок став еталоном для бойових зон — від заболочених рівнин до дощових ліній окопів."
loc_ogryn_combatblade_p1_ps008,Бойовий ніж Р1
loc_ogryn_combatblade_p1_ps008_desc,Skin
loc_ogryn_combatblade_p1_s001,Тесак (камуфляж «Сонячний Згар»)
loc_ogryn_combatblade_p1_s001_065,Тесак (камуфляж «Ударна група Феллгейвен»)
loc_ogryn_combatblade_p1_s001_065_desc,"Назване на честь легендарної бойової групи, що билася проти орків під час високооспіваної кампанії Ікабода, камуфляж Феллгейвен здобув прихильність численних полків Астра Мілітарум, які запевняють, що він робить їх майже невидимими для Зеленошкірих."
loc_ogryn_combatblade_p1_s001_185,Напівпосушливий тактичний
loc_ogryn_combatblade_p1_s001_185_desc,"Створений для ведення війни на величезних просторах спалених кам'янистих рівнин, сухих чагарників і рідколісся, цей камуфляжний узор надзвичайно універсальний, здобувши прихильність багатьох мудрих командирів — від командира Емвіра з 1-го Карлацького до Лорд-Мілітанта Баросса зі Стражі Моебіану."
loc_ogryn_combatblade_p1_s001_193,Елнатський партизан
loc_ogryn_combatblade_p1_s001_193_desc,"Цей камуфляж найвідоміший тим, що його використовували підрозділи Астра Мілітарум у пекельних джунглях Елнату, де цілих вісім полків кілька тижнів тримали оборону проти мародерів-космодесантників Хаосу. Після прибуття ударної групи Саламандр більшість солдатів Мілітаруму було піддано стиранню пам’яті, а більшість їхнього спорядження — знищено…"
loc_ogryn_combatblade_p1_s001_329,Тесак (камуфляж «Осколки Смертельного Світу»)
loc_ogryn_combatblade_p1_s001_329_desc,"Цей камуфляж спершу полюбили кілька полків Катачанських бійців джунглів під час очищення Дезорд IV. Відтоді його прийняли й інші підрозділи Астра Мілітарум — переважно ті, що ведуть бої в субтропічних регіонах Світів Смерті."
loc_ogryn_combatblade_p1_s001_373,Хареус «Три-Сонця»
loc_ogryn_combatblade_p1_s001_373_desc,"Цей вражаючий камуфляж було розроблено для кампанії Хареус, де сім полків — включно з Моебіанською шпилево-вартою та Піранськими драгунами — розгромили осередок Тау посеред вогню випалених дюн дельти Хареуса."
loc_ogryn_combatblade_p1_s001_desc,"Один із сорока трьох окремих пустельних камуфляжних візерунків, санкціонованих для використання 3-ми Талларнськими Пустельними Рейдерами за наказом їхнього легендарного капітана аль-Рахема. Ця нині повсюдна схема часто застосовується полками від Моебійських Дзвіничників до Сцинтиліанських Ґренадерів."
loc_ogryn_combatblade_p1_us001,Камуфляж «Каср»
loc_ogryn_combatblade_p1_us001_177,Тесак (камуфляж «Здоровильські Рівнини»)
loc_ogryn_combatblade_p1_us001_177_desc,"Прославився під час сумнозвісного повстання Кроурк — кампанії, що точилася на безкраїх посушливих рівнинах, де місцева шаблезуба фауна становила більшу загрозу, ніж будь-який відступник.  "
loc_ogryn_combatblade_p1_us001_182,Тесак (камуфляж «Нічна завіса Коналда»)
loc_ogryn_combatblade_p1_us001_182_desc,"Цей камуфляжний узор уперше застосували на покровному світі Коналда, де об’єднана бойова група кадійських, ландрійських і моебіанських полків спричинила падіння славетного ренеґатського ватажка, поклавши край трирічній кампанії."
loc_ogryn_combatblade_p1_us001_348,Тесак (камуфляж «Криваве поле»)
loc_ogryn_combatblade_p1_us001_348_desc,"Цей характерний камуфляж спершу створили, щоб імітувати листя надзвичайно отруйної, напіврозумної рослини зі світу смерті — з метою захистити солдатів Астра Мілітарум від нападу місцевої фауни."
loc_ogryn_combatblade_p1_us001_848,«Гордість Файло»
loc_ogryn_combatblade_p1_us001_848_desc,"Цей парадний узор був настільки кричущим, що 6-й Моебіанський полк повністю його покинув, доки Даріо Файло — тоді ще сержант — не вийшов у ньому в бій на спір. Така була його кількість убивств того дня, що Шостий прийняв цей узор як почесне позначення «камуфляжу»."
loc_ogryn_combatblade_p1_us001_999,Тесак (камуфляж «Честь Баркетта»)
loc_ogryn_combatblade_p1_us001_999_desc,"Цей оздоблений візерунок узято з особистої геральдики Ґунтера Баркетта, одного з наймогутніших шляхтичів Атоми, й його носить особиста гвардія."
loc_ogryn_combatblade_p1_us001_desc,"Названий на честь великих фортець-міст Кадії, цей камуфляж є одним із кількох простих нейтральних візерунків, прийнятих славетними Касркінами. Популярність цього забарвлення забезпечена підтримкою таких елітних підрозділів."
loc_ogryn_combatblade_p1_us002,Камуфляж «Каср»
loc_ogryn_combatblade_p1_us002_426,Тесак (камуфляж «Ноксіанський Феротигр»)
loc_ogryn_combatblade_p1_us002_426_desc,"Не найтонший камуфляжний узор, але напрочуд ефективний на залізних рівнинах Нокс Секундуса, де він наслідує характерне забарвлення величезних феротигрів, що нишпорять суворими рівнинами планети."
loc_ogryn_combatblade_p1_us002_desc,"Названий на честь великих фортець-міст Кадії, цей камуфляж є одним із кількох простих нейтральних візерунків, прийнятих славетними Касркінами. Популярність цього забарвлення забезпечена підтримкою таких елітних підрозділів."
loc_ogryn_combatblade_p1_us003,Камуфляж «Каср»
loc_ogryn_combatblade_p1_us003_177,Тесак (камуфляж «Здоровильські Рівнини»)
loc_ogryn_combatblade_p1_us003_177_desc,"Прославився під час сумнозвісного повстання Кроурк — кампанії, що точилася на безкраїх посушливих рівнинах, де місцева шаблезуба фауна становила більшу загрозу, ніж будь-який відступник.  "
loc_ogryn_combatblade_p1_us003_desc,"Названий на честь великих фортець-міст Кадії, цей камуфляж є одним із кількох простих нейтральних візерунків, прийнятих славетними Касркінами. Популярність цього забарвлення забезпечена підтримкою таких елітних підрозділів."
loc_ogryn_combatblade_p1_us004,Бойовий ніж Р1
loc_ogryn_combatblade_p1_us004_desc,Skin
loc_ogryn_d_headgear_set_01,Черепний імплант Здоровило Mark XII (розмір XXXXL)
loc_ogryn_d_headgear_set_01_desc,"Такі черепні імпланти зазвичай встановлюють після катастрофічних ушкоджень голови, які інакше закінчилися б смертю. Хоча є й такі, хто добровільно приймає болісну процедуру заради «тактічних переваг»."
loc_ogryn_d_lowerbody_set_01,"Важкий боєкомплект (Кадійський 802-й, XXXXL)"
loc_ogryn_d_lowerbody_set_01_desc,"Здоровили майже не відчувають додаткової ваги броні, але потребують когось, хто допоможе їм її надягати."
loc_ogryn_d_lowerbody_set_02,"Важкий боєкомплект (Моебіанський 38-й, Окопна гвардія)"
loc_ogryn_d_lowerbody_set_02_desc,Чому завжди свербить саме під бронепластинами?
loc_ogryn_d_lowerbody_set_04,Посилений польовий комплект (камуфляж «Сонячний горіння»)
loc_ogryn_d_lowerbody_set_04_desc,"Добре притертий у носінні, але ще далеко не зношений."
loc_ogryn_death_korps_of_krieg_headgear_a_var_01,Кріґська газова маска (XXXXL)
loc_ogryn_death_korps_of_krieg_headgear_a_var_01_desc,Здоровило чи ні — усі члени Корпусу Смерті носять цю маску.
loc_ogryn_death_korps_of_krieg_headgear_a_var_05,"Кріґська газова маска, XXXXL (камуфляж «Плато»)"
loc_ogryn_death_korps_of_krieg_headgear_a_var_06,"Кріґська газова маска, XXXXL (камуфляж «Замерзле вулище»)"
loc_ogryn_death_korps_of_krieg_headgear_a_var_07,"Кріґська газова маска, XXXXL (камуфляж «Безкраї»)"
loc_ogryn_death_korps_of_krieg_headgear_b_var_01,Стальний шолом із кріґською газовою маскою (XXXXL)
loc_ogryn_death_korps_of_krieg_headgear_b_var_01_desc,Посилений сталевий шолом із впізнаваним кріґським зразком газової маски.
loc_ogryn_death_korps_of_krieg_headgear_b_var_03,"Стальний шолом із кріґською газовою маскою, XXXXL (зелений)"
loc_ogryn_death_korps_of_krieg_headgear_b_var_05,«Позначений смертю» шолом
loc_ogryn_death_korps_of_krieg_headgear_b_var_05_desc,"Потайність і засідки — звична тактика для загонів, що діють у пітьмі, але силу страху недооцінювати не можна."
loc_ogryn_death_korps_of_krieg_headgear_b_var_06,"Стальний шолом із кріґською газовою маскою, XXXXL (камуфляж «Міський бій»)"
loc_ogryn_death_korps_of_krieg_headgear_b_var_07,"Стальний шолом із кріґською газовою маскою, XXXXL (камуфляж «Сонячний горіння»)"
loc_ogryn_death_korps_of_krieg_lowerbody_01_var_01,Кріґський польовий комплект (XXXXL)
loc_ogryn_death_korps_of_krieg_lowerbody_01_var_01_desc,"Синій польовий комплект із посиленими колінами та обмотками, яких вистачило б, щоб забезпечити цілу піхотну ланку."
loc_ogryn_e_headgear_set_01,Реґтай Краґґових Командосів (XXXXL)
loc_ogryn_e_headgear_set_01_desc,"Деякі офіцери вважають саму ідею командосів-здоровил смішною, хоча ніколи не кажуть цього в присутності Краґґа."
loc_ogryn_e_headgear_set_01_eyepatch_a_var_01,"Піратська пов’язка та реґтай (камуфляж «Хімзона-Іл», XXXXL)"
loc_ogryn_e_headgear_set_01_eyepatch_a_var_01_desc,"Ніхто ще не наважився спитати Брукка, чи йому справді потрібна пов’язка на оці. Кілька товаришів по взводу клянуться, що бачили, як він інколи міняє її місцями. Його любов до вибухівки означає, що з прицілюванням проблем не виникає."
loc_ogryn_e_headgear_set_03,Реґтай Моебіанського 18-го (XXXXL)
loc_ogryn_e_headgear_set_03_desc,Здоровили не люблять пустельних бойових дій. Там ніколи нема чого їсти.
loc_ogryn_e_headgear_set_05,"Реґтай (Моебіанський 33-й, XXXXL)"
loc_ogryn_e_headgear_set_05_desc,"«Ото здоровило дав мені цю червону голову-штучку. Ну, гаразд… я взяв її після того, як добре їх відлупцював. На мені все одно краще виглядає…»"
loc_ogryn_e_lowerbody_set_05,"Тренувальний польовий комплект (камуфляж «Карстова шкіра», XXXXL)"
loc_ogryn_e_lowerbody_set_05_desc,"Камуфляж Моебіанської Домінії, створений за мотивами оригінального катачанського дизайну."
loc_ogryn_elucidian_starstriders_headgear_01_var_05,Капелюх Порожнинника (Червона) (XXXXL)
loc_ogryn_elucidian_starstriders_headgear_01_var_06,Капелюх Порожнинника (Wadi) (XXXXL)
loc_ogryn_elucidian_starstriders_headgear_01_var_07,Капелюх Порожнинника (Коричнева Шкіра) (XXXXL)
loc_ogryn_elysian_drop_troops_lowerbody_a_var_04,Стрибковий комбінезон Мк X PT-38 (XXXXL)
loc_ogryn_elysian_drop_troops_lowerbody_a_var_04_desc,"Кількість тканини, потрібна, щоб заповнити цю простьобану форму, змусила б здригнутися будь-якого клерка Міністоруму, але важко заперечити ефективність здоровила, що приземляється просто в епіцентр бою."
loc_ogryn_elysian_drop_troops_upperbody_a_var_04,Стрибковий комбінезон Мк X PT-38 (XXXXL)
loc_ogryn_elysian_drop_troops_upperbody_a_var_04_desc,"Добре, що литі бронепластини з синт-пласту легкі. Шкода, що цього не можна сказати про їхнього носія."
loc_ogryn_elysian_headgear_a_01_var_01,Герметичний шолом типу 5 (XXXXL)
loc_ogryn_elysian_headgear_a_01_var_01_desc,Практично стандартний плак-сталевий шолом. Просто більший. Набагато більший.
loc_ogryn_elysian_headgear_a_rebreather_01_var_01,Шолом Десантника «Крушитель» (планетарний штурм Дрокс III)
loc_ogryn_elysian_headgear_a_rebreather_01_var_02,Шолом Десантника «Крушитель» (очищення Нарсиса)
loc_ogryn_elysian_headgear_a_rebreather_01_var_03,Шолом Десантника «Крушитель» (повстання на Джунді)
loc_ogryn_elysian_headgear_a_rebreather_01_var_04,Шолом десантника «Крушитель» (Ваді)
loc_ogryn_elysian_headgear_a_rebreather_01_var_05,Шолом десантника «Крушитель» (Палена сірка)
loc_ogryn_elysian_headgear_a_rebreather_01_var_06,Шолом десантника «Крушитель» (Бойова Тінь Темнолісу)
loc_ogryn_enforcer_headgear_a_var_01,Шолом патрульного Енфорсерів (XXXXL)
loc_ogryn_enforcer_headgear_a_var_01_desc,"Світлозахисні лінзи та вбудований респіратор роблять його ідеальним для тісних, жорстоких сутичок, у яких Енфорсери найчастіше опиняються."
loc_ogryn_enforcer_headgear_a_var_02,"Патрульний шолом Правоохоронця (XXXXL, червоний)"
loc_ogryn_enforcer_headgear_a_var_03,"Патрульний шолом Правоохоронця (XXXXL, синій)"
loc_ogryn_enforcer_headgear_a_var_04,"Патрульний шолом Правоохоронця (XXXXL, білий)"
loc_ogryn_enforcer_lowerbody_a_var_01,Патрульні штани «Баросс» (XXXXL)
loc_ogryn_enforcer_lowerbody_a_var_01_desc,"Посилена тканина та броня з найкращої моебіанської сталі. Ну, принаймні так казали, що це моебіанська сталь."
loc_ogryn_enforcer_lowerbody_a_var_02,"Патрульні штани Баросс (XXXXL, червоні)"
loc_ogryn_enforcer_lowerbody_a_var_03,"Патрульні штани Баросс (XXXXL, сині)"
loc_ogryn_enforcer_lowerbody_a_var_04,"Патрульні штани Баросс (XXXXL, білі)"
loc_ogryn_enforcer_upperbody_a_var_01,Патрульна броня «Баросс» (XXXXL)
loc_ogryn_enforcer_upperbody_a_var_01_desc,"Ці громіздкі обладунки потребують стільки ресурсів, скільки необхідно, щоб спорядити цілий патруль звичайних, людських Енфорсерів."
loc_ogryn_enforcer_upperbody_a_var_02,"Патрульна броня Баросс (XXXXL, червона)"
loc_ogryn_enforcer_upperbody_a_var_03,"Патрульна броня Баросс (XXXXL, синя)"
loc_ogryn_enforcer_upperbody_a_var_04,"Патрульна броня Баросс (XXXXL, біла)"
loc_ogryn_eyepatch_a_var_01,Пов’язка на око з ґрокшкіри
loc_ogryn_eyepatch_a_var_01_desc,"Може, вона й не така функціональна, як аугметик, але потерта шкіра доволі зручна й має свій розбишацький шарм."
loc_ogryn_f_headgear_set_01,Вибухозахисні окуляри Кроурк Мк IIIa
loc_ogryn_f_headgear_set_01_desc,Виявляють чіткі сліди неуважного пережовування.
loc_ogryn_f_headgear_set_02,Вибухозахисні окуляри Кроурк Мк IIId
loc_ogryn_f_headgear_set_02_desc,"Металеве покриття дивно стерте, що наводить на думку, ніби це завжди була лише фарба."
loc_ogryn_f_lowerbody_set_01,"Польовий комплект (розміру здоровила, камуфляж «Похмурі землі»)"
loc_ogryn_f_lowerbody_set_01_desc,"Коли очищуєш галактику від зрадників, відьом, невірних і ксеносів, добре мати штани, що дають широкий діапазон руху. Гнучкі — але не настільки зручні, щоб тобі було за що каятися."
loc_ogryn_f_lowerbody_set_03,"Розвідувальний польовий комплект (камуфляж «Безкраї», XXXXL)"
loc_ogryn_f_lowerbody_set_03_desc,"Дехто з тих пустельних плям може бути слідами їжі, кров’ю невідомих істот або… хто знає чим? Здоровилам байдуже, і тобі краще довго над цим не замислюватися…"
loc_ogryn_f_lowerbody_set_06,"Розвідувальний польовий комплект (камуфляж «Крижаний іній», XXXXL)"
loc_ogryn_f_lowerbody_set_06_desc,"Камуфляж «Крижаний іній» полюбляють багато розвідувальних підрозділів у снігових кампаніях — він дає кращу скритність, ніж чисто-білий «Морозний Жаль»."
loc_ogryn_face_mask_01_var_04,Герметичний ребризер (Крижаний Жаль) (XXXXL)
loc_ogryn_face_mask_01_var_05,Герметичний ребризер (Камуфляж Монтар) (XXXXL)
loc_ogryn_face_mask_01_var_06,Герметичний ребризер (Камуфляж Крижаного Вулика) (XXXXL)
loc_ogryn_face_mask_03_var_04,Черепний аугметик зразка «Йотун» (Кобальтова Пляма) (XXXXL)
loc_ogryn_face_mask_03_var_05,Черепний аугметик зразка «Йотун» (Палена Сірка) (XXXXL)
loc_ogryn_face_mask_03_var_06,Черепний аугметик зразка «Йотун» (Wadi) (XXXXL)
loc_ogryn_face_scarf_01_var_03,Стізійський бойовий шарф із фільтрами середовища (камуфляж «Замерзле вулище»)
loc_ogryn_face_scarf_01_var_04,Стізійський бойовий шарф із фільтрами середовища (камуфляж «Льодовий шрам»)
loc_ogryn_face_scarf_01_var_05,Стізійський бойовий шарф із фільтрами середовища (імперський брокат)
loc_ogryn_facial_hair_a_eyebrows,Борода 47
loc_ogryn_facial_hair_a_eyebrows_desc,++REDACTED++
loc_ogryn_facial_hair_a_fullbeard,Борода 48
loc_ogryn_facial_hair_a_fullbeard_desc,++REDACTED++
loc_ogryn_facial_hair_a_goattee,Борода 49
loc_ogryn_facial_hair_a_goattee_desc,++REDACTED++
loc_ogryn_facial_hair_a_goattee_mustache,Борода 50
loc_ogryn_facial_hair_a_goattee_mustache_mustache,Борода 51
loc_ogryn_facial_hair_a_goattee_sideburns,Борода 52
loc_ogryn_facial_hair_a_goattee_sideburns_desc,++REDACTED++
loc_ogryn_facial_hair_a_mustache,Борода 53
loc_ogryn_facial_hair_a_mustache_desc,++REDACTED++
loc_ogryn_facial_hair_a_mustache_sideburns,Борода 54
loc_ogryn_facial_hair_a_mustache_sideburns_desc,++REDACTED++
loc_ogryn_facial_hair_a_sideburns,Борода 55
loc_ogryn_facial_hair_a_sideburns_desc,++REDACTED++
loc_ogryn_facial_hair_a_stubble,Борода 56
loc_ogryn_facial_hair_a_stubble_desc,++REDACTED++
loc_ogryn_facial_hair_b_eyebrows,Борода 57
loc_ogryn_facial_hair_b_eyebrows_desc,++REDACTED++
loc_ogryn_facial_hair_b_fullbeard,Борода 58
loc_ogryn_facial_hair_b_fullbeard_desc,++REDACTED++
loc_ogryn_facial_hair_b_goattee,Борода 59
loc_ogryn_facial_hair_b_goattee_desc,++REDACTED++
loc_ogryn_facial_hair_b_goattee_mustache,Борода 60
loc_ogryn_facial_hair_b_goattee_mustache_desc,++REDACTED++
loc_ogryn_facial_hair_b_goattee_sideburns,Борода 61
loc_ogryn_facial_hair_b_goattee_sideburns_desc,++REDACTED++
loc_ogryn_facial_hair_b_mustache,Борода 62
loc_ogryn_facial_hair_b_mustache_desc,++REDACTED++
loc_ogryn_facial_hair_b_mustache_sideburns,Борода 63
loc_ogryn_facial_hair_b_mustache_sideburns_desc,++REDACTED++
loc_ogryn_facial_hair_b_sideburns,Борода 64
loc_ogryn_facial_hair_b_sideburns_desc,++REDACTED++
loc_ogryn_facial_hair_b_stubble,Борода 65
loc_ogryn_facial_hair_b_stubble_desc,++REDACTED++
loc_ogryn_facial_hair_c_eyebrows,Борода 66
loc_ogryn_facial_hair_c_eyebrows_desc,++REDACTED++
loc_ogryn_facial_hair_c_fullbeard,Борода 67
loc_ogryn_facial_hair_c_fullbeard_desc,++REDACTED++
loc_ogryn_facial_hair_c_goattee,Борода 68
loc_ogryn_facial_hair_c_goattee_desc,++REDACTED++
loc_ogryn_facial_hair_c_goattee_mustache,Борода 69
loc_ogryn_facial_hair_c_goattee_mustache_desc,++REDACTED++
loc_ogryn_facial_hair_c_goattee_sideiburns,Борода 70
loc_ogryn_facial_hair_c_goattee_sideiburns_desc,++REDACTED++
loc_ogryn_facial_hair_c_mustache,Борода 71
loc_ogryn_facial_hair_c_mustache_desc,++REDACTED++
loc_ogryn_facial_hair_c_mustache_sideburns,Борода 72
loc_ogryn_facial_hair_c_mustache_sideburns_desc,++REDACTED++
loc_ogryn_facial_hair_c_sideburns,Борода 73
loc_ogryn_facial_hair_c_sideburns_desc,++REDACTED++
loc_ogryn_facial_hair_c_stubble,Борода 74
loc_ogryn_facial_hair_c_stubble_desc,++REDACTED++
loc_ogryn_facial_hair_sideburns_a,Борода 75
loc_ogryn_facial_hair_sideburns_a_Desc,++REDACTED++
loc_ogryn_g_lowerbody_set_02,Штани Великого Броґґа
loc_ogryn_g_lowerbody_set_02_desc,"Засновник Спілки Череполамів, Броґґ завжди прагнув відповідно вдягатися."
loc_ogryn_g_lowerbody_set_03,"Велетенські Страйдери Борґо (слизькошкіра, XXXXL)"
loc_ogryn_g_lowerbody_set_03_desc,"Удар ногою здоровила в сталево підсилених чоботах і так жахливий, але варто додати шипи — і видовищна кривавість гарантована."
loc_ogryn_g_lowerbody_set_04,Бойовий трофейний комплект
loc_ogryn_g_lowerbody_set_04_desc,"Груба тканина та недбалі шви позначають ці штани як здобуті в підвулищах. Примітивні наколінники викувано з панцера знищеного ксенос-танка. Але найцінніше — важкі шиповані чоботи, що справді незамінні."
loc_ogryn_g_lowerbody_set_05,Леґінси «Флешкота»
loc_ogryn_g_lowerbody_set_05_desc,"Багато тертіумських флешкотів загинули, щоб цей здоровило міг похизуватися своїм вбранням."
loc_ogryn_g_lowerbody_set_06,Бойові штани Торґа
loc_ogryn_g_lowerbody_set_06_desc,"Торґ чув про цвяховані чоботи, але явно недочути про те, чим вони є. Втім, ефективність його тлумачення ніхто не заперечує."
loc_ogryn_gas_mask_01_coated_var_01,"Ребризер зразка «Здоровило» Mk IX (XXXXL, Ваді)"
loc_ogryn_gas_mask_01_coated_var_02,"Ребризер зразка «Здоровило» Mk IX (XXXXL, Камуфляж Монтар)"
loc_ogryn_gas_mask_01_coated_var_03,"Ребризер зразка «Здоровило» Mk IX (XXXXL, Бойова Тінь Темнолісу)"
loc_ogryn_gas_mask_01_var_01,Респіратор Brute патерна Mark IX (XXXXL)
loc_ogryn_gas_mask_01_var_01_desc,Зверни увагу на масивні сталеві підсилення.
loc_ogryn_gauntlet_npc_p1_m1,DEV WIP
loc_ogryn_gauntlet_npc_p1_m1_desc,DEV WIP
loc_ogryn_gauntlet_p1_cs001,Гренадерна бронерукавиця (камуфляж «Темна тінь Круціс»)
loc_ogryn_gauntlet_p1_cs001_desc,"Лісовий камуфляжний візерунок, що став відомим завдяки 100-му Круцийському полку «Охоронців Дзвіниці» під час давньої кампанії на Месселіні. Ті небагато ворогів, що пережили ті битви, здобули нову повагу до тіней.  "
loc_ogryn_gauntlet_p1_cs002,Гренадерна бронерукавиця (камуфляж «Вогняні пустки»)
loc_ogryn_gauntlet_p1_cs002_desc,"Колись поширений візерунок, який використовували полки Астра Мілітарум, що заслужили бойові відзнаки, винищуючи зрадників-космодесантників, відомих як «Чорні Розбійники». Лише небагато таких полків пережили десятиліття відтоді… немовби на них полював якийсь зовнішній ворог."
loc_ogryn_gauntlet_p1_locname,Гренадерна бронерукавиця (камуфляж «Іній смерті»)
loc_ogryn_gauntlet_p1_locname_desc,"Улюблений камуфляж полків Крижаних Воїнів Валхалли під час кампанії в затоці Масарі, відомої своєю величезною кількістю жертв і мізерними військовими здобутками. Призовники ставали ветеранами за одну ніч — що й на краще, адже мало хто доживав до другого світанку. Із п’яти світів, які Імперіум прагнув повернути у затоці Масарі, два залишилися обвугленими оболонками, а третій так і не виринув із варп-бурі, що його поглинула.  "
loc_ogryn_gauntlet_p1_m001,Бронерукавиця
loc_ogryn_gauntlet_p1_m001_182,Гренадерна бронерукавиця (камуфляж «Нічна завіса Коналда»)
loc_ogryn_gauntlet_p1_m001_182_desc,"Цей камуфляжний узор уперше застосували на покровному світі Коналда, де об’єднана бойова група кадійських, ландрійських і моебіанських полків спричинила падіння славетного ренеґатського ватажка, поклавши край трирічній кампанії."
loc_ogryn_gauntlet_p1_m001_desc,Skin
loc_ogryn_gauntlet_p1_m002,Бронерукавиця
loc_ogryn_gauntlet_p1_m002_desc,Skin
loc_ogryn_gauntlet_p1_m003,Бронерукавиця
loc_ogryn_gauntlet_p1_m003_177,Гренадерна бронерукавиця (камуфляж «Здоровильські Рівнини»)
loc_ogryn_gauntlet_p1_m003_177_desc,"Прославився під час сумнозвісного повстання Кроурк — кампанії, що точилася на безкраїх посушливих рівнинах, де місцева шаблезуба фауна становила більшу загрозу, ніж будь-який відступник.  "
loc_ogryn_gauntlet_p1_m003_348,Гренадерна бронерукавиця (камуфляж «Криваве поле»)
loc_ogryn_gauntlet_p1_m003_348_desc,"Цей характерний камуфляж спершу створили, щоб імітувати листя надзвичайно отруйної, напіврозумної рослини зі світу смерті — з метою захистити солдатів Астра Мілітарум від нападу місцевої фауни."
loc_ogryn_gauntlet_p1_m003_848,Бронерукавиця
loc_ogryn_gauntlet_p1_m003_848_desc,Skin
loc_ogryn_gauntlet_p1_m003_desc,Skin
loc_ogryn_gauntlet_p1_m1,Гренадерна бронерукавиця Blastoom Мк III
loc_ogryn_gauntlet_p1_m1_desc,"Важкий гранАтомет, улюблений підрозділами Буллґринів; гренадерні бронерукавиці кріплять до руки користувача лише для того, щоб тямкуватий Оґрин не загубив їх…"
loc_ogryn_gauntlet_p1_ml01,Ковальська Ліврея Бранкс Мінор
loc_ogryn_gauntlet_p1_ps001,Гренадерна бронерукавиця (камуфляж «Хімзона. Твань»)
loc_ogryn_gauntlet_p1_ps001_desc,"Один із 91 камуфляжних візерунків, запропонованих квеситором Департаменту Муніторум Себастьяном Ксантезом у спробі стандартизувати кольори кампаній Астра Мілітарум. Трактат Ксанте́за вже 85 років перебуває «в обробці»."
loc_ogryn_gauntlet_p1_ps002,Гренадерна бронерукавиця (камуфляж «Вогняний кіготь»)
loc_ogryn_gauntlet_p1_ps002_desc,"Помічений на сотнях вулканічних світів — від Лахарі IX до Мезоа — камуфляж «Вогняний кіготь» став найбільш відомим завдяки Моебіанському 71-му полку під час кампанії «Діаболус», де запеклі бої серед потоків лави закріпили грізну репутацію полку."
loc_ogryn_gauntlet_p1_ps003,Гренадерна бронерукавиця (камуфляж «Скверноскол»)
loc_ogryn_gauntlet_p1_ps003_desc,"Цей візерунок імітує мінливі тіні безлічі ксенос-структур, що вкривають сірчані пустелі Саріуса III. Нещодавно взвод Моебіанського 120-го був відправлений на Саріус III для розслідування дивних ксенос-руїн. Після повернення всім, окрім найстарших офіцерів, стерли пам’ять…"
loc_ogryn_gauntlet_p1_ps004,Гренадерна бронерукавиця (Крижана тундра)
loc_ogryn_gauntlet_p1_ps004_desc,"Названий на честь Валгалльського 1212-го полку «Холоднокровних», цей камуфляж став стандартною уніформою для крижаних світів у Астра Мілітарум, застосовуваний у кампаніях від зірок Сомніум до туманності Істлайт. Чи наділяє він своїх носіїв легендарною витривалістю тих, чиє ім’я носить, — ще належить довести."
loc_ogryn_gauntlet_p1_ps005,Гренадерна бронерукавиця (Сонячні пустки)
loc_ogryn_gauntlet_p1_ps005_desc,"Первісно створений для розхваленої кампанії на світі смерті Рамантіус IV — планеті з трьома сонцями, де з радіаційно обпалених пісків виростали кришталеві ліси, а зубаті хижаки полювали на необережних солдатів уночі."
loc_ogryn_gauntlet_p1_ps006,Ваконінська Зима
loc_ogryn_gauntlet_p1_ps006_desc,"Найвідоміше застосування — у складі трифронтової бойової групи, що об’єднувала моебіанські, ноктанські та валгалльські полки; цей камуфляж став вирішальним чинником перемоги серед безкраїх колючолісів Вакона Альфа."
loc_ogryn_gauntlet_p1_ps007,Гренадерна бронерукавиця (камуфляж «Тіні боліт»)
loc_ogryn_gauntlet_p1_ps007_desc,"Створений як альтернативний камуфляж для Фенґвардів із туманних боліт Друк VI, цей візерунок став еталоном для бойових зон — від заболочених рівнин до дощових ліній окопів."
loc_ogryn_gauntlet_p1_ps008,Бронерукавиця
loc_ogryn_gauntlet_p1_ps008_desc,Skin
loc_ogryn_gauntlet_p1_us001_1538,Бронерукавиця гренадера (камуфляж «Беталіс Чорний»)
loc_ogryn_gauntlet_p1_us001_1538_desc,"Є підозра, що попередньому власникові допомогли з оздобленням ствола цієї зброї."
loc_ogryn_gauntlet_p1_us002_1551,Бронерукавиця придушення натовпу
loc_ogryn_gauntlet_p1_us002_1551_desc,"«Якщо натовп став плоским — значить, придушений, так?»"
loc_ogryn_gauntlet_p1_us004_1558,Бум Огґа
loc_ogryn_goggles_d_var_01,Окуляри захисту середовища рівня Альфа (XXXXL)
loc_ogryn_goggles_d_var_01_desc,"Дуже великі окуляри. Чудові, щоб пісок і хімікати не потрапляли в очі."
loc_ogryn_goggles_d_var_02,Позолочені окуляри захисту середовища (XXXXL)
loc_ogryn_goggles_d_var_02_desc,"Не всі наглядники дозволяють черговим маршалам Сховищ носити такі окуляри. Затоновані лінзи ускладнюють визначення, чи не сплять вони на посту."
loc_ogryn_h_headgear_set_01,Каптур Пішаш (камуфляж «Чагарниковий»)
loc_ogryn_h_headgear_set_01_desc,Чому вони намагалися приховати обличчя Оґрина — загадка для всіх.
loc_ogryn_h_headgear_set_02,Каптур Пішаш (камуфляж «Ваді»)
loc_ogryn_h_headgear_set_02_desc,Оґрини ненавидять такі каптури — у них значно важче їсти.
loc_ogryn_h_headgear_set_04,Каптур Пішаш (камуфляж «Плато»)
loc_ogryn_h_headgear_set_04_desc,"Легенди кажуть про схожих убивць, які вбивають без єдиного звуку. Ця річ їм не належала."
loc_ogryn_h_headgear_set_06,Каптур Ґріммера (камуфляж «Червоний Жалом»)
loc_ogryn_h_headgear_set_06_desc,"Міцний хімоброблений каптур, створений витримувати талларнські пилові бурі й огрінський перегар."
loc_ogryn_h_headgear_set_07,Каптур Пісаш (Палаюча сірка)
loc_ogryn_h_headgear_set_08,Каптур Пісаш (Вишуканий відтінок)
loc_ogryn_h_headgear_set_09,Каптур Пісаш (Чорна шкіра)
loc_ogryn_h_lowerbody_set_01,"Розвідувальний боєкомплект (камуфляж «Чагарниковий», XXXXL)"
loc_ogryn_h_lowerbody_set_01_desc,"Здоровили не народжені для пустельних боїв, але більшість усе одно кидається в них із завзяттям."
loc_ogryn_h_lowerbody_set_02,"Підбиті штани здоровила (модель IV, XXXXL)"
loc_ogryn_h_lowerbody_set_02_desc,"Тебе коли-небудь били так сильно, що ти ковтав зуби? Ну, зараз буде, якщо не даси мені спокою."
loc_ogryn_h_lowerbody_set_05,"Підбитий польовий комплект здоровила (модель IV, XXXXL)"
loc_ogryn_h_lowerbody_set_05_desc,"Здоровили полюбляють такі штани, відомі як «стиль громила», бо вони міцні, гнучкі й не сковують рухів. Як не дивно, дати волю руйнівному запалу важче, коли боїшся, що штани тріснуть по шву."
loc_ogryn_hair_long_greaser_a,Зачіска 50
loc_ogryn_hair_long_greaser_a_desc,"Як додатковий бонус, ця прилизана зачіска чудово ловить і утримує дрібних комах, паразитів і гризунів."
loc_ogryn_hair_short_balding_a,Зачіска 51
loc_ogryn_hair_short_balding_a_desc,++REDACTED++
loc_ogryn_hair_short_bowlcut_a,Зачіска 52
loc_ogryn_hair_short_bowlcut_a_desc,++REDACTED++
loc_ogryn_hair_short_buzzcut_a,Зачіска 53
loc_ogryn_hair_short_buzzcut_a_desc,++REDACTED++
loc_ogryn_hair_short_buzzcut_b,Зачіска 54
loc_ogryn_hair_short_buzzcut_b_desc,++REDACTED++
loc_ogryn_hair_short_buzzcut_c,Зачіска 55
loc_ogryn_hair_short_buzzcut_c_desc,++REDACTED++
loc_ogryn_hair_short_c,Зачіска 56
loc_ogryn_hair_short_c_desc,++REDACTED++
loc_ogryn_hair_short_flattop_a,Зачіска 57
loc_ogryn_hair_short_flattop_a_desc,"Оскільки волосся Оґринів зазвичай густе й жорстке, ця стрижка має додаткову перевагу — працює як наждачка низького ґатунку."
loc_ogryn_hair_short_modular_a,Зачіска 58
loc_ogryn_hair_short_modular_a_01,Зачіска 59
loc_ogryn_hair_short_modular_a_01_des,Зачіска 60
loc_ogryn_hair_short_modular_a_02,Зачіска 61
loc_ogryn_hair_short_modular_a_02_desc,++REDACTED++
loc_ogryn_hair_short_modular_a_03,Зачіска 62
loc_ogryn_hair_short_modular_a_03_desc,++REDACTED++
loc_ogryn_hair_short_modular_a_desc,++REDACTED++
loc_ogryn_hair_short_modular_b,Зачіска 63
loc_ogryn_hair_short_modular_b_01,Зачіска 64
loc_ogryn_hair_short_modular_b_01_desc,++REDACTED++
loc_ogryn_hair_short_modular_b_02,Зачіска 65
loc_ogryn_hair_short_modular_b_02_desc,++REDACTED++
loc_ogryn_hair_short_modular_b_03,Зачіска 66
loc_ogryn_hair_short_modular_b_03_desc,++REDACTED++
loc_ogryn_hair_short_modular_b_desc,++REDACTED++
loc_ogryn_hair_short_modular_c_01,Зачіска 67
loc_ogryn_hair_short_modular_c_01_desc,++REDACTED++
loc_ogryn_hair_short_modular_c_02,Зачіска 68
loc_ogryn_hair_short_modular_c_02_desc,++REDACTED++
loc_ogryn_hair_short_modular_c_03,Зачіска 69
loc_ogryn_hair_short_modular_c_03_desc,++REDACTED++
loc_ogryn_hair_short_modular_d,Зачіска 70
loc_ogryn_hair_short_modular_d_01,Зачіска 71
loc_ogryn_hair_short_modular_d_01desc,++REDACTED++
loc_ogryn_hair_short_modular_d_desc,++REDACTED++
loc_ogryn_hair_short_mohawk_a,Зачіска 72
loc_ogryn_hair_short_mohawk_a_desc,++REDACTED++
loc_ogryn_hair_short_scab_a,Зачіска 73
loc_ogryn_hair_short_scab_a_desc,++REDACTED++
loc_ogryn_hair_short_tripplemohawk_a,Зачіска 74
loc_ogryn_hair_short_tripplemohawk_a_desc,Три-гривень уперше популяризував славетний чемпіон ямних боїв Атоми Прайм — Круґ Спайкфіст.
loc_ogryn_hammer_2h_p1_cs001,Оґринський молот 2H P1
loc_ogryn_hammer_2h_p1_cs001_skin_desc,Skin
loc_ogryn_hammer_2h_p1_cs002,Оґринський молот 2H P1
loc_ogryn_hammer_2h_p1_cs002_skin_desc,Skin
loc_ogryn_hard_hat_01_var_02,Кришка Бунтівника
loc_ogryn_hard_hat_01_var_02_desc,"Грубий побитий метал і міцні шкіряні ремені. Воно недолуге, але дієве."
loc_ogryn_hard_hat_01_var_04,Шолом Армагеддону
loc_ogryn_hard_hat_01_var_05,Шолом пустельного пацюка
loc_ogryn_hard_hat_01_var_06,Шолом крігера
loc_ogryn_heavystubber_p1_cs001,Спарений важкий кулемет (камуфляж «Темна тінь Круціс»)
loc_ogryn_heavystubber_p1_cs001_desc,"Лісовий камуфляжний візерунок, що став відомим завдяки 100-му Круцийському полку «Охоронців Дзвіниці» під час давньої кампанії на Месселіні. Ті небагато ворогів, що пережили ті битви, здобули нову повагу до тіней.  "
loc_ogryn_heavystubber_p1_cs002,Спарений важкий кулемет (камуфляж «Вогняні пустки»)
loc_ogryn_heavystubber_p1_cs002_desc,"Колись поширений візерунок, який використовували полки Астра Мілітарум, що заслужили бойові відзнаки, винищуючи зрадників-космодесантників, відомих як «Чорні Розбійники». Лише небагато таких полків пережили десятиліття відтоді… немовби на них полював якийсь зовнішній ворог."
loc_ogryn_heavystubber_p1_locname,Спарений важкий кулемет (камуфляж «Іній смерті»)
loc_ogryn_heavystubber_p1_locname_desc,"Улюблений камуфляж полків Крижаних Воїнів Валхалли під час кампанії в затоці Масарі, відомої своєю величезною кількістю жертв і мізерними військовими здобутками. Призовники ставали ветеранами за одну ніч — що й на краще, адже мало хто доживав до другого світанку. Із п’яти світів, які Імперіум прагнув повернути у затоці Масарі, два залишилися обвугленими оболонками, а третій так і не виринув із варп-бурі, що його поглинула.  "
loc_ogryn_heavystubber_p1_m001,Важкий кулемет P1
loc_ogryn_heavystubber_p1_m001_desc,Skin
loc_ogryn_heavystubber_p1_m002,Важкий кулемет P1
loc_ogryn_heavystubber_p1_m002_desc,Skin
loc_ogryn_heavystubber_p1_m003,Важкий кулемет P1
loc_ogryn_heavystubber_p1_m003_desc,Skin
loc_ogryn_heavystubber_p1_m1,Спарений важкий кулемет Кроурк Мк V
loc_ogryn_heavystubber_p1_m1_desc,"Ніщо так не розпалює кров здоровила, як оглушливий гуркіт і потужна віддача важкої автоматичної зброї. А здвоєний важкий штурмовик — найгучніший і наймогутніший серед них."
loc_ogryn_heavystubber_p1_m2,Спарений важкий кулемет Горґонум Мк IV
loc_ogryn_heavystubber_p1_m2_desc,"Техноадепти Горґонуму вважають швидкострільну зброю своєю спеціалізацією, хоча створити важкий штурмовик, достатньо витривалий для здоровила, стало для них неабияким викликом."
loc_ogryn_heavystubber_p1_m3,Спарений важкий кулемет Акліс Мк VII
loc_ogryn_heavystubber_p1_m3_desc,"Важкі штурмовики — зброя груба, спадок давніх часів. А здвоєні важкі штурмовики ще й громіздкі: для бою вони потребують або гарматного візка, або здоровила, здатного їх нести."
loc_ogryn_heavystubber_p1_ml01,Ковальська Ліврея Бранкс Мінор
loc_ogryn_heavystubber_p1_ps001,Спарений важкий кулемет (камуфляж «Хімзона-Іл»)
loc_ogryn_heavystubber_p1_ps001_desc,"Один із 91 камуфляжних візерунків, запропонованих квеситором Департаменту Муніторум Себастьяном Ксантезом у спробі стандартизувати кольори кампаній Астра Мілітарум. Трактат Ксанте́за вже 85 років перебуває «в обробці»."
loc_ogryn_heavystubber_p1_ps002,Спарений важкий кулемет (камуфляж «Вогняний кіготь»)
loc_ogryn_heavystubber_p1_ps002_desc,"Помічений на сотнях вулканічних світів — від Лахарі IX до Мезоа — камуфляж «Вогняний кіготь» став найбільш відомим завдяки Моебіанському 71-му полку під час кампанії «Діаболус», де запеклі бої серед потоків лави закріпили грізну репутацію полку."
loc_ogryn_heavystubber_p1_ps003,Спарений важкий кулемет (камуфляж «Скверноскол»)
loc_ogryn_heavystubber_p1_ps003_desc,"Цей візерунок імітує мінливі тіні безлічі ксенос-структур, що вкривають сірчані пустелі Саріуса III. Нещодавно взвод Моебіанського 120-го був відправлений на Саріус III для розслідування дивних ксенос-руїн. Після повернення всім, окрім найстарших офіцерів, стерли пам’ять…"
loc_ogryn_heavystubber_p1_ps004,Спарений важкий кулемет (Крижана тундра)
loc_ogryn_heavystubber_p1_ps004_desc,"Названий на честь Валгалльського 1212-го полку «Холоднокровних», цей камуфляж став стандартною уніформою для крижаних світів у Астра Мілітарум, застосовуваний у кампаніях від зірок Сомніум до туманності Істлайт. Чи наділяє він своїх носіїв легендарною витривалістю тих, чиє ім’я носить, — ще належить довести."
loc_ogryn_heavystubber_p1_ps005,Спарений важкий кулемет (Сонячні пустки)
loc_ogryn_heavystubber_p1_ps005_desc,"Первісно створений для розхваленої кампанії на світі смерті Рамантіус IV — планеті з трьома сонцями, де з радіаційно обпалених пісків виростали кришталеві ліси, а зубаті хижаки полювали на необережних солдатів уночі."
loc_ogryn_heavystubber_p1_ps006,Ваконінська Зима
loc_ogryn_heavystubber_p1_ps006_desc,"Найвідоміше застосування — у складі трифронтової бойової групи, що об’єднувала моебіанські, ноктанські та валгалльські полки; цей камуфляж став вирішальним чинником перемоги серед безкраїх колючолісів Вакона Альфа."
loc_ogryn_heavystubber_p1_ps007,Спарений важкий кулемет (камуфляж «Тіні боліт»)
loc_ogryn_heavystubber_p1_ps007_desc,"Створений як альтернативний камуфляж для Фенґвардів із туманних боліт Друк VI, цей візерунок став еталоном для бойових зон — від заболочених рівнин до дощових ліній окопів."
loc_ogryn_heavystubber_p1_ps008,Важкий кулемет P1
loc_ogryn_heavystubber_p1_ps008_desc,Skin
loc_ogryn_heavystubber_p1_us001_1531,Камуфляж «Каср»
loc_ogryn_heavystubber_p1_us001_1531_desc,"Простий, але дієвий патерн, прийнятий незліченними полками. Особливо улюблений кадійськими підрозділами для їхнього спорядження та броні."
loc_ogryn_heavystubber_p2_cs001,Важкий кулемет (камуфляж «Нічна паслінь Круциса»)
loc_ogryn_heavystubber_p2_cs002,Важкий кулемет (камуфляж «Вогняні пустки»)
loc_ogryn_heavystubber_p2_m1,Важкий кулемет зразка Бранкс
loc_ogryn_heavystubber_p2_m1_desc,"Створений у зброярських кузнях Бранкс Мінора, цей важкий кулемет пережив безліч кампаній різних Моебіанських полків. Найвідоміший його подвиг — коли артилерійський взвод Моебіанського 54-го стримав потужний наступ ксеносів, застосувавши понад три сотні цих стволів."
loc_ogryn_heavystubber_p2_ml01,Ковальська Ліврея Бранкс Мінор
loc_ogryn_heavystubber_p2_us001_182,Очищувач Натовпу
loc_ogryn_heavystubber_p2_us002_1555,Пробивач Корпусів
loc_ogryn_heavystubber_p2_us002_1555_desc,"Ґрулл любить свій Пробивач Корпусів, але має суворий наказ не стріляти з нього на борту корабля."
loc_ogryn_hive_scum_headgear_a_var_02,Здобута аугметична маска
loc_ogryn_hive_scum_headgear_a_var_02_desc,"Чи залишається це «маскою», якщо зняти її можна лише після хірургічної допомоги від Кралла?"
loc_ogryn_i_headgear_set_02,Картуз «Похмурість»
loc_ogryn_i_headgear_set_02_desc,Смород від забрудненої шкіри просто вражає.
loc_ogryn_i_headgear_set_03,Картуз «Урочистість»
loc_ogryn_i_headgear_set_03_desc,"Оґрини не дуже тямлять ритуали святої Месселіни, але деякі охоче долучаються."
loc_ogryn_i_headgear_set_04,Картуз Ґлоріана
loc_ogryn_i_headgear_set_04_desc,"«Я теж колись стану святою? Так?»
— Пагна Каятлива"
loc_ogryn_i_lowerbody_set_01,Уніформа Вартових Деркгама
loc_ogryn_i_lowerbody_set_01_desc,"Оґрини мало переймаються штанами, але всі навколо завжди раді, коли громили вдягнені. А от чоботи здоровили люблять. Особливо великі, сталеві, якими можна громити підлогу."
loc_ogryn_i_lowerbody_set_02,Штани «Катехізатора» (XXXXL)
loc_ogryn_i_lowerbody_set_02_desc,Коли Оґрин хоче відповіді — він їх отримує.
loc_ogryn_i_lowerbody_set_03,Штани «Стримувача» здоровила (XXXXL)
loc_ogryn_i_lowerbody_set_03_desc,"Внутрішні шви цих штанів оздоблено гострими зазубринами, щоб носій не сутулився під час виконання важливих церемоніальних обов’язків."
loc_ogryn_imperial_guard_a_headgear_set_01,"Картуз Охоронця (Кадія 802-й, XXXXL)"
loc_ogryn_imperial_guard_a_headgear_set_01_desc,Часто носять під зухвалим кутом.
loc_ogryn_imperial_guard_a_lowerbody_set_06,Польовий комплект Мілітаруму (камуфляж «Таненбаум») (XXXXL)
loc_ogryn_imperial_guard_a_lowerbody_set_06_desc,"Оґрини полюбляють польові комплекти з кишенями й охоче набивають їх усім підряд, але рідко пам’ятають, *що саме* поклали. Від зайвих набоїв до кривавих шматків м’яса (перекус на потім!) — ніколи не знаєш, що там знайдеш."
loc_ogryn_imperial_guard_upperbody_a_set_06,Крім-лещата «Смертегрому»
loc_ogryn_imperial_guard_upperbody_a_set_06_desc,"Оґрини надають великого значення інсигніям на своїй уніформі. Рідко правильно тлумачать їхній сенс, зате швидко показують, які вони люті й важливі на вигляд."
loc_ogryn_inquisition_lowerbody_a_var_01,Польовий комплект Аколіта (XXXXL)
loc_ogryn_inquisition_upperbody_a_var_01,Вбрання Аколіта (XXXXL)
loc_ogryn_j_headgear_set_01,Каптур cвідка «Милість» (XXXXL)
loc_ogryn_j_headgear_set_01_desc,"Щоб зшити каптур для Оґрина, потрібно багато тканини."
loc_ogryn_j_headgear_set_03,Каптур cвідка «Урочистість» (XXXXL)
loc_ogryn_j_headgear_set_03_desc,"У Моебіанській Домінії білий вважається кольором невинності, і Оґрини ним теж були б… якби не враховувати всі ті вбивства."
loc_ogryn_j_headgear_set_04,Каптур cвідка Ґлоріана (XXXXL)
loc_ogryn_j_headgear_set_04_desc,Напис усередині: «Для Коґа. Я ніколи не забуду твоєї доброти.»
loc_ogryn_j_headgear_set_05,Каптур cвідка «Смирення» (XXXXL)
loc_ogryn_j_headgear_set_05_desc,Цей каптур змінив безліч власників і жодного разу не був випраний.
loc_ogryn_j_headgear_set_06,Каптур cвідка «Святість» (XXXXL)
loc_ogryn_j_headgear_set_06_desc,Схильність Святині до білого знову проявляється в цьому простому головному накритті.
loc_ogryn_j_lowerbody_set_01,«Міцноти Дурґана» (XXXXXL)
loc_ogryn_j_lowerbody_set_01_desc,"Штани «Міцноти Дурґана» грубі — та й Оґрини теж. А броньовані чоботи ідеально підходять, щоб втоптувати ворогів у пасту."
loc_ogryn_j_lowerbody_set_04,Уніформа маршала сховищ (XXXXL)
loc_ogryn_j_lowerbody_set_04_desc,"Яскраві штани та блискучі чоботи стверджують: бути жорстоким убивцею — нормально, і водночас можна почуватись трохи вишукано."
loc_ogryn_lowerbody_career_01_lvl_01_set_01,Броня здоровила (XXXXL)
loc_ogryn_lowerbody_career_01_lvl_01_set_01_desc,"В Оґринів рідко щось справді «уніформне», але однакове вбрання допомагає."
loc_ogryn_lowerbody_career_01_lvl_01_set_02,Прості бойові штани
loc_ogryn_lowerbody_career_01_lvl_01_set_02_desc,++PERDITUM SANCTUS++
loc_ogryn_lowerbody_career_01_lvl_01_set_03,Надзвичайно тихі гачі здоровили
loc_ogryn_lowerbody_career_01_lvl_01_set_03_desc,++PERDITUM SANCTUS++
loc_ogryn_lowerbody_career_01_lvl_01_set_04,Бойові гачі Кісткоголового
loc_ogryn_lowerbody_career_01_lvl_01_set_04_desc,++PERDITUM SANCTUS++
loc_ogryn_lowerbody_career_01_lvl_01_set_05,Гачі здоровили патерну Армагеддон
loc_ogryn_lowerbody_career_01_lvl_01_set_05_desc,++PERDITUM SANCTUS++
loc_ogryn_lowerbody_career_01_lvl_02_set_01,Велика броня здоровили (XXXXL)
loc_ogryn_lowerbody_career_01_lvl_02_set_01_desc,"Вони бачили чимало зносу, але, ймовірно, витримають і значно більше."
loc_ogryn_lowerbody_career_01_lvl_02_set_02,Гачі здоровили Навіс Імперіаліс
loc_ogryn_lowerbody_career_01_lvl_02_set_02_desc,++PERDITUM SANCTUS++
loc_ogryn_lowerbody_career_01_lvl_02_set_03,Гачі Кісткоголового Навіс Імперіаліс
loc_ogryn_lowerbody_career_01_lvl_02_set_03_desc,++PERDITUM SANCTUS++
loc_ogryn_lowerbody_career_01_lvl_02_set_04,Камуфляжні бойові гачі
loc_ogryn_lowerbody_career_01_lvl_02_set_04_desc,++PERDITUM SANCTUS++
loc_ogryn_lowerbody_career_01_lvl_02_set_05,«Сніговий Кіт» — здоровильські гачі
loc_ogryn_lowerbody_career_01_lvl_02_set_05_desc,++PERDITUM SANCTUS++
loc_ogryn_lowerbody_career_01_lvl_03_set_01,Найкраща броня здоровили (XXXXL)
loc_ogryn_lowerbody_career_01_lvl_03_set_01_desc,"Ідуть у комплекті з унікальним, невизначним… і тривожним запахом."
loc_ogryn_lowerbody_career_01_lvl_03_set_02,Польовий комплект здоровили Кроурк Мк II
loc_ogryn_lowerbody_career_01_lvl_03_set_02_desc,++PERDITUM SANCTUS++
loc_ogryn_lowerbody_career_01_lvl_03_set_03,Польове спорядження (XXXXL)
loc_ogryn_lowerbody_career_01_lvl_03_set_03_desc,++PERDITUM SANCTUS++
loc_ogryn_lowerbody_career_01_lvl_03_set_04,Саперне спорядження (XXXXL)
loc_ogryn_lowerbody_career_01_lvl_03_set_04_desc,++PERDITUM SANCTUS++
loc_ogryn_lowerbody_career_01_lvl_03_set_05,Спорядження пастуха Ґроксів (XXXXL)
loc_ogryn_lowerbody_career_01_lvl_03_set_05_desc,++PERDITUM SANCTUS++
loc_ogryn_lowerbody_career_01_lvl_04_set_01,Найбільша й найкраща броня здоровили (XXXXL)
loc_ogryn_lowerbody_career_01_lvl_04_set_01_desc,"Містять добрячі, старомодні «топтальні» чоботи."
loc_ogryn_lowerbody_career_01_lvl_04_set_02,Одяг головоріза (XXXXL)
loc_ogryn_lowerbody_career_01_lvl_04_set_02_desc,"Ти ніколи по-справжньому не розумів, що казав Серж, твій останній начальник, — слова були надто великі й надто швидкі. Важливо було те, що ти більш-менш розумів, коли він сердився або коли був задоволений."
loc_ogryn_lowerbody_career_01_lvl_04_set_03,Одяг хвалька (XXXXL)
loc_ogryn_lowerbody_career_01_lvl_04_set_03_desc,++PERDITUM SANCTUS++
loc_ogryn_lowerbody_career_01_lvl_04_set_04,Одяг Колінолама (XXXXL)
loc_ogryn_lowerbody_career_01_lvl_04_set_04_desc,"Пара прошитих штанів із розтяжним поясом потішить навіть найпонурішого з Оґринів. Щоправда, навряд чи він усміхнеться."
loc_ogryn_lowerbody_career_01_lvl_05_set_01,Гарнюща броня здоровила (XXXXL)
loc_ogryn_lowerbody_career_01_lvl_05_set_01_desc,"Хай ніхто не каже, що Оґрин не може бути яскравим."
loc_ogryn_lowerbody_career_01_lvl_05_set_02,Найкрутіша броня здоровили (XXXXL)
loc_ogryn_lowerbody_career_01_lvl_05_set_02_desc,++PERDITUM SANCTUS++
loc_ogryn_lowerbody_career_01_lvl_05_set_03,Блискучий польовий комплект здоровила та бронечоботи (XXXXL)
loc_ogryn_lowerbody_career_01_lvl_05_set_03_desc,"Вогнемет спалив твої попередні штани, залишивши тебе напівголим до кінця бою. На благо всіх — сподіваймося, ці витримають краще."
loc_ogryn_lowerbody_career_01_lvl_05_set_04,Бойова броня здоровила (XXXXL)
loc_ogryn_lowerbody_career_01_lvl_05_set_04_desc,++PERDITUM SANCTUS++
loc_ogryn_lowerbody_career_02_lvl_01_set_01,Броня Вантажника (XXXXL)
loc_ogryn_lowerbody_career_02_lvl_01_set_01_desc,"Офіцери, що командують підрозділами Оґринів, двічі перевіряють своїх підопічних, аби ті мали чоботи на правильних ногах і штани вдіті правильною стороною. У бою це люті й руйнівні бійці, але їхні прості уми роблять їх непередбачуваними."
loc_ogryn_lowerbody_career_02_lvl_01_set_02,Спорядження Гарматника (XXXXL)
loc_ogryn_lowerbody_career_02_lvl_01_set_02_desc,"Поки їх не розчавили, маленька родина гризунів пробралася всередину цих штанів і влаштувала там собі дім. Тепер їхні рештки лише підсилюють унікальний, різкий запах Оґрина."
loc_ogryn_lowerbody_career_02_lvl_01_set_03,Штурмівні гачі (XXXXL)
loc_ogryn_lowerbody_career_02_lvl_01_set_03_desc,"Бій, пайки та сон… доволі непогане життя, значно приємніше за важку працю в таборі."
loc_ogryn_lowerbody_career_02_lvl_01_set_04,Спорядження Тяглача (XXXXL)
loc_ogryn_lowerbody_career_02_lvl_01_set_04_desc,++PERDITUM SANCTUS++
loc_ogryn_lowerbody_career_02_lvl_01_set_05,Спорядження Перевізника Гармат (XXXXL)
loc_ogryn_lowerbody_career_02_lvl_01_set_05_desc,++PERDITUM SANCTUS++
loc_ogryn_lowerbody_career_02_lvl_02_set_01,Велика броня Вантажника (XXXXL)
loc_ogryn_lowerbody_career_02_lvl_02_set_01_desc,"Розширюваний пояс на тягучих штанах — мудрий вибір для Оґрина, адже такі створіння можуть з’їсти цілого ґрокса за один присід."
loc_ogryn_lowerbody_career_02_lvl_02_set_02,Найкраще спорядження Гарматника (XXXXL)
loc_ogryn_lowerbody_career_02_lvl_02_set_02_desc,"Сила та витривалість Оґринів роблять з них чудових бійців, але саме їхня люта й беззастережна відданість робить їх великими воїнами Імперіуму."
loc_ogryn_lowerbody_career_02_lvl_02_set_03,Найкраще спорядження Вибивали (XXXXL)
loc_ogryn_lowerbody_career_02_lvl_02_set_03_desc,++PERDITUM SANCTUS++
loc_ogryn_lowerbody_career_02_lvl_02_set_04,Найкраще спорядження Тяглача (XXXXL)
loc_ogryn_lowerbody_career_02_lvl_02_set_04_desc,"Штани мають розширюваний пояс, що розтягується, аби вмістити навіть найбезтямніше обжерство Оґрина. Принаймні так каже теорія."
loc_ogryn_lowerbody_career_02_lvl_02_set_05,Найкраще спорядження Перевізника Гармат (XXXXL)
loc_ogryn_lowerbody_career_02_lvl_02_set_05_desc,++PERDITUM SANCTUS++
loc_ogryn_lowerbody_career_02_lvl_03_set_01,Найкраща броня Вантажника (XXXXL)
loc_ogryn_lowerbody_career_02_lvl_03_set_01_desc,"Оґрини швидко зношують усе спорядження, тож навіть нововидане оснащення незабаром стає вм’ятим або залатеним. Їм це рідко коли помітно."
loc_ogryn_lowerbody_career_02_lvl_03_set_02,Найкраща броня Гарматника (XXXXL)
loc_ogryn_lowerbody_career_02_lvl_03_set_02_desc,++PERDITUM SANCTUS++
loc_ogryn_lowerbody_career_02_lvl_03_set_03,Великі гачі Вибивали (XXXXL)
loc_ogryn_lowerbody_career_02_lvl_03_set_03_desc,"Оґрини славляться тим, що швидко нищать уніформу та спорядження. Рано чи пізно все, що вони носять, буде вм’яте, полатане або повністю потребуватиме заміни."
loc_ogryn_lowerbody_career_02_lvl_03_set_04,Найліпші штани «Тягача гармат» (XXXXL)
loc_ogryn_lowerbody_career_02_lvl_03_set_04_desc,"Щоб заповнити ці штани, знадобиться дуже багато Оґрина…"
loc_ogryn_lowerbody_career_02_lvl_03_set_05,Найліпша броня «Гарматаря» (XXXXL)
loc_ogryn_lowerbody_career_02_lvl_03_set_05_desc,Штани 3-го ступеня для Оґрина з броньованими чоботами. Міська колористика.
loc_ogryn_lowerbody_career_02_lvl_04_set_01,Найбільша й Найліпша броня «Тягаря» (XXXXL)
loc_ogryn_lowerbody_career_02_lvl_04_set_01_desc,Шиповані бойові чоботи не надто годяться для нишпорення… але й Оґрини також.
loc_ogryn_lowerbody_career_02_lvl_04_set_02,Найбільші й Найліпші штани «Гарматового носія» (XXXXL)
loc_ogryn_lowerbody_career_02_lvl_04_set_02_desc,"Коли Оґрин уперше знімає чоботи після багатьох днів походів, запах, що здіймається, деякий час навіть **видимий** неозброєним оком."
loc_ogryn_lowerbody_career_02_lvl_04_set_03,Найбільша й найліпша броня «Пробивача» (XXXXL)
loc_ogryn_lowerbody_career_02_lvl_04_set_03_desc,++PERDITUM SANCTUS++
loc_ogryn_lowerbody_career_02_lvl_04_set_04,Найбільші й найліпші штани «Тягача гармат» (XXXXL)
loc_ogryn_lowerbody_career_02_lvl_04_set_04_desc,"Хоч так не виглядає, але ці чоботи нові. Червоний пил Висушених Земель (або просто «Зовнішніх») надзвичайно корозійний."
loc_ogryn_lowerbody_career_02_lvl_05_set_01,«Красивенна» броня «Тягаря» (XXXXL)
loc_ogryn_lowerbody_career_02_lvl_05_set_01_desc,"Темний колір і шипи — вигляд неделікатний, а отже саме той, до якого Оґрини природно тягнуться."
loc_ogryn_lowerbody_career_02_lvl_05_set_02,«Красивенні» чоботи «Гарматового носія» та штани здоровила (XXXXL)
loc_ogryn_lowerbody_career_02_lvl_05_set_02_desc,"Раз копнеш у цих чоботах кілька речей — і вже ніколи не повернешся до неоголених, неброньованих."
loc_ogryn_lowerbody_career_02_lvl_05_set_03,«Красивенні» велетенські штани «Пробивача» (XXXXL)
loc_ogryn_lowerbody_career_02_lvl_05_set_03_desc,"Ці чоботи створено для крупіння ворогів, і тобі стає тепло на душі, коли згадуєш, скільки кісток ти перетворив на порох під їхніми металевими підборами."
loc_ogryn_lowerbody_career_02_lvl_05_set_04,«Красивенна» броня «Тягача гармат» (XXXXL)
loc_ogryn_lowerbody_career_02_lvl_05_set_04_desc,++PERDITUM SANCTUS++
loc_ogryn_lowerbody_career_prisoner_01_lvl_01_var_01,Штани засудженого (розміру здоровила)
loc_ogryn_lowerbody_career_prisoner_01_lvl_01_var_01_desc,"Кігті — найсмачніша частина… м-м-м, добре."
loc_ogryn_lowerbody_career_prisoner_01_lvl_02_var_01,"Тюремні штани здоровила (Атома Прайм, Блок здоровил 171)"
loc_ogryn_lowerbody_career_prisoner_01_lvl_02_var_01_desc,Трохи імпровізації — і тюремна миска для баландної юшки перетворилася на непоганий наколінник.
loc_ogryn_lowerbody_career_prisoner_01_lvl_03_var_01,Карцерне вбрання (Виправний заклад «Пустошні Відвали»)
loc_ogryn_lowerbody_career_prisoner_01_lvl_03_var_01_desc,Зношений і полатаний одяг не дуже вселяє довіру.
loc_ogryn_lowerbody_career_prisoner_01_lvl_04_var_01,"Інституційне вбрання (розміру здоровила, імпровізована броня)"
loc_ogryn_lowerbody_career_prisoner_01_lvl_04_var_01_desc,"Колись ти був усіяний харчами й пайками, але повискубував їх пригорщами — і тепер твій запас тане."
loc_ogryn_lowerbody_career_prisoner_01_lvl_05_var_01,Тюремна форма (Колонія Здоровил «Брутхолд»)
loc_ogryn_lowerbody_career_prisoner_01_lvl_05_var_01_desc,"Добре, що ти втік з буцегарні, перш ніж кухар помітив пропажу своїх каструль…"
loc_ogryn_medium_mullet_a,Зачіска 75
loc_ogryn_medium_mullet_a_desc,++REDACTED++
loc_ogryn_moebian_6th_headgear_01_var_01,Флак-шолом «Агріпіна Аквіла» — камуфляж «Ґлоамус» (розмір здоровила)
loc_ogryn_moebian_6th_headgear_01_var_01_desc,"Моебійська 6-та армія тяжко навчилася тому, що лише темні відтінки броні не відбивають спалахів освітлювальних гранат, якими підсвічували бої у вічно темній зоні Ноґс Альфа, відомій як Тенебрус."
loc_ogryn_moebian_6th_headgear_01_var_02,Флак-шолом «Агріпіна Аквіла» — камуфляж «Ґрунґдрак» (розмір здоровила)
loc_ogryn_moebian_6th_headgear_01_var_02_desc,"Умови на Десвопріллі Ноґс Альфа були настільки жорстокими, що задовольнили б навіть найкровожерливіших Оґринів, але навіть вони навчилися боятися регіону лісів Ґрунґдраку."
loc_ogryn_moebian_6th_headgear_01_var_03,Флак-шолом «Агріпіна Аквіла» — камуфляж «Геллус» (розмір здоровила)
loc_ogryn_moebian_6th_headgear_01_var_03_desc,"Створений для маскування солдатів у кривавих туманах, що стеляться над штормовим екватором Ноґс Альфа; цей камуфляж чудово служив Моебійській 6-й, особливо під час облоги фортеці Традіум."
loc_ogryn_moebian_6th_headgear_01_var_04,"Флак-шолом «Аетус Мк II» з респіратором «Філт III» (Моебійська 53-тя, XXXXL)"
loc_ogryn_moebian_6th_headgear_02_var_01,Темноракова хім-каптурка з удосконаленим респіратором «Філт III» (XXXXL)
loc_ogryn_moebian_6th_headgear_02_var_01_desc,"Хоча бійці 6-ого Моебійського звикли до забрудненого повітря Атова Прайм, отруйні вітри Ноґс Альфа виявилися значно небезпечнішими. Найкращим наслідком для тих, хто надихався випарами, був так званий «кашель легеняра», а найгірші випадки закінчувалися жахливими смертями."
loc_ogryn_moebian_6th_headgear_02_var_02,"Темноракова хім-каптурка з удосконаленим респіратором «Філт-III» (XXXXL), камуфляж «Ґрунґдрак»"
loc_ogryn_moebian_6th_headgear_02_var_02_desc,"Під час кампанії на Ноґс Альфа не менше трьох наступів було спрямовано в ліси Ґрунґдраку, і кожен із них коштував 6-й Моебійській армії більше життів, ніж попередній."
loc_ogryn_moebian_6th_headgear_02_var_03,"Темноракова хім-каптурка з удосконаленим респіратором «Філт-III» (XXXXL), камуфляж «Геллус»"
loc_ogryn_moebian_6th_headgear_02_var_03_desc,"Навіть найтупіші з Оґринів розуміли, наскільки важливо носити респіратори в смертельних туманах, що вкривали регіон Геллус на Ноґс Альфа."
loc_ogryn_moebian_6th_headgear_03_var_01,Шолом «Крупскул» (розмір здоровила)
loc_ogryn_moebian_6th_headgear_03_var_01_desc,"Простий, ефективний і дешевий у виробництві, «Крупскул» був базовою видачею для багатьох полків 6-ого Моебійського."
loc_ogryn_moebian_6th_headgear_03_var_02,"Шолом «Крупскул» (розмір здоровила), камуфляж «Ґрунґдрак»"
loc_ogryn_moebian_6th_headgear_03_var_02_desc,"Спеціальне камуфльоване спорядження швидко надали тим частинам 6-ого Моебійського, що билися в лісах Ґрунґдраку. Спершу така видача піднімала мораль, але коли жахи того регіону стали загальновідомими, отримати «Ґрунґдракські Зелені» стало не менш бажаним, ніж смертний вирок — бо фактично ним і було."
loc_ogryn_moebian_6th_headgear_03_var_03,"Шолом «Крупскул» (розмір здоровила), камуфляж «Геллус»"
loc_ogryn_moebian_6th_headgear_03_var_03_desc,"Про червоні тумани регіону Геллус ходили легенди й чутки, але ті з 6-ого Моебійського, хто воював там найдовше, казали про них найменше."
loc_ogryn_moebian_6th_lowerbody_a_var_01,Польовий комплект «Мілітарум» Тип 52 (розмір здоровила) і сталеві брут-чоботи Клоппера
loc_ogryn_moebian_6th_lowerbody_a_var_01_desc,"Безліч різних Моебійських полків широко використовували польовий комплект Тип 52, адже він міцний і легко адаптується до найрізноманітніших полів бою Фриндж-Воєн."
loc_ogryn_moebian_6th_lowerbody_a_var_04,"Штани «Мілітарум» (53-й Моебійський, XXXXL)"
loc_ogryn_moebian_6th_upperbody_a_var_01,Велика броня Балта (XXXXL)
loc_ogryn_moebian_6th_upperbody_a_var_01_desc,"Справжня історія того, що нині відоме як Велика броня Балта, загубилася десь у кривавих літописах Моебійських полків, але міцні нагрудник, наплічники та наручі досі лишаються улюбленими серед Оґринів."
loc_ogryn_moebian_6th_upperbody_a_var_04,"Велика броня Балта (53-й Моебійський, XXXXL)"
loc_ogryn_ogryn_chem_dogs_headgear_a_bandana_var_02,Хімзахисний  респіратор (XXXXL) з банданою (зелений)
loc_ogryn_ogryn_chem_dogs_headgear_a_bandana_var_02_desc,Опалені радіацією та хімією пустки — звична доля для кожного рядового. Бандана додає захисту від сонця.
loc_ogryn_ogryn_chem_dogs_headgear_a_bandana_var_03,Хімзахисний  респіратор (XXXXL) з банданою (пісочний)
loc_ogryn_ogryn_chem_dogs_headgear_a_bandana_var_05,Хімзахисний  респіратор (XXXXL) з банданою (зелений)
loc_ogryn_ogryn_chem_dogs_headgear_a_bandana_var_05_desc,Опалені радіацією та хімією пустки — звична доля для кожного бійця. Бандана додає захисту від сонця.
loc_ogryn_ogryn_chem_dogs_headgear_a_bandana_var_06,Хімзахисний  респіратор (XXXXL) з банданою (камуфляж «Карніліст»)
loc_ogryn_ogryn_chem_dogs_headgear_a_bandana_var_07,Хімзахисний  респіратор (XXXXL) з банданою (Міський камуфляж)
loc_ogryn_ogryn_chem_dogs_headgear_a_var_01,Хімзахисний  респіратор (XXXXL)
loc_ogryn_ogryn_chem_dogs_headgear_a_var_01_desc,"Опалені радіацією та хімією пустки — звична доля для кожного бійця. Це спорядження допоможе протриматися, хоча після використання його краще випрати."
loc_ogryn_ogryn_steel_legion_headgear_a_var_01,Котелковий шолом Мк IVc з протигазом (XXXXL)
loc_ogryn_padded_cap_01_set_01,Підбитий бойовий кашкет (XXXXL)
loc_ogryn_padded_cap_01_set_01_desc,"Захист мінімальний, але центральна металева смуга — чудова заглушка, доки ти не переконаєш Кралла зробити тобі той пильний пилко-ірокез, на який ти давно задивляєшся."
loc_ogryn_pickaxe_2h_p1_cs001,Кайло землекопа (камуфляж «Нічна паслінь Круциса»)
loc_ogryn_pickaxe_2h_p1_cs002,Кайло землекопа (камуфляж «Вогняні пустки»)
loc_ogryn_pickaxe_2h_p1_m1,Кайло Бранкса
loc_ogryn_pickaxe_2h_p1_m1_desc,Улюблений інструмент копачів руди на місяцях Бранкса Малої. Найкращі матеріали забезпечують менші вібрації та максимальну силу удару.
loc_ogryn_pickaxe_2h_p1_m2,Кайло Боровії
loc_ogryn_pickaxe_2h_p1_m2_desc,"Металева руків'я і міцні, заклепані з'єднання роблять це кайло очевидним кроком уперед у порівнянні зі звичним кайлом Карсоласа."
loc_ogryn_pickaxe_2h_p1_m3,Кайло Карсоласа
loc_ogryn_pickaxe_2h_p1_m3_desc,"Створене на доволі примітивному світі базове кайло. Принаймні, чудово годиться для розтрощення черепів єретиків."
loc_ogryn_pickaxe_2h_p1_ml01,Ковальська Ліврея Бранкс Мінор
loc_ogryn_pickaxe_2h_p1_us001_1527,«Стара Вірна»
loc_ogryn_pickaxe_2h_p1_us001_1527_desc,Ця стара служниця пережила з тобою безліч годин виснажливої праці. Три нові руків'я і пара свіжих лез — і вона все б’є та б’є каміння. Єретики для неї стануть приємною різноманітністю.
loc_ogryn_powermaul_p1_cs001,Силовий буздиган (Тінь Круцісу)
loc_ogryn_powermaul_p1_cs001_desc,"Лісовий камуфляжний візерунок, що став відомим завдяки 100-му Круцийському полку «Охоронців Дзвіниці» під час давньої кампанії на Месселіні. Ті небагато ворогів, що пережили ті битви, здобули нову повагу до тіней.  "
loc_ogryn_powermaul_p1_cs002,Силовий буздиган (камуфляж «Вогняні пустки»)
loc_ogryn_powermaul_p1_cs002_desc,"Створене на відносно примітивному світі базове кайло. Принаймні, непогано працює для розтрощення черепів єретиків."
loc_ogryn_powermaul_p1_empty,DEV WIP
loc_ogryn_powermaul_p1_empty_desc,DEV WIP
loc_ogryn_powermaul_p1_locname,Силовий буздиган (камуфляж «Іній смерті»)
loc_ogryn_powermaul_p1_locname_desc,"Улюблений камуфляж полків Крижаних Воїнів Валхалли під час кампанії в затоці Масарі, відомої своєю величезною кількістю жертв і мізерними військовими здобутками. Призовники ставали ветеранами за одну ніч — що й на краще, адже мало хто доживав до другого світанку. Із п’яти світів, які Імперіум прагнув повернути у затоці Масарі, два залишилися обвугленими оболонками, а третій так і не виринув із варп-бурі, що його поглинула.  "
loc_ogryn_powermaul_p1_m001,Силовий буздиган Оґрина Р1
loc_ogryn_powermaul_p1_m001_1231,Силовий буздиган (камуфляж «Вортентський Виконавець»)
loc_ogryn_powermaul_p1_m001_1231_desc,"Страхітлива уніформа, яку носять брутальні «вартові» фрегата *Маркуеста*, особистого корабля народженої на Моебії Каперки Кірії Вортент. Ця строката банда громил, каперів і найманців відома своїми доволі жорсткими методами у виконанні поставлених завдань."
loc_ogryn_powermaul_p1_m001_790,Силовий буздиган (камуфляж «Темна тінь Круціс. Кат»)
loc_ogryn_powermaul_p1_m001_790_desc,"Цей затемнений, мов порохівка, вигляд часто полюбляють інквізиторські бійці, що виконують страти зрадників у власних лавах. Роль ця сприймається неохоче, адже підтверджує: навіть слуги Інквізиції не є повністю захищені від скверни."
loc_ogryn_powermaul_p1_m001_desc,Skin
loc_ogryn_powermaul_p1_m002,Силовий буздиган Оґрина Р1
loc_ogryn_powermaul_p1_m002_desc,Skin
loc_ogryn_powermaul_p1_m003,Силовий буздиган Оґрина Р1
loc_ogryn_powermaul_p1_m003_desc,Skin
loc_ogryn_powermaul_p1_m1,Силовий буздиган Акліс Мк I
loc_ogryn_powermaul_p1_m1_desc,"Фактично це булава, оточена силовим полем; удари силового буздигана можуть бути перенавантажені в могутній розмах, що створює потужну ударну хвилю."
loc_ogryn_powermaul_p1_ml01,Ковальська Ліврея Бранкс Мінор
loc_ogryn_powermaul_p1_ps001,Силовий буздиган (камуфляж «Хімзона. Твань»)
loc_ogryn_powermaul_p1_ps001_desc,"Один із 91 камуфляжних візерунків, запропонованих квеситором Департаменту Муніторум Себастьяном Ксантезом у спробі стандартизувати кольори кампаній Астра Мілітарум. Трактат Ксанте́за вже 85 років перебуває «в обробці»."
loc_ogryn_powermaul_p1_ps002,Силовий буздиган (камуфляж «Вогняний кіготь»)
loc_ogryn_powermaul_p1_ps002_desc,"Помічений на сотнях вулканічних світів — від Лахарі IX до Мезоа — камуфляж «Вогняний кіготь» став найбільш відомим завдяки Моебіанському 71-му полку під час кампанії «Діаболус», де запеклі бої серед потоків лави закріпили грізну репутацію полку."
loc_ogryn_powermaul_p1_ps003,Силовий буздиган (камуфляж «Скверноскол»)
loc_ogryn_powermaul_p1_ps003_desc,"Цей візерунок імітує мінливі тіні безлічі ксенос-структур, що вкривають сірчані пустелі Саріуса III. Нещодавно взвод Моебіанського 120-го був відправлений на Саріус III для розслідування дивних ксенос-руїн. Після повернення всім, окрім найстарших офіцерів, стерли пам’ять…"
loc_ogryn_powermaul_p1_ps004,Силовий буздиган (Крижана тундра)
loc_ogryn_powermaul_p1_ps004_desc,"Названий на честь Валгалльського 1212-го полку «Холоднокровних», цей камуфляж став стандартною уніформою для крижаних світів у Астра Мілітарум, застосовуваний у кампаніях від зірок Сомніум до туманності Істлайт. Чи наділяє він своїх носіїв легендарною витривалістю тих, чиє ім’я носить, — ще належить довести."
loc_ogryn_powermaul_p1_ps005,Силовий буздиган (Сонячні пустки)
loc_ogryn_powermaul_p1_ps005_desc,"Первісно створений для розхваленої кампанії на світі смерті Рамантіус IV — планеті з трьома сонцями, де з радіаційно обпалених пісків виростали кришталеві ліси, а зубаті хижаки полювали на необережних солдатів уночі."
loc_ogryn_powermaul_p1_ps006,Ваконінська Зима
loc_ogryn_powermaul_p1_ps006_desc,"Найвідоміше застосування — у складі трифронтової бойової групи, що об’єднувала моебіанські, ноктанські та валгалльські полки; цей камуфляж став вирішальним чинником перемоги серед безкраїх колючолісів Вакона Альфа."
loc_ogryn_powermaul_p1_ps007,Силовий буздиган (камуфляж «Тіні боліт»)
loc_ogryn_powermaul_p1_ps007_desc,"Створений як альтернативний камуфляж для Фенґвардів із туманних боліт Друк VI, цей візерунок став еталоном для бойових зон — від заболочених рівнин до дощових ліній окопів."
loc_ogryn_powermaul_p1_ps008,Силовий буздиган Оґрина Р1
loc_ogryn_powermaul_p1_ps008_desc,Skin
loc_ogryn_powermaul_p1_us002_1547,Особливий силовий буздиган Болґа
loc_ogryn_powermaul_p1_us002_1547_desc,"Болґ якось бачив парад. Там було багато людей, що святкували й танцювали. Кожен був у яскравому костюмі. Болґу це сподобалось, тому він узявся прикрашати своє спорядження в подібному стилі."
loc_ogryn_powermaul_slabshield_npc_p1_m1,DEV WIP
loc_ogryn_powermaul_slabshield_npc_p1_m1_desc,DEV WIP
loc_ogryn_powermaul_slabshield_p1_04,Штурмовий щит Магістратуму патерну Баросс
loc_ogryn_powermaul_slabshield_p1_04_desc,"Окремі прецинкти нерідко кастомізують своє спорядження під власні потреби, хоча пошкодження на цій зброї свідчать, що її власник давно не мав доступу до зброяра Адептус Механікус."
loc_ogryn_powermaul_slabshield_p1_cs001,Бойовий буздиган і панцерний щит (камуфляж «Темна тінь Круціс»)
loc_ogryn_powermaul_slabshield_p1_cs001_desc,"Лісовий камуфляжний візерунок, що став відомим завдяки 100-му Круцийському полку «Охоронців Дзвіниці» під час давньої кампанії на Месселіні. Ті небагато ворогів, що пережили ті битви, здобули нову повагу до тіней.  "
loc_ogryn_powermaul_slabshield_p1_cs002,Бойовий буздиган і панцерний щит (камуфляж «Вогняні пустки»)
loc_ogryn_powermaul_slabshield_p1_cs002_desc,"Колись поширений візерунок, який використовували полки Астра Мілітарум, що заслужили бойові відзнаки, винищуючи зрадників-космодесантників, відомих як «Чорні Розбійники». Лише небагато таких полків пережили десятиліття відтоді… немовби на них полював якийсь зовнішній ворог."
loc_ogryn_powermaul_slabshield_p1_locname,Бойовий буздиган і панцерний щит (камуфляж «Іній смерті»)
loc_ogryn_powermaul_slabshield_p1_locname_desc,"Улюблений камуфляж полків Крижаних Воїнів Валхалли під час кампанії в затоці Масарі, відомої своєю величезною кількістю жертв і мізерними військовими здобутками. Призовники ставали ветеранами за одну ніч — що й на краще, адже мало хто доживав до другого світанку. Із п’яти світів, які Імперіум прагнув повернути у затоці Масарі, два залишилися обвугленими оболонками, а третій так і не виринув із варп-бурі, що його поглинула.  "
loc_ogryn_powermaul_slabshield_p1_m001,Оґринський силовий буздиган і панцерний щит P1
loc_ogryn_powermaul_slabshield_p1_m001_desc,Skin
loc_ogryn_powermaul_slabshield_p1_m002,Оґринський силовий буздиган і панцерний щит P1
loc_ogryn_powermaul_slabshield_p1_m002_1548,Благословенний бойовий буздиган і панцерний щит
loc_ogryn_powermaul_slabshield_p1_m002_1548_desc,"Усіяний печатками чистоти та письмами, цей щит століттями захищав достойників Храму Святої Месселіни."
loc_ogryn_powermaul_slabshield_p1_m002_desc,Skin
loc_ogryn_powermaul_slabshield_p1_m003,Оґринський силовий буздиган і панцерний щит P1
loc_ogryn_powermaul_slabshield_p1_m003_1531,Злидарський шик
loc_ogryn_powermaul_slabshield_p1_m003_1531_desc,"Попри свій вигляд, ця стіна з пластосталі й заліза здатна стримати тих брудних єретиків."
loc_ogryn_powermaul_slabshield_p1_m003_desc,Skin
loc_ogryn_powermaul_slabshield_p1_m1,Бойовий буздиган Orox Мк II і панцерний щит Мк III
loc_ogryn_powermaul_slabshield_p1_m1_desc,"Проста, але дієва конструкція: панцерний щит перетворює Оґрина на рухому стіну укриття, майже невразливу до ворожих атак."
loc_ogryn_powermaul_slabshield_p1_ml01,Ковальська Ліврея Бранкс Мінор
loc_ogryn_powermaul_slabshield_p1_ps001,Бойовий буздиган і панцерний щит (камуфляж «Хімзона. Твань»)
loc_ogryn_powermaul_slabshield_p1_ps001_desc,"Один із 91 камуфляжних візерунків, запропонованих квеситором Департаменту Муніторум Себастьяном Ксантезом у спробі стандартизувати кольори кампаній Астра Мілітарум. Трактат Ксанте́за вже 85 років перебуває «в обробці»."
loc_ogryn_powermaul_slabshield_p1_ps002,Бойовий буздиган і панцерний щит (камуфляж «Вогняний кіготь»)
loc_ogryn_powermaul_slabshield_p1_ps002_desc,"Помічений на сотнях вулканічних світів — від Лахарі IX до Мезоа — камуфляж «Вогняний кіготь» став найбільш відомим завдяки Моебіанському 71-му полку під час кампанії «Діаболус», де запеклі бої серед потоків лави закріпили грізну репутацію полку."
loc_ogryn_powermaul_slabshield_p1_ps003,Бойовий буздиган і панцерний щит (камуфляж «Скверноскол»)
loc_ogryn_powermaul_slabshield_p1_ps003_desc,"Цей візерунок імітує мінливі тіні безлічі ксенос-структур, що вкривають сірчані пустелі Саріуса III. Нещодавно взвод Моебіанського 120-го був відправлений на Саріус III для розслідування дивних ксенос-руїн. Після повернення всім, окрім найстарших офіцерів, стерли пам’ять…"
loc_ogryn_powermaul_slabshield_p1_ps004,Бойовий буздиган і панцерний щит (Крижана тундра)
loc_ogryn_powermaul_slabshield_p1_ps004_desc,"Названий на честь Валгалльського 1212-го полку «Холоднокровних», цей камуфляж став стандартною уніформою для крижаних світів у Астра Мілітарум, застосовуваний у кампаніях від зірок Сомніум до туманності Істлайт. Чи наділяє він своїх носіїв легендарною витривалістю тих, чиє ім’я носить, — ще належить довести."
loc_ogryn_powermaul_slabshield_p1_ps005,Бойовий буздиган і панцерний щит (Сонячні пустки)
loc_ogryn_powermaul_slabshield_p1_ps005_desc,"Первісно створений для розхваленої кампанії на світі смерті Рамантіус IV — планеті з трьома сонцями, де з радіаційно обпалених пісків виростали кришталеві ліси, а зубаті хижаки полювали на необережних солдатів уночі."
loc_ogryn_powermaul_slabshield_p1_ps006,Ваконінська Зима
loc_ogryn_powermaul_slabshield_p1_ps006_desc,"Найвідоміше застосування — у складі трифронтової бойової групи, що об’єднувала моебіанські, ноктанські та валгалльські полки; цей камуфляж став вирішальним чинником перемоги серед безкраїх колючолісів Вакона Альфа."
loc_ogryn_powermaul_slabshield_p1_ps007,Бойовий буздиган і панцерний щит (камуфляж «Тіні боліт»)
loc_ogryn_powermaul_slabshield_p1_ps007_desc,"Створений як альтернативний камуфляж для Фенґвардів із туманних боліт Друк VI, цей візерунок став еталоном для бойових зон — від заболочених рівнин до дощових ліній окопів."
loc_ogryn_powermaul_slabshield_p1_ps008,Оґринський силовий буздиган і панцерний щит P1
loc_ogryn_powermaul_slabshield_p1_ps008_desc,Skin
loc_ogryn_powermaul_slabshield_p1_um002_1545,Опора і прочухан
loc_ogryn_powermaul_slabshield_p1_um002_1545_desc,"Мало втіхи з того, що ти затиснутий між навалою, що насувається, і Борґусом, який орудує цим вражаючим шмАтом пластосталі в тісному коридорі."
loc_ogryn_powermaul_slabshield_p1_us001_1551,Штурмовий щит Магістратуму
loc_ogryn_powermaul_slabshield_p1_us001_1551_desc,"Видовище того, як оґрин височіє за одним із цих громіздких щитів, здатне остудити запал будь-якого заколотника."
loc_ogryn_prisoner_lowerbody_a,"Одяг зека (Похибна віра, XXXXL)"
loc_ogryn_prisoner_lowerbody_a_desc,"Твої злочини відкладено, але не прощено … і не забуто."
loc_ogryn_prisoner_lowerbody_b,"Одяг зека (Недбальство служби, XXXXL)"
loc_ogryn_prisoner_lowerbody_b_desc,"Твої злочини відкладено, але не прощено … і не забуто."
loc_ogryn_prisoner_lowerbody_c,"Одяг зека (Непокора, XXXXL)"
loc_ogryn_prisoner_lowerbody_c_desc,"Твої злочини відкладено, але не прощено … і не забуто."
loc_ogryn_prisoner_lowerbody_d,"Одяг зека (Заколот, XXXXL)"
loc_ogryn_prisoner_lowerbody_d_desc,"Твої злочини відкладено, але не прощено … і не забуто."
loc_ogryn_prisoner_upperbody_a,"Одяг зека (Похибна віра, XXXXL)"
loc_ogryn_prisoner_upperbody_a_desc,"Твої злочини відкладено, але не прощено … і не забуто."
loc_ogryn_prisoner_upperbody_b,"Одяг зека (Недбальство служби, XXXXL)"
loc_ogryn_prisoner_upperbody_b_desc,"Твої злочини відкладено, але не прощено … і не забуто."
loc_ogryn_prisoner_upperbody_c,"Одяг зека (Непокора, XXXXL)"
loc_ogryn_prisoner_upperbody_c_desc,"Твої злочини відкладено, але не прощено … і не забуто."
loc_ogryn_prisoner_upperbody_d,"Одяг зека (Заколот, XXXXL)"
loc_ogryn_prisoner_upperbody_d_desc,"Твої злочини відкладено, але не прощено … і не забуто."
loc_ogryn_rebreather_03_var_01,"Респіратор Каликс (Льодова Скорбота, XXXXL)"
loc_ogryn_rebreather_03_var_02,"Респіратор Каликс (камуфляж «Монтар», XXXXL)"
loc_ogryn_rebreather_03_var_03,"Респіратор Каликс (камуфляж «Вогняні пустки», XXXXL)"
loc_ogryn_rippergun_npc_p1_m1,DEV WIP
loc_ogryn_rippergun_npc_p1_m1_desc,DEV WIP
loc_ogryn_rippergun_p1_a101,Різник (камуфляж «Нокс Непокірний»)
loc_ogryn_rippergun_p1_cs001,Різник (камуфляж «Темна тінь Круціс»)
loc_ogryn_rippergun_p1_cs001_desc,"Лісовий камуфляжний візерунок, що став відомим завдяки 100-му Круцийському полку «Охоронців Дзвіниці» під час давньої кампанії на Месселіні. Ті небагато ворогів, що пережили ті битви, здобули нову повагу до тіней.  "
loc_ogryn_rippergun_p1_cs002,Різник (камуфляж «Вогняні пустки»)
loc_ogryn_rippergun_p1_cs002_desc,"Колись поширений візерунок, який використовували полки Астра Мілітарум, що заслужили бойові відзнаки, винищуючи зрадників-космодесантників, відомих як «Чорні Розбійники». Лише небагато таких полків пережили десятиліття відтоді… немовби на них полював якийсь зовнішній ворог."
loc_ogryn_rippergun_p1_locname,Різник (камуфляж «Іній смерті»)
loc_ogryn_rippergun_p1_locname_desc,"Улюблений камуфляж полків Крижаних Воїнів Валхалли під час кампанії в затоці Масарі, відомої своєю величезною кількістю жертв і мізерними військовими здобутками. Призовники ставали ветеранами за одну ніч — що й на краще, адже мало хто доживав до другого світанку. Із п’яти світів, які Імперіум прагнув повернути у затоці Масарі, два залишилися обвугленими оболонками, а третій так і не виринув із варп-бурі, що його поглинула.  "
loc_ogryn_rippergun_p1_m001,Ріник Оґрина Р1
loc_ogryn_rippergun_p1_m001_1533,Різник (камуфляж «Палаюча кара»)
loc_ogryn_rippergun_p1_m001_1533_desc,"Це забарвлення зазвичай призначене для тих, хто несе Імператорове полум’я відплати, однак Горф любив червоний. Небагато хто сперечається з Горфом."
loc_ogryn_rippergun_p1_m001_desc,Skin
loc_ogryn_rippergun_p1_m002,Ріник Оґрина Р1
loc_ogryn_rippergun_p1_m002_desc,Skin
loc_ogryn_rippergun_p1_m003,Ріник Оґрина Р1
loc_ogryn_rippergun_p1_m003_desc,Skin
loc_ogryn_rippergun_p1_m003_twitch,Різник (камуфляж «Зимівник. Шрам»)
loc_ogryn_rippergun_p1_m003_twitch_desc,"Битва за Вінтергоум відома в анналах Астра Мілітарум як катастрофічна поразка. Попри це, камуфляж «Шрам Вінтергоуму» не вважається нещасливим — він напрочуд ефективний. Після шести вильотів у те крижане пекло тіла досі не знайдені..."
loc_ogryn_rippergun_p1_m1,Різник Ворогоріз Мк II
loc_ogryn_rippergun_p1_m1_deluxe,Різник (Мортис-оперативник)
loc_ogryn_rippergun_p1_m1_deluxe_desc,"Оперативники Смерті — це таємне коло в межах бойової групи Ґрендила, і ти не маєш допуску до цієї інформації.  "
loc_ogryn_rippergun_p1_m1_desc,"Різник — це, по суті, важкий автоматичний дробовик. Їх створюють якомога простішими й міцнішими, адже більшість Оґринів у бою забувають про стрілянину й натомість використовують усе, що потрапило під руку, як імпровізовану зброю у Ближньому Бою."
loc_ogryn_rippergun_p1_m1_xbox,Різник (камуфляж «Іній смерті»)
loc_ogryn_rippergun_p1_m1_xbox_desc,"Улюблений камуфляж полків Крижаних Воїнів Валхалли під час кампанії в затоці Масарі, відомої своєю величезною кількістю жертв і мізерними військовими здобутками. Призовники ставали ветеранами за одну ніч — що й на краще, адже мало хто доживав до другого світанку. Із п’яти світів, які Імперіум прагнув повернути у затоці Масарі, два залишилися обвугленими оболонками, а третій так і не виринув із варп-бурі, що його поглинула.  "
loc_ogryn_rippergun_p1_m2,Різник «Ворогоріз» Мк V
loc_ogryn_rippergun_p1_m2_desc,"Рідкісний патерн різника, «Ворогоріз» Мк V був спробою використати щільно сфокусований шрот, щоб покращити влучність Оґринів на великій дистанції. З огляду на схильність Оґринів шалено мчати у бій, експеримент швидко покинули."
loc_ogryn_rippergun_p1_m3,Різник «Ворогоріз» Мк VI
loc_ogryn_rippergun_p1_m3_desc,"Компенсуючи брак концентрації в Оґринів, цей різник поєднує широкий розсів шроту з напівавтоматичним режимом черги, створюючи гучне, криваве місиво на ближній дистанції."
loc_ogryn_rippergun_p1_ml01,Ковальська Ліврея Бранкс Мінор
loc_ogryn_rippergun_p1_ps001,Різник (камуфляж «Хімзона. Твань»)
loc_ogryn_rippergun_p1_ps001_desc,"Один із 91 камуфляжних візерунків, запропонованих квеситором Департаменту Муніторум Себастьяном Ксантезом у спробі стандартизувати кольори кампаній Астра Мілітарум. Трактат Ксанте́за вже 85 років перебуває «в обробці»."
loc_ogryn_rippergun_p1_ps002,Різник (камуфляж «Вогняний кіготь»)
loc_ogryn_rippergun_p1_ps002_desc,"Помічений на сотнях вулканічних світів — від Лахарі IX до Мезоа — камуфляж «Вогняний кіготь» став найбільш відомим завдяки Моебіанському 71-му полку під час кампанії «Діаболус», де запеклі бої серед потоків лави закріпили грізну репутацію полку."
loc_ogryn_rippergun_p1_ps003,Різник (камуфляж «Скверноскол»)
loc_ogryn_rippergun_p1_ps003_desc,"Цей візерунок імітує мінливі тіні безлічі ксенос-структур, що вкривають сірчані пустелі Саріуса III. Нещодавно взвод Моебіанського 120-го був відправлений на Саріус III для розслідування дивних ксенос-руїн. Після повернення всім, окрім найстарших офіцерів, стерли пам’ять…"
loc_ogryn_rippergun_p1_ps004,Різник (Крижана тундра)
loc_ogryn_rippergun_p1_ps004_desc,"Названий на честь Валгалльського 1212-го полку «Холоднокровних», цей камуфляж став стандартною уніформою для крижаних світів у Астра Мілітарум, застосовуваний у кампаніях від зірок Сомніум до туманності Істлайт. Чи наділяє він своїх носіїв легендарною витривалістю тих, чиє ім’я носить, — ще належить довести."
loc_ogryn_rippergun_p1_ps005,Різник (Сонячні пустки)
loc_ogryn_rippergun_p1_ps005_desc,"Первісно створений для розхваленої кампанії на світі смерті Рамантіус IV — планеті з трьома сонцями, де з радіаційно обпалених пісків виростали кришталеві ліси, а зубаті хижаки полювали на необережних солдатів уночі."
loc_ogryn_rippergun_p1_ps006,Ваконінська Зима
loc_ogryn_rippergun_p1_ps006_desc,"Найвідоміше застосування — у складі трифронтової бойової групи, що об’єднувала моебіанські, ноктанські та валгалльські полки; цей камуфляж став вирішальним чинником перемоги серед безкраїх колючолісів Вакона Альфа."
loc_ogryn_rippergun_p1_ps007,Різник (камуфляж «Тіні боліт»)
loc_ogryn_rippergun_p1_ps007_desc,"Створений як альтернативний камуфляж для Фенґвардів із туманних боліт Друк VI, цей візерунок став еталоном для бойових зон — від заболочених рівнин до дощових ліній окопів."
loc_ogryn_rippergun_p1_ps008,Ріник Оґрина Р1
loc_ogryn_rippergun_p1_ps008_desc,Skin
loc_ogryn_rippergun_p1_s001,Мисливець на орків
loc_ogryn_rippergun_p1_s001_112,Різник (камуфляж «Монтар»)
loc_ogryn_rippergun_p1_s001_112_desc,"Система Монтар здавна є зоною воєн, зазнаючи вторгнень від честолюбних варбосів орків до конклавів ренегатів Хаосу. Камуфляж «Монтарський розщеплювач» — універсальний деструктивний візерунок, який видають кільком полкам Астра Мілітаруму, що дозволяє швидко перекидати війська в межах системи з різноманітними середовищами."
loc_ogryn_rippergun_p1_s001_177,Різник (камуфляж «Здоровильські Рівнини»)
loc_ogryn_rippergun_p1_s001_177_desc,"Прославився під час сумнозвісного повстання Кроурк — кампанії, що точилася на безкраїх посушливих рівнинах, де місцева шаблезуба фауна становила більшу загрозу, ніж будь-який відступник.  "
loc_ogryn_rippergun_p1_s001_182,Різник (камуфляж «Нічна завіса Коналда»)
loc_ogryn_rippergun_p1_s001_182_desc,"Цей камуфляжний узор уперше застосували на покровному світі Коналда, де об’єднана бойова група кадійських, ландрійських і моебіанських полків спричинила падіння славетного ренеґатського ватажка, поклавши край трирічній кампанії."
loc_ogryn_rippergun_p1_s001_193,Камуфляж «Каср»
loc_ogryn_rippergun_p1_s001_193_desc,"Названий на честь великих фортець-міст Кадії, цей камуфляж є одним із кількох простих нейтральних візерунків, прийнятих славетними Касркінами. Популярність цього забарвлення забезпечена підтримкою таких елітних підрозділів."
loc_ogryn_rippergun_p1_s001_370,Різник (камуфляж «Темнолісова Бойова Тінь»)
loc_ogryn_rippergun_p1_s001_370_desc,Носиться обраними взводами під час численних таємних рейдів; цей камуфляж став відомим і вселяє страх серед анклавів піратів-Друкарі по всій галактиці.
loc_ogryn_rippergun_p1_s001_531,Різник (камуфляж «Адамантинове Пекло»)
loc_ogryn_rippergun_p1_s001_531_desc,"Кажуть, що цей візерунок був створений самим легендарним Залізноруким Стракеном. Він отримав свою назву від жахливо спекотних, вологих і невимовно небезпечних джунглів, у яких цей камуфляж часто використовували. Зовсім недавно цей візерунок прийняли Моебіанські 83-й, 441-й та 515-й полки під час сумнозвісної кампанії на Етосі."
loc_ogryn_rippergun_p1_s001_desc,"Цей простий лісовий камуфляж з’явився після кампанії Ікабод, коли 71-й Моебіанський разом із Катачанським XIIим і XIXим майже шість терранських місяців вели жорстокі ближні бої проти орчої орди."
loc_ogryn_rippergun_p1_us001,Камуфляж «Каср»
loc_ogryn_rippergun_p1_us001_065,Різник (Міста Смерті)
loc_ogryn_rippergun_p1_us001_065_desc,Використовується у міських зонах бойових дій від Улікс Ремора до Медуза V. Цей камуфляжний візерунок є стандартом міського бою для понад трьох сотень полків Астра Мілітарум.
loc_ogryn_rippergun_p1_us001_1114,Сонцепал
loc_ogryn_rippergun_p1_us001_1114_desc,"Один із сорока трьох окремих пустельних камуфляжних візерунків, санкціонованих для використання 3-ми Талларнськими Пустельними Рейдерами за наказом їхнього легендарного капітана аль-Рахема. Ця нині повсюдна схема часто застосовується полками від Моебійських Дзвіничників до Сцинтиліанських Ґренадерів."
loc_ogryn_rippergun_p1_us001_1231,Різник (Вартовий Вортент)
loc_ogryn_rippergun_p1_us001_1231_desc,"Страхітлива уніформа, яку носять брутальні «вартові» фрегата *Маркуеста*, особистого корабля народженої на Моебії Каперки Кірії Вортент. Ця строката банда громил, каперів і найманців відома своїми доволі жорсткими методами у виконанні поставлених завдань."
loc_ogryn_rippergun_p1_us001_395,Різник (Авагейський Сірчистий)
loc_ogryn_rippergun_p1_us001_395_desc,"Нещодавно використовувався кількома полками, що билися проти сил Хаосу в перші дні Тринадцятого Чорного Хрестового Походу. Цей рідкісний пустельний камуфляж можна простежити в архівах Департаментуму Муніторму багато століть назад."
loc_ogryn_rippergun_p1_us001_desc,"Названий на честь великих фортець-міст Кадії, цей камуфляж є одним із кількох простих нейтральних візерунків, прийнятих славетними Касркінами. Популярність цього забарвлення забезпечена підтримкою таких елітних підрозділів."
loc_ogryn_rippergun_p1_us002,Камуфляж «Каср»
loc_ogryn_rippergun_p1_us002_122,Різник (Маноріум Астрограніт)
loc_ogryn_rippergun_p1_us002_122_desc,"Цей візерунок був прийнятий Моебійськими полками під час однієї з найбільших планетарних мобілізацій за понад століття. Так зване Повстання Султара було остаточно придушене на індустріальному світі Тааван, коли Архієретика Жраекара було повалено."
loc_ogryn_rippergun_p1_us002_903,Різник (Ніґілус Пурґатус)
loc_ogryn_rippergun_p1_us002_903_desc,"Улюблений ударними групами Інквізиції, особливо Ордо Єретикус та Ордо Ксенос. Цей вишуканий візерунок поєднує вимогу командування носити барви Інквізиції гучно і гордо з бажанням солдатів зберегти бодай якусь подобу скритності."
loc_ogryn_rippergun_p1_us002_desc,"Названий на честь великих фортець-міст Кадії, цей камуфляж є одним із кількох простих нейтральних візерунків, прийнятих славетними Касркінами. Популярність цього забарвлення забезпечена підтримкою таких елітних підрозділів."
loc_ogryn_rippergun_p1_us003,Камуфляж «Каср»
loc_ogryn_rippergun_p1_us003_1521,Спадок Вракса
loc_ogryn_rippergun_p1_us003_desc,"Названий на честь великих фортець-міст Кадії, цей камуфляж є одним із кількох простих нейтральних візерунків, прийнятих славетними Касркінами. Популярність цього забарвлення забезпечена підтримкою таких елітних підрозділів."
loc_ogryn_rogue_trader_headgear_a_var_03,Кашкет юнги
loc_ogryn_rogue_trader_headgear_a_var_03_desc,"Міцний, але зручний кашкет, поширений серед екіпажів Каперів."
loc_ogryn_rogue_trader_headgear_a_var_05,Кашкет юнги (Червоний)
loc_ogryn_rogue_trader_headgear_a_var_05_desc,"Різноманітні дрібнички й сувеніри, прикріплені до цього кашкета, свідчать про пригоди у найвіддаленіших куточках галактики."
loc_ogryn_rogue_trader_headgear_a_var_06,Кашкет юнги (Морський брокад)
loc_ogryn_rogue_trader_headgear_a_var_07,Кашкет юнги (Розкішна пурпур)
loc_ogryn_rogue_trader_lowerbody_b_var_02,Підсилена дерев'яна нога
loc_ogryn_rogue_trader_lowerbody_b_var_02_desc,"Посилені шари пласталі дарують цьому аугметику неймовірну здатність витримувати навантаження. І добре, що так!"
loc_ogryn_rogue_trader_upperbody_a_var_03,Броньований парадний мундир (XXXXL)
loc_ogryn_rogue_trader_upperbody_a_var_03_desc,Форма і функціональність зливаються тут у бездоганному поєднанні — навіть у такому велетенському мундирі.
loc_ogryn_rogue_trader_upperbody_b_var_02,Підбитий фрачний мундир (XXXXL)
loc_ogryn_rogue_trader_upperbody_b_var_02_desc,"Нерідко татрські вельможі наймають собі бодай одного Оґрина-охоронця. Пихаті високородні вдягають цих ходячих глиби м’язів у найвишуканіші строї, підкреслюючи їхній гігантський зріст і водночас демонструючи власне багатство та вплив."
loc_ogryn_savlar_chem_dogs_a_lowerbody_var_01,Хімзахисний польовий комплект (XXXXL)
loc_ogryn_savlar_chem_dogs_a_lowerbody_var_01_desc,Ця зміцнена тканина захищає від хімічної зброї та всіляких плям і розливів. Дуже зручно для Оґрина.
loc_ogryn_savlar_chem_dogs_a_lowerbody_var_03,Хімзахисні штани Савлара (XXXXL)
loc_ogryn_savlar_chem_dogs_a_lowerbody_var_03_desc,"Хімічно оброблені для підвищеної стійкості. Добре захищають, але про комфорт тут говорити не доводиться."
loc_ogryn_savlar_chem_dogs_a_lowerbody_var_04,"Важкий польовий комплект (Тан Тароса, XXXXL)"
loc_ogryn_savlar_chem_dogs_a_lowerbody_var_04_desc,"Рат поглянув на купу піску на підлозі намету. Там було достатньо, щоб наповнити принаймні два мішки. Він ненавидів, коли Голт висипав пісок із чобіт прямо в наметі."
loc_ogryn_savlar_chem_dogs_upperbody_a_var_01,Хімзахисний польовий комплект Савлара (XXXXL)
loc_ogryn_savlar_chem_dogs_upperbody_a_var_01_desc,"Повний захист, зміцнені тканини та широкі бронепластини — цей комплект убереже від усього, що тільки може трапитися у воєнних зонах."
loc_ogryn_savlar_chem_dogs_upperbody_b_var_01,Хімзахисний польовий комплект (XXXXXL) із шемагом
loc_ogryn_savlar_chem_dogs_upperbody_b_var_01_desc,"Створена, щоб витримувати будь-які примхи погоди. Вітер, дощ, кислотний дощ — нічого не пройде крізь це. Хіба що лазпостріли та кулі…"
loc_ogryn_savlar_chem_dogs_upperbody_b_var_03,Хімзахисна куртка Савлара (XXXXL)
loc_ogryn_savlar_chem_dogs_upperbody_b_var_03_desc,"Міцна, оброблена шкіра, посилена бронепластинами і доповнена доволі ефектним шарфом. Стиль і практичність!"
loc_ogryn_savlar_chem_dogs_upperbody_b_var_04,"Важка польова куртка (Тан Тароса, XXXXL)"
loc_ogryn_savlar_chem_dogs_upperbody_b_var_04_desc,"Зберігати кістки та черепи як трофеї — звична справа для Оґринів. З розвитком війни на Тертумі й тим, як вигнанці стають загартованими вояками, це стає дедалі поширенішою практикою. І не лише серед Оґринів."
loc_ogryn_scar_face_01,Забагато бешкету
loc_ogryn_scar_face_01_desc,++REDACTED++
loc_ogryn_scar_face_02,Необережність із Ґроксом
loc_ogryn_scar_face_02_desc,++REDACTED++
loc_ogryn_scar_face_03,Оґрин нічого не відчуває
loc_ogryn_scar_face_03_desc,++REDACTED++
loc_ogryn_scar_face_04,Свербляче обличчя
loc_ogryn_scar_face_04_desc,++REDACTED++
loc_ogryn_scar_face_05,Осколки та порізи
loc_ogryn_scar_face_05_desc,++REDACTED++
loc_ogryn_scar_face_06,Не заглядай у гарячу трубу
loc_ogryn_scar_face_06_desc,++REDACTED++
loc_ogryn_scar_face_07,Не дивись у полум’я
loc_ogryn_scar_face_07_desc,++REDACTED++
loc_ogryn_scar_face_08,Їжа надто гаряча
loc_ogryn_scar_face_08_desc,++REDACTED++
loc_ogryn_scar_face_09,Опік від радіатора
loc_ogryn_scar_face_09_desc,++REDACTED++
loc_ogryn_scar_face_10,Ліжко надто гаряче
loc_ogryn_scar_face_10_desc,++REDACTED++
loc_ogryn_scar_face_11,Іскри
loc_ogryn_scar_face_11_desc,++REDACTED++
loc_ogryn_scar_face_12,Бічний горіння
loc_ogryn_scar_face_12_desc,++REDACTED++
loc_ogryn_scar_face_13,Модний горіння
loc_ogryn_scar_face_13_desc,++REDACTED++
loc_ogryn_scar_face_14,Окуляри захищають
loc_ogryn_scar_face_14_desc,++REDACTED++
loc_ogryn_scar_face_15,Гаряча підпора для обличчя
loc_ogryn_scar_face_15_desc,++REDACTED++
loc_ogryn_scar_face_16,Гаряча голова
loc_ogryn_scar_face_16_desc,++REDACTED++
loc_ogryn_scar_face_17,Кімната надто гаряча
loc_ogryn_scar_face_17_desc,++REDACTED++
loc_ogryn_scar_face_18,Розривний удар
loc_ogryn_scar_face_18_desc,++REDACTED++
loc_ogryn_scar_face_19,Суворі уроки
loc_ogryn_scar_face_19_desc,++REDACTED++
loc_ogryn_scar_face_20,Пошкодження черепа
loc_ogryn_scar_face_20_desc,++REDACTED++
loc_ogryn_scar_face_21,Головний біль
loc_ogryn_scar_face_21_desc,++REDACTED++
loc_ogryn_scar_face_22,++REDACTED++
loc_ogryn_scar_face_22_desc,++REDACTED++
loc_ogryn_scar_face_23,Великий рот
loc_ogryn_scar_face_23_desc,++REDACTED++
loc_ogryn_scar_face_24,Їжа надто гостра
loc_ogryn_scar_face_24_desc,++REDACTED++
loc_ogryn_scar_face_25,Поріз знизу
loc_ogryn_scar_face_25_desc,++REDACTED++
loc_ogryn_scar_face_26,Жарт із п’явкою
loc_ogryn_scar_face_26_desc,++REDACTED++
loc_ogryn_scar_face_27,++REDACTED++
loc_ogryn_scar_face_27_desc,++REDACTED++
loc_ogryn_scar_face_28,Закуска з п’явкою
loc_ogryn_scar_face_28_desc,++REDACTED++
loc_ogryn_short_saltandpepper_a,Зачіска 77
loc_ogryn_short_saltandpepper_a_desc,++REDACTED++
loc_ogryn_skull_edition_headgear,Тканинна маска смерті
loc_ogryn_skull_edition_headgear_desc,"Оперативники Смерті — це таємне коло в межах бойової групи Ґрендила, і ти не маєш допуску до цієї інформації.  "
loc_ogryn_skull_edition_lowerbody,Бойове спорядження (Оперативник Смерті)
loc_ogryn_skull_edition_lowerbody_desc,"Оперативники Смерті  — це таємне коло в межах бойової групи Ґрендила, і ти не маєш допуску до цієї інформації.  "
loc_ogryn_skull_edition_set,Оперативник Смерті (Оґрин)
loc_ogryn_skull_edition_set_desc,"Оперативники Смерті  — це таємне коло в межах бойової групи Ґрендила, і ти не маєш допуску до цієї інформації.  "
loc_ogryn_skulls_headgear_01,Флак-шолом «Мементо Морі» (XXXXL)
loc_ogryn_skulls_headgear_01_desc,"Ці агресивні шоломи прикрашені стилізованими купами черепів. Чи є вони знаком переможених ворогів, чи втрачених товаришів — хто ж скаже? А щодо червоного… краще не питати."
loc_ogryn_slabshield_p1_cs001,Панцерний щит (камуфляж «Темна тінь Круціс»)
loc_ogryn_slabshield_p1_cs001_desc,"Лісовий камуфляжний візерунок, що став відомим завдяки 100-му Круцийському полку «Охоронців Дзвіниці» під час давньої кампанії на Месселіні. Ті небагато ворогів, що пережили ті битви, здобули нову повагу до тіней.  "
loc_ogryn_slabshield_p1_cs002,Панцерний щит (камуфляж «Вогняні пустки»)
loc_ogryn_slabshield_p1_cs002_desc,"Колись поширений візерунок, який використовували полки Астра Мілітарум, що заслужили бойові відзнаки, винищуючи зрадників-космодесантників, відомих як «Чорні Розбійники». Лише небагато таких полків пережили десятиліття відтоді… немовби на них полював якийсь зовнішній ворог."
loc_ogryn_slabshield_p1_locname,Панцерний щит (камуфляж «Іній смерті»)
loc_ogryn_slabshield_p1_locname_desc,"Улюблений камуфляж полків Крижаних Воїнів Валхалли під час кампанії в затоці Масарі, відомої своєю величезною кількістю жертв і мізерними військовими здобутками. Призовники ставали ветеранами за одну ніч — що й на краще, адже мало хто доживав до другого світанку. Із п’яти світів, які Імперіум прагнув повернути у затоці Масарі, два залишилися обвугленими оболонками, а третій так і не виринув із варп-бурі, що його поглинула.  "
loc_ogryn_slabshield_p1_m001,Панцерний щит Оґрина Р1
loc_ogryn_slabshield_p1_m001_desc,Skin
loc_ogryn_slabshield_p1_ps001,Панцерний щит (камуфляж «Хімзона. Твань»)
loc_ogryn_slabshield_p1_ps001_desc,"Один із 91 камуфляжних візерунків, запропонованих квеситором Департаменту Муніторум Себастьяном Ксантезом у спробі стандартизувати кольори кампаній Астра Мілітарум. Трактат Ксанте́за вже 85 років перебуває «в обробці»."
loc_ogryn_slabshield_p1_ps002,Панцерний щит (камуфляж «Вогняний кіготь»)
loc_ogryn_slabshield_p1_ps002_desc,"Помічений на сотнях вулканічних світів — від Лахарі IX до Мезоа — камуфляж «Вогняний кіготь» став найбільш відомим завдяки Моебіанському 71-му полку під час кампанії «Діаболус», де запеклі бої серед потоків лави закріпили грізну репутацію полку."
loc_ogryn_slabshield_p1_ps003,Панцерний щит (камуфляж «Скверноскол»)
loc_ogryn_slabshield_p1_ps003_desc,"Цей візерунок імітує мінливі тіні безлічі ксенос-структур, що вкривають сірчані пустелі Саріуса III. Нещодавно взвод Моебіанського 120-го був відправлений на Саріус III для розслідування дивних ксенос-руїн. Після повернення всім, окрім найстарших офіцерів, стерли пам’ять…"
loc_ogryn_slabshield_p1_ps004,Панцерний щит (Крижана тундра)
loc_ogryn_slabshield_p1_ps004_desc,"Названий на честь Валгалльського 1212-го полку «Холоднокровних», цей камуфляж став стандартною уніформою для крижаних світів у Астра Мілітарум, застосовуваний у кампаніях від зірок Сомніум до туманності Істлайт. Чи наділяє він своїх носіїв легендарною витривалістю тих, чиє ім’я носить, — ще належить довести."
loc_ogryn_slabshield_p1_ps005,Панцерний щит (Сонячні пустки»
loc_ogryn_slabshield_p1_ps005_desc,"Первісно створений для розхваленої кампанії на світі смерті Рамантіус IV — планеті з трьома сонцями, де з радіаційно обпалених пісків виростали кришталеві ліси, а зубаті хижаки полювали на необережних солдатів уночі."
loc_ogryn_slabshield_p1_ps006,Ваконінська Зима
loc_ogryn_slabshield_p1_ps006_desc,"Найвідоміше застосування — у складі трифронтової бойової групи, що об’єднувала моебіанські, ноктанські та валгалльські полки; цей камуфляж став вирішальним чинником перемоги серед безкраїх колючолісів Вакона Альфа."
loc_ogryn_slabshield_p1_ps007,Панцерний щит (камуфляж «Тіні боліт»)
loc_ogryn_slabshield_p1_ps007_desc,"Створений як альтернативний камуфляж для Фенґвардів із туманних боліт Друк VI, цей візерунок став еталоном для бойових зон — від заболочених рівнин до дощових ліній окопів."
loc_ogryn_slabshield_p1_ps008,Панцерний щит Оґрина Р1
loc_ogryn_slabshield_p1_ps008_desc,Skin
loc_ogryn_spike_helmet_bandana_mask_a_var_01,ogryn_spike_helmet_bandana_mask_a_var_01
loc_ogryn_spike_helmet_bandana_mask_a_var_01_desc,Оґринський шолом із шипами та чорною шкіряною банданою-маскою
loc_ogryn_spike_helmet_var_01,Шипастий казан-шолом
loc_ogryn_spike_helmet_var_01_desc,"Для тих випадків, коли ти надто буквально «користуєшся головою»."
loc_ogryn_spike_helmet_var_03,Шипастий казан-шолом МкIII
loc_ogryn_spike_helmet_var_03_desc,Захисне спорядження для пустельних умов. У разі потреби може слугувати і зброєю.
loc_ogryn_spike_helmet_var_04,Шипастий казан-шолом МкV
loc_ogryn_spike_helmet_var_04_desc,"Подібні шипасті шоломи завжди були популярними (і надзвичайно корисними) серед тих, хто займається ямними боями."
loc_ogryn_spike_helmet_var_05,Шолом-казан із шипами Мк VI
loc_ogryn_spike_helmet_var_06,Шолом-казан із шипами Мк VII
loc_ogryn_steel_legion_headgear_a_coated_var_01,Котелковий шолом Мк IVk з протигазом (XXXXL)
loc_ogryn_steel_legion_headgear_a_coated_var_02,Котелковий шолом Мк IVm з протигазом (XXXXL)
loc_ogryn_steel_legion_headgear_a_coated_var_03,Котелковий шолом Мк IVq з протигазом (XXXXL)
loc_ogryn_steel_legion_lowerbody_a_var_01,Польовий комплект токс-зони мілітаруму (Зразок Курова)
loc_ogryn_steel_legion_upperbody_a_var_01,Облогова куртка токс-зони мілітаруму (XXXXL)
loc_ogryn_tallarn_desert_headgear_a_goggles_bandana_mask_var_01,Покривець Падальника
loc_ogryn_tallarn_desert_headgear_a_goggles_bandana_mask_var_01_desc,"Окуляри від пилу та чорна бандана, щоб приховати риси. А ще вона чудово маскує запах."
loc_ogryn_tallarn_desert_headgear_a_goggles_var_01,Окуляри Падальника
loc_ogryn_tallarn_desert_headgear_a_goggles_var_01_desc,"Потерті шкіряні окуляри, що, певно, змінили не одного власника, перш ніж дістатися тобі."
loc_ogryn_tallarn_desert_headgear_a_mask_var_02,Шемаг із окулярами та лицевою пов’язкою (XXXXL)
loc_ogryn_tallarn_desert_headgear_a_mask_var_02_desc,"Просто, але універсально. І захищає від сонця (чи навіть кількох сонць)."
loc_ogryn_tallarn_desert_headgear_a_mask_var_06,"Хустка з окулярами (Тан Тароса, XXXXL)"
loc_ogryn_tallarn_desert_headgear_a_mask_var_06_desc,Жоден пісок не докучатиме тобі з таким спорядженням. Ідеально для завдань у Піщаному Годиннику.
loc_ogryn_tallarn_desert_headgear_a_var_01,Шемаг із окулярами (XXXXL)
loc_ogryn_tallarn_desert_headgear_a_var_01_desc,"Просто, але універсально. І захищає від сонця (чи навіть кількох сонць)."
loc_ogryn_thumper_npc_p1_m1,++ PERDITUM SANCTUS ++
loc_ogryn_thumper_npc_p1_m1_desc,DEV WIP
loc_ogryn_thumper_p1_cs001,Відбійник (камуфляж «Темна тінь Круціс»)
loc_ogryn_thumper_p1_cs001_desc,"Лісовий камуфляжний візерунок, що став відомим завдяки 100-му Круцийському полку «Охоронців Дзвіниці» під час давньої кампанії на Месселіні. Ті небагато ворогів, що пережили ті битви, здобули нову повагу до тіней.  "
loc_ogryn_thumper_p1_cs002,Відбійник (камуфляж «Вогняні пустки»)
loc_ogryn_thumper_p1_cs002_desc,"Колись поширений візерунок, який використовували полки Астра Мілітарум, що заслужили бойові відзнаки, винищуючи зрадників-космодесантників, відомих як «Чорні Розбійники». Лише небагато таких полків пережили десятиліття відтоді… немовби на них полював якийсь зовнішній ворог."
loc_ogryn_thumper_p1_locname,Відбійник (камуфляж «Іній смерті»)
loc_ogryn_thumper_p1_locname_desc,"Улюблений камуфляж полків Крижаних Воїнів Валхалли під час кампанії в затоці Масарі, відомої своєю величезною кількістю жертв і мізерними військовими здобутками. Призовники ставали ветеранами за одну ніч — що й на краще, адже мало хто доживав до другого світанку. Із п’яти світів, які Імперіум прагнув повернути у затоці Масарі, два залишилися обвугленими оболонками, а третій так і не виринув із варп-бурі, що його поглинула.  "
loc_ogryn_thumper_p1_m001,Громовержець Оґрина Р1
loc_ogryn_thumper_p1_m001_desc,Skin
loc_ogryn_thumper_p1_m002,Громовержець Оґрина Р1
loc_ogryn_thumper_p1_m002_desc,Skin
loc_ogryn_thumper_p1_m003,Громовержець Оґрина Р1
loc_ogryn_thumper_p1_m003_desc,Skin
loc_ogryn_thumper_p1_m1,Відбійник Лоренц Мк V 
loc_ogryn_thumper_p1_m1_desc,"Орбітальний мануфакторум «Лоренц» найбільш відомий виробництвом важких боєприпасів для Імперського флоту. Втім, паралельно його техноадепти створюють придатну для Оґринів польову зброю на основі примітивних конструкцій."
loc_ogryn_thumper_p1_m2,Громовержець Лоренц Мк VI 
loc_ogryn_thumper_p1_m2_desc,"Один із найпростіших гранАтометів, створених в Імперіумі; «Громовержці» мають більше спільного з первісними мінометами, ніж зі звичним озброєнням, яке сходить із верфей світу-ковадла Лоренц."
loc_ogryn_thumper_p1_ml01,Ковальська Ліврея Бранкс Мінор
loc_ogryn_thumper_p1_ml01_desc,"«Нехай твоя зброя буде вбережена від несправності,
Як і твоя душа — від нечистоти.
Омнісій пильнує над тобою.
Вивільни зброю війни.
Вивільни Смертодавця.
— Спів для запобігання несправності»"
loc_ogryn_thumper_p1_ml02,Рев Кузні
loc_ogryn_thumper_p1_ps001,Відбійник (камуфляж «Хімзона-Іл»)
loc_ogryn_thumper_p1_ps001_desc,"Один із 91 камуфляжних візерунків, запропонованих квеситором Департаменту Муніторум Себастьяном Ксантезом у спробі стандартизувати кольори кампаній Астра Мілітарум. Трактат Ксанте́за вже 85 років перебуває «в обробці»."
loc_ogryn_thumper_p1_ps002,Відбійник (камуфляж «Вогняний кіготь»)
loc_ogryn_thumper_p1_ps002_desc,"Помічений на сотнях вулканічних світів — від Лахарі IX до Мезоа — камуфляж «Вогняний кіготь» став найбільш відомим завдяки Моебіанському 71-му полку під час кампанії «Діаболус», де запеклі бої серед потоків лави закріпили грізну репутацію полку."
loc_ogryn_thumper_p1_ps003,Відбійник (камуфляж «Скверноскол»)
loc_ogryn_thumper_p1_ps003_desc,"Цей візерунок імітує мінливі тіні безлічі ксенос-структур, що вкривають сірчані пустелі Саріуса III. Нещодавно взвод Моебіанського 120-го був відправлений на Саріус III для розслідування дивних ксенос-руїн. Після повернення всім, окрім найстарших офіцерів, стерли пам’ять…"
loc_ogryn_thumper_p1_ps004,Відбійник (Крижана тундра)
loc_ogryn_thumper_p1_ps004_desc,"Названий на честь Валгалльського 1212-го полку «Холоднокровних», цей камуфляж став стандартною уніформою для крижаних світів у Астра Мілітарум, застосовуваний у кампаніях від зірок Сомніум до туманності Істлайт. Чи наділяє він своїх носіїв легендарною витривалістю тих, чиє ім’я носить, — ще належить довести."
loc_ogryn_thumper_p1_ps005,Відбійник (Сонячні пустки)
loc_ogryn_thumper_p1_ps005_desc,"Первісно створений для розхваленої кампанії на світі смерті Рамантіус IV — планеті з трьома сонцями, де з радіаційно обпалених пісків виростали кришталеві ліси, а зубаті хижаки полювали на необережних солдатів уночі."
loc_ogryn_thumper_p1_ps006,Ваконінська Зима
loc_ogryn_thumper_p1_ps006_desc,"Найвідоміше застосування — у складі трифронтової бойової групи, що об’єднувала моебіанські, ноктанські та валгалльські полки; цей камуфляж став вирішальним чинником перемоги серед безкраїх колючолісів Вакона Альфа."
loc_ogryn_thumper_p1_ps007,Відбійник (камуфляж «Тіні боліт»)
loc_ogryn_thumper_p1_ps007_desc,"Створений як альтернативний камуфляж для Фенґвардів із туманних боліт Друк VI, цей візерунок став еталоном для бойових зон — від заболочених рівнин до дощових ліній окопів."
loc_ogryn_thumper_p1_ps008,Громовержець Оґрина Р1
loc_ogryn_thumper_p1_ps008_desc,Skin
loc_ogryn_thumper_p1_us001,Камуфляж «Каср»
loc_ogryn_thumper_p1_us001_790,Відбійник (камуфляж «Кат Круцісу»)
loc_ogryn_thumper_p1_us001_790_desc,"Цей затемнений, мов порохівка, вигляд часто полюбляють інквізиторські бійці, що виконують страти зрадників у власних лавах. Роль ця сприймається неохоче, адже підтверджує: навіть слуги Інквізиції не є повністю захищені від погані."
loc_ogryn_thumper_p1_us001_desc,"Названий на честь великих фортець-міст Кадії, цей камуфляж є одним із кількох простих нейтральних візерунків, прийнятих славетними Касркінами. Популярність цього забарвлення забезпечена підтримкою таких елітних підрозділів."
loc_ogryn_thumper_p1_us002,Камуфляж «Каср»
loc_ogryn_thumper_p1_us002_1553,Грімкий Удар
loc_ogryn_thumper_p1_us002_1553_desc,Використання цієї зброї в гірській місцевості обмежене після кількох зафіксованих інцидентів із невдалими тренуваннями Оґринів та втратою кількох сторожових веж через сходження лавин.
loc_ogryn_thumper_p1_us002_595,Вибухова палубна гармата
loc_ogryn_thumper_p1_us002_595_desc,"З яскравим і барвистим розмальовуванням ця зброя наслідує давні палубні «очищувачі», хоч і значно більша за своїх попередників."
loc_ogryn_thumper_p1_us002_desc,"Названий на честь великих фортець-міст Кадії, цей камуфляж є одним із кількох простих нейтральних візерунків, прийнятих славетними Касркінами. Популярність цього забарвлення забезпечена підтримкою таких елітних підрозділів."
loc_ogryn_thumper_p1_us003_1538,Ключик
loc_ogryn_thumper_p1_us003_1538_desc,"Поки що не знайшлося дверей, які б ця штука не змогла відчинити."
loc_ogryn_truskan_snowhound_upperbody_a_var_02,Польова форма зразка «Трускан» із флак-жилетом (XXXXL) («Крижана Міць»)
loc_ogryn_truskan_snowhounds_headgear_a_var_01,Флак-шолом для суворих умов (Камуфляж Монтар)
loc_ogryn_truskan_snowhounds_headgear_a_var_03,Флак-шолом для суворих умов (Бойова Тінь Темнолісу)
loc_ogryn_truskan_snowhounds_headgear_a_var_04,Флак-шолом для суворих умов (Ваді)
loc_ogryn_upperbody_b_set_04,"Тактичне бойове спорядження (камуфляж «Міський бій», XXXXL)"
loc_ogryn_upperbody_b_set_04_desc,"Додаткові кишені й підсумки корисні для зберігання… якщо тільки ти пам’ятаєш, що в них поклав."
loc_ogryn_upperbody_b_set_06,"Тактичне бойове спорядження (камуфляж «Маноріум Астрограніт», XXXXL)"
loc_ogryn_upperbody_b_set_06_desc,"«Дивись, Серж! Тут є браслети! І рукавички, щоб я міг колупати свого носа!»
— Трунг, радісно отримавши своє нове спорядження."
loc_ogryn_upperbody_c_set_02,"Важка пластосталева броня Мілітаруму (117-й Моебіанський, XXXXL)"
loc_ogryn_upperbody_c_set_02_desc,"Оґрини люблять перевіряти, скільки вогню їхня броня може поглинути чи відбити. Мудрий офіцер завжди тримає їх зосередженими на завданні й наполягає, щоб вони ховалися."
loc_ogryn_upperbody_c_set_03,"Боєкомплект Мілітаруму (камуфляж «Міський камуфляж», XXXXL)"
loc_ogryn_upperbody_c_set_03_desc,"Ця броня може й ефективна, але щоб прикрутити її на місце, потрібна команда з десяти людей."
loc_ogryn_upperbody_c_set_05,Важкий тактичний жилет (розмір здоровила XXXXL)
loc_ogryn_upperbody_c_set_05_desc,"Оґрин у броні-бастіоні — грізна сила, справжній живий тараноміц, ще сильніший ніж будь-коли."
loc_ogryn_upperbody_career_01_lvl_01_set_01,"Броня здоровили (камуфляж «Небесна смерть», XXXXL)"
loc_ogryn_upperbody_career_01_lvl_01_set_01_desc,"Форма досить проста, але ж Оґрини — не надто складні створіння."
loc_ogryn_upperbody_career_01_lvl_01_set_02,Спорядження Робітника (XXXXL)
loc_ogryn_upperbody_career_01_lvl_01_set_02_desc,++PERDITUM SANCTUS++
loc_ogryn_upperbody_career_01_lvl_01_set_03,Спорядження Кочегара (XXXXL)
loc_ogryn_upperbody_career_01_lvl_01_set_03_desc,++PERDITUM SANCTUS++
loc_ogryn_upperbody_career_01_lvl_01_set_04,Спорядження Переносника Набоїв (XXXXL)
loc_ogryn_upperbody_career_01_lvl_01_set_04_desc,++PERDITUM SANCTUS++
loc_ogryn_upperbody_career_01_lvl_01_set_05,Спорядження Копача (XXXXL)
loc_ogryn_upperbody_career_01_lvl_01_set_05_desc,++PERDITUM SANCTUS++
loc_ogryn_upperbody_career_01_lvl_02_set_01,"Велика броня здоровила (камуфляж «Бій Нокс», XXXXL)"
loc_ogryn_upperbody_career_01_lvl_02_set_01_desc,Оґрини завжди люблять тримати зброю поруч — про всяк випадок.
loc_ogryn_upperbody_career_01_lvl_02_set_02,Спорядження Землекопа (XXXXL)
loc_ogryn_upperbody_career_01_lvl_02_set_02_desc,++PERDITUM SANCTUS++
loc_ogryn_upperbody_career_01_lvl_02_set_03,Спорядження Тяглороба (XXXXL)
loc_ogryn_upperbody_career_01_lvl_02_set_03_desc,++PERDITUM SANCTUS++
loc_ogryn_upperbody_career_01_lvl_02_set_04,Спорядження Важкового (XXXXL)
loc_ogryn_upperbody_career_01_lvl_02_set_04_desc,++PERDITUM SANCTUS++
loc_ogryn_upperbody_career_01_lvl_02_set_05,Спорядження Кулакодропа (XXXXL)
loc_ogryn_upperbody_career_01_lvl_02_set_05_desc,++PERDITUM SANCTUS++
loc_ogryn_upperbody_career_01_lvl_03_set_01,Найкраща броня здоровили (XXXXL)
loc_ogryn_upperbody_career_01_lvl_03_set_01_desc,"Багато Оґринів вважають червоний колір нещасливим, хоч мало хто може пояснити чому."
loc_ogryn_upperbody_career_01_lvl_03_set_02,Спорядження Тягловика (XXXXL)
loc_ogryn_upperbody_career_01_lvl_03_set_02_desc,++PERDITUM SANCTUS++
loc_ogryn_upperbody_career_01_lvl_03_set_03,Польове спорядження (XXXXL)
loc_ogryn_upperbody_career_01_lvl_03_set_03_desc,++PERDITUM SANCTUS++
loc_ogryn_upperbody_career_01_lvl_03_set_04,Саперне спорядження (XXXXL)
loc_ogryn_upperbody_career_01_lvl_03_set_04_desc,++PERDITUM SANCTUS++
loc_ogryn_upperbody_career_01_lvl_03_set_05,Спорядження пастуха Ґроксів (XXXXL)
loc_ogryn_upperbody_career_01_lvl_03_set_05_desc,++PERDITUM SANCTUS++
loc_ogryn_upperbody_career_01_lvl_04_set_01,Найбільша й найкраща броня здоровила (XXXXL)
loc_ogryn_upperbody_career_01_lvl_04_set_01_desc,Колекція гранат суто декоративна: їх випорожнили й набили аварійними пайками.
loc_ogryn_upperbody_career_01_lvl_04_set_02,Одяг головоріза
loc_ogryn_upperbody_career_01_lvl_04_set_02_desc,"Добра пара рукавиць необхідна, коли починаєш гамселити тих гниляків."
loc_ogryn_upperbody_career_01_lvl_04_set_03,Одяг хвалька (XXXXL)
loc_ogryn_upperbody_career_01_lvl_04_set_03_desc,Оґринський майка-костолам 4-го рангу. Морська кольорова схема.
loc_ogryn_upperbody_career_01_lvl_04_set_04,Одяг Колінолама (XXXXL)
loc_ogryn_upperbody_career_01_lvl_04_set_04_desc,"Оґрини по всьому Тертіуму, що працюють вишибалами, громилами чи вибивачами боргів, часто носять сорочки, які відкривають руки. Коли потенційні порушники бачать розміри цих м’язів, вони зазвичай вирішують заткнутись і заплатити."
loc_ogryn_upperbody_career_01_lvl_05_set_01,Гарнюща броня здоровила (XXXXL)
loc_ogryn_upperbody_career_01_lvl_05_set_01_desc,"«Вони тепер у броні? Нечесно.»
— Банро Відступник (покійний)"
loc_ogryn_upperbody_career_01_lvl_05_set_02,Найкрутіша броня здоровили (XXXXL)
loc_ogryn_upperbody_career_01_lvl_05_set_02_desc,++PERDITUM SANCTUS++
loc_ogryn_upperbody_career_01_lvl_05_set_03,Блискуча броня здоровила (XXXXL)
loc_ogryn_upperbody_career_01_lvl_05_set_03_desc,"Оґрини або зовсім не переймаються стилем, або просто не тямлять у ньому, проте їхні очі сяють від військової форми, зброї та спорядження."
loc_ogryn_upperbody_career_01_lvl_05_set_04,Бойова броня здоровила (XXXXL)
loc_ogryn_upperbody_career_01_lvl_05_set_04_desc,++PERDITUM SANCTUS++
loc_ogryn_upperbody_career_02_lvl_01_set_01,Спорядження Вантажника (XXXXL)
loc_ogryn_upperbody_career_02_lvl_01_set_01_desc,"Спеціальний хімспрей зводить кількість паразитів, що живуть на такому одязі, до мінімуму."
loc_ogryn_upperbody_career_02_lvl_01_set_02,Спорядження Гарматника (XXXXL)
loc_ogryn_upperbody_career_02_lvl_01_set_02_desc,"З огляду на всюдисущість паразитів на кшталт ямних крабів, ґрілійських червів і глотмух, краще мати прямий доступ до пахв, щоб можна було почухатися."
loc_ogryn_upperbody_career_02_lvl_01_set_03,Спорядження Штурмівника (XXXXL)
loc_ogryn_upperbody_career_02_lvl_01_set_03_desc,"Що простіша форма, то більша ймовірність, що Оґрин одягне її за призначенням. Хоча навіть це не гарантія."
loc_ogryn_upperbody_career_02_lvl_01_set_04,Спорядження Тяглача (XXXXL)
loc_ogryn_upperbody_career_02_lvl_01_set_04_desc,Оґринська майка 1-го рангу. Імперська морська кольорова схема.
loc_ogryn_upperbody_career_02_lvl_01_set_05,Спорядження Перевізника Гармат (XXXXL)
loc_ogryn_upperbody_career_02_lvl_01_set_05_desc,Оґринська майка 1-го рангу. Імперська морська кольорова схема.
loc_ogryn_upperbody_career_02_lvl_02_set_01,Найкраще спорядження Вантажника (XXXXL)
loc_ogryn_upperbody_career_02_lvl_02_set_01_desc,"Багато Оґринів радіють, коли чують, що їм видадуть майки, і впадають у смуток, отримавши безрукавку замість якогось броньового навісу."
loc_ogryn_upperbody_career_02_lvl_02_set_02,Найкраще спорядження Гарматника (XXXXL)
loc_ogryn_upperbody_career_02_lvl_02_set_02_desc,"У твоєму попередньому загоні ти був відданим товаришам і прийняв би лазпостріл за них, але щойно згадав, що не можеш пригадати їхніх імен. З іншого боку, ти відданий своїм теперішнім товаришам… але їхніх імен ти теж не знаєш. Неважливо. Досить думок на сьогодні…"
loc_ogryn_upperbody_career_02_lvl_02_set_03,Найкраще спорядження Штурмівника (XXXXL)
loc_ogryn_upperbody_career_02_lvl_02_set_03_desc,Оґринська майка 2-го рангу. Морська кольорова схема.
loc_ogryn_upperbody_career_02_lvl_02_set_04,Найкраще спорядження Тяглача (XXXXL)
loc_ogryn_upperbody_career_02_lvl_02_set_04_desc,Не став запитань і пам’ятай: благословенні нехай будуть неукам.
loc_ogryn_upperbody_career_02_lvl_02_set_05,Найкраще спорядження Перевізника Гармат (XXXXL)
loc_ogryn_upperbody_career_02_lvl_02_set_05_desc,Оґринська майка 2-го рангу. Морська кольорова схема.
loc_ogryn_upperbody_career_02_lvl_03_set_01,Найкраща броня Вантажника (XXXXL)
loc_ogryn_upperbody_career_02_lvl_03_set_01_desc,"Оґрини чудово тягнуть додаткові набої, але геть нікудишні в тому, щоб пам’ятати про них, а ще гірше — можуть спробувати видерти патрони, аби з’їсти як перекуску."
loc_ogryn_upperbody_career_02_lvl_03_set_02,Найкраща броня Гарматника (XXXXL)
loc_ogryn_upperbody_career_02_lvl_03_set_02_desc,Оґринська майка 3-го рангу. Снігова кольорова схема.
loc_ogryn_upperbody_career_02_lvl_03_set_03,Бойова майка-форма Штурмівника та наплічний обладунок (XXXXL)
loc_ogryn_upperbody_career_02_lvl_03_set_03_desc,"Пам’ятаєш, як ти кликав про більше набоїв, цілком забувши, що носив тоді обвіску, повну набоїв?"
loc_ogryn_upperbody_career_02_lvl_03_set_04,Найкраща броня Тяглача (XXXXL)
loc_ogryn_upperbody_career_02_lvl_03_set_04_desc,"Якби за тілесний запах давали медалі, ти був би найнагородженішим солдАтом у кімнаті."
loc_ogryn_upperbody_career_02_lvl_03_set_05,Найліпша броня «Гарматаря» (XXXXL)
loc_ogryn_upperbody_career_02_lvl_03_set_05_desc,Оґринська майка 3-го рангу. Міська кольорова схема.
loc_ogryn_upperbody_career_02_lvl_04_set_01,Найбільша й Найліпша броня «Тягаря» (XXXXL)
loc_ogryn_upperbody_career_02_lvl_04_set_01_desc,"Блискучі наплічники — ідеальне місце, щоб начепити ремені й бандольєри."
loc_ogryn_upperbody_career_02_lvl_04_set_02,Найбільша й найкраща броня Гарматника (XXXXL)
loc_ogryn_upperbody_career_02_lvl_04_set_02_desc,"Оґрини не тямлять у політиці, але залюбки стають на чийсь бік, якщо про це попросить шанований ватажок. Під час громадянської війни М36 на Атомі Прайм Оґрини билися по обидва боки суперечки Марґрейвів і Баркеттів, і наслідки цього протистояння досі відчуваються по всьому Тертіуму."
loc_ogryn_upperbody_career_02_lvl_04_set_03,Найбільша й найліпша броня «Пробивача» (XXXXL)
loc_ogryn_upperbody_career_02_lvl_04_set_03_desc,Оґринська майка 4-го рангу. Морська кольорова схема.
loc_ogryn_upperbody_career_02_lvl_04_set_04,Найбільша й найкраща броня Тяглача (XXXXL)
loc_ogryn_upperbody_career_02_lvl_04_set_04_desc,"Один із худеньких — той, що носив тренчкот — спитав, чи не мерзнуть у тебе голі руки. Сподіваємось, тобі довго не доведеться знову вислуховувати щось подібно безглузде."
loc_ogryn_upperbody_career_02_lvl_05_set_01,«Красивенна» броня «Тягаря» (XXXXL)
loc_ogryn_upperbody_career_02_lvl_05_set_01_desc,"Щоб закрити бронею життєво важливі органи Оґрина, потрібно дуже багато металу."
loc_ogryn_upperbody_career_02_lvl_05_set_02,Красіва броня Гарматника (XXXXL)
loc_ogryn_upperbody_career_02_lvl_05_set_02_desc,"За таку гарну броню ти б когось убив. Власне, так і сталося."
loc_ogryn_upperbody_career_02_lvl_05_set_03,Красіва броня Вибивача (XXXXL)
loc_ogryn_upperbody_career_02_lvl_05_set_03_desc,"Людині було б важко рухатися в такій важкій пластинчастій броні, але Оґрин ледь помітить її — щонайбільше, поки не спробує почухатись під нею."
loc_ogryn_upperbody_career_02_lvl_05_set_04,«Красивенна» броня «Тягача гармат» (XXXXL)
loc_ogryn_upperbody_career_02_lvl_05_set_04_desc,Оґринське спорядження torso 5-го рангу. Кольорова схема Інквізиції.
loc_ogryn_upperbody_career_prisoner_01_lvl_01_var_01,Тюремний кожух (розмір здоровила)
loc_ogryn_upperbody_career_prisoner_01_lvl_01_var_01_desc,Ці гачки для пайків порожні. Це недобре. Абсолютно недобре.
loc_ogryn_upperbody_career_prisoner_01_lvl_02_var_01,Здоровильська тюремна сорочка (Виправна колонія Хардсфілд)
loc_ogryn_upperbody_career_prisoner_01_lvl_02_var_01_desc,"Виправна колонія Хардсфілд — сумнозвісна каторжна тюрма, де незліченних Оґринів загнали до смерті."
loc_ogryn_upperbody_career_prisoner_01_lvl_03_var_01,Уніформа 101-ї Моебіанської виправної колонії (розмір здоровила)
loc_ogryn_upperbody_career_prisoner_01_lvl_03_var_01_desc,"Що це ти їси? Може, краще й не знати…"
loc_ogryn_upperbody_career_prisoner_01_lvl_04_var_01,Тюремний одяг (Підвулична трудова бригада)
loc_ogryn_upperbody_career_prisoner_01_lvl_04_var_01_desc,"Важко відрізнити підвуличну каторжну бригаду від банд Вулика, доки не помітиш кайдани та ланцюги."
loc_ogryn_upperbody_career_prisoner_01_lvl_05_var_01,Каторжна уніформа (розмір здоровила)
loc_ogryn_upperbody_career_prisoner_01_lvl_05_var_01_desc,"Працюючи в підвуличчі, швидко вчишся хапати будь-яку шустру живність, яку встигнеш спіймати. Її можна пришпилити до свого одягу та з’їсти пізніше, коли буде зручно."
loc_ogryn_upperbody_d_set_01,"Важкий боєкомплект (Кадійський 802-й, XXXXL)"
loc_ogryn_upperbody_d_set_01_desc,"У цьому дизайні є щось від єретичної бойової машини, але ж це неможливо… чи не так?"
loc_ogryn_upperbody_d_set_02,"Важке бойове спорядження (110-й Моебіанський, сіра сталь XXXXL)"
loc_ogryn_upperbody_d_set_02_desc,"Оґрини — прості й віддані створіння. Вони надзвичайно пишаються тим, що носять символи Імперіуму, і ця броня, як із гордістю підтвердить її власник, має не один, а три Імперські Орли."
loc_ogryn_upperbody_d_set_04,Бронежилет з масивним захистом (камуфляж «Сонячний Згар»)
loc_ogryn_upperbody_d_set_04_desc,"Золотий череп на нагрудних пластинах дарували тим полкам, що штурмували укріплений фронт Локсбі під час Периферійних Війн. Лише небагато таких трофеїв збереглося."
loc_ogryn_upperbody_death_korps_of_krieg_01_var_01,Кріґівський шинель (XXXXL)
loc_ogryn_upperbody_death_korps_of_krieg_01_var_01_desc,Недоброзичливі квартирмейстери часом називають це «пра-пра-пра-шинелем».
loc_ogryn_upperbody_e_set_05,"Тренувальний польовий комплект (камуфляж «Карстова шкіра», XXXXL)"
loc_ogryn_upperbody_e_set_05_desc,"Багато Оґринів полюбляють шкіряні ремені та паски. Коли пайків бракує, вони можуть бути доволі смачними, хоч і трохи жувальними."
loc_ogryn_upperbody_f_set_01,"Розвідувальний боєкомплект (камуфляж «Чагарниковий», XXXXL)"
loc_ogryn_upperbody_f_set_01_desc,"Оґрини люблять хвалитися кількістю кишень і підсумків на своїх польових комплектах та спорядженні. Навіть якщо нічого там не носять, сам факт, що туди можна було б покласти додаткові припаси, — предмет гордості."
loc_ogryn_upperbody_f_set_03,"Розвідувальний польовий комплект (камуфляж «Безкраї», XXXXL)"
loc_ogryn_upperbody_f_set_03_desc,"Через їхню масивність і постійне прагнення в бій, замаскувати Оґрина — завдання не з легких."
loc_ogryn_upperbody_f_set_06,"Розвідувальне бойове спорядження (Морозна паморозь, XXXXL)"
loc_ogryn_upperbody_f_set_06_desc,"Стандартне розвідувальне спорядження, просто дуже, дуже велике."
loc_ogryn_upperbody_g_set_02,Шкіра Мисливця з Сумпу
loc_ogryn_upperbody_g_set_02_desc,"Оґринські наймані мисливці вважаються чудовою інвестицією, адже більшість із них можна найняти в обмін на добрий обід."
loc_ogryn_upperbody_g_set_03,Шкіряний комплект Найманця (підрівень 101)
loc_ogryn_upperbody_g_set_03_desc,"«Чо́го на цьо́му моє ім’я? Ну, кажуть же, що десь там є куля з твоїм ім’ям. А я подумав: якщо вона в мене, то влучити не може!»
— Болґ, гордо пояснюючи свій новий спосіб виживати на завданнях."
loc_ogryn_upperbody_g_set_05,Шкіра Короля Сумпу
loc_ogryn_upperbody_g_set_05_desc,Загін Примусу Тертіума недовго експериментував із залученням Оґринів у найбільш проблемні райони Вулика.
loc_ogryn_upperbody_h_set_01,"Розвідувальний боєкомплект (камуфляж «Чагарниковий», XXXXL)"
loc_ogryn_upperbody_h_set_01_desc,"«Розвідмісія Оґрина — це просто бій, який почався раніше.»
— Полковник Джамін Врасс"
loc_ogryn_upperbody_h_set_02,135-й Моебіанський розвідувальний (Чорна плита)
loc_ogryn_upperbody_h_set_02_desc,"Оґрини, що служать Імператору, тішаться своїми уніформами й носять символи Імперіуму з майже дитячою гордістю. Це не означає, що вони добре дбають про спорядження — просто їм воно подобається."
loc_ogryn_upperbody_i_set_01,Строгачний ремінний harness (розмір «масивний»)
loc_ogryn_upperbody_i_set_01_desc,За цими двома черепами стоїть історія. Авжеж стоїть…
loc_ogryn_upperbody_i_set_02,Велика броня Тілозахисника (XXXXL)
loc_ogryn_upperbody_i_set_02_desc,Питання лише одне: ці черепи — трофеї чи голови попередніх підопічних Оґрина?
loc_ogryn_upperbody_i_set_03,Церемоніальний одяг (XXXXL)
loc_ogryn_upperbody_i_set_03_desc,"Йорет дуже пишався писаннями, прикріпленими до його блискучих бронепластин. Учені, яких він підкупив, щоб написали їх, були так само задоволені, адже його величезний зріст дозволяв умістити значно довші катехізиси на смужках пергаменту."
loc_ogryn_upperbody_j_set_01,Важка пластина Громили (розмір здоровила XXXXL)
loc_ogryn_upperbody_j_set_01_desc,"Важкі бронепластини не є тягарем для створіння, такого сильного як Оґрин."
loc_ogryn_upperbody_j_set_04_desc_no_skull,"Оґрини легко піддаються запалу фанатичного культу, але розуміють небагато, окрім простих істин на кшталт «Імператор — Добрий» і «карати єретиків»."
loc_ogryn_upperbody_j_set_04_no_skull,Броня здоровила Маршала Сховищ (XXXXL)
loc_ogryn_upperbody_k_var_01,Броня Вуличного Бійця (XXXXL)
loc_ogryn_upperbody_k_var_01_desc,"Ніщо не каже «Небезпека!» так виразно, як сигнальні смуги. Додай до цього шипи — і ти найстрашніший Оґрин у всьому кубрику."
loc_ogryn_upperbody_k_var_03,Рубашка Робітника
loc_ogryn_upperbody_k_var_03_desc,"На Металфабі 97 різні зміни зазвичай носили однорідні кольори. Наглядачам так було легше визначати тих, хто відставав."
loc_ogryn_upperbody_l_var_03,Броня Кулакобійця (XXXXL)
loc_ogryn_upperbody_l_var_03_desc,"Розфарбована в камуфляж Попелястих Пусток та оснащена шарами загартованої сталевої пластини й кольчуги, ця броня поєднує ключовий захист із можливістю дихати. Оґрини сильно перегріваються і дратуються в розпал бою."
loc_ogryn_upperbody_o_set_01,Бойове спорядження Торґа
loc_ogryn_upperbody_o_set_01_desc,"Торґ і його загін упізнавані завдяки використанню характерної жовтої фарби на своєму спорядженні. Торґ був безмежно гордий із цього, аж поки не з’явилося Покарання."
loc_ogryn_upperbody_skull_edition,Бойове спорядження (Оперативник Смерті)
loc_ogryn_upperbody_skull_edition_desc,"Оперативники Смерті — це таємне коло в межах бойової групи Ґрендила, і ти не маєш допуску до цієї інформації.  "
loc_ogryn_upperbody_y_set_01,Важке бойове спорядження Мілітаруму (патерн Протектус IX) (XXXXL)
loc_ogryn_upperbody_y_set_01_desc,Навіть у цьому велетенському розмірі важко сплутати забарвлення й дизайн кадійської флак-броні.
loc_ogryn_upperbody_y_set_03,Найбільша й найкраща броня Ґурґа (XXXXL)
loc_ogryn_upperbody_y_set_03_desc,"Ґурґ любить азартні ігри, що видно з руни на його нагрудній пластині. Утім, грає він кепсько — про це свідчить загальний стан броні."
loc_ogryn_upperbody_y_var_04,Стигійський Флак-жилет Mk XX (XXXXL)
loc_ogryn_valhallan_headgear_a_var_02,"Каптур Пісеш і мисливська шапка (XXXXL, Камуфляж Пустки)"
loc_ogryn_valhallan_headgear_a_var_03,"Каптур Пісеш і мисливська шапка (XXXXL, Камуфляж Сонячний Опік)"
loc_ogryn_valhallan_headgear_a_var_04,"Каптур Пісеш і мисливська шапка (XXXXL, Крижана міць)"
loc_ogryn_welding_mask_a_01_emissive_var_01,Щит-губань Мк II
loc_ogryn_welding_mask_a_01_emissive_var_01_desc,"З-за товстої плити щита-губані Мк II ти можеш усміхатися у вічі ворожому вогню. Щоправда, обличчя приховане, тож ніхто не побачить цієї усмішки, але ж не в тому річ, чи не так?"
loc_ogryn_welding_mask_a_01_emissive_var_02,Зварювальна маска патерну Аґрес
loc_ogryn_welding_mask_a_01_emissive_var_02_desc,"Герб Омнісія на цій масці позначає її як священну реліквію. Для наглядачів Адептус Механікус вона значно цінніша, ніж Оґрин, що її носить."
loc_ogryn_welding_mask_a_var_01,Зварювальний щит Мк III (розмір здоровила)
loc_ogryn_welding_mask_a_var_01_desc,"Захисні лицеві щити такого типу жартома називають «потворо-сховами», як-от: «Опусти свій потворо-схов, я все одно бачу твоє обличчя»."
loc_ogryn_wh_fest_headgear_01,Статутний шолом Мілітаруму XXXXL (1-ша Кампанія Манкуніо)
loc_ogryn_wh_fest_headgear_01_desc,"Кампанія, де бій точився впритул і в центрі якої стояв сяйливий демон; спорядження небагатьох її вижилих стало справжніми реліквіями."
loc_plasmagun_p1_cs001,Плазмопушка (камуфляж «Темна тінь Круціс»)
loc_plasmagun_p1_cs001_desc,"Лісовий камуфляжний візерунок, що став відомим завдяки 100-му Круцийському полку «Охоронців Дзвіниці» під час давньої кампанії на Месселіні. Ті небагато ворогів, що пережили ті битви, здобули нову повагу до тіней.  "
loc_plasmagun_p1_cs002,Плазмопушка (камуфляж «Вогняні пустки»)
loc_plasmagun_p1_cs002_desc,"Колись поширений візерунок, який використовували полки Астра Мілітарум, що заслужили бойові відзнаки, винищуючи зрадників-космодесантників, відомих як «Чорні Розбійники». Лише небагато таких полків пережили десятиліття відтоді… немовби на них полював якийсь зовнішній ворог."
loc_plasmagun_p1_locname,Плазмопушка (камуфляж «Іній смерті»)
loc_plasmagun_p1_locname_desc,"Улюблений камуфляж полків Крижаних Воїнів Валхалли під час кампанії в затоці Масарі, відомої своєю величезною кількістю жертв і мізерними військовими здобутками. Призовники ставали ветеранами за одну ніч — що й на краще, адже мало хто доживав до другого світанку. Із п’яти світів, які Імперіум прагнув повернути у затоці Масарі, два залишилися обвугленими оболонками, а третій так і не виринув із варп-бурі, що його поглинула.  "
loc_plasmagun_p1_m001,Плазмопушка Р1
loc_plasmagun_p1_m001_desc,Skin
loc_plasmagun_p1_m002,Плазмопушка Р1
loc_plasmagun_p1_m002_desc,Skin
loc_plasmagun_p1_m003,Плазмопушка Р1
loc_plasmagun_p1_m003_desc,Skin
loc_plasmagun_p1_m1,Плазмопушка M35 Маґнакор Мк II
loc_plasmagun_p1_m1_desc,"Стріляючи зарядженою кулею водневої плазми уздовж лінійного електромагнітного прискорювача, плазмопушки смертельні, хоча й схильні до небезпечного перегріву."
loc_plasmagun_p1_ml01,Ковальська Ліврея Бранкс Мінор
loc_plasmagun_p1_ps001,Плазмопушка (камуфляж «Хімзона. Твань»)
loc_plasmagun_p1_ps001_desc,"Один із 91 камуфляжних візерунків, запропонованих квеситором Департаменту Муніторум Себастьяном Ксантезом у спробі стандартизувати кольори кампаній Астра Мілітарум. Трактат Ксанте́за вже 85 років перебуває «в обробці»."
loc_plasmagun_p1_ps002,Плазмопушка (камуфляж «Вогняний кіготь»)
loc_plasmagun_p1_ps002_desc,"Помічений на сотнях вулканічних світів — від Лахарі IX до Мезоа — камуфляж «Вогняний кіготь» став найбільш відомим завдяки Моебіанському 71-му полку під час кампанії «Діаболус», де запеклі бої серед потоків лави закріпили грізну репутацію полку."
loc_plasmagun_p1_ps003,Плазмопушка (камуфляж «Скверноскол»)
loc_plasmagun_p1_ps003_desc,"Цей візерунок імітує мінливі тіні безлічі ксенос-структур, що вкривають сірчані пустелі Саріуса III. Нещодавно взвод Моебіанського 120-го був відправлений на Саріус III для розслідування дивних ксенос-руїн. Після повернення всім, окрім найстарших офіцерів, стерли пам’ять…"
loc_plasmagun_p1_ps004,Плазмопушка (Крижана тундра)
loc_plasmagun_p1_ps004_desc,"Названий на честь Валгалльського 1212-го полку «Холоднокровних», цей камуфляж став стандартною уніформою для крижаних світів у Астра Мілітарум, застосовуваний у кампаніях від зірок Сомніум до туманності Істлайт. Чи наділяє він своїх носіїв легендарною витривалістю тих, чиє ім’я носить, — ще належить довести."
loc_plasmagun_p1_ps005,Плазмопушка (Сонячні пустки)
loc_plasmagun_p1_ps005_desc,"Первісно створений для розхваленої кампанії на світі смерті Рамантіус IV — планеті з трьома сонцями, де з радіаційно обпалених пісків виростали кришталеві ліси, а зубаті хижаки полювали на необережних солдатів уночі."
loc_plasmagun_p1_ps006,Ваконінська Зима
loc_plasmagun_p1_ps006_desc,"Найвідоміше застосування — у складі трифронтової бойової групи, що об’єднувала моебіанські, ноктанські та валгалльські полки; цей камуфляж став вирішальним чинником перемоги серед безкраїх колючолісів Вакона Альфа."
loc_plasmagun_p1_ps007,Плазмопушка (камуфляж «Тіні боліт»)
loc_plasmagun_p1_ps007_desc,"Створений як альтернативний камуфляж для Фенґвардів із туманних боліт Друк VI, цей візерунок став еталоном для бойових зон — від заболочених рівнин до дощових ліній окопів."
loc_plasmagun_p1_ps008,Плазмопушка Р1
loc_plasmagun_p1_ps008_desc,Skin
loc_plasmagun_p1_s001,Крижана тундра
loc_plasmagun_p1_s001_desc,"Названий на честь Валгалльського 1212-го полку «Холоднокровних», цей камуфляж став стандартною уніформою для крижаних світів у Астра Мілітарум, застосовуваний у кампаніях від зірок Сомніум до туманності Істлайт. Чи наділяє він своїх носіїв легендарною витривалістю тих, чиє ім’я носить, — ще належить довести."
loc_plasmagun_p1_um001_1545,Соболине Сонце
loc_plasmagun_p1_um001_1545_desc,"Зброя такого типу — одна з головних причин, чому 110-й надає перевагу світлореактивним візорам у своїх флак-шоломах."
loc_plasmagun_p1_us001_112,М35 Магнакор Мк III плазмопушка (камуфляж «Болотно-джунглевий»)
loc_plasmagun_p1_us001_112_desc,"Бранк мав лиху втіху спостерігати, як масивні дерева вибухали, щойно він випускав черговий заряд зі своєї плазмопушки. Пекучі блакитні болти розпалювали скажене оранжеве полум’я, вдаряючись у висохле на тріски дерево. Йому не слід було б перевантажувати зброю. Йому взагалі не слід було стріляти, але вони не бачили бою вже днями. Ну й що найгірше могло статися?"
loc_plasmagun_p1_us002_1538,Лють Маннгейма
loc_portrait_frame_bluebeards_revenge,Помста Синьобородого
loc_portrait_frame_bluebeards_revenge_desc,Убивати єретиків зі смаком.
loc_portrait_frame_default,Вигнанці піднімуться
loc_portrait_frame_default_desc,Битва за Атому починається.
loc_portrait_frame_developer_exclusive,Розробник
loc_portrait_frame_developer_exclusive_desc,"Ти приніс надто багато жертв заради кампанії Ґрендил. Більше, ніж коли-небудь дізнається більшість."
loc_portrait_frame_plasma_smugglers,Непереможний у стрілянині
loc_portrait_frame_plasma_smugglers_desc,"Зрадницький Шостий кинув все, що було, а ти пішов звідти живим. Пишайся цим, вигнанцю!"
loc_portrait_frame_poxwalker,Знищити Нечесних!
loc_portrait_frame_poxwalker_desc,"Ти зійшовся віч-на-віч із невимовними жахами та безмежною скверною, та все ж світло Імператора й далі сяє над тобою."
loc_portrait_frame_service_outage,Морібунд Механікус
loc_portrait_frame_service_outage_desc,Навіть діти Омнісія не безсмертні.
loc_power_bonus_scaled_on_heat,Витік енергії
loc_power_bonus_scaled_on_heat_desc,"Підвищує силу до {amount:%s}, залежно від рівня жару."
loc_powermaul_2h_p1_a101,Трощитель (камуфляж «Зневажливий Нокс»)
loc_powermaul_2h_p1_a101_desc,"Цю зброю рідко побачиш в арсеналі полку Астра Мілітарум, однак 6-й Моебіанський аж ніяк не був звичайним полком. Дехто з їхніх офіцерів виробив смак до ближнього бою під час скажених сутичок у Віддалених Війнах, забираючи ці знаряддя в супротивників і обертаючи їх проти самих власників — із величезним і жахливим результАтом."
loc_powermaul_2h_p1_cs001,Трощитель (камуфляж «Нічнотінь Круціс»)
loc_powermaul_2h_p1_cs001_desc,"Лісовий камуфляжний візерунок, що став відомим завдяки 100-му Круцийському полку «Охоронців Дзвіниці» під час давньої кампанії на Месселіні. Ті небагато ворогів, що пережили ті битви, здобули нову повагу до тіней.  "
loc_powermaul_2h_p1_cs002,Крушитель (камуфляж «Вогняні пустки»)
loc_powermaul_2h_p1_cs002_desc,"Колись поширений візерунок, який використовували полки Астра Мілітарум, що заслужили бойові відзнаки, винищуючи зрадників-космодесантників, відомих як «Чорні Розбійники». Лише небагато таких полків пережили десятиліття відтоді… немовби на них полював якийсь зовнішній ворог."
loc_powermaul_2h_p1_locname,Крушитель (камуфляж «Іній смерті»)
loc_powermaul_2h_p1_locname_desc,"Улюблений камуфляж полків Крижаних Воїнів Валхалли під час кампанії в затоці Масарі, відомої своєю величезною кількістю жертв і мізерними військовими здобутками. Призовники ставали ветеранами за одну ніч — що й на краще, адже мало хто доживав до другого світанку. Із п’яти світів, які Імперіум прагнув повернути у затоці Масарі, два залишилися обвугленими оболонками, а третій так і не виринув із варп-бурі, що його поглинула.  "
loc_powermaul_2h_p1_m001,Силовий буздиган 2h Р1
loc_powermaul_2h_p1_m001_desc,Skin
loc_powermaul_2h_p1_m002,Силовий буздиган 2h Р1
loc_powermaul_2h_p1_m002_desc,Skin
loc_powermaul_2h_p1_m003,Силовий буздиган 2h Р1
loc_powermaul_2h_p1_m003_851,Крушитель (Святинський Адамантин)
loc_powermaul_2h_p1_m003_851_desc,"""Коли світло віри мерехтить слабо, немов свічка в пітьмі, вороги людства виринають. Роздмухати вогонь своєї віри. Радіти в жертві. Знищити єретика праведним вогнем.""
- Якобія Лант, жрець Месселіни"
loc_powermaul_2h_p1_m003_desc,Skin
loc_powermaul_2h_p1_m1,Крушитель Indignatus Мк IVe
loc_powermaul_2h_p1_m1_desc,"«Шо краще за силовий буздиган, щоб вгатити єретику по черепу? Я скажу: Більший силовий буздиган!»
— Ґеррі «Брант» Чернік"
loc_powermaul_2h_p1_ml01,Ковальська Ліврея Бранкс Мінор
loc_powermaul_2h_p1_ps001,Крушитель (камуфляж «Хімзона. Твань»)
loc_powermaul_2h_p1_ps001_desc,"Один із 91 камуфляжних візерунків, запропонованих квеситором Департаменту Муніторум Себастьяном Ксантезом у спробі стандартизувати кольори кампаній Астра Мілітарум. Трактат Ксанте́за вже 85 років перебуває «в обробці»."
loc_powermaul_2h_p1_ps002,Крушитель (камуфляж «Вогняний кіготь»)
loc_powermaul_2h_p1_ps002_desc,"Помічений на сотнях вулканічних світів — від Лахарі IX до Мезоа — камуфляж «Вогняний кіготь» став найбільш відомим завдяки Моебіанському 71-му полку під час кампанії «Діаболус», де запеклі бої серед потоків лави закріпили грізну репутацію полку."
loc_powermaul_2h_p1_ps003,Крушитель (камуфляж «Скверноскол»)
loc_powermaul_2h_p1_ps003_desc,"Цей візерунок імітує мінливі тіні безлічі ксенос-структур, що вкривають сірчані пустелі Саріуса III. Нещодавно взвод Моебіанського 120-го був відправлений на Саріус III для розслідування дивних ксенос-руїн. Після повернення всім, окрім найстарших офіцерів, стерли пам’ять…"
loc_powermaul_2h_p1_ps004,Крушитель (Крижана тундра)
loc_powermaul_2h_p1_ps004_desc,"Названий на честь Валгалльського 1212-го полку «Холоднокровних», цей камуфляж став стандартною уніформою для крижаних світів у Астра Мілітарум, застосовуваний у кампаніях від зірок Сомніум до туманності Істлайт. Чи наділяє він своїх носіїв легендарною витривалістю тих, чиє ім’я носить, — ще належить довести."
loc_powermaul_2h_p1_ps005,Крушитель (Сонячні пустки)
loc_powermaul_2h_p1_ps005_desc,"Первісно створений для розхваленої кампанії на світі смерті Рамантіус IV — планеті з трьома сонцями, де з радіаційно обпалених пісків виростали кришталеві ліси, а зубаті хижаки полювали на необережних солдатів уночі."
loc_powermaul_2h_p1_ps006,Ваконінська Зима
loc_powermaul_2h_p1_ps006_desc,"Найвідоміше застосування — у складі трифронтової бойової групи, що об’єднувала моебіанські, ноктанські та валгалльські полки; цей камуфляж став вирішальним чинником перемоги серед безкраїх колючолісів Вакона Альфа."
loc_powermaul_2h_p1_ps007,Крушитель (камуфляж «Тіні боліт»)
loc_powermaul_2h_p1_ps007_desc,"Створений як альтернативний камуфляж для Фенґвардів із туманних боліт Друк VI, цей візерунок став еталоном для бойових зон — від заболочених рівнин до дощових ліній окопів."
loc_powermaul_2h_p1_ps008,Силовий буздиган 2h Р1
loc_powermaul_2h_p1_ps008_desc,Skin
loc_powermaul_2h_p1_s001,Камуфляж «Каср»
loc_powermaul_2h_p1_s001_821,Крушитель (Акилійський Круціарус)
loc_powermaul_2h_p1_s001_821_desc,Первісно цей відмінний візерунок носили Модераті Легіону Круциарус у битвах. Згодом його перейняли як парадні кольори високопоставлені офіцери Імперського Флоту та Астра Мілітарум по всій галактиці.
loc_powermaul_2h_p1_s001_desc,"Названий на честь великих фортець-міст Кадії, цей камуфляж є одним із кількох простих нейтральних візерунків, прийнятих славетними Касркінами. Популярність цього забарвлення забезпечена підтримкою таких елітних підрозділів."
loc_powermaul_2h_p1_us002_1521,Очищающий Силовий буздиган 
loc_powermaul_2h_p1_us002_1521_desc,"Коли йдеться про праведне покарання, ніщо не несе священної люті так, як Абсолверний силовий буздиган."
loc_powermaul_2h_p1_us002_1551,Силовий Буздиган Карателя
loc_powermaul_p1_cs001,Шоковий буздиган (камуфляж «Темна тінь Круціс»)
loc_powermaul_p1_cs001_desc,"Лісовий камуфляжний візерунок, що став відомим завдяки 100-му Круцийському полку «Охоронців Дзвіниці» під час давньої кампанії на Месселіні. Ті небагато ворогів, що пережили ті битви, здобули нову повагу до тіней.  "
loc_powermaul_p1_cs002,Шоковий буздиган (камуфляж «Вогняні пустки»)
loc_powermaul_p1_cs002_desc,"Колись поширений візерунок, який використовували полки Астра Мілітарум, що заслужили бойові відзнаки, винищуючи зрадників-космодесантників, відомих як «Чорні Розбійники». Лише небагато таких полків пережили десятиліття відтоді… немовби на них полював якийсь зовнішній ворог."
loc_powermaul_p1_locname,Шоковий буздиган (камуфляж «Іній смерті»)
loc_powermaul_p1_locname_desc,"Улюблений камуфляж полків Крижаних Воїнів Валхалли під час кампанії в затоці Масарі, відомої своєю величезною кількістю жертв і мізерними військовими здобутками. Призовники ставали ветеранами за одну ніч — що й на краще, адже мало хто доживав до другого світанку. Із п’яти світів, які Імперіум прагнув повернути у затоці Масарі, два залишилися обвугленими оболонками, а третій так і не виринув із варп-бурі, що його поглинула.  "
loc_powermaul_p1_m001,Силовий буздиган Р1
loc_powermaul_p1_m001_desc,Skin
loc_powermaul_p1_m002,Силовий буздиган Р1
loc_powermaul_p1_m002_desc,Skin
loc_powermaul_p1_m003,Силовий буздиган Р1
loc_powermaul_p1_m003_desc,Skin
loc_powermaul_p1_m1,Шоковий буздиган Аґні Мк Ia
loc_powermaul_p1_m1_desc,"Тріскотливе силове поле шокового буздигана завдає ворогу болісного, знепритомнювального удару, тимчасово роблячи його не становлюючим загрози."
loc_powermaul_p1_m2,Шоковий буздиган Індіґнатус Мк III
loc_powermaul_p1_m2_desc,Улюблений імпорт для загонів Енфорсерів у всьому секторі Моеба; фламбоване навершя індіґнатус-патерна та гучне силове поле творять суворий засіб стримування.
loc_powermaul_p1_ml01,Ковальська Ліврея Бранкс Мінор
loc_powermaul_p1_ps001,Шоковий буздиган (камуфляж «Хімболотний Осад»)
loc_powermaul_p1_ps001_desc,"Один із 91 камуфляжних візерунків, запропонованих квеситором Департаменту Муніторум Себастьяном Ксантезом у спробі стандартизувати кольори кампаній Астра Мілітарум. Трактат Ксанте́за вже 85 років перебуває «в обробці»."
loc_powermaul_p1_ps002,Шоковий буздиган (камуфляж «Вогняний кіготь»)
loc_powermaul_p1_ps002_desc,"Помічений на сотнях вулканічних світів — від Лахарі IX до Мезоа — камуфляж «Вогняний кіготь» став найбільш відомим завдяки Моебіанському 71-му полку під час кампанії «Діаболус», де запеклі бої серед потоків лави закріпили грізну репутацію полку."
loc_powermaul_p1_ps003,Шоковий буздиган (камуфляж «Скверноскол»)
loc_powermaul_p1_ps003_desc,"Цей візерунок імітує мінливі тіні безлічі ксенос-структур, що вкривають сірчані пустелі Саріуса III. Нещодавно взвод Моебіанського 120-го був відправлений на Саріус III для розслідування дивних ксенос-руїн. Після повернення всім, окрім найстарших офіцерів, стерли пам’ять…"
loc_powermaul_p1_ps004,Шоковий буздиган (Крижана тундра)
loc_powermaul_p1_ps004_desc,"Названий на честь Валгалльського 1212-го полку «Холоднокровних», цей камуфляж став стандартною уніформою для крижаних світів у Астра Мілітарум, застосовуваний у кампаніях від зірок Сомніум до туманності Істлайт. Чи наділяє він своїх носіїв легендарною витривалістю тих, чиє ім’я носить, — ще належить довести."
loc_powermaul_p1_ps005,Шоковий буздиган (Сонячні пустки)
loc_powermaul_p1_ps005_desc,"Первісно створений для розхваленої кампанії на світі смерті Рамантіус IV — планеті з трьома сонцями, де з радіаційно обпалених пісків виростали кришталеві ліси, а зубаті хижаки полювали на необережних солдатів уночі."
loc_powermaul_p1_ps006,Ваконінська Зима
loc_powermaul_p1_ps006_desc,"Найвідоміше застосування — у складі трифронтової бойової групи, що об’єднувала моебіанські, ноктанські та валгалльські полки; цей камуфляж став вирішальним чинником перемоги серед безкраїх колючолісів Вакона Альфа."
loc_powermaul_p1_ps007,Шоковий буздиган (камуфляж «Тіні боліт»)
loc_powermaul_p1_ps007_desc,"Створений як альтернативний камуфляж для Фенґвардів із туманних боліт Друк VI, цей візерунок став еталоном для бойових зон — від заболочених рівнин до дощових ліній окопів."
loc_powermaul_p1_ps008,Силовий буздиган Р1
loc_powermaul_p1_ps008_desc,Skin
loc_powermaul_p1_us001,Силовий буздиган Р1
loc_powermaul_p1_us001_1551,Жорстока справедливість
loc_powermaul_p1_us001_1551_desc,"Цю сторожову реліквію було повернуто зі Сторожової Станції HM4-a після нальоту культистів, унаслідок якого всі офіцери загинули. Відтоді її використовують, аби помститися за полеглих, караючи «Покарання» щоразу, коли воно з’являє свою огидну голову."
loc_powermaul_p1_us001_desc,Skin
loc_powermaul_p1_us002,Силовий буздиган Р1
loc_powermaul_p1_us002_1545,Переконувач
loc_powermaul_p1_us002_1557,Череполом Браскі
loc_powermaul_p1_us002_desc,Skin
loc_powermaul_p1_us003,Камуфляж «Каср»
loc_powermaul_p1_us003_855,Мехрайтська Чума
loc_powermaul_p1_us003_855_desc,"Цей камуфляж востаннє використовували серед задушливих іржавих дюн Меґіддіо Септими, де об’єднані сили Моебіанського 55-го та 6-го Піранського Драгунського полків билися з ельдарами за контроль над величезним сховищем археотехнологій."
loc_powermaul_p1_us003_950,Шоковий буздиган (камуфляж «Фаустова бойова риза»)
loc_powermaul_p1_us003_950_desc,"Уніформа певного типу, видана екіпажу бездоганно вбраного Розбійного Торгового судна Сарісси Фаустус. Багато таких речей потрапили до рук солдатів, піратів і банд через надзвичайно високий рівень смертності серед часто бунтівних екіпажів Сарісси.  "
loc_powermaul_p1_us003_desc,"Названий на честь великих фортець-міст Кадії, цей камуфляж є одним із кількох простих нейтральних візерунків, прийнятих славетними Касркінами. Популярність цього забарвлення забезпечена підтримкою таких елітних підрозділів."
loc_powermaul_p2_m1,Шоковий буздиган арбітра Бранкс Mк III
loc_powermaul_p2_m1_desc,"Просто вгатити по цілі цією загартованою пластальною палицею вже завдасть чималої шкоди. Активувавши оглушальний заряд — ти лише гарантуєш, що роботу буде завершено."
loc_powermaul_p2_ml01,Вирок
loc_powermaul_shield_p1_m1,Шоковий буздиган і щит пригнічення  
loc_powermaul_shield_p1_m2,Шоковий буздиган і щит пригнічення  
loc_powermaul_shield_p1_m2_desc,"Кастигатори Арбітес невпинно вигадують нові, дедалі болісніші способи видобування відомостей зі своїх цілей. Цей пізній зразок шокового буздигана — одна з таких «інновацій»."
loc_powermaul_shield_p1_ml01,Молот Закону
loc_powersword_2h_npc_p1_m1,DEV WIP
loc_powersword_2h_npc_p1_m1_desc,DEV WIP
loc_powersword_2h_p1_cs001,Силовий великий меч (камуфляж «Нічна паслінь Круциса»)
loc_powersword_2h_p1_cs002,Силовий великий меч (камуфляж «Вогняні пустки»)
loc_powersword_2h_p1_m1_desc,"Дворучний силовий меч: силовий великомеч має збільшену ємність заряду і більшу досяжність, роблячи його смертоносною, хоч і громіздкою, штурмовою зброєю."
loc_powersword_2h_p1_m2,"Великий силовий меч ""Люта бійня"""
loc_powersword_2h_p1_ml01,Ковальська Ліврея Бранкс Мінор
loc_powersword_2h_p1_us001_1545,Клинок полум'я
loc_powersword_p1_cs001,Силовий меч (камуфляж «Темна тінь Круціс»)
loc_powersword_p1_cs001_desc,"Лісовий камуфляжний візерунок, що став відомим завдяки 100-му Круцийському полку «Охоронців Дзвіниці» під час давньої кампанії на Месселіні. Ті небагато ворогів, що пережили ті битви, здобули нову повагу до тіней.  "
loc_powersword_p1_cs002,Силовий меч (камуфляж «Вогняні пустки»)
loc_powersword_p1_cs002_desc,"Колись поширений візерунок, який використовували полки Астра Мілітарум, що заслужили бойові відзнаки, винищуючи зрадників-космодесантників, відомих як «Чорні Розбійники». Лише небагато таких полків пережили десятиліття відтоді… немовби на них полював якийсь зовнішній ворог."
loc_powersword_p1_locname,Силовий меч (камуфляж «Іній смерті»)
loc_powersword_p1_locname_desc,"Улюблений камуфляж полків Крижаних Воїнів Валхалли під час кампанії в затоці Масарі, відомої своєю величезною кількістю жертв і мізерними військовими здобутками. Призовники ставали ветеранами за одну ніч — що й на краще, адже мало хто доживав до другого світанку. Із п’яти світів, які Імперіум прагнув повернути у затоці Масарі, два залишилися обвугленими оболонками, а третій так і не виринув із варп-бурі, що його поглинула.  "
loc_powersword_p1_m001,Силовий меч Р1
loc_powersword_p1_m001_desc,Skin
loc_powersword_p1_m002,Силовий меч Р1
loc_powersword_p1_m002_desc,Skin
loc_powersword_p1_m003,Силовий меч Р1
loc_powersword_p1_m003_desc,Skin
loc_powersword_p1_m1,Силовий меч Муніторум Мк III
loc_powersword_p1_m1_desc,"Коли його активовано, силовий меч огортає туманне енергетичне поле, дозволяючи клинку різати і броню, і плоть однаково легко."
loc_powersword_p1_m2,Силовий меч Муніторум Мк VI
loc_powersword_p1_m2_desc,"Силові мечі Муніторум видають старшим офіцерам Астра Мілітарум — і як знак посади, і як потужну зброю у ближньому бою."
loc_powersword_p1_ml01,Силовий меч P1
loc_powersword_p1_ps001,Силовий меч (камуфляж «Хімболотний Осад»)
loc_powersword_p1_ps001_desc,"Один із 91 камуфляжних візерунків, запропонованих квеситором Департаменту Муніторум Себастьяном Ксантезом у спробі стандартизувати кольори кампаній Астра Мілітарум. Трактат Ксанте́за вже 85 років перебуває «в обробці»."
loc_powersword_p1_ps002,Силовий меч (камуфляж «Вогняний кіготь»)
loc_powersword_p1_ps002_desc,"Помічений на сотнях вулканічних світів — від Лахарі IX до Мезоа — камуфляж «Вогняний кіготь» став найбільш відомим завдяки Моебіанському 71-му полку під час кампанії «Діаболус», де запеклі бої серед потоків лави закріпили грізну репутацію полку."
loc_powersword_p1_ps003,Силовий меч (камуфляж «Скверноскол»)
loc_powersword_p1_ps003_desc,"Цей візерунок імітує мінливі тіні безлічі ксенос-структур, що вкривають сірчані пустелі Саріуса III. Нещодавно взвод Моебіанського 120-го був відправлений на Саріус III для розслідування дивних ксенос-руїн. Після повернення всім, окрім найстарших офіцерів, стерли пам’ять…"
loc_powersword_p1_ps004,Силовий меч (Крижана тундра)
loc_powersword_p1_ps004_desc,"Названий на честь Валгалльського 1212-го полку «Холоднокровних», цей камуфляж став стандартною уніформою для крижаних світів у Астра Мілітарум, застосовуваний у кампаніях від зірок Сомніум до туманності Істлайт. Чи наділяє він своїх носіїв легендарною витривалістю тих, чиє ім’я носить, — ще належить довести."
loc_powersword_p1_ps005,Силовий меч (Сонячні пустки)
loc_powersword_p1_ps005_desc,"Первісно створений для розхваленої кампанії на світі смерті Рамантіус IV — планеті з трьома сонцями, де з радіаційно обпалених пісків виростали кришталеві ліси, а зубаті хижаки полювали на необережних солдатів уночі."
loc_powersword_p1_ps006,Ваконінська Зима
loc_powersword_p1_ps006_desc,"Найвідоміше застосування — у складі трифронтової бойової групи, що об’єднувала моебіанські, ноктанські та валгалльські полки; цей камуфляж став вирішальним чинником перемоги серед безкраїх колючолісів Вакона Альфа."
loc_powersword_p1_ps007,Силовий меч (камуфляж «Тіні боліт»)
loc_powersword_p1_ps007_desc,"Створений як альтернативний камуфляж для Фенґвардів із туманних боліт Друк VI, цей візерунок став еталоном для бойових зон — від заболочених рівнин до дощових ліній окопів."
loc_powersword_p1_ps008,Силовий меч Р1
loc_powersword_p1_ps008_desc,Skin
loc_powersword_p1_us001,Камуфляж «Каср»
loc_powersword_p1_us001_1459,Силовий меч (камуфляж «Обпалений Залізний Плащ»)
loc_powersword_p1_us001_1459_desc,"Вперше виданий у останні дні кампанії Резмар, цей впізнаваний візерунок було прийнято підкріпленнями з Бриндельвельду та Моебіанськими полками під час фінального наступу на Санспайр Секундус."
loc_powersword_p1_us001_185,Напівпосушливий тактичний
loc_powersword_p1_us001_185_desc,"Створений для ведення війни на величезних просторах спалених кам'янистих рівнин, сухих чагарників і рідколісся, цей камуфляжний узор надзвичайно універсальний, здобувши прихильність багатьох мудрих командирів — від командира Емвіра з 1-го Карлацького до Лорд-Мілітанта Баросса зі Стражі Моебіану."
loc_powersword_p1_us001_desc,"Названий на честь великих фортець-міст Кадії, цей камуфляж є одним із кількох простих нейтральних візерунків, прийнятих славетними Касркінами. Популярність цього забарвлення забезпечена підтримкою таких елітних підрозділів."
loc_powersword_p1_us002,Камуфляж «Каср»
loc_powersword_p1_us002_864,Силовий меч (камуфляж «Абсолюція Церулус»)
loc_powersword_p1_us002_864_desc,"""Ксенос, єретик і зрадник можуть забрати в тебе все. Та доки маєш віру в Бога-Імператора, ти володієш більшим, ніж ворог може коли-небудь мріяти.

— Векса́ра Тімана"""
loc_powersword_p1_us002_desc,"Названий на честь великих фортець-міст Кадії, цей камуфляж є одним із кількох простих нейтральних візерунків, прийнятих славетними Касркінами. Популярність цього забарвлення забезпечена підтримкою таких елітних підрозділів."
loc_powersword_p2_cs001,Силовий меч P2
loc_powersword_p2_cs002,Силовий меч P2
loc_powersword_p2_m1,Силовий Фальшион «Арідін» Mk I
loc_powersword_p2_m1_desc,"Вишукана зброя, гідна офіцера. Його важке лезо створене, щоб розтинати ворогів.  "
loc_powersword_p2_m2,Силовий фальшіон «Носій закону» Mk IIb 
loc_powersword_p2_ml01,Силовий меч Р2  
loc_preview_trinket,Прикраса для зброї
loc_preview_trinket_desc,++REDACTED++
loc_prisoner_lowerbody_a,Тюремний одяг (Втрачене віровчення)
loc_prisoner_lowerbody_a_desc,"Твої злочини відкладено, але не прощено … і не забуто."
loc_prisoner_lowerbody_b,Тюремний одяг (Занедбання обов’язку)
loc_prisoner_lowerbody_b_desc,"Твої злочини відкладено, але не прощено … і не забуто."
loc_prisoner_lowerbody_c,Тюремний одяг (Непокора)
loc_prisoner_lowerbody_c_desc,"Твої злочини відкладено, але не прощено … і не забуто."
loc_prisoner_lowerbody_d,Тюремний одяг (Заколот)
loc_prisoner_lowerbody_d_desc,"Твої злочини відкладено, але не прощено … і не забуто."
loc_prisoner_upperbody_a,Тюремний одяг (Втрачене віровчення)
loc_prisoner_upperbody_a_desc,"Твої злочини відкладено, але не прощено … і не забуто."
loc_prisoner_upperbody_b,Тюремний одяг (Занедбання обов’язку)
loc_prisoner_upperbody_b_desc,"Твої злочини відкладено, але не прощено … і не забуто."
loc_prisoner_upperbody_c,Тюремний одяг (Непокора)
loc_prisoner_upperbody_c_desc,"Твої злочини відкладено, але не прощено … і не забуто."
loc_prisoner_upperbody_d,Тюремний одяг (Заколот)
loc_prisoner_upperbody_d_desc,"Твої злочини відкладено, але не прощено … і не забуто."
loc_prisoner_upperbody_psyker_a,Тюремний одяг «Відьомські кайдани» (Втрачене віровчення)
loc_prisoner_upperbody_psyker_a_desc,"Твої злочини відкладено, але не прощено … і не забуто."
loc_prisoner_upperbody_psyker_b,Тюремний одяг «Відьомські кайдани» (Занедбання обов’язку)
loc_prisoner_upperbody_psyker_b_desc,"Твої злочини відкладено, але не прощено … і не забуто."
loc_prisoner_upperbody_psyker_c,Тюремний одяг «Відьомські кайдани» (Непокора)
loc_prisoner_upperbody_psyker_c_desc,"Твої злочини відкладено, але не прощено … і не забуто."
loc_prisoner_upperbody_psyker_d,Тюремний одяг «Відьомські кайдани» (Заколот)
loc_prisoner_upperbody_psyker_d_desc,"Твої злочини відкладено, але не прощено… і не забуто."
loc_prologue_shovel_human,Польова лопата Муніторуму
loc_prologue_shovel_human_desc,"Солдат, якому вручають саме цей інструмент, знає: він опинився на самому дні…"
loc_prologue_shovel_ogryn,Польова лопата Муніторуму
loc_prologue_shovel_ogryn_desc,"Оґрини великі. І їхні латринні лопати теж великі. А там, де копають Оґрини, людські солдати добре знають, що туди краще не потикатися."
loc_psyker_beta_headgear_01,Шолом Розвідувальної Роти Бета та Псайкана-Комір
loc_psyker_beta_headgear_01_desc,"Флак-шолом і Псайкана-Комір, Рота Бета."
loc_psyker_cable_mask_01_var_02,Ефірна Завіса (камуфляж «Тароська охра»)
loc_psyker_cable_mask_01_var_02_desc,"Фізичний зір може стати перешкодою для псайкерів, звичних до того, щоб зазирати крізь завісу Варпу в саму природу буття."
loc_psyker_career_01_lvl_01_set_01,Санкціонований псайкер Джонвір Стейн
loc_psyker_career_01_lvl_01_set_01_desc,"Відданий Імператору, Джонвір зізнається, що отримує певну втіху, коли психічно карає зрадників. Він знає, що вони заслуговують на весь біль, який він може їм завдати."
loc_psyker_career_01_lvl_02_set_01,Елаш Відкинутий
loc_psyker_career_01_lvl_02_set_01_desc,"Намагаючись осягнути біомантію, Елаш виявився непридатним. Уражений гордістю, він і далі носить у собі бунтівну жилку проти тих, хто не дає йому знання."
loc_psyker_career_01_lvl_03_headgear_set_01,Каптур Псайкана Обскурус Мк ІІІd
loc_psyker_career_01_lvl_03_headgear_set_01_desc,"Так чи інакше, одяг псайкера — це завжди про контроль: внутрішній або той, що його накладає наляканий Адміністратум."
loc_psyker_career_01_lvl_03_headgear_set_02,Псайкана-каптур патерну Ґодефруа
loc_psyker_career_01_lvl_03_headgear_set_02_desc,"Колись тебе називали «насуплений під каптуром», але після того як ти стер їм пам’ять, можливо, цього й не було?"
loc_psyker_career_01_lvl_03_headgear_set_03,Псайкана-каптур Круціс «Відьомояз»
loc_psyker_career_01_lvl_03_headgear_set_03_desc,"Усередині каптура — сигіли чистоти та обереги сили. Можливо, вони працюють, а можливо, це лише забобони. Як би там не було, досі ти залишаєшся незаплямованим розумом і духом."
loc_psyker_career_01_lvl_03_headgear_set_04,Псайкана-каптур Круціс «Домінус»
loc_psyker_career_01_lvl_03_headgear_set_04_desc,Цей каптур додає тобі таємничості та захищає від дощу й крапель зі трубопроводів.
loc_psyker_career_01_lvl_03_headgear_set_05,Псайкана-каптур Круціс «Стиджес»
loc_psyker_career_01_lvl_03_headgear_set_05_desc,"Від того, хто бачить усе, не сховатися."
loc_psyker_career_01_lvl_03_set_01,Об’єкт 010/980/Псай
loc_psyker_career_01_lvl_03_set_01_desc,"Вона могла б бути санкціонована як примаріс-псайкер, якби не одна-єдина мить втрати концентрації. Тепер вона мусить довести свою придатність — або буде віддана на стіл Імператорові."
loc_psyker_career_01_lvl_04_headgear_set_01,Псайкана-каптур Круціс «Стиджес»
loc_psyker_career_01_lvl_04_headgear_set_01_desc,Роль і ранг санкціонованого псайкера в Сколастія Псайкана часто закодовують у його чи її уніформі.
loc_psyker_career_01_lvl_04_headgear_set_02,Псайкана-каптур патерну Ліберіс
loc_psyker_career_01_lvl_04_headgear_set_02_desc,"На тебе всі витріщаються, і часом каптур допомагає. Часом."
loc_psyker_career_01_lvl_04_headgear_set_03,Круцис Промеус-патерн «Тіньзавіса»
loc_psyker_career_01_lvl_04_headgear_set_03_desc,"Маска й каптур не сховають тебе від того, що чатує за завісою. Воля твоя має бути adamant!"
loc_psyker_career_01_lvl_04_headgear_set_04,Покрив-«Тіньзавіса» Круцис Сепультурум
loc_psyker_career_01_lvl_04_headgear_set_04_desc,Під маскою й каптуром ти почуваєшся захищенішим від осуду та страху своїх товаришів.
loc_psyker_career_01_lvl_04_headgear_set_05,psyker_career_01_lvl_04_headgear_set_05
loc_psyker_career_01_lvl_04_headgear_set_05_desc,Каптур псайкера-біоманта з маскою. Частина косметичного комплекту 4-го рангу. Кольорова схема Інквізиції.
loc_psyker_career_01_lvl_04_set_01,Аґлар Проклята
loc_psyker_career_01_lvl_04_set_01_desc,"Ті, хто має видіння, відчувають ореол загибелі, що нависає над Аґлар, та навіть із цим тавром її відданість Імператору стоїть на першому місці."
loc_psyker_career_01_lvl_05_headgear_set_01,Каптур Псайкана Обскурус Мк ІІІg
loc_psyker_career_01_lvl_05_headgear_set_01_desc,"Окуляри оснащені тьмяним перемикачем, що дає змогу носієві миттєво відсікти всі чуттєві сигнали, окрім тих, що народжені Імматаріумом."
loc_psyker_career_01_lvl_05_headgear_set_02,Штучка «Фрект» зразка Псайкани — Тіньовий покров
loc_psyker_career_01_lvl_05_headgear_set_02_desc,"Як наголовник стримує лють сокола, доки не настане потреба, так і цей каптур із маскою затьмарює твою силу."
loc_psyker_career_01_lvl_05_headgear_set_03,"Тіньовий покров тактичний, виданий Конклавом"
loc_psyker_career_01_lvl_05_headgear_set_03_desc,Захищає від пилових бур реґіону Піщаного Годинника і може бодай частково витримати випробування висохлих земель.
loc_psyker_career_01_lvl_05_headgear_set_04,Тіньовий покров Псайкани зразка «Адрастія»
loc_psyker_career_01_lvl_05_headgear_set_04_desc,Окуляри тьмять осліпливу іскру твоєї ментальної сили.
loc_psyker_career_01_lvl_05_set_01,Санкціонована Псайкерка Мейлін Дароб
loc_psyker_career_01_lvl_05_set_01_desc,"Поки Мейлін не навчилася стримувати свої ментальні сили, вона бачила найтемніші думки кожного. Недивно, що й досі не довіряє людям..."
loc_psyker_career_02_lvl_01_set_01,Брінні Мізкоплаз
loc_psyker_career_02_lvl_01_set_01_desc,Зустріти Брінні — значить дозволити дослідити власний розум. Вона вічно цікавиться та нишпорить у пошуках таємниць. Ніколи не тішиться знайденим.
loc_psyker_career_02_lvl_02_set_01,Валла Думкоріз
loc_psyker_career_02_lvl_02_set_01_desc,"Проблема не в тому, що Валла здатна здерти плоть однією лише думкою. А в тому, що їй це до вподоби."
loc_psyker_career_02_lvl_03_headgear_set_01,Псайкана-егіда «Віссекс» Мк Ib
loc_psyker_career_02_lvl_03_headgear_set_01_desc,"Ніколи не припускай, що осліплений Псайкер не здатен тебе бачити."
loc_psyker_career_02_lvl_03_headgear_set_02,Псайкана-егіда «Сенсорус» Круціс
loc_psyker_career_02_lvl_03_headgear_set_02_desc,"Досі ледь тремтить після того, як увібрала енергії твого останнього кошмару..."
loc_psyker_career_02_lvl_03_headgear_set_03,Накладка покруча з псайконденсатором
loc_psyker_career_02_lvl_03_headgear_set_03_desc,Нашийник конденсатор покруча Мк ІІІ
loc_psyker_career_02_lvl_03_set_01,Субʼєкт 248/777/Псі
loc_psyker_career_02_lvl_03_set_01_desc,"Занадто могутній і надто непердбачуваний, щоб йому довіряти, та все ж достатньо корисний, аби вирушити на завдання. Санкція «Редактус» схвалена."
loc_psyker_career_02_lvl_04_headgear_set_01,Егіда псайкана Віссекс Мк ie
loc_psyker_career_02_lvl_04_headgear_set_01_desc,"Деякі Псайкери, пригнічені силою Імматеріуму, втрачають смертне чуття — воно поступово атрофується."
loc_psyker_career_02_lvl_04_headgear_set_02,Псайкана-егіда «Вердвайн» Круціс
loc_psyker_career_02_lvl_04_headgear_set_02_desc,Металева обручина допомагає стримувати силу твого розуму. Або… просто глушить шепоти?
loc_psyker_career_02_lvl_04_headgear_set_03,Верд-накидка відьомського покрову
loc_psyker_career_02_lvl_04_headgear_set_03_desc,Комір-інгібітор відьомського каптура
loc_psyker_career_02_lvl_04_headgear_set_04,Псайкана-егіда «Ґанцфельд» Круціс
loc_psyker_career_02_lvl_04_headgear_set_04_desc,Класова версія Псайкера-вердвайна з маскою. Частина косметичного комплекту четвертого рангу. Колірна схема Марса.
loc_psyker_career_02_lvl_04_headgear_set_05,psyker_career_02_lvl_04_headgear_set_05
loc_psyker_career_02_lvl_04_headgear_set_05_desc,Класова версія Псайкера з маскою. Частина косметичного комплекту четвертого рангу. Колірна схема Інквізиції.
loc_psyker_career_02_lvl_04_set_01,Санкціонований Псайкер Тарранс Фірд
loc_psyker_career_02_lvl_04_set_01_desc,"Недавній випускник Сколастики Псайкани, Фирд прагне довести свою вартість перед військовими побратимами. Та все ж він знає: його ніколи не приймуть і не довірятимуть."
loc_psyker_career_02_lvl_05_headgear_set_01,Егіда псайкана Віссекс Мк Ih
loc_psyker_career_02_lvl_05_headgear_set_01_desc,"«Хоч би якими потрібними ми були, нас усе одно зневажають… і цю відразу я колись поверну вдесятеро."
loc_psyker_career_02_lvl_05_headgear_set_02,Праймаріс Псайкер Йоско Натурн»
loc_psyker_career_02_lvl_05_headgear_set_02_desc,"Коли мусиш працювати з голотою, принаймні ця маска рятує від їхнього смороду. Переважно."
loc_psyker_career_02_lvl_05_headgear_set_03,Псайкана-егіда зразка «Ґельт»
loc_psyker_career_02_lvl_05_headgear_set_03_desc,Класова версія Псайкера-вердвайна з каптуром і маскою. Частина косметичного комплекту п’ятого рангу. Колірна схема чорна/помаранчева.
loc_psyker_career_02_lvl_05_headgear_set_04,Каптур егіди Ордо Єретікус
loc_psyker_career_02_lvl_05_headgear_set_04_desc,Щось ворушиться у Варпі — ти це відчуваєш.
loc_psyker_career_02_lvl_05_set_01,Праймаріс Псайкер Йоско Натурн
loc_psyker_career_02_lvl_05_set_01_desc,"Під час ритуалу санкції Йоско узрів світло Імператора й віддав себе цілковито його службі. Кожен його вчинок — спроба довести, що він гідний цієї честі."
loc_psyker_career_03_lvl_03_headgear_set_03,Псайкана-егіда зразка «Лок»
loc_psyker_career_03_lvl_03_headgear_set_03_desc,Як твій розум тріщить і шибарить від ледь стримуваної сили.
loc_psyker_career_03_lvl_03_headgear_set_04,Псайкана-егіда зразка «Веріс»
loc_psyker_career_03_lvl_03_headgear_set_04_desc,"З відьмацьким зором розуми твоїх товаришів — лише малі іскри у мороці, тоді як твоя власна сутність палає мов сонце."
loc_psyker_career_03_lvl_03_headgear_set_05,psyker_career_03_lvl_03_headgear_set_05
loc_psyker_career_03_lvl_03_headgear_set_05_desc,Класова версія покруч Псайкера. Частина косметичного комплекту третього рангу. Колірна схема Інквізиції.
loc_psyker_career_03_lvl_04_headgear_set_03,Псайкана-егіда зразка «Скарн»
loc_psyker_career_03_lvl_04_headgear_set_03_desc,Класова версія покруча Псайкера з маскою. Частина косметичного комплекту четвертого рангу. Колірна схема Інквізиції.
loc_psyker_career_prisoner_01_lvl_03_headgear_var_01,Гардушський личинний покров
loc_psyker_career_prisoner_01_lvl_03_headgear_var_01_desc,"Трохи додаткового захисту має велику вагу, особливо для обличчя й шиї."
loc_psyker_career_prisoner_01_lvl_04_headgear_var_01,Псай-завіса
loc_psyker_career_prisoner_01_lvl_04_headgear_var_01_desc,"Твій дар і твоє прокляття — бачити те, чого інші не можуть."
loc_psyker_career_prisoner_01_lvl_05_headgear_var_01,Відьмопокров
loc_psyker_career_prisoner_01_lvl_05_headgear_var_01_desc,"Такі псай-блайндери й лицева маска стають у пригоді, коли ментальні піротехніки починають спалахувати й тріскотіти."
loc_psyker_catachan_headgear_a_blindfold,psyker_catachan_headgear_a_blindfold
loc_psyker_catachan_headgear_a_blindfold_desc,Псайкерський катачанський пов’язочний наголовник.
loc_psyker_catachan_headgear_a_var_03,Псайкана-комір «Терранська Слава»
loc_psyker_catachan_headgear_a_var_04,Псайкана-комір «Обстинатус»
loc_psyker_catachan_headgear_a_var_05,Псайкана-комір Лісового бійця
loc_psyker_catachan_headgear_a_var_07,Шкіряний блайндер із коміром Псайкани
loc_psyker_catachan_headgear_a_var_07_desc,"«Не довіряй власним очам. Тепер ти маєш чуття, значно вищі за зір»."
loc_psyker_chem_dogs_headgear_a_collar,psyker_chem_dogs_headgear_a_collar
loc_psyker_chem_dogs_headgear_a_collar_desc,Комір Псайкера Савларських Хем-Догів.
loc_psyker_chem_dogs_headgear_a_mask,psyker_chem_dogs_headgear_a_mask
loc_psyker_chem_dogs_headgear_a_mask_desc,"Протигаз Псайкера Савларських Хем-Догів, варіант А."
loc_psyker_chem_dogs_headgear_a_var_01,Хімзахисний ребризер з коміром Псайкани
loc_psyker_chem_dogs_headgear_a_var_01_desc,Опромінені й просякнуті хем-отрутами пустки — звичне місце призначення для рядового вояка. Цей варіант доповнено потужним коміром Псайкани.
loc_psyker_chem_dogs_headgear_a_var_04,Респіратор від часток із коміром Псайкани (камуфляж «Тарос Тан»)
loc_psyker_chem_dogs_headgear_a_var_04_desc,"Тримай дихальні шляхи чистими — і зможеш зосередитись на важливішому. Наприклад, вижити."
loc_psyker_chem_dogs_headgear_a_var_05,Хімзахисний ребризер з коміром Псайкани (камуфляж «Карніліф»)
loc_psyker_chem_dogs_headgear_a_var_06,Хімзахисний ребризер з коміром Псайкани (камуфляж «Скароксайд»)
loc_psyker_chem_dogs_headgear_a_var_07,Хімзахисний ребризер з коміром Псайкани (камуфляж «Палаючий сірко»)
loc_psyker_christmas_headgear_01,Псі-шолом класу «Провідник»
loc_psyker_christmas_headgear_01_desc,"Підтриманий самим Імператором, твоя воля стане непорушною."
loc_psyker_coil_collar_headgear_01_var_06,Псайкана-комір Стигій Мк II з Бліндером (Ваді)
loc_psyker_coil_collar_headgear_01_var_07,Псайкана-комір Стигій Мк II з Бліндером (Крижана скорбота)
loc_psyker_coil_collar_headgear_01_var_08,Псайкана-комір Стигій Мк II з Бліндером (Палена сірка)
loc_psyker_death_korps_of_krieg_headgear_a_var_01,Кріґський протигаз із псайкерською адаптацією
loc_psyker_death_korps_of_krieg_headgear_a_var_01_desc,"Традиційний кріґський протигаз, змінений під комір Псайкани."
loc_psyker_death_korps_of_krieg_headgear_a_var_03,"Кріґська відьомська маска (88-й Кріґський, Кампанія Ворск)"
loc_psyker_death_korps_of_krieg_headgear_a_var_05,"Кріґська відьомська маска (333-й Кріґський, Окопні ветерани)"
loc_psyker_death_korps_of_krieg_headgear_a_var_06,"Кріґська відьомська маска (101-й Кріґський, Аванґард)"
loc_psyker_death_korps_of_krieg_lowerbody_01_var_01,Кріґський польовий комплект (простьобані наколінники)
loc_psyker_death_korps_of_krieg_lowerbody_01_var_01_desc,Стандартний варіант штанів із легким захистом колін і обмотками.
loc_psyker_elucidian_starstriders_headgear_01_var_05,Резонансний Ковпак Варпу (Камуфляж Крижаного Вулика)
loc_psyker_elucidian_starstriders_headgear_01_var_06,Резонансний Ковпак Варпу (Ferrus Darksun)
loc_psyker_elucidian_starstriders_headgear_01_var_07,Резонансний Ковпак Варпу (Wadi)
loc_psyker_elysian_drop_troops_lowerbody_a_var_04,Комбінезон Мк VI PT-38
loc_psyker_elysian_drop_troops_lowerbody_a_var_04_desc,"Хоч цей костюм має спеціальний термошар для захисту від субнульових температур, він, на жаль, не здатен стримати той іній, що вкриває твою шкіру, коли ти кличеш свої сили."
loc_psyker_elysian_drop_troops_upperbody_a_var_04,Комбінезон Мк VI PT-38
loc_psyker_elysian_drop_troops_upperbody_a_var_04_desc,"У бронепластини цього костюма вбудовано спеціальне синт-пластове кріплення для коміра Псайкани. Адепт Муниторуму запевняє, що зменшена вага ніяк не вплине на ефективність коміра. Сподіваймося, він має рацію."
loc_psyker_elysian_headgear_a_cable_tech_mask_01_var_01,Шолом Відьмодесантника (вторгнення на Горск IV)
loc_psyker_elysian_headgear_a_cable_tech_mask_01_var_02,Шолом Відьмодесантника (Облога Салламара)
loc_psyker_elysian_headgear_a_cable_tech_mask_01_var_03,Шолом Відьмодесантника (Битва за «Пристанище Зрадника»)
loc_psyker_elysian_headgear_a_var_01,Шолом тиску Провидця з коміром Псайкани
loc_psyker_elysian_headgear_a_var_01_desc,Цей модифікований шолом тиску виготовлено з інших матеріалів: він жертвує вагою заради безпеки та кращої чутливості до Варпу завдяки застосуванню рідкісних сплавів.
loc_psyker_enforcer_headgear_a_var_01,Каркас допиту Правдошукача
loc_psyker_enforcer_headgear_a_var_01_desc,"Правдошукач використовує свій зв’язок із Варпом, щоб вичищати злочинців від їхньої облуди, оголюючи чисту істину й часто залишаючи піддослідних придатними хіба що до життя сервітера."
loc_psyker_enforcer_lowerbody_b_var_01,Патрульний мундир Правдошукача
loc_psyker_enforcer_lowerbody_b_var_01_desc,"У бронепластинах немає великої потреби, коли більшість днів минає в камерах допиту."
loc_psyker_enforcer_upperbody_a_var_01,Парадний мундир Правдошукача
loc_psyker_enforcer_upperbody_a_var_01_desc,Довгі фалди цього мундира позначають вищий чин носія.
loc_psyker_enforcer_upperbody_a_var_02,Парадний однострій Скрютинізера (червоний)
loc_psyker_enforcer_upperbody_a_var_03,Парадний однострій Скрютинізера (синій)
loc_psyker_enforcer_upperbody_a_var_04,Парадний однострій Скрютинізера (білий)
loc_psyker_hive_scum_headgear_a_var_02,Захисне спорядження Безплідних Земель із коміром Псайкани
loc_psyker_hive_scum_headgear_a_var_02_desc,"Шари міцної тканини приховують складний респіратор, ідеальний для бою в шалених піщаних бурях та інших суворих умовах."
loc_psyker_hive_scum_headgear_a_var_05,Імпровізований респіратор із коміром Псайкани
loc_psyker_hive_scum_headgear_a_var_05_desc,"На плавильному цеху складно щось почути, особливо в масці, але Гарлон був певен, що чув, як Ґранус повторював щось про сім, перш ніж зник. Сім чого?"
loc_psyker_hive_scum_upperbody_a_var_02,Кобалоєвий верхній кожух
loc_psyker_hive_scum_upperbody_a_var_02_desc,"Цей плащ явно бачив кращі часи, але якість матеріалу та рештки прошиття свідчать, що колись його носили достойники з найвищих рівнів Вулику. Хто знає, як він опинився у тебе."
loc_psyker_hive_scum_upperbody_b_var_02,Військова броня Детіо
loc_psyker_hive_scum_upperbody_b_var_02_desc,"Сильно модифікований комплект важкої індустріальної броні, пофарбований у звичний для екіпажу жовтий. Детіо тепер переглядає колірну схему через піднесення «Покарання» та їхні впізнавані жовті шати."
loc_psyker_lowerbody_career_01_lvl_01_set_01,Одяг повідка Буревідьми
loc_psyker_lowerbody_career_01_lvl_01_set_01_desc,"Убогий убір, та більшість Псайкерів звикли й до гіршого."
loc_psyker_lowerbody_career_01_lvl_01_set_02,Одяг повідка Розумовідьми
loc_psyker_lowerbody_career_01_lvl_01_set_02_desc,++PERDITUM SANCTUS++
loc_psyker_lowerbody_career_01_lvl_01_set_03,Одяг повідка Провидьм
loc_psyker_lowerbody_career_01_lvl_01_set_03_desc,++PERDITUM SANCTUS++
loc_psyker_lowerbody_career_01_lvl_01_set_04,Одяг повідка Болювідьми
loc_psyker_lowerbody_career_01_lvl_01_set_04_desc,++PERDITUM SANCTUS++
loc_psyker_lowerbody_career_01_lvl_01_set_05,Одяг повідка Часовідьми
loc_psyker_lowerbody_career_01_lvl_01_set_05_desc,++PERDITUM SANCTUS++
loc_psyker_lowerbody_career_01_lvl_02_set_01,Покутний одяг Буревідьми
loc_psyker_lowerbody_career_01_lvl_02_set_01_desc,"У ліву кишеню вшито дрібну нікчемну монетку. Мабуть, талісман. Хай послужить тобі краще."
loc_psyker_lowerbody_career_01_lvl_02_set_02,Покутний одяг Розумовідьми
loc_psyker_lowerbody_career_01_lvl_02_set_02_desc,++PERDITUM SANCTUS++
loc_psyker_lowerbody_career_01_lvl_02_set_03,Покутний одяг Провидьм
loc_psyker_lowerbody_career_01_lvl_02_set_03_desc,++PERDITUM SANCTUS++
loc_psyker_lowerbody_career_01_lvl_02_set_04,Покутний одяг Болювідьми
loc_psyker_lowerbody_career_01_lvl_02_set_04_desc,++PERDITUM SANCTUS++
loc_psyker_lowerbody_career_01_lvl_02_set_05,Покутний одяг Часовідьми
loc_psyker_lowerbody_career_01_lvl_02_set_05_desc,++PERDITUM SANCTUS++
loc_psyker_lowerbody_career_01_lvl_03_set_01,Службовий одяг Буревідьми
loc_psyker_lowerbody_career_01_lvl_03_set_01_desc,"«Як хтось узагалі очікує, що ми битимемось у цій лахманині?
Праймаріс Псайкер Ераж Енос»"
loc_psyker_lowerbody_career_01_lvl_03_set_02,Службовий одяг Розумовідьми
loc_psyker_lowerbody_career_01_lvl_03_set_02_desc,++PERDITUM SANCTUS++
loc_psyker_lowerbody_career_01_lvl_03_set_03,Службовий одяг Провидьм
loc_psyker_lowerbody_career_01_lvl_03_set_03_desc,++PERDITUM SANCTUS++
loc_psyker_lowerbody_career_01_lvl_03_set_04,Службовий одяг Болювідьми
loc_psyker_lowerbody_career_01_lvl_03_set_04_desc,++PERDITUM SANCTUS++
loc_psyker_lowerbody_career_01_lvl_03_set_05,Службовий одяг Часовідьми
loc_psyker_lowerbody_career_01_lvl_03_set_05_desc,++PERDITUM SANCTUS++
loc_psyker_lowerbody_career_01_lvl_04_set_01,Обов’язковий одяг Буревідьми
loc_psyker_lowerbody_career_01_lvl_04_set_01_desc,"Око-череп — поширений і дещо сумнозвісний символ, пов’язаний із Псайкерами."
loc_psyker_lowerbody_career_01_lvl_04_set_02,Обов’язковий одяг Розумовідьми
loc_psyker_lowerbody_career_01_lvl_04_set_02_desc,"Твій сон був передбачливим видінням майбутнього чи просто підсвідомість кричала? Як би там не було, видіння було похмурим, тож готуйся."
loc_psyker_lowerbody_career_01_lvl_04_set_03,Обов’язковий одяг Провидьм
loc_psyker_lowerbody_career_01_lvl_04_set_03_desc,++PERDITUM SANCTUS++
loc_psyker_lowerbody_career_01_lvl_04_set_04,Обов’язковий одяг Болювідьми
loc_psyker_lowerbody_career_01_lvl_04_set_04_desc,"Ті, хто знає символ Адептус Астра Телепатика, бояться його побачити. І недарма."
loc_psyker_lowerbody_career_01_lvl_05_set_01,Спокутний одяг Буревідьми
loc_psyker_lowerbody_career_01_lvl_05_set_01_desc,"Стережись невідривного ока Псайкера. Ти його ніколи не побачиш, але воно завжди побачить тебе."
loc_psyker_lowerbody_career_01_lvl_05_set_02,Спокутний одяг Розумовідьми
loc_psyker_lowerbody_career_01_lvl_05_set_02_desc,"Ті, хто тебе дратує, часто раптом опиняються в хмарі огидного смороду. Це невелика здатність, яку ти зветься сенсорна проєкція, але вона корисна, коли потрібна дрібна помста."
loc_psyker_lowerbody_career_01_lvl_05_set_03,Спокутний одяг Провидьм
loc_psyker_lowerbody_career_01_lvl_05_set_03_desc,"Кажуть, ці химерні золоті пластини сягають часів більш показної влади Дому Баркетт на Атомі Прайм. Та яка різниця — головне, щоб сиділо."
loc_psyker_lowerbody_career_01_lvl_05_set_04,Спокутний одяг Болювідьми
loc_psyker_lowerbody_career_01_lvl_05_set_04_desc,++PERDITUM SANCTUS++
loc_psyker_lowerbody_career_02_lvl_01_set_01,Одяг повідка Кінетичної Відьми
loc_psyker_lowerbody_career_02_lvl_01_set_01_desc,Для тебе мати вбрання без дір чи кривавих плям — вже приємна зміна. Постарайся зберегти його таким.
loc_psyker_lowerbody_career_02_lvl_01_set_02,Одяг повідка Сліповідьми
loc_psyker_lowerbody_career_02_lvl_01_set_02_desc,Принаймні чоботи пасують.
loc_psyker_lowerbody_career_02_lvl_01_set_03,Одяг повідка Думководьми
loc_psyker_lowerbody_career_02_lvl_01_set_03_desc,++PERDITUM SANCTUS++
loc_psyker_lowerbody_career_02_lvl_01_set_04,Одяг повідка Емпатвідьми
loc_psyker_lowerbody_career_02_lvl_01_set_04_desc,++PERDITUM SANCTUS++
loc_psyker_lowerbody_career_02_lvl_01_set_05,Одяг повідка Дальходивідьми
loc_psyker_lowerbody_career_02_lvl_01_set_05_desc,"Якщо пильно придивитись до камуфляжу на штанях, можна розгледіти жахливі обличчя, що визирають з узору. Ти мало не спитав товаришів, чи вони теж їх бачать, але мудро передумав, бо будь-яка відповідь була б поганою."
loc_psyker_lowerbody_career_02_lvl_02_set_01,Покутний одяг Кінетичної Відьми
loc_psyker_lowerbody_career_02_lvl_02_set_01_desc,"Більшість факторіумів виробляють дешеві, недоладні матеріали, але ці чоботи й штани водночас міцні й водонепроникні."
loc_psyker_lowerbody_career_02_lvl_02_set_02,Покутний одяг Сліповідьми
loc_psyker_lowerbody_career_02_lvl_02_set_02_desc,Було цілком просто заглушити псайкерськими силами сморід товаришів — принаймні доки ти не вловив запаху того одного Оґрина…
loc_psyker_lowerbody_career_02_lvl_02_set_03,Покутний одяг Думководьми
loc_psyker_lowerbody_career_02_lvl_02_set_03_desc,++PERDITUM SANCTUS++
loc_psyker_lowerbody_career_02_lvl_02_set_04,Покутний одяг Емпатвідьми
loc_psyker_lowerbody_career_02_lvl_02_set_04_desc,"Перевага камуфляжу в тому, що ніхто й не здогадається, чи не сталося з тобою якогось «інциденту» зі штанами. Не те щоб таке з тобою траплялось. Принаймні нечасто."
loc_psyker_lowerbody_career_02_lvl_02_set_05,Покутний одяг Дальходивідьми
loc_psyker_lowerbody_career_02_lvl_02_set_05_desc,++PERDITUM SANCTUS++
loc_psyker_lowerbody_career_02_lvl_03_set_01,Службовий одяг Кінетичної Відьми
loc_psyker_lowerbody_career_02_lvl_03_set_01_desc,"Розум, що здатен розверзти небо й прикликати блискавку, не завжди спроможний на вдалий вибір убрання."
loc_psyker_lowerbody_career_02_lvl_03_set_02,Стандартні службові штани
loc_psyker_lowerbody_career_02_lvl_03_set_02_desc,"Обороняй свій розум, мов фортецю, але пам’ятай: небезпека приходить і ззовні, і зсередини."
loc_psyker_lowerbody_career_02_lvl_03_set_03,Службовий одяг Думководьми
loc_psyker_lowerbody_career_02_lvl_03_set_03_desc,"У дитинстві ти переймався своїм майбуттям. Тепер, дорослим, ти — відьма-засуджена, і розумієш: ніщо з того, чого ти боявся юним, навіть не наближалось до тієї жахливої правди, якою все обернулося."
loc_psyker_lowerbody_career_02_lvl_03_set_04,Службовий одяг Емпатвідьми
loc_psyker_lowerbody_career_02_lvl_03_set_04_desc,++PERDITUM SANCTUS++
loc_psyker_lowerbody_career_02_lvl_03_set_05,Службовий одяг Дальходивідьми
loc_psyker_lowerbody_career_02_lvl_03_set_05_desc,"Я вже не знаю, що гірше. Постійні голоси в голові чи те, як ці штани натирають!"
loc_psyker_lowerbody_career_02_lvl_04_set_01,Обов’язковий одяг Кінетичної Відьми
loc_psyker_lowerbody_career_02_lvl_04_set_01_desc,Додавання псай-заземленого каналу дає бодай якусь страховку від корупції Варпу.
loc_psyker_lowerbody_career_02_lvl_04_set_02,Обов’язковий одяг Сліповідьми
loc_psyker_lowerbody_career_02_lvl_04_set_02_desc,"Усі твої тренування були про бій псайкерськими силами, тож якщо існує навчання з користування бронею лише на одну ногу — ти його точно не проходив."
loc_psyker_lowerbody_career_02_lvl_04_set_03,Обов’язковий одяг Думководьми
loc_psyker_lowerbody_career_02_lvl_04_set_03_desc,"Зараз дехто з твоїх товаришів замислюється, чи вмієш ти читати думки. Ну, не Оґрин, звісно — в нього там суцільна порожнеча."
loc_psyker_lowerbody_career_02_lvl_04_set_04,Обов’язковий одяг Емпатвідьми
loc_psyker_lowerbody_career_02_lvl_04_set_04_desc,Класові псайкерські штани четвертого рангу з бронею й чоботами. Колірна схема Марса.
loc_psyker_lowerbody_career_02_lvl_05_set_01,Спокутний одяг Кінетичної Відьми
loc_psyker_lowerbody_career_02_lvl_05_set_01_desc,"Те, що здається суцільною смугою броні, насправді — кований метал, але його роль псай-заземленого провідника дарує значно більший спокій."
loc_psyker_lowerbody_career_02_lvl_05_set_02,Спокутний одяг Сліповідьми
loc_psyker_lowerbody_career_02_lvl_05_set_02_desc,"Часом щось пошепки промовляє з порожнечі. Спершу ти не міг розібрати слів, але щоразу вони стають дедалі виразнішими."
loc_psyker_lowerbody_career_02_lvl_05_set_03,Спокутний одяг Думководьми
loc_psyker_lowerbody_career_02_lvl_05_set_03_desc,Класові псайкерські штани п’ятого рангу з бронею й чоботами. Коричнева колірна схема.
loc_psyker_lowerbody_career_02_lvl_05_set_04,Спокутний одяг Емпатвідьми
loc_psyker_lowerbody_career_02_lvl_05_set_04_desc,++PERDITUM SANCTUS++
loc_psyker_lowerbody_career_prisoner_01_lvl_01,Тюремний мундир (Чорний Корабель «Пурґаторіус»)
loc_psyker_lowerbody_career_prisoner_01_lvl_01_desc,"Що б ти не думав про ці плями на штанях, правда значно, значно гірша."
loc_psyker_lowerbody_career_prisoner_01_lvl_02_var_01,Форма Зека (Смертозавод «Атомакс»)
loc_psyker_lowerbody_career_prisoner_01_lvl_02_var_01_desc,"Чистий збіг, що в’язні з різних блоків носять штани, подібні до тих, що на тобі. Принаймні ти саме так і кажеш…"
loc_psyker_lowerbody_career_prisoner_01_lvl_03_var_01,Тюремний мундир (Карцер Гель)
loc_psyker_lowerbody_career_prisoner_01_lvl_03_var_01_desc,"Ніщо не сховається від сили твого розуму, але й ти сам — теж."
loc_psyker_lowerbody_career_prisoner_01_lvl_04_var_01,Тюремний мундир (Карцер Чорнокорабельний)
loc_psyker_lowerbody_career_prisoner_01_lvl_04_var_01_desc,"Попри всі спроби тримати свій могутній розум вільним від буденних дрібниць, ти нічого не можеш вдіяти з думкою, що ці штани натирають до живого."
loc_psyker_lowerbody_career_prisoner_01_lvl_05_var_01,Карцерна форма (Пенітенціарна колонія Ґримгол)
loc_psyker_lowerbody_career_prisoner_01_lvl_05_var_01_desc,"Зношені й подерті, ці штани тримаються на латках. Чесно кажучи, не так уже й відрізняються від тебе самого."
loc_psyker_metal_cap_hood_01_var_03,Каптур Провидця Баккану (Ваді)
loc_psyker_metal_cap_hood_01_var_04,Каптур Провидця Баккану (Камуфляж Вогняні Пустки)
loc_psyker_metal_cap_hood_01_var_05,Каптур Провидця Баккану (Бойова Тінь Темнолісу)
loc_psyker_moebian_6th_headgear_01_var_01,Шолом приглушення Псі-соляція Мк III
loc_psyker_moebian_6th_headgear_01_var_04,Флак-шолом Aetus Мк II з модифікацією псай-покрову (53-й Моебіанський)
loc_psyker_moebian_6th_headgear_02_var_01,Комір Псайкани Adherency Мк IV — камуфляж «Ґлоамус»
loc_psyker_moebian_6th_headgear_02_var_01_desc,"Ліс Ґрунґдрак був настільки густим, що тривогу часто міг підняти лише Псайкер, адже навіть найкращі розвідники не розрізняли ворога, що рухався крізь щільні хащі."
loc_psyker_moebian_6th_headgear_03_var_01,Посилений псі-каптур Stygius III
loc_psyker_moebian_6th_headgear_03_var_01_desc,"Кажуть, після бою в Дайденській ущелині сморід спалених єретиків був настільки нестерпний, що навіть Оґрини втратили апетит. Принаймні на деякий час. У таких обставинах хем-захисні властивості посиленого псі-каптура Stygius III були справжнім порятунком."
loc_psyker_moebian_6th_lowerbody_a_var_01,Польовий мундир Псайкера Муниторуму (кістяний)
loc_psyker_moebian_6th_lowerbody_a_var_01_desc,"Твій санкціонований розум — грізна зброя, але ніколи не недооцінюй важливість добре підігнаних штанів і міцних водонепроникних чобіт."
loc_psyker_moebian_6th_lowerbody_b_var_04,Мілітарні уніформи (53-й Моебіанський)  
loc_psyker_moebian_6th_upperbody_a_var_01,Псайкана-бойовий гарнітур «Ґлоккус»
loc_psyker_moebian_6th_upperbody_a_var_01_desc,Псайкана-бойовий гарнітур «Ґлоккус» поєднує грізну нагрудну пластину з моебіанської сталі з подвійно модульованим коміром Псайкани.
loc_psyker_moebian_6th_upperbody_a_var_04,Туніка псайкани (53-й Моебіанський)  
loc_psyker_plugs_headgear_01_var_01,Відьомська корона Фабіан МкIII «Вентиль розуму»
loc_psyker_plugs_headgear_01_var_02,Відьомська корона Фабіан МкIV «Утихомирення»
loc_psyker_plugs_headgear_01_var_03,Відьомська корона Фабіан МкXX «Путник»
loc_psyker_rogue_trader_headgear_02_circlet_headgear_01_var_02,Аристократичний обруч із коміром Псайкани (Білий)
loc_psyker_rogue_trader_headgear_02_circlet_headgear_01_var_03,Аристократичний обруч із коміром Псайкани (Червоний)
loc_psyker_rogue_trader_headgear_02_circlet_headgear_01_var_04,Аристократичний обруч із коміром Псайкани (Фіолетовий)
loc_psyker_rogue_trader_headgear_02_var_01,Комір-руф Кортієра з псайкана-ланцюженням (фіолетовий)
loc_psyker_rogue_trader_headgear_02_var_02,Комір-руф Кортієра з псайкана-ланцюженням
loc_psyker_rogue_trader_headgear_02_var_02_desc,"Вишуканий аксесуар для будь-якого псайкерського супровідника. Хоч під час правління Лорда Маргрейва вони дещо вийшли з моди, їх усе ще можна часом побачити на верхніх шпилях Вулику."
loc_psyker_rogue_trader_headgear_02_var_03,Комір-руф Кортієра з псайкана-ланцюженням (червоний)
loc_psyker_rogue_trader_headgear_a_var_01,Торговий капелюх (білий)
loc_psyker_rogue_trader_headgear_a_var_02,Торговий капелюх
loc_psyker_rogue_trader_headgear_a_var_02_desc,Надає будь-якому вбранню дещицю пройдисвітського шарму.
loc_psyker_rogue_trader_headgear_a_var_03,Торговий капелюх (фіолетовий)
loc_psyker_rogue_trader_headgear_a_var_04,Капелюх торговця (Нічна тінь Коналда)
loc_psyker_rogue_trader_headgear_a_var_05,Капелюх торговця (Палаюча сірка)
loc_psyker_rogue_trader_headgear_a_var_06,Капелюх торговця (Hозкішний)
loc_psyker_savlar_chem_dogs_upperbody_a_var_01,Хімзахисний польовий комплект Савлару з коміром Псайкани
loc_psyker_savlar_chem_dogs_upperbody_a_var_01_desc,"Повний захист, зміцнені тканини та широкі бронепластини — цей комплект убереже від усього, що тільки може трапитися у воєнних зонах."
loc_psyker_shawl_headgear_01_var_04,Містичний плащ із коміром Псайкани (Багряний Онікс)
loc_psyker_shawl_headgear_01_var_05,Містичний плащ із коміром Псайкани (Чорна Шкіра)
loc_psyker_shawl_headgear_01_var_06,Містичний плащ із коміром Псайкани (Крижаний Жаль)
loc_psyker_skull_edition_headgear,Егіда Псайкани «Смерть»
loc_psyker_skull_edition_headgear_desc,"Оперативники Смерті — це таємне коло в межах бойової групи Ґрендила, і ти не маєш допуску до цієї інформації.  "
loc_psyker_skull_edition_lowerbody,Бойове спорядження (Оперативник Смерті)
loc_psyker_skull_edition_lowerbody_desc,"Оперативники Смерті  — це таємне коло в межах бойової групи Ґрендила, і ти не маєш допуску до цієї інформації.  "
loc_psyker_skull_edition_set,Оперативник Смерті (Псайкер)
loc_psyker_skull_edition_set_desc,"Оперативники Смерті — це таємне коло в межах бойової групи Ґрендила, і ти не маєш допуску до цієї інформації.  "
loc_psyker_skulls_headgear_01,Флак-шолом «Мементо Морі» з коміром Псайкани
loc_psyker_skulls_headgear_01_desc,"Ці агресивні шоломи прикрашені стилізованими купами черепів. Чи є вони знаком переможених ворогів, чи втрачених товаришів — хто ж скаже? А щодо червоного… краще не питати."
loc_psyker_steel_legion_headgear_a_var_01,Бойовий плащ зразка Ілліус із психанським коміром (Палаюча сірка)
loc_psyker_steel_legion_headgear_a_var_03,Бойовий плащ зразка Ілліус Ноктіс із коміром Псайкана (Токсичне очищення)
loc_psyker_steel_legion_headgear_a_var_05,Бойовий плащ зразка Ілліус Ноктіс із коміром Псайкана (Болотяна тінь)
loc_psyker_steel_legion_headgear_a_var_06,Бойовий плащ зразка Ілліус Ноктіс із коміром Псайкана (Розкішний)
loc_psyker_steel_legion_lowerbody_a_set_01,Польовий комплект токс-зони мілітаруму (Зразок Інфернус)
loc_psyker_steel_legion_upperbody_a_set_01,Стратегічна куртка токс-зони мілітаруму (Палаюча сірка)
loc_psyker_tallarn_desert_rider_upperbody_b_var_04,Панцир «Темнолат» 
loc_psyker_tallarn_desert_rider_upperbody_b_var_04_desc,"Глибока чорність камуфляжу «Темнолат», який використовують загони, що спеціалізуються на темряві, могла б видати їх — якби не допомагала так добре зливатися з тінями."
loc_psyker_tallarn_lowerbody_a_var_04,Розвідувальний польовий комплект «Темнолат»
loc_psyker_tallarn_lowerbody_a_var_04_desc,"Навіть захисні пластосталеві накладки притлумлено сажею, щоб зменшити шанс зрадницьких відблисків, що видадуть твою позицію."
loc_psyker_throwing_knives,Ніж Illissi Мк I «Збалансований»
loc_psyker_throwing_knives_desc,"Для багатьох, хто животіє на маргінесах імперського закону, прихована зброя на кшталт метальних ножів — вимушене зло, що дарує обвинуваченому кілька життєво важливих секунд на втечу."
loc_psyker_truskan_snowhound_lowerbody_a_set_02,Трусканська форма Мк I
loc_psyker_truskan_snowhound_upperbody_a_set_02,Великий плащ санкціоніта Трускана з флак-жилетом (Крижана міць)
loc_psyker_truskan_snowhounds_headgear_01_var_01,Флак-шолом для суворих умов із псайкана-коміром (Крижана міць)
loc_psyker_upperbody_career_01_lvl_01_set_01,Одяг повідка Буревідьми
loc_psyker_upperbody_career_01_lvl_01_set_01_desc,"Куди б вони не ступили, Псайкерів вирізняють, щоб кожен бачив небезпеку поруч."
loc_psyker_upperbody_career_01_lvl_01_set_02,Одяг повідка Розумовідьми
loc_psyker_upperbody_career_01_lvl_01_set_02_desc,++PERDITUM SANCTUS++
loc_psyker_upperbody_career_01_lvl_01_set_03,Одяг повідка Провидьм
loc_psyker_upperbody_career_01_lvl_01_set_03_desc,++PERDITUM SANCTUS++
loc_psyker_upperbody_career_01_lvl_01_set_04,Одяг повідка Болювідьми
loc_psyker_upperbody_career_01_lvl_01_set_04_desc,++PERDITUM SANCTUS++
loc_psyker_upperbody_career_01_lvl_01_set_05,Одяг повідка Часовідьми
loc_psyker_upperbody_career_01_lvl_01_set_05_desc,++PERDITUM SANCTUS++
loc_psyker_upperbody_career_01_lvl_02_set_01,Покутний одяг Буревідьми
loc_psyker_upperbody_career_01_lvl_02_set_01_desc,Служба на Чорних Кораблях робить Псайкерів найбільш відразливими в очах їхньої ж касти.
loc_psyker_upperbody_career_01_lvl_02_set_02,Покутний одяг Розумовідьми
loc_psyker_upperbody_career_01_lvl_02_set_02_desc,++PERDITUM SANCTUS++
loc_psyker_upperbody_career_01_lvl_02_set_03,Покутний одяг Провидьм
loc_psyker_upperbody_career_01_lvl_02_set_03_desc,++PERDITUM SANCTUS++
loc_psyker_upperbody_career_01_lvl_02_set_04,Покутний одяг Болювідьми
loc_psyker_upperbody_career_01_lvl_02_set_04_desc,++PERDITUM SANCTUS++
loc_psyker_upperbody_career_01_lvl_02_set_05,Покутний одяг Часовідьми
loc_psyker_upperbody_career_01_lvl_02_set_05_desc,++PERDITUM SANCTUS++
loc_psyker_upperbody_career_01_lvl_03_set_01,Службовий одяг Буревідьми
loc_psyker_upperbody_career_01_lvl_03_set_01_desc,"Псайкер може здобути прийняття, але довіру — ніколи."
loc_psyker_upperbody_career_01_lvl_03_set_02,Праймаріс Псайкер Ераж Енос»
loc_psyker_upperbody_career_01_lvl_03_set_02_desc,++PERDITUM SANCTUS++
loc_psyker_upperbody_career_01_lvl_03_set_03,Службовий одяг Розумовідьми
loc_psyker_upperbody_career_01_lvl_03_set_03_desc,++PERDITUM SANCTUS++
loc_psyker_upperbody_career_01_lvl_03_set_04,Службовий одяг Провидьм
loc_psyker_upperbody_career_01_lvl_03_set_04_desc,++PERDITUM SANCTUS++
loc_psyker_upperbody_career_01_lvl_03_set_05,Службовий одяг Болювідьми
loc_psyker_upperbody_career_01_lvl_03_set_05_desc,++PERDITUM SANCTUS++
loc_psyker_upperbody_career_01_lvl_04_set_01,Службовий одяг Часовідьми
loc_psyker_upperbody_career_01_lvl_04_set_01_desc,"«Я почуваюся зацькованою іграшкою, убраною в химерний костюм на забаву хазяїну. Колись… я покажу їм усім.
Праймаріс Псайкер Данус Таркер»"
loc_psyker_upperbody_career_01_lvl_04_set_02,Обов’язковий одяг Розумовідьми
loc_psyker_upperbody_career_01_lvl_04_set_02_desc,"У Тертіумі понад дев’яносто мільярдів душ, утислих у кожен куточок. Не дивно, що ти витрачав надмір сили волі, аби блокувати чужі думки. Так багато чужих…"
loc_psyker_upperbody_career_01_lvl_04_set_03,Обов’язковий одяг Провидьм
loc_psyker_upperbody_career_01_lvl_04_set_03_desc,Плащ Псайкера-біоманта четвертого рангу. Темно-синя колірна схема.
loc_psyker_upperbody_career_01_lvl_04_set_04,Обов’язковий одяг Болювідьми
loc_psyker_upperbody_career_01_lvl_04_set_04_desc,"Ти не пережив полювання на відьом, що спіймало тебе, і всіх подальших випробувань майстерності лише для того, щоб загинути на цій нікчемній планеті."
loc_psyker_upperbody_career_01_lvl_04_set_05,Обов’язковий одяг Часовідьми
loc_psyker_upperbody_career_01_lvl_04_set_05_desc,"Ти можеш уявляти себе тим, кому довіряють, але довіреним ти не є."
loc_psyker_upperbody_career_01_lvl_05_set_01,Спокутний одяг Буревідьми
loc_psyker_upperbody_career_01_lvl_05_set_01_desc,"Навіть найтовща броня не стримає шиплячих, шепотливих голосів."
loc_psyker_upperbody_career_01_lvl_05_set_02,Псі-провідна броня спокути Розумовідьми
loc_psyker_upperbody_career_01_lvl_05_set_02_desc,"Якби ж то укріпити розум було так само просто, як укріпити тіло."
loc_psyker_upperbody_career_01_lvl_05_set_03,Спокутний одяг Провидьм
loc_psyker_upperbody_career_01_lvl_05_set_03_desc,Пси-провідна відьомська броня (Мк IV)
loc_psyker_upperbody_career_01_lvl_05_set_04,Спокутний одяг Болювідьми
loc_psyker_upperbody_career_01_lvl_05_set_04_desc,Плащ Псайкера-біоманта п’ятого рангу. Колірна схема Інквізиції.
loc_psyker_upperbody_career_02_lvl_01_set_01,Одяг повідка Кінетичної Відьми
loc_psyker_upperbody_career_02_lvl_01_set_01_desc,"Офіцерський плащ у стилі Ґринділа із символом Сколастики Псайкани, який дозволено носити лише санкціонованому Псайкеру."
loc_psyker_upperbody_career_02_lvl_01_set_02,Одяг повідка Сліповідьми
loc_psyker_upperbody_career_02_lvl_01_set_02_desc,"У Тертіумі повно зіпсутих ворогів, але ти також мусиш стерегтися й тих, кого намагаєшся врятувати, адже для них відьмаки — лише страх і ненависть."
loc_psyker_upperbody_career_02_lvl_01_set_03,Одяг повідка Думководьми
loc_psyker_upperbody_career_02_lvl_01_set_03_desc,Плащ Псайкера першого рангу. Колірна схема Імперського флоту.
loc_psyker_upperbody_career_02_lvl_01_set_04,Одяг повідка Емпатвідьми
loc_psyker_upperbody_career_02_lvl_01_set_04_desc,Плащ Псайкера першого рангу. Колірна схема Імперського флоту.
loc_psyker_upperbody_career_02_lvl_01_set_05,Одяг повідка Дальходивідьми
loc_psyker_upperbody_career_02_lvl_01_set_05_desc,Твій псайкерський комір натирає — чи це голос у голові намагається послабити твої захисні бар’єри?
loc_psyker_upperbody_career_02_lvl_02_set_01,Покутний одяг Кінетичної Відьми
loc_psyker_upperbody_career_02_lvl_02_set_01_desc,"Маючи такий чудовий плащ у стилі Імперського флоту, постарайся не заляпати його кров’ю, коли вивільнятимеш сили Варпу проти ворога."
loc_psyker_upperbody_career_02_lvl_02_set_02,Покутний одяг Сліповідьми
loc_psyker_upperbody_career_02_lvl_02_set_02_desc,"У багатьох сенсах цей плащ такий самий, як і ти: темний і зношений по краях."
loc_psyker_upperbody_career_02_lvl_02_set_03,Покутний одяг Думководьми
loc_psyker_upperbody_career_02_lvl_02_set_03_desc,Плащ Псайкера другого рангу. Чорна колірна схема.
loc_psyker_upperbody_career_02_lvl_02_set_04,Покутний одяг Емпатвідьми
loc_psyker_upperbody_career_02_lvl_02_set_04_desc,"У цьому кітелі справжня тканина й матеріал, а не третьосортний синт-пласт, який факторіуми штампують якнайдешевше."
loc_psyker_upperbody_career_02_lvl_02_set_05,Покутний одяг Дальходивідьми
loc_psyker_upperbody_career_02_lvl_02_set_05_desc,Плащ Псайкера другого рангу. Чорна колірна схема.
loc_psyker_upperbody_career_02_lvl_03_set_01,Службовий одяг Кінетичної Відьми
loc_psyker_upperbody_career_02_lvl_03_set_01_desc,Відкрий свій розум — і покажи їм справжню силу.
loc_psyker_upperbody_career_02_lvl_03_set_02,Службовий одяг Сліповідьми
loc_psyker_upperbody_career_02_lvl_03_set_02_desc,"Можливо, це наслідок того, що ти бачив жахи, що причаїлися у Варпі, але тіло завжди ніби трохи мерзне. Принаймні ця куртка допомагає."
loc_psyker_upperbody_career_02_lvl_03_set_03,Службовий одяг Думководьми
loc_psyker_upperbody_career_02_lvl_03_set_03_desc,"Не потрібно читати думки, щоб знати: ти живий лише тому, що досі корисний справі. Принаймні наразі…"
loc_psyker_upperbody_career_02_lvl_03_set_04,Службовий одяг Емпатвідьми
loc_psyker_upperbody_career_02_lvl_03_set_04_desc,Плащ Псайкера третього рангу. Колірна схема Інквізиції.
loc_psyker_upperbody_career_02_lvl_03_set_05,Службовий одяг Дальходивідьми
loc_psyker_upperbody_career_02_lvl_03_set_05_desc,Плащ Псайкера третього рангу. Міська колірна схема.
loc_psyker_upperbody_career_02_lvl_04_set_01,Обов’язковий одяг Кінетичної Відьми
loc_psyker_upperbody_career_02_lvl_04_set_01_desc,У Домініон Моебія зелений пояс не дарують — його здобувають звитяжними вчинками.
loc_psyker_upperbody_career_02_lvl_04_set_02,Обов’язковий одяг Сліповідьми
loc_psyker_upperbody_career_02_lvl_04_set_02_desc,"Уміти вловлювати думки інших — суцільні тортури, коли довкола самі похмурі бузувіри, простачки й тупуваті вояки, що сліпо виконують накази."
loc_psyker_upperbody_career_02_lvl_04_set_03,Обов’язковий одяг Думководьми
loc_psyker_upperbody_career_02_lvl_04_set_03_desc,"Чутки ширяться про нові жахіття, що піднімаються з Підземель, і про чергові політичні інтриги сестри Лорда Моебія, Леді Марґрейв. Як би ти хотів знати всю правду."
loc_psyker_upperbody_career_02_lvl_04_set_04,Обов’язковий одяг Емпатвідьми
loc_psyker_upperbody_career_02_lvl_04_set_04_desc,Плащ Псайкера четвертого рангу. Колірна схема Марса.
loc_psyker_upperbody_career_02_lvl_05_set_01,Спокутний одяг Кінетичної Відьми
loc_psyker_upperbody_career_02_lvl_05_set_01_desc,"Ті, хто володіє відьмацьким зором, бачать, що регалії цього Псайкера й досі вкриті ефірною скверною з попередніх боїв."
loc_psyker_upperbody_career_02_lvl_05_set_02,Спокутний одяг Сліповідьми
loc_psyker_upperbody_career_02_lvl_05_set_02_desc,Усі слушно бояться тебе.
loc_psyker_upperbody_career_02_lvl_05_set_03,Спокутний одяг Думководьми
loc_psyker_upperbody_career_02_lvl_05_set_03_desc,Плащ Псайкера п’ятого рангу. Колірна схема оранжева/чорна.
loc_psyker_upperbody_career_02_lvl_05_set_04,Спокутний одяг Емпатвідьми
loc_psyker_upperbody_career_02_lvl_05_set_04_desc,Плащ Псайкера п’ятого рангу. Колірна схема Інквізиції.
loc_psyker_upperbody_career_prisoner_01_lvl_01_var_01,Ґудзівник Псі-в’язниці «Шінклі»
loc_psyker_upperbody_career_prisoner_01_lvl_01_var_01_desc,"Буває, що ти без потреби розстібаєш сорочку й знову застібаєш — просто щоб познущатися з Оґринів, яким для таких вправ потрібна допомога."
loc_psyker_upperbody_career_prisoner_01_lvl_02_var_01,Тюремний мундир Псайкера Ізо-блоку
loc_psyker_upperbody_career_prisoner_01_lvl_02_var_01_desc,"Невже все життя тебе оточуватимуть тюремні гультяї? Іноді здається, що так."
loc_psyker_upperbody_career_prisoner_01_lvl_03_var_01,Форма Зека (Псі-карцер Району 11)
loc_psyker_upperbody_career_prisoner_01_lvl_03_var_01_desc,"Зазвичай без рукавів ходять Оґрини та вояки Мілітаруму, але якщо маєш що показати — показуй…"
loc_psyker_upperbody_career_prisoner_01_lvl_04_var_01,Карцерна форма з псай-коміром (Відьомський блок)
loc_psyker_upperbody_career_prisoner_01_lvl_04_var_01_desc,"Теоретично капсули Душеспаса містять захисні сигіли, які треба розбити й використати у разі демонічної одержимості. Широко вважається, що їхній термін дії давно минув… або що вони ніколи й не були дієвими."
loc_psyker_upperbody_career_prisoner_01_lvl_05_var_01,Плащ і туніка Локсбері (В’язниця Локс)
loc_psyker_upperbody_career_prisoner_01_lvl_05_var_01_desc,Плащ був колись значно довший… справді.
loc_psyker_upperbody_death_korps_of_krieg_01_var_01,Кріґський плащ (із коміром Псайкани)
loc_psyker_upperbody_death_korps_of_krieg_01_var_01_desc,"Модифікований так, щоб здібності Псайкера можна було стримувати безпечно. Ну… безпечніше."
loc_psyker_upperbody_skull_edition,Бойове спорядження (Оперативник Смерті)
loc_psyker_upperbody_skull_edition_desc,"Оперативники Смерті — це таємне коло в межах бойової групи Ґрендила, і ти не маєш допуску до цієї інформації.  "
loc_psyker_wh_fest_headgear_01,Псайкана-егіда (1-ша Манкуніоанська кампанія)
loc_psyker_wh_fest_headgear_01_desc,"Кампанія, де бій точився впритул і в центрі якої стояв сяйливий демон; спорядження небагатьох її вижилих стало справжніми реліквіями."
loc_rebreather_01_b_pickup,Респіратор Agripinaa Мк V
loc_rebreather_01_b_pickup_desc,"Неможливо захиститись від усіх повітряних зараз, але нерозумно відмовлятись від цієї боротьби."
loc_rebreather_02_a_var_01,rebreather_02_a_var_01
loc_rebreather_02_a_var_01_desc,"Стандартний респіратор Бузувіра, варіант А. Колірна схема — зношений червоний оксидований метал."
loc_rebreather_02_b_var_01,rebreather_02_b_var_01
loc_rebreather_02_b_var_01_desc,"Стандартний респіратор Бузувіра, варіант B. Колірна схема — зношений червоний оксидований метал."
loc_rebreather_02_c_var_01,Хімзахисний респіратор із окулярами
loc_rebreather_02_c_var_01_desc,"Додатковий захист очей необхідний, коли пісок, що б’є в обличчя, ще й корозійний."
loc_rebreather_02_c_var_02,Коррозійний хем-фільтр
loc_rebreather_02_c_var_02_desc,"На вулицях Тертіуму доводиться обходитися тим, що знайдеш. Принаймні цей досі працює. Мабуть."
loc_rebreather_02_c_var_03,Коррозійний хем-фільтр (зелений)
loc_rebreather_02_c_var_04,Коррозійний хем-фільтр (латунний)
loc_rebreather_02_d_var_01,Хімзахисний респіратор (зношений пластосталь)
loc_rebreather_02_d_var_01_desc,"«Мені байдуже, якщо ти вважаєш, що через нього мій голос звучить смішно. Мені не подобається вигляд тієї зеленої імли — тож я його вдягаю».
Рядовий Ворелл, єдиний вцілілий після одного з нальотів Близнюків Карнака в Торенті."
loc_rebreather_02_d_var_02,Хімзахисний респіратор (полірована сталь)
loc_rebreather_02_d_var_02_desc,У цьому респіраторі комфорт пожертвувано заради захисту — і він служить довго.
loc_reduce_fixed_overheat_amount,Тепловідвід
loc_reduce_fixed_overheat_amount_desc,Вбивства у вразливі місця та критичні вбивства зменшують жар на {amount:%s} протягом {time:%s} секунд.
loc_rogue_trader_cable_collar_a_rebreather_02_a_var_01,Респіратор Деймос Мк VIa
loc_rogue_trader_cable_collar_a_rebreather_02_a_var_01_desc,"«Стільки ненависті до тих, хто відрізняється. Цього досить, аби замислитись, чи взагалі Імперіум гідний вижити.
Ґалдас Провидець (страчений за єресь)»"
loc_rogue_trader_cable_collar_a_rebreather_02_a_var_04,Респіратор Деймос Мк VId
loc_rogue_trader_cable_collar_a_rebreather_02_a_var_04_desc,"Стандартний респіратор зі звичним золотим забарвленням, яким славиться Братство."
loc_rogue_trader_leather_hood_w_goggles_a_var_04,Каптур Ґлоріана
loc_rogue_trader_leather_hood_w_goggles_a_var_04_desc,"Рідко трапляється знайти ризи Ґлоріана без позолоти — можливо, це ознака підвульєвого фальсифікату."
loc_rogue_trader_leather_hood_w_goggles_a_var_05,Каптур «Смиренник»
loc_rogue_trader_leather_hood_w_goggles_a_var_05_desc,"Став під сумнів мотиви й дії всіх, хто тебе оточує. Будь невпинно пильним до ознак єресі."
loc_rogue_trader_leather_hood_w_goggles_a_var_06,Каптур «Аспірант»
loc_rogue_trader_leather_hood_w_goggles_a_var_06_desc,"«Віра палає, мов інферно, у побожних!»
— Субкардинал Орлеанус"
loc_rogue_trader_lowerbody_a_var_03,Шкіряні штани Пройдисвіта (XXXXL)
loc_rogue_trader_lowerbody_a_var_03_desc,"Стильні, але практичні. Ці міцні шкіряні штани витримають будь-яке навантаження, яке може дати на них такий кремезний член екіпажу. Чоботи «Кавальєр» зі сталевими носаками додають твердого витонченого шарму."
loc_rogue_trader_navigator_helmet_a_var_02,Респіратор Праесміагорія Мк Ib
loc_rogue_trader_navigator_helmet_a_var_02_desc,"Коли маяк Астрономікана слабне, яка ж тоді надія в Людства?"
loc_rogue_trader_navigator_helmet_a_var_03,Респіратор Праесміагорія Мк Ic
loc_rogue_trader_navigator_helmet_a_var_03_desc,"Навігаторські Доми не люблять, коли їх називають «виродженими». Вони воліють термін «вибіркові»."
loc_rogue_trader_navigator_helmet_a_var_04,Респіратор Праесміагорія Мк Ie
loc_rogue_trader_navigator_helmet_a_var_04_desc,Не всі Навігатори можуть ходити серед звичайних людей без зайвих коментарів. У таких випадках величні маски роблять ситуацію комфортнішою для обох сторін.
loc_rogue_trader_navigator_helmet_a_var_06,Респіратор Праесміагорія Мк Ix
loc_rogue_trader_navigator_helmet_a_var_06_desc,"Віднайдений 87-м Розвідувальним батальйоном Моебія під час обстеження уламків аварійного флоту Адептус Механікус на Околиці Моебія, цей езотеричний шолом, за чутками, належав колись знаному Навігатору. Правда невідома, однак забруднені нутрощі свідчать про жахливий кінець…"
loc_rogue_trader_ogryn_bandana_mask_01_var_02,Ганчір'яча маска «Доблесть» (XXXXL)
loc_rogue_trader_ogryn_bandana_mask_01_var_02_desc,"«Немає нікого хоробрішого за мене. Вони бояться, що я їм поламаю руки. Я. Ха!
Ґорба Руколам»"
loc_rogue_trader_ogryn_bandana_mask_01_var_03,Ганчір'яча маска «Покута» (XXXXL)
loc_rogue_trader_ogryn_bandana_mask_01_var_03_desc,Поняття покути важко пояснити більшості Оґринів.
loc_rogue_trader_ogryn_bandana_mask_01_var_04,Ганчір'яча маска Ґлоріана (XXXXL)
loc_rogue_trader_ogryn_bandana_mask_01_var_04_desc,"У «Життєписі святої Месселіни» Каладока немає згадки про Оґринів. Можливо, штучно-вирощений штам тоді ще не був заведений у Доміні Моебія."
loc_rogue_trader_ogryn_hood_a_bandana_mask_01_var_02,Каптур «Доблесть» Піса́ш (XXXXL)
loc_rogue_trader_ogryn_hood_a_bandana_mask_01_var_02_desc,"Оґрини від природи хоробрі… або принаймні надто тупуваті, щоб повністю збагнути небезпеку."
loc_rogue_trader_ogryn_hood_a_bandana_mask_01_var_03,Каптур «Відступник» Піса́ш (XXXXL)
loc_rogue_trader_ogryn_hood_a_bandana_mask_01_var_03_desc,"«Я гарно виглядаю у фіолетовому, так?
Тоґ Невідомий»"
loc_rogue_trader_ogryn_hood_a_bandana_mask_01_var_04,Каптур Ґлоріана Піса́ш (XXXXL)
loc_rogue_trader_ogryn_hood_a_bandana_mask_01_var_04_desc,"Позолоту з цього каптура здерли давно… ймовірно, якийсь злидар, що сплутав її з чимось цінним."
loc_rogue_trader_ogryn_hood_a_bandana_mask_01_var_05,Каптур «Темнолат»
loc_rogue_trader_ogryn_hood_a_bandana_mask_01_var_05_desc,Багато темнолицарів закривають обличчя навіть під час відпочинку на «Морнінґстарі». Ніхто не знає чому. І ніхто не хоче питати.
loc_rogue_trader_ogryn_hood_a_bandana_mask_01_var_06,"Каптур Пісеш «Обов’язок» (XXXXL, Крижана міць)"
loc_rogue_trader_ogryn_hood_a_bandana_mask_01_var_07,"Каптур Пісеш «Обов’язок» (XXXXL, Ваді)"
loc_rogue_trader_ogryn_hood_a_bandana_mask_01_var_08,"Каптур Пісеш «Обов’язок» (XXXXL, Камуфляж Монтар)"
loc_rogue_trader_ogryn_hood_a_var_02,Стіч-маска «Доблесть» (XXXXL)
loc_rogue_trader_ogryn_hood_a_var_02_desc,Ймовірно зібраний докупи з колись значно урочистішого вбрання.
loc_rogue_trader_pointy_hat_w_goggles_a_var_01,Каптур наглядача «Обов’язок»
loc_rogue_trader_pointy_hat_w_goggles_a_var_01_desc,"Церемоніальний каптур того, хто виконує роль служника на Комариському Поминальному Бенкеті. Вкрай незручний у носінні."
loc_rogue_trader_pointy_hat_w_goggles_a_var_02,Каптур наглядача «Доблесть»
loc_rogue_trader_pointy_hat_w_goggles_a_var_02_desc,Свербить немилосердно. Може знадобитися фумігація.
loc_rogue_trader_pointy_hat_w_goggles_a_var_03,Каптур наглядача «Відступник»
loc_rogue_trader_pointy_hat_w_goggles_a_var_03_desc,"Окуляри не надто практичні, але краще так, ніж зовсім без них, коли здіймається вітер."
loc_rogue_trader_pointy_hat_w_goggles_a_var_04,Каптур наглядача Ґлоріана
loc_rogue_trader_pointy_hat_w_goggles_a_var_04_desc,"«Я не вдягатиму яскраво-червоного капелюха. Це пряме запрошення до халепи».
Рядовий Ґулан «Груба Сила» Марск"
loc_rogue_trader_pointy_hat_w_goggles_a_var_05,Каптур наглядача «Захисник»
loc_rogue_trader_pointy_hat_w_goggles_a_var_05_desc,Священний обов’язок кожного громадянина Імперіуму — боротися з єрессю в усіх її проявах.
loc_rogue_trader_pointy_hat_w_goggles_a_var_06,Каптур наглядача «Захисник» (Крижаний камуфляж вулика)
loc_rogue_trader_pointy_hat_w_goggles_a_var_07,Каптур наглядача «Захисник» (Жовта клітинка)
loc_rogue_trader_pointy_hat_w_goggles_a_var_08,Каптур наглядача «Захисник» (Розкішний чорний)
loc_rogue_trader_safety_goggles_a_var_01,Окуляри Ґілдарон Мк IV Noxlumen
loc_rogue_trader_safety_goggles_a_var_01_desc,"На жаль, будь-яка нічна оптика, яку ці окуляри колись мали, давно вийшла з ладу."
loc_ruff_collar_a_bionic_eye_var_01,Комір-руф Аристократа
loc_ruff_collar_a_bionic_eye_var_01_desc,"Екіпаж Роґ Трейдера часто складається з людей усіх станів. Цей вишуканий руф позначає носія як шляхетного народження. Або принаймні так він хотів би, щоб ти вважав."
loc_savlar_chem_dogs_01_b_var_01,Хімзахисний респіратор із коміром Псайкани (зношена шкіра)
loc_savlar_chem_dogs_01_b_var_01_desc,Опромінені й просякнуті хем-отрутами пустки — звичне місце призначення для рядового вояка. Цей варіант доповнено потужним коміром Псайкани.
loc_savlar_chem_dogs_01_b_var_04,Хімзахисний респіратор (синій)
loc_savlar_chem_dogs_01_b_var_04_desc,"Деякі офіцери Муниторуму клянуться, що ця маска дає 100% захист від летальних токсинів. Коли ж їх просять довести це твердження, вони вказують на те, що ніхто ніколи не повертався зі скаргою після збою маски. Як саме подати посмертну скаргу — питання, на яке вони воліють не відповідати."
loc_savlar_chem_dogs_01_b_var_05,Хімзахисний респіратор із коміром Псайкани (камуфляж «Айс Морн»)
loc_savlar_chem_dogs_01_b_var_05_desc,"Відправляють у опромінену, токсичну тундру? Тоді тобі потрібен такий."
loc_savlar_chem_dogs_01_b_var_06,Хімзахисний ребризер із психанським коміром (Палаюча сірка)
loc_savlar_chem_dogs_01_b_var_07,Хімзахисний ребризер із психанським коміром Клітинка)
loc_savlar_chem_dogs_01_b_var_08,Хімзахисний ребризер із психанським коміром Сонячний опік)
loc_savlar_chem_dogs_01_c_var_01,Потертий респіраторний гарнітур
loc_savlar_chem_dogs_01_c_var_01_desc,"Коли задушливі випари у Вулику трапляються все частіше, мати такий при собі — зовсім непогана ідея."
loc_savlar_chem_dogs_01_c_var_02,Хімзахисний респіратор без коміра Псайкани
loc_savlar_chem_dogs_01_c_var_02_desc,"Опромінені, просякнуті хем-отрутами пустки — звичне місце служби рядового вояка. Цей варіант іде без коміра Псайкани."
loc_savlar_chem_dogs_01_c_var_03,Ушитий шкіряний респіраторний гарнітур
loc_savlar_chem_dogs_01_c_var_03_desc,"Давня шкіра стала такою м’якою й потрісканою, що незбагненно зручна — вона сама облягає контури твого обличчя."
loc_savlar_chem_dogs_02_a_var_01,Відданий Хімзахисний респіратор
loc_savlar_chem_dogs_02_a_var_01_desc,"Обираючи придатний респіратор, важливо зважати й на те, як він вплине на виголошення твоїх проповідей. Твоїм побратимам постійно потрібні нагадування про славу Божественного Імператора."
loc_savlar_chem_dogs_02_a_var_04,Відданий Хімзахисний респіратор
loc_savlar_chem_dogs_02_a_var_04_desc,"Обираючи придатний респіратор, важливо зважати й на те, як він вплине на виголошення твоїх проповідей. Твоїм побратимам постійно потрібні нагадування про славу Божественного Імператора."
loc_savlar_chem_dogs_02_b_var_03,Респіратор зразка «Бранкс» (синій)
loc_savlar_chem_dogs_02_b_var_04,Респіратор зразка «Бранкс» (пісочний)
loc_savlar_chem_dogs_02_b_var_05,Респіратор зразка «Бранкс» (камуфляж «Карніліф»)
loc_savlar_chem_dogs_02_b_var_06,Ребризер зразка «Бранкс» (Ваді)
loc_savlar_chem_dogs_02_b_var_07,Ребризер зразка «Бранкс» (Чорна шкіра)
loc_savlar_chem_dogs_02_b_var_08,Ребризер зразка «Бранкс» (Камуфляж Багно Сумпу)
loc_savlar_chem_dogs_03_a_var_01,Хімзахисний респіратор із нітро-хем інгаляторами.
loc_savlar_chem_dogs_03_a_var_01desc,Опромінені й просякнуті хем-отрутами пустки — звичне місце служби рядового вояка. У таких умовах уміння дихати зазвичай є тактичною перевагою.
loc_savlar_chem_dogs_03_a_var_04,Хімзахисний респіратор (камуфляж «Арбореум»)
loc_savlar_chem_dogs_03_a_var_04_desc,"Повнолицевий респіратор у парі з банданою. Ідеальний для лісових операцій, де ймовірні токсини."
loc_savlar_chem_dogs_03_b_var_02,Хімзахисний респіратор (червоний)
loc_savlar_chem_dogs_03_b_var_02_desc,Яскравий колір вирізняє цей респіратор серед інших схожих моделей.
loc_savlar_chem_dogs_03_b_var_04,Хімзахисний респіратор (камуфляж «Кістяні піски»)
loc_savlar_chem_dogs_03_b_var_05,Хімзахисний респіратор (камуфляж «Сонячний опал»)
loc_savlar_chem_dogs_03_b_var_06,Хімзахисний респіратор (камуфляж «Сампмір»)
loc_saw_p1_m1,Кісткопилка хірурга Мк IV
loc_saw_p1_m1_desc,Зазвичай трапляється в руках досвідченого аптекаріона; це зазубрене лезо швидко впорається з кісткою чи сухожиллям.
loc_saw_p1_ml01,Ковальська Ліврея Бранкс Мінор
loc_saw_p1_ml01_desc,"«Нехай твоя зброя буде вбережена від несправності,
Як і твоя душа — від нечистоти.
Омнісій пильнує над тобою.
Вивільни зброю війни.
Вивільни Смертодавця.
— Спів для запобігання несправності»"
loc_scar_face_01,Дуельні шрами
loc_scar_face_01_desc,++REDACTED++
loc_scar_face_02,Дикий фгресор
loc_scar_face_02_desc,++REDACTED++
loc_scar_face_03,Котяча неприємність
loc_scar_face_03_desc,++REDACTED++
loc_scar_face_04,Необережність із Ґроксом
loc_scar_face_04_desc,++REDACTED++
loc_scar_face_05,Обірваний дріт
loc_scar_face_05_desc,++REDACTED++
loc_scar_face_06,Осічка зброї
loc_scar_face_06_desc,++REDACTED++
loc_scar_face_07,Вогняні спалахи
loc_scar_face_07_desc,++REDACTED++
loc_scar_face_08,Сутінковий горіння
loc_scar_face_08_desc,++REDACTED++
loc_scar_face_09,Кислотні бризки
loc_scar_face_09_desc,++REDACTED++
loc_scar_face_10,Не та пляшка
loc_scar_face_10_desc,++REDACTED++
loc_scar_face_11,Кулінарна пригода
loc_scar_face_11_desc,++REDACTED++
loc_scar_face_12,Випалити усмішку назавжди
loc_scar_face_12_desc,++REDACTED++
loc_scar_face_13,Витік кислоти
loc_scar_face_13_desc,++REDACTED++
loc_scar_face_14,Кислотні плями
loc_scar_face_14_desc,++REDACTED++
loc_scar_face_15,Гаряча пляма
loc_scar_face_15_desc,++REDACTED++
loc_scar_face_16,Гаряча труба
loc_scar_face_16_desc,++REDACTED++
loc_scar_face_17,Витік палива
loc_scar_face_17_desc,++REDACTED++
loc_scar_face_18,Вибух двигуна
loc_scar_face_18_desc,++REDACTED++
loc_scar_face_19,Опіки від ураження
loc_scar_face_19_desc,++REDACTED++
loc_scar_face_20,Кислотний спрей
loc_scar_face_20_desc,++REDACTED++
loc_scar_face_21,Розрив балона з прометієм
loc_scar_face_21_desc,++REDACTED++
loc_scar_face_22,Множинні напади
loc_scar_face_22_desc,++REDACTED++
loc_scar_face_23,Подарунки з нижнього вулика
loc_scar_face_23_desc,++REDACTED++
loc_scar_face_24,На волосок від смерті
loc_scar_face_24_desc,++REDACTED++
loc_scar_face_25,Глибокий поріз
loc_scar_face_25_desc,++REDACTED++
loc_scar_face_26,Бандитський шрам
loc_scar_face_26_desc,++REDACTED++
loc_scar_face_27,Бойові історії
loc_scar_face_27_desc,++REDACTED++
loc_scar_face_28,Жорстока дуель
loc_scar_face_28_desc,++REDACTED++
loc_scar_face_29,Імперіальний інцидент
loc_scar_face_29_desc,++REDACTED++
loc_scar_face_30,Несплачений борг
loc_scar_face_30_desc,++REDACTED++
loc_scar_face_31,П’явковий нещасний випадок
loc_scar_face_31_desc,++REDACTED++
loc_scar_face_32,++REDACTED++
loc_scar_face_32_desc,++REDACTED++
loc_scar_face_33,Кровопускання п’явками
loc_scar_face_33_desc,++REDACTED++
loc_scion_upperbody_a_set_01,scion_upperbody_a_set_01
loc_scion_upperbody_a_set_01_desc,Комплект броні Нащадка 1
loc_shotgun_p1_a101,Бойова дробовик (камуфляж «Нокс Непокірний»)
loc_shotgun_p1_cs001,Бойова дробовик (камуфляж «Тінь Круціса»)
loc_shotgun_p1_cs001_desc,"Лісовий камуфляжний візерунок, що став відомим завдяки 100-му Круцийському полку «Охоронців Дзвіниці» під час давньої кампанії на Месселіні. Ті небагато ворогів, що пережили ті битви, здобули нову повагу до тіней.  "
loc_shotgun_p1_cs002,Бойовий дробовик (камуфляж «Вогняні Пустки»)
loc_shotgun_p1_cs002_desc,"Колись поширений візерунок, який використовували полки Астра Мілітарум, що заслужили бойові відзнаки, винищуючи зрадників-космодесантників, відомих як «Чорні Розбійники». Лише небагато таких полків пережили десятиліття відтоді… немовби на них полював якийсь зовнішній ворог."
loc_shotgun_p1_locname,Бойовий дробовик (камуфляж «Іній Смерті»)
loc_shotgun_p1_locname_desc,"Улюблений камуфляж полків Крижаних Воїнів Валхалли під час кампанії в затоці Масарі, відомої своєю величезною кількістю жертв і мізерними військовими здобутками. Призовники ставали ветеранами за одну ніч — що й на краще, адже мало хто доживав до другого світанку. Із п’яти світів, які Імперіум прагнув повернути у затоці Масарі, два залишилися обвугленими оболонками, а третій так і не виринув із варп-бурі, що його поглинула.  "
loc_shotgun_p1_m001,Дробовик P1
loc_shotgun_p1_m001_desc,Skin
loc_shotgun_p1_m002,Дробовик P1
loc_shotgun_p1_m002_desc,Skin
loc_shotgun_p1_m003,Дробовик P1
loc_shotgun_p1_m003_desc,Skin
loc_shotgun_p1_m1,Бойовий дробовик «Носій закону» Мк VI
loc_shotgun_p1_m1_desc,"Основана на всюдисущій зброї, якою Адептус Арбітис користувалися протягом віків, ця напівавтоматична рушниця смертельно небезпечна на близькій дистанції."
loc_shotgun_p1_m2,Бойовий дробовик Аґріпінаа Мк VII
loc_shotgun_p1_m2_desc,Бойові дробовики ідеально пасують до боїв у тісних коридорах Вулику.
loc_shotgun_p1_m3,Бойовий дробовик Кантраель Мк IX
loc_shotgun_p1_m3_desc,У забитому вщерть тунелі Вулику ця зброя здатна завдати справді нищівної шкоди.
loc_shotgun_p1_ml01,Ковальська Ліврея Бранкс Мінор
loc_shotgun_p1_ps001,Бойовий дробовик (камуфляж «Хемзонський намул»)
loc_shotgun_p1_ps001_desc,"Один із 91 камуфляжних візерунків, запропонованих квеситором Департаменту Муніторум Себастьяном Ксантезом у спробі стандартизувати кольори кампаній Астра Мілітарум. Трактат Ксанте́за вже 85 років перебуває «в обробці»."
loc_shotgun_p1_ps002,Бойовий дробовик (камуфляж «Вогнянокіготь»)
loc_shotgun_p1_ps002_desc,"Помічений на сотнях вулканічних світів — від Лахарі IX до Мезоа — камуфляж «Вогняний кіготь» став найбільш відомим завдяки Моебіанському 71-му полку під час кампанії «Діаболус», де запеклі бої серед потоків лави закріпили грізну репутацію полку."
loc_shotgun_p1_ps003,Бойовий дробовик (камуфляж «Скарджсплінтер»)
loc_shotgun_p1_ps003_desc,"Цей візерунок імітує мінливі тіні безлічі ксенос-структур, що вкривають сірчані пустелі Саріуса III. Нещодавно взвод Моебіанського 120-го був відправлений на Саріус III для розслідування дивних ксенос-руїн. Після повернення всім, окрім найстарших офіцерів, стерли пам’ять…"
loc_shotgun_p1_ps004,Бойовий дробовик (камуфляж «Крижана тундра»)
loc_shotgun_p1_ps004_desc,"Названий на честь Валгалльського 1212-го полку «Холоднокровних», цей камуфляж став стандартною уніформою для крижаних світів у Астра Мілітарум, застосовуваний у кампаніях від зірок Сомніум до туманності Істлайт. Чи наділяє він своїх носіїв легендарною витривалістю тих, чиє ім’я носить, — ще належить довести."
loc_shotgun_p1_ps005,Бойовий дробовик (камуфляж «Сонячні пустки»)
loc_shotgun_p1_ps005_desc,"Первісно створений для розхваленої кампанії на світі смерті Рамантіус IV — планеті з трьома сонцями, де з радіаційно обпалених пісків виростали кришталеві ліси, а зубаті хижаки полювали на необережних солдатів уночі."
loc_shotgun_p1_ps006,Ваконінська Зима
loc_shotgun_p1_ps006_desc,"Найвідоміше застосування — у складі трифронтової бойової групи, що об’єднувала моебіанські, ноктанські та валгалльські полки; цей камуфляж став вирішальним чинником перемоги серед безкраїх колючолісів Вакона Альфа."
loc_shotgun_p1_ps007,Бойовий дробовик (камуфляж «Тіні боліт»)
loc_shotgun_p1_ps007_desc,"Створений як альтернативний камуфляж для Фенґвардів із туманних боліт Друк VI, цей візерунок став еталоном для бойових зон — від заболочених рівнин до дощових ліній окопів."
loc_shotgun_p1_ps008,Дробовик P1
loc_shotgun_p1_ps008_desc,Skin
loc_shotgun_p1_s001,Яґа Ініймороз
loc_shotgun_p1_s001_329,Бойовий дробовик (камуфляж «Сплінтер Смертосвіту»)
loc_shotgun_p1_s001_329_desc,"Цей камуфляж спершу полюбили кілька полків Катачанських бійців джунглів під час очищення Дезорд IV. Відтоді його прийняли й інші підрозділи Астра Мілітарум — переважно ті, що ведуть бої в субтропічних регіонах Світів Смерті."
loc_shotgun_p1_s001_desc,"Понад дванадцять полків було покинуто на крижаних пустках Яґи, коли їхній бойовий флот терміново скликали через усю галактику на Східну Оклицю. Шість років потому флот повернувся — і виявив, що майже чверть покинутих досі б’ються, всупереч усьому."
loc_shotgun_p1_um001_1545,Вибивач Дверей
loc_shotgun_p1_um001_1545_desc,"Брутальна зброя, створена для ближнього бою."
loc_shotgun_p1_us001,Дробовик P1
loc_shotgun_p1_us001_1551,Дробовик «Череп Голоду»
loc_shotgun_p1_us001_1551_desc,"Роззявлена кістяна паща, що випльовує вогонь і шрот, — останнє, що бачить чимало нещасних падальників, які опинилися по той бік закону."
loc_shotgun_p1_us001_desc,Skin
loc_shotgun_p1_us002,Дробовик P1
loc_shotgun_p1_us002_1538,Дробовик «Дек-Хенд»
loc_shotgun_p1_us002_1538_desc,"Вишукано орнаментована й підганялася під власника — ця зброя була для нього очевидною цінністю. Сподіваймося, ти протримаєшся з нею довше, ніж він."
loc_shotgun_p1_us002_desc,Skin
loc_shotgun_p2_cs001,Штурмовий дробовик «Хакер» Айронхелм Мк IV (камуфляж «Нічна паслінь Круциса»)
loc_shotgun_p2_cs002,Штурмовий дробовик «Хакер» Айронхелм Мк IV (камуфляж «Вогняні пустки»)
loc_shotgun_p2_m1,Штурмовий дробовик Залізоголовий «Хакер» Мк IV
loc_shotgun_p2_m1_desc,"«Мій старий надійний дробовик. Примітивний у чиїхось очах, але безвідмовний.
— Полковник “Залізна Рука” Стракен»"
loc_shotgun_p2_ml01,Ковальська Ліврея Бранкс Мінор
loc_shotgun_p2_us001_1545,Розбивач сердець
loc_shotgun_p4_m2,Дробовик винищувач Mк VIII Примус
loc_shotgun_p4_m2_desc,"Поліпшена точність цього дробовика гарантує: хоч би як далеко стояв єретик, рука Закону — довша."
loc_shotgun_p4_ml01,Визволення
loc_shotgun_p4_us001_1545,Покарання
loc_shotgun_p4_us001_1545_desc,"Завдавши Імператорського Правосуддя безліченним порушникам Закону та єретикам, ця зброя тепер носиться найкращим стрільцем дільниці — на честь уміння, гідного такої відзнаки."
loc_shotpistol_shield_p1_m1,Дробольвер придушувача і штурмовий щит Кара Mк IV
loc_shotpistol_shield_p1_m1_desc,"«Покидьки темних тунелів підвулия — зрадливі істоти; засідка може чатувати за кожним рогом. Дробольвер арбітра і штурмовий щит — досконала пара для тісних, задушливих коридорів, де Арбітри опиняються найчастіше»."
loc_shotpistol_shield_p1_ml01,Стримувач
loc_sigil_01,Смиритель єретиків (1)
loc_sigil_01_desc,Виконую працю Імператора.
loc_sigil_02,Смиритель єретиків (2)
loc_sigil_02_desc,"Тремтіть, єретики."
loc_skin_color_dark_01,++REDACTED++
loc_skin_color_dark_01_desc,++REDACTED++
loc_skin_color_dark_02,++REDACTED++
loc_skin_color_dark_02_desc,++REDACTED++
loc_skin_color_dark_03,++REDACTED++
loc_skin_color_dark_03_desc,++REDACTED++
loc_skin_color_neutral_01,++REDACTED++
loc_skin_color_neutral_01_desc,++REDACTED++
loc_skin_color_neutral_02,++REDACTED++
loc_skin_color_neutral_02_desc,++REDACTED++
loc_skin_color_neutral_03,++REDACTED++
loc_skin_color_neutral_03_desc,++REDACTED++
loc_skin_color_pale_01,++REDACTED++
loc_skin_color_pale_01_desc,++REDACTED++
loc_skin_color_pale_02,++REDACTED++
loc_skin_color_pale_02_desc,++REDACTED++
loc_skin_color_pale_03,++REDACTED++
loc_skin_color_pale_03_desc,++REDACTED++
loc_skin_color_tanned_01,++REDACTED++
loc_skin_color_tanned_01_desc,++REDACTED++
loc_skin_color_tanned_02,++REDACTED++
loc_skin_color_tanned_02_desc,++REDACTED++
loc_skin_color_tanned_03,++REDACTED++
loc_skin_color_tanned_03_desc,++REDACTED++
loc_skin_color_yellowish_01,++REDACTED++
loc_skin_color_yellowish_01_desc,++REDACTED++
loc_skin_color_yellowish_02,++REDACTED++
loc_skin_color_yellowish_02_desc,++REDACTED++
loc_skin_color_yellowish_03,++REDACTED++
loc_skin_color_yellowish_03_desc,++REDACTED++
loc_skull_edition_backpack_cadian_c,Ранець без терміну дії
loc_skull_edition_backpack_cadian_c_desc,"Відданість часто є нагородою сама по собі, хоча більш матеріальні дари також мають своє місце."
loc_skulls_01,Memento Mori
loc_skulls_01_desc,"Чудова колекція трофеїв. Втім, краще не замислюватися надто глибоко, чому саме ти їх зібрав."
loc_slot_gear_head,Голова
loc_slot_gear_head_desc,Нічого
loc_slower_heat_buildup_on_perfect_block,Передача енергії
loc_slower_heat_buildup_on_perfect_block_desc,Зменшує накопичення жару на {heat_reduction:%s} і підвищує його розсіювання на {heat_dissipation:%s} протягом {time:%s} секунд після ідеального блоку. Може спрацьовувати лише раз на {interval:%s} секунд.
loc_snout_mask_d_var_01,Робоча маска Металфаб 97
loc_snout_mask_d_var_01_desc,Примітивний захист усе ж залишається захистом.
loc_special_deluxe_edition,Ветеран Смерті
loc_special_deluxe_edition_desc,"Оперативники Смерті   — це таємне коло в межах бойової групи Ґрендила, і ти не маєш допуску до цієї інформації.  "
loc_special_gw,Хай говорить Молот!
loc_special_gw_desc,"Знак влади, можливо?"
loc_special_pre_order_edition,Перший у зіткненні
loc_special_pre_order_edition_desc,Твоя відданість затьмарює всіх інших.
loc_spring_01,Спалювач скверни
loc_spring_01_desc,"Ти крокуватимеш крізь полум’я прокляття, несучи суд Імператора."
loc_steel_legion_a_headgear_set_01,Шолом-казан Armageddon Мк IIIa
loc_steel_legion_a_headgear_set_01_desc,"Гарантований як «такий, що ніколи не підведе» — надто оптимістичне твердження, м’яко кажучи."
loc_steel_legion_a_headgear_set_02,Котелковий шолом Армагеддону Мк III b
loc_steel_legion_a_headgear_set_03,Котелковий шолом Армагеддону Мк III c
loc_steel_legion_a_headgear_set_05,Шолом-казан Armageddon Мк IIIe
loc_steel_legion_a_headgear_set_05_desc,"«Шанси Орка на Армагеддоні». Моебіанське прислів’я про того, чия доля стрімко погіршилася."
loc_steel_legion_a_headgear_set_06,Котелковий шолом Армагеддону Мк III d
loc_steel_legion_a_lowerbody_set_01,Бойове спорядження Мілітаруму для хем-полів (камуфляж «Палаючий сірко»)
loc_steel_legion_a_lowerbody_set_01_desc,Хем-сморід ніколи не полишає одяг… ці штани — тому доказ.
loc_steel_legion_a_lowerbody_set_04,Польовий комплект Мілітаруму для хем-полів (Кампанія «Окопна Буря»)
loc_steel_legion_a_lowerbody_set_04_desc,Коли тебе втретє поспіль ставлять попереду групи — це вже не невдача й не випадковість.
loc_steel_legion_a_lowerbody_set_05,Парадні сірі Мілітаруму (135-й Моебіанський)
loc_steel_legion_a_lowerbody_set_05_desc,"Лютий погляд, темний мундир і добро начищені чоботи можуть провести тебе щонайменше на пів дороги крізь офіцерський табір підготовки."
loc_steel_legion_upperbody_a_set_01,Бойове спорядження Мілітаруму для хем-полів (камуфляж «Палаючий сірко»)
loc_steel_legion_upperbody_a_set_01_desc,"Вирушати в попеляні пустки без такого спорядження — це, безумовно… вибір."
loc_steel_legion_upperbody_a_set_04,Куртка Мілітаруму для хем-полів (Кампанія «Окопна Буря»)
loc_steel_legion_upperbody_a_set_04_desc,"Сильно оброблені хем-реагентами, ця окопна куртка й рукавиці здатні захистити від атмосферних токсинів. Принаймні на деякий час."
loc_stub_pistol_p1_deluxe01_ver02,DEV WIP
loc_stub_pistol_p1_m1_ver01,DEV WIP
loc_stub_pistol_p1_m1_ver02,DEV WIP
loc_stubrevolver_p1_cs001,Блискавичний револьвер (камуфляж «Крижаний морок»)
loc_stubrevolver_p1_cs001_desc,"Лісовий камуфляжний візерунок, що став відомим завдяки 100-му Круцийському полку «Охоронців Дзвіниці» під час давньої кампанії на Месселіні. Ті небагато ворогів, що пережили ті битви, здобули нову повагу до тіней.  "
loc_stubrevolver_p1_cs002,Блискавичний револьвер (камуфляж «Вогняні пустки»)
loc_stubrevolver_p1_cs002_desc,"Колись поширений візерунок, який використовували полки Астра Мілітарум, що заслужили бойові відзнаки, винищуючи зрадників-космодесантників, відомих як «Чорні Розбійники». Лише небагато таких полків пережили десятиліття відтоді… немовби на них полював якийсь зовнішній ворог."
loc_stubrevolver_p1_locname,Блискавичний револьвер (камуфляж «Іній смерті»)
loc_stubrevolver_p1_locname_desc,"Улюблений камуфляж полків Крижаних Воїнів Валхалли під час кампанії в затоці Масарі, відомої своєю величезною кількістю жертв і мізерними військовими здобутками. Призовники ставали ветеранами за одну ніч — що й на краще, адже мало хто доживав до другого світанку. Із п’яти світів, які Імперіум прагнув повернути у затоці Масарі, два залишилися обвугленими оболонками, а третій так і не виринув із варп-бурі, що його поглинула.  "
loc_stubrevolver_p1_m001,револьвер
loc_stubrevolver_p1_m001_desc,Skin
loc_stubrevolver_p1_m002,револьвер
loc_stubrevolver_p1_m002_desc,Skin
loc_stubrevolver_p1_m003,револьвер
loc_stubrevolver_p1_m003_desc,Skin
loc_stubrevolver_p1_m1,Блискавичний револьвер Зарона Мк IIa 
loc_stubrevolver_p1_m1_desc,"Один із найдавніших проєктів пістолетів: Блискавичний револьвер тримаються на безлічі прикордонних світів завдяки своїй міцності, простоті й ефективності."
loc_stubrevolver_p1_m2,Блискавичний револьвер Аґріпінаа Мк XIV
loc_stubrevolver_p1_m2_desc,"Несподівано важкий, великокаліберний пістолет: спиняюча дія блискавичний револьвер Аґріпінаа не відповідає його компактним розмірам."
loc_stubrevolver_p1_ml01,Ковальська Ліврея Бранкс Мінор
loc_stubrevolver_p1_ps001,револьвер (камуфляж «Хемзонський намул»)
loc_stubrevolver_p1_ps001_desc,"Один із 91 камуфляжних візерунків, запропонованих квеситором Департаменту Муніторум Себастьяном Ксантезом у спробі стандартизувати кольори кампаній Астра Мілітарум. Трактат Ксанте́за вже 85 років перебуває «в обробці»."
loc_stubrevolver_p1_ps002,револьвер (камуфляж «Вогнянокіготь»)
loc_stubrevolver_p1_ps002_desc,"Помічений на сотнях вулканічних світів — від Лахарі IX до Мезоа — камуфляж «Вогняний кіготь» став найбільш відомим завдяки Моебіанському 71-му полку під час кампанії «Діаболус», де запеклі бої серед потоків лави закріпили грізну репутацію полку."
loc_stubrevolver_p1_ps003,револьвер (камуфляж «Скарджсплінтер»)
loc_stubrevolver_p1_ps003_desc,"Цей візерунок імітує мінливі тіні безлічі ксенос-структур, що вкривають сірчані пустелі Саріуса III. Нещодавно взвод Моебіанського 120-го був відправлений на Саріус III для розслідування дивних ксенос-руїн. Після повернення всім, окрім найстарших офіцерів, стерли пам’ять…"
loc_stubrevolver_p1_ps004,револьвер (камуфляж «Крижана тундра»)
loc_stubrevolver_p1_ps004_desc,"Названий на честь Валгалльського 1212-го полку «Холоднокровних», цей камуфляж став стандартною уніформою для крижаних світів у Астра Мілітарум, застосовуваний у кампаніях від зірок Сомніум до туманності Істлайт. Чи наділяє він своїх носіїв легендарною витривалістю тих, чиє ім’я носить, — ще належить довести."
loc_stubrevolver_p1_ps005,револьвер(камуфляж «Сонячні пустки»)
loc_stubrevolver_p1_ps005_desc,"Первісно створений для розхваленої кампанії на світі смерті Рамантіус IV — планеті з трьома сонцями, де з радіаційно обпалених пісків виростали кришталеві ліси, а зубаті хижаки полювали на необережних солдатів уночі."
loc_stubrevolver_p1_ps006,Ваконінська Зима
loc_stubrevolver_p1_ps006_desc,"Найвідоміше застосування — у складі трифронтової бойової групи, що об’єднувала моебіанські, ноктанські та валгалльські полки; цей камуфляж став вирішальним чинником перемоги серед безкраїх колючолісів Вакона Альфа."
loc_stubrevolver_p1_ps007,револьвер (камуфляж «Тіні боліт»)
loc_stubrevolver_p1_ps007_desc,"Створений як альтернативний камуфляж для Фенґвардів із туманних боліт Друк VI, цей візерунок став еталоном для бойових зон — від заболочених рівнин до дощових ліній окопів."
loc_stubrevolver_p1_ps008,револьвер
loc_stubrevolver_p1_ps008_desc,Skin
loc_stubrevolver_p1_s001,Крижана тундра
loc_stubrevolver_p1_s001_182,Провулкова Відплата
loc_stubrevolver_p1_s001_348,«Старий Серцеборець»
loc_stubrevolver_p1_s001_348_desc,"Цей пістолет перебував у руках родини Сендвлоків поколіннями. Його візерунок почав стиратись, але роки жодним чином не зменшили його ефективності."
loc_stubrevolver_p1_s001_855,револьвер (камуфляж «Кров Святої»)
loc_stubrevolver_p1_s001_855_desc,"«Коли чорні вітри єресі здіймаються, ти можеш подумати, що твої шанси слабкі. Але якщо ти несеш у собі світло Імператора, ти станеш непохитним бастіоном у бурі.
— З проповіді Якобії Лунт, Священика Месселіни»"
loc_stubrevolver_p1_s001_876,«Зловісність Марґрейва»
loc_stubrevolver_p1_s001_876_desc,"револьвер такої тонкої роботи й вражального оздоблення рідко побачиш у руках когось, хто ходить вулицями нижніх районів Тертіума."
loc_stubrevolver_p1_s001_desc,"Названий на честь Валгалльського 1212-го полку «Холоднокровних», цей камуфляж став стандартною уніформою для крижаних світів у Астра Мілітарум, застосовуваний у кампаніях від зірок Сомніум до туманності Істлайт. Чи наділяє він своїх носіїв легендарною витривалістю тих, чиє ім’я носить, — ще належить довести."
loc_stubrevolver_p1_s002,Червонодеревна Завірюха
loc_stubrevolver_p1_s002_desc,"Позначення Департаменту Муніторму 82616/с — недовговічний камуфляжний узор, визнаний нещасливим після провальної зимової кампанії в мертвих лісах Вакон Альфа. Пізніше планету було відвойовано, а успішні полки Астра Мілітарум отримали оновлену версію, названу «Ваконська Зима»."
loc_stubrevolver_p1_us001,револьвер
loc_stubrevolver_p1_us001_1551,револьвер «Череп Голоду»
loc_stubrevolver_p1_us001_1551_desc,Цей зловісний пістолет вершить суд Імператора — по одному велетенському набою за раз.
loc_stubrevolver_p1_us001_desc,Skin
loc_stubrevolver_p1_us002,револьвер
loc_stubrevolver_p1_us002_1531,Офіцерський стрій 61-го Кадіанського
loc_stubrevolver_p1_us002_1531_desc,Багаті зелені тони й поліровані сплави цього порохового револьверу — улюблений вибір офіцерів 61-го Кадійського.
loc_stubrevolver_p1_us002_desc,Skin
loc_summer_01,Світло Імператора
loc_summer_01_desc,Навіть найтьмяніша душа може освіти́ти єресь.
loc_tallarn_death_korps_of_krieg_04_b_var_01,Шолом зразка «Кетл» із ланцюговою ґоржетою
loc_tallarn_death_korps_of_krieg_04_b_var_01_desc,"Дещо застарілий, але колись це був популярний стиль серед полків, набраних із Бранкс Маґна."
loc_tallarn_genstealer_cults_01_a_var_01,Респіратор Ланкаст Мк IIIb (камуфляж «Чагарники»)
loc_tallarn_genstealer_cults_01_a_var_01_desc,"Це може бути лише шмаття тканини й фільтрувальної сітки, натягнутої на каркас, але й це краще, ніж нічого."
loc_tallarn_genstealer_cults_01_a_var_02,Респіратор Ланкаст Мк IIIb (камуфляж «Плато»)
loc_tallarn_genstealer_cults_01_a_var_02_desc,"«Ну прекрасно. Тепер я виглядаю геть сміховинно.
Капрал Баррін Роск»"
loc_tallarn_genstealer_cults_01_a_var_04,Шкіряний комір Пусток і Вулична маска
loc_tallarn_genstealer_cults_01_a_var_04_desc,"Шкіряний комір, що носять на шиї, допомагає захиститися від рубальних ударів."
loc_tallarn_genstealer_cults_01_a_var_05,Респіратор Ланкаст Мк IIIb (камуфляж «Ваді»)
loc_tallarn_genstealer_cults_01_a_var_05_desc,"Коли ти витягнув це спорядження, з нього висипалось стільки піску, що ти замислився, чи лишилося щось від Піщаного Годинника."
loc_tallarn_genstealer_cults_04_b_var_01,Респіратор Арідін Мк IIIa (камуфляж «Чагарники»)
loc_tallarn_genstealer_cults_04_b_var_01_desc,"Масово вироблений респіратор, відкалібрований для посушливих середовищ."
loc_tallarn_hood_02_safety_goggles_a_var_03,Каптур снайпера Ланкастер Мк Xd (камуфляж «Попеляні Пустки»)
loc_tallarn_hood_02_safety_goggles_a_var_03_desc,"Капрал Весмін утримує рекорд 2-го Моебіанського за дальністю підтверджених ліквідацій. Вона, своєю чергою, віддає заслугу прихильності Бог-Імператора — як і личить воякові."
loc_tallarn_hood_02_safety_goggles_a_var_04,Каптур з окулярами (камуфляж «Чорний Лід»)
loc_tallarn_hood_02_safety_goggles_a_var_06,Каптур снайпера Ланкастер Мк Xd (камуфляж «Айс Морн»)
loc_tallarn_hood_02_safety_goggles_a_var_07,Каптур снайпера Ланкастер Мк Xd (камуфляж «Спалений Айронмантл»)
loc_tallarn_imperial_guard_helmet_06_a_necromunda_05_a_var_01,Добутий флак-шолом Кантраель Мк IVa
loc_tallarn_imperial_guard_helmet_06_a_necromunda_05_a_var_01_desc,"Це не мародерство, якщо по тобі стріляють."
loc_tallarn_imperial_guard_helmet_06_a_necromunda_05_a_var_02,Добутий флак-шолом Кантраель Мк IVd
loc_tallarn_imperial_guard_helmet_06_a_necromunda_05_a_var_02_desc,Трохи плюнув і начистив — і знову можна користуватися.
loc_tallarn_imperial_guard_helmet_06_a_necromunda_05_a_var_03,Добутий флак-шолом Кантраель Мк IVdi
loc_tallarn_imperial_guard_helmet_06_a_necromunda_05_a_var_03_desc,"Краще не замислюватися, що сталося з попереднім власником."
loc_tallarn_imperial_guard_helmet_06_a_rebreather_02_b_var_01,Добутий флак-шолом Кантраель Мк Xb
loc_tallarn_imperial_guard_helmet_06_a_rebreather_02_b_var_01_desc,Усередині тульї нашкрябані імена. Друзі? Вороги? Боржники?
loc_tallarn_imperial_guard_helmet_06_a_rebreather_02_b_var_04,Добутий флак-шолом Кантраель Мк Xh (камуфляж «Болотяні Джунглі»)
loc_tallarn_imperial_guard_helmet_06_a_rebreather_02_b_var_05,Добутий флак-шолом Кантраель Мк Xh (синій)
loc_tallarn_imperial_guard_helmet_06_a_rebreather_02_b_var_06,Добутий флак-шолом Кантраель Мк Xh (червоний)
loc_tallarn_imperial_guard_helmet_06_b_necromunda_01_b_var_01,Добутий флак-шолом Кантраель Мк VIIa
loc_tallarn_imperial_guard_helmet_06_b_necromunda_01_b_var_01_desc,Трохи зношений — але що тут узагалі не зношене?
loc_tallarn_imperial_guard_helmet_06_b_necromunda_01_b_var_02,Добутий флак-шолом Кантраель Мк VIIb
loc_tallarn_imperial_guard_helmet_06_b_necromunda_01_b_var_02_desc,"Вбудована ком-перлина глючить, тож добре, що маєш власну."
loc_tallarn_imperial_guard_helmet_06_b_necromunda_01_b_var_03,Добутий флак-шолом Кантраель Мк VIId
loc_tallarn_imperial_guard_helmet_06_b_necromunda_01_b_var_03_desc,Броня захищає тіло. Віра захищає душу.
loc_tallarn_ogryn_beret_01_bandana_mask_01_var_01,Берет командо Оґмор Мк Ia (XXXXL)
loc_tallarn_ogryn_beret_01_bandana_mask_01_var_01_desc,"Йдеться не про тихе наближення — йдеться про те, щоб ніхто не лишився живим, аби розповісти, що бачив."
loc_tallarn_ogryn_beret_01_bandana_mask_01_var_03,Берет командо Оґмор Мк Id (XXXXL)
loc_tallarn_ogryn_beret_01_bandana_mask_01_var_03_desc,"«ЗАТКНИСЬ! ХІБА НЕ БАЧИШ, Я ТУТ КРАДУСЯ?!
Боун-Ед Браґґ»"
loc_tallarn_ogryn_goggles_b_bandana_mask_01_var_01,Окуляри загону швидкого реагування Арідін Мк IIb (XXXXL)
loc_tallarn_ogryn_goggles_b_bandana_mask_01_var_01_desc,"Чутки наполягають, що кочові Оґрини досі виживають у непривітних пустках Атоми."
loc_tallarn_ogryn_goggles_b_bandana_mask_01_var_06,Окуляри загону швидкого реагування Арідін Мк IIx
loc_tallarn_ogryn_goggles_b_bandana_mask_01_var_06_desc,"Ці окуляри чудово захищають від засліплення снігом. Вони ж, певно, стануть у пригоді й у глибинах Вулику, правда?"
loc_tallarn_ogryn_goggles_c_var_01,Бойові окуляри Кроурк Мк IV
loc_tallarn_ogryn_goggles_c_var_01_desc,Правий окуляр було розбито після експериментального тицяння пальцем.
loc_tallarn_shemagh_hood_01_var_01,Шемаг «Оаза»
loc_tallarn_shemagh_hood_01_var_01_desc,"Імпровізоване вбрання, але дієве."
loc_tallarn_shemagh_hood_01_var_02,Шемаґ «Спустошення»
loc_tallarn_shemagh_hood_01_var_03,Шемаг «Порожнеча»
loc_tallarn_shemagh_hood_01_var_03_desc,Скільки б ти його не прала — чистим він ніколи не буває.
loc_tallarn_shemagh_hood_01_var_05,Каптур-шемаг (Хлороваст)
loc_tallarn_shemagh_hood_01_var_06,Каптур-шемаг (Крижана міць)
loc_tallarn_tactical_cap_01_a_var_01,Кепі «Оаза»
loc_tallarn_tactical_cap_01_a_var_01_desc,Полегшує засліплення від сонця. У глибинах Тертіума — користі мало.
loc_tallarn_tactical_cap_01_a_var_02,Кепі «Спустошення»
loc_tallarn_tactical_cap_01_a_var_02_desc,Довго в такому кольорі не протримається.
loc_tallarn_tactical_cap_01_a_var_03,Кепі «Порожнеча»
loc_tallarn_tactical_cap_01_a_var_03_desc,Закамуфльована в надії підвищити шанси носія вижити.
loc_tallarn_tactical_cap_01_a_var_04,Кепі «Індустрія»
loc_tallarn_tactical_cap_01_a_var_04_desc,Це кепі пасує до тьмяних краєвидів заводів Тертіума.
loc_tallarn_tactical_cap_01_a_var_05,Кашкет «Кислота»
loc_tallarn_tactical_cap_01_a_var_06,Кашкет «Мандрівник»
loc_tallarn_upperbody_a_var_02,Польовий комплект Посушливих Пусток
loc_tallarn_upperbody_a_var_02_desc,"Міцна тканина, легкі бронепластини та безліч підсумків роблять цю уніформу практичною для кампаній у пустельних безпліддях. У вуличній війні вона не так потрібна, але в Піщаному Годиннику може стати в пригоді."
loc_tallarn_upperbody_a_var_04,Тундровий польовий комплект (камуфляж «Тарос Тан»)
loc_tallarn_upperbody_a_var_04_desc,"Розгалужена система ремінців, пісковий колір і шарф роблять цей комплект ідеальним для тривалих кампаній у пустельних реґіонах."
loc_temple_mask_01_var_01,Бойовий покрив (камуфляж «Тарос Тан»)
loc_temple_mask_01_var_01_desc,"Дехто вважає, що закриваючи обличчя під час бою, вони звільняються від провини за свої дії. Інші просто воліють, аби артеріальні бризки не потрапляли до рота."
loc_temple_mask_02_var_01,Маска Храму «Смиренник»
loc_temple_mask_02_var_01_desc,"Маска, яку носять ті, хто має нижчий статус. Її грубе виконання — знак того, хто ставить віру в Імператора понад усе."
loc_temple_mask_03_var_01,Маска Храму «Радикал» (червона)
loc_temple_mask_03_var_01_desc,"Люте видовисько Маски Храмовика-Радикала надає ваги вогненним проповідям, якими відомі ці проповідники."
loc_test_trait,++REDACTED++
loc_test_trait_desc,++DILIGENCE IS DUTY++
loc_thunderhammer_2h_p1_cs001,Громовий молот (камуфляж «Найтшейд Круцис»)
loc_thunderhammer_2h_p1_cs001_desc,"Лісовий камуфляжний візерунок, що став відомим завдяки 100-му Круцийському полку «Охоронців Дзвіниці» під час давньої кампанії на Месселіні. Ті небагато ворогів, що пережили ті битви, здобули нову повагу до тіней.  "
loc_thunderhammer_2h_p1_cs002,Громовий молот (камуфляж «Вогняні пустки»)
loc_thunderhammer_2h_p1_cs002_desc,"Колись поширений візерунок, який використовували полки Астра Мілітарум, що заслужили бойові відзнаки, винищуючи зрадників-космодесантників, відомих як «Чорні Розбійники». Лише небагато таких полків пережили десятиліття відтоді… немовби на них полював якийсь зовнішній ворог."
loc_thunderhammer_2h_p1_locname,Громовий молот (камуфляж «Іній смерті»)
loc_thunderhammer_2h_p1_locname_desc,"Улюблений камуфляж полків Крижаних Воїнів Валхалли під час кампанії в затоці Масарі, відомої своєю величезною кількістю жертв і мізерними військовими здобутками. Призовники ставали ветеранами за одну ніч — що й на краще, адже мало хто доживав до другого світанку. Із п’яти світів, які Імперіум прагнув повернути у затоці Масарі, два залишилися обвугленими оболонками, а третій так і не виринув із варп-бурі, що його поглинула.  "
loc_thunderhammer_2h_p1_m001,Громовий молот 2H P1
loc_thunderhammer_2h_p1_m001_739,Громовий молот (камуфляж «Мехрайтська Скара»)
loc_thunderhammer_2h_p1_m001_739_desc,"Цей камуфляж востаннє використовували серед задушливих іржавих дюн Меґіддіо Септими, де об’єднані сили Моебіанського 55-го та 6-го Піранського Драгунського полків билися з ельдарами за контроль над величезним сховищем археотехнологій."
loc_thunderhammer_2h_p1_m001_desc,Skin
loc_thunderhammer_2h_p1_m002,Громовий молот 2H P1
loc_thunderhammer_2h_p1_m002_291,Громовий молот (камуфляж «Попеляний Рейнджер»)
loc_thunderhammer_2h_p1_m002_291_desc,"Попелясті поля Адраелуса в протоках Ноктрунус — небезпечне середовище, створене десятиліттями невпинної війни. Колись вони розросталися під тінню молодого міста, а тепер це поле смерті, де неохочі моебіанські полки стикаються з безіменними жахами серед кістякових руїн."
loc_thunderhammer_2h_p1_m002_533,Громовий молот (камуфляж «Феррус Дарксун»)
loc_thunderhammer_2h_p1_m002_533_desc,"Офіційні записи зазначають, що цей варіант уніформи створено для боїв на сонцепалених рівнинах Аттікуса XI. Чутки, нібито його вперше використали під час невдалої атаки на демонічний світ, рішуче заперечуються."
loc_thunderhammer_2h_p1_m002_desc,Skin
loc_thunderhammer_2h_p1_m003,Громовий молот 2H P1
loc_thunderhammer_2h_p1_m003_desc,Skin
loc_thunderhammer_2h_p1_m1,Громовий молот Круціс Мк ІІ
loc_thunderhammer_2h_p1_m1_deluxe,Громовий молот (Оперативник Смерті)
loc_thunderhammer_2h_p1_m1_deluxe_desc,"Оперативники Смерті  — це таємне коло в межах бойової групи Ґрендила, і ти не маєш допуску до цієї інформації.  "
loc_thunderhammer_2h_p1_m1_desc,"Силова зброя давнього зразка, Громові молоти — нищівні, кісткодробильні клинкові знаряддя ближнього бою, хоч і важкі та незграбні."
loc_thunderhammer_2h_p1_m1_xbox,Громовий молот (камуфляж «Іній смерті»)
loc_thunderhammer_2h_p1_m1_xbox_desc,"Улюблений камуфляж полків Крижаних Воїнів Валхалли під час кампанії в затоці Масарі, відомої своєю величезною кількістю жертв і мізерними військовими здобутками. Призовники ставали ветеранами за одну ніч — що й на краще, адже мало хто доживав до другого світанку. Із п’яти світів, які Імперіум прагнув повернути у затоці Масарі, два залишилися обвугленими оболонками, а третій так і не виринув із варп-бурі, що його поглинула.  "
loc_thunderhammer_2h_p1_m2,Громовий молот Залізоголова Мк IV
loc_thunderhammer_2h_p1_m2_desc,"На відміну від інших силових клинків, Громові молоти зберігають енергію, активуючи свої силові поля лише в момент удару — часто з гуркотливим тріском, що й дало зброї її назву."
loc_thunderhammer_2h_p1_ml01,Ковальська Ліврея Бранкс Мінор
loc_thunderhammer_2h_p1_ps001,Громовий молот (камуфляж «Хемзонський намул»)
loc_thunderhammer_2h_p1_ps001_desc,"Один із 91 камуфляжних візерунків, запропонованих квеситором Департаменту Муніторум Себастьяном Ксантезом у спробі стандартизувати кольори кампаній Астра Мілітарум. Трактат Ксанте́за вже 85 років перебуває «в обробці»."
loc_thunderhammer_2h_p1_ps002,Громовий молот (камуфляж «Вогнянокіготь»)
loc_thunderhammer_2h_p1_ps002_desc,"Помічений на сотнях вулканічних світів — від Лахарі IX до Мезоа — камуфляж «Вогняний кіготь» став найбільш відомим завдяки Моебіанському 71-му полку під час кампанії «Діаболус», де запеклі бої серед потоків лави закріпили грізну репутацію полку."
loc_thunderhammer_2h_p1_ps003,Громовий молот (камуфляж «Скарджсплінтер»)
loc_thunderhammer_2h_p1_ps003_desc,"Цей візерунок імітує мінливі тіні безлічі ксенос-структур, що вкривають сірчані пустелі Саріуса III. Нещодавно взвод Моебіанського 120-го був відправлений на Саріус III для розслідування дивних ксенос-руїн. Після повернення всім, окрім найстарших офіцерів, стерли пам’ять…"
loc_thunderhammer_2h_p1_ps004,Громовий молот (камуфляж «Крижана тундра»)
loc_thunderhammer_2h_p1_ps004_desc,"Названий на честь Валгалльського 1212-го полку «Холоднокровних», цей камуфляж став стандартною уніформою для крижаних світів у Астра Мілітарум, застосовуваний у кампаніях від зірок Сомніум до туманності Істлайт. Чи наділяє він своїх носіїв легендарною витривалістю тих, чиє ім’я носить, — ще належить довести."
loc_thunderhammer_2h_p1_ps005,Громовий молот (камуфляж «Сонячні пустки»)
loc_thunderhammer_2h_p1_ps005_desc,"Первісно створений для розхваленої кампанії на світі смерті Рамантіус IV — планеті з трьома сонцями, де з радіаційно обпалених пісків виростали кришталеві ліси, а зубаті хижаки полювали на необережних солдатів уночі."
loc_thunderhammer_2h_p1_ps006,Ваконінська Зима
loc_thunderhammer_2h_p1_ps006_desc,"Найвідоміше застосування — у складі трифронтової бойової групи, що об’єднувала моебіанські, ноктанські та валгалльські полки; цей камуфляж став вирішальним чинником перемоги серед безкраїх колючолісів Вакона Альфа."
loc_thunderhammer_2h_p1_ps007,Громовий молот (камуфляж «Тіні боліт»)
loc_thunderhammer_2h_p1_ps007_desc,"Створений як альтернативний камуфляж для Фенґвардів із туманних боліт Друк VI, цей візерунок став еталоном для бойових зон — від заболочених рівнин до дощових ліній окопів."
loc_thunderhammer_2h_p1_ps008,Громовий молот 2H P1
loc_thunderhammer_2h_p1_ps008_desc,Skin
loc_thunderhammer_2h_p1_s001,Парад Першонароджених
loc_thunderhammer_2h_p1_s001_desc,"У рідкісному прояві показної величі цю уніформу було вдягнено лише раз — за наказом Верховних Техтріархів Вострої, коли славетні Першороджені вшановували славно полеглих Німбоси. Відтоді багато строїв і видів зброї, прикрашених цією гордою геральдикою, опинилися в руках енфорсерів, екіпажів роґ-трейдерів та свит Інквізиції."
loc_thunderhammer_2h_p1_s002,Камуфляж для боїв у місті
loc_thunderhammer_2h_p1_s002_desc,"Поширена схема камуфляжу для боїв у місті Астра Мілітарум, яку активно використовували підкріплювальні полки під час битви за Кадіанську браму."
loc_thunderhammer_2h_p1_us001,Камуфляж «Каср»
loc_thunderhammer_2h_p1_us001_291,Громовий молот (камуфляж «Попеляний Рейнджер»)
loc_thunderhammer_2h_p1_us001_291_desc,"Попелясті поля Адраелуса в протоках Ноктрунус — небезпечне середовище, створене десятиліттями невпинної війни. Колись вони розросталися під тінню молодого міста, а тепер це поле смерті, де неохочі моебіанські полки стикаються з безіменними жахами серед кістякових руїн."
loc_thunderhammer_2h_p1_us001_533,Громовий молот (камуфляж «Феррус Дарксун»)
loc_thunderhammer_2h_p1_us001_533_desc,"Офіційні записи зазначають, що цей варіант уніформи створено для боїв на сонцепалених рівнинах Аттікуса XI. Чутки, нібито його вперше використали під час невдалої атаки на демонічний світ, рішуче заперечуються."
loc_thunderhammer_2h_p1_us001_desc,"Названий на честь великих фортець-міст Кадії, цей камуфляж є одним із кількох простих нейтральних візерунків, прийнятих славетними Касркінами. Популярність цього забарвлення забезпечена підтримкою таких елітних підрозділів."
loc_thunderhammer_2h_p1_us002,Камуфляж «Каср»
loc_thunderhammer_2h_p1_us002_desc,"Названий на честь великих фортець-міст Кадії, цей камуфляж є одним із кількох простих нейтральних візерунків, прийнятих славетними Касркінами. Популярність цього забарвлення забезпечена підтримкою таких елітних підрозділів."
loc_title_achievement_001,Дослідник
loc_title_achievement_001_desc,"Ти став майстром орієнтування в лабіринтній мережі транспортних тунелів і технічних шахт, що в’ються крізь вулик, немов жили й артерії крізь живе тіло."
loc_title_achievement_002,Керівник варти Прімусу
loc_title_achievement_002_desc,Після численних успішних місій у Металфаб-36 ти чуєш дзенькіт молотів і скрегіт машин навіть уві сні. У ці миті ти уявляєш собі просте життя. І це приємне відчуття.
loc_title_achievement_003,Кочівник
loc_title_achievement_003_desc,"Піски пісочного годинника поглинули безліч штурмових загонів. І цьому, мабуть, не сприяли нескінченні натовпи брудних культистів, що кишать у тих краях. Проте ти почуваєшся там напрочуд упевнено. Тільки не стань одним із них!"
loc_title_achievement_004,Кібер-сокіл  
loc_title_achievement_004_desc,"Водний картель уже давно тримає торрент у залізному зашморгу. Вони встромили свої пальці в стільки справ, що на цьому етапі майже мають статус санкціонованої організації. Здається, твоє обличчя там уже добре знають. Продовжуй підтримувати ці контакти й тримай Ранніка в курсі будь-яких подій.  "
loc_title_achievement_005,Мудрець архівуму  
loc_title_achievement_005_desc,"Пилові стелажі кличуть тебе. Тут зберігається більше знань, ніж можна прочитати за десятки життів, — усе це задля майбутніх поколінь. Ритмічне дзижчання сервомеханізмів, ледь чутний відгомін архівного хору та невпинне шкряботіння авто-перо наповнюють тебе спокоєм."
loc_title_achievement_006,Володар арени
loc_title_achievement_006_desc,"Судячи з твоїх записів, тебе завжди тягнуло до неприємностей, тож не дивно, що ти віддаєш перевагу карнавалу. Лише не довіряй місцевим. VI-ий Моебіанський в тому районі виглядає надто добре забезпеченою, як на мій смак."
loc_title_achievement_102,Переживший вихор Хаосу
loc_title_achievement_102_desc,Отримується за проходження 10 послідовних місій вихору на Хаосі без загибелі.
loc_title_achievement_103,Вигнанець
loc_title_achievement_103_desc,Отримується за проходження прологу гри.
loc_title_achievement_104,Зразок святості
loc_title_achievement_104_desc,Завершити 10 поспіль хаотичних місій без загибелі.
loc_title_achievement_112,Вісник Ґрендила
loc_title_achievement_112_desc,WIP Title
loc_title_achievement_113,Чумоборець
loc_title_achievement_113_desc,Мільйон ворогів знищено на славу Імперіуму!
loc_title_achievement_114,Кований Хаосом
loc_title_achievement_114_desc,Дюкейн помітила твій запал і високо його оцінила.
loc_title_achievement_115,Божевільний
loc_title_achievement_115_desc,WIP Title
loc_title_achievement_116,Підкріплювач
loc_title_achievement_116_desc,WIP Title
loc_title_achievement_117,Відданий адепт
loc_title_achievement_117_desc,Омнісій бачить твою відданість бойовому спорядженню і схвалює її.
loc_title_achievement_119,Пам’ятотворець
loc_title_achievement_119_desc,WIP Title
loc_title_creator_01,Творець контенту
loc_title_creator_01_desc,WIP Title
loc_title_default,
loc_title_default,
loc_title_default_description,
loc_title_developer_exclusive,Велетенський Кархародон
loc_title_developer_exclusive_desc,++REDACTED++
loc_title_penance_track_001,Кандидат Міністоруму
loc_title_penance_track_001_desc,Отримується через покуту
loc_title_penance_track_002,Місіонер Міністоруму
loc_title_penance_track_002_desc,Отримується через покуту
loc_title_penance_track_003,Оборонець Міністоруму
loc_title_penance_track_003_desc,Отримується через покуту
loc_title_penance_track_004,Вартовий Міністоруму  
loc_title_penance_track_004_desc,Отримується за відповідну покуту
loc_trait_bespoke_allow_flanking_and_increased_damage_when_flanking,Скошувальний вогонь
loc_trait_bespoke_allow_flanking_and_increased_damage_when_flanking_desc,{damage:%s} шкода при стрільбі ворогам у спину.
loc_trait_bespoke_allow_hipfire_while_sprinting,Біжи і стріляй
loc_trait_bespoke_allow_hipfire_while_sprinting_and_bonus_stats_desc,Можна вести стрільбу від стегна під час спринту. {damage_near:%s} шкода на ближній дистанції під час спринту. Також зменшує розкид зброї постійно на {weapon_spread:%s}.
loc_trait_bespoke_allow_hipfire_while_sprinting_desc,Можна вести стрільбу від стегна під час спринту.
loc_trait_bespoke_ammo_refill_from_reserve_on_crit,Зачарована перезарядка
loc_trait_bespoke_ammo_refill_from_reserve_on_crit_desc,{bullet_amount:%s} куль перезаряджається з резерву при критичному ударі.
loc_trait_bespoke_ammo_spent_from_reserve_on_crit,Вічне полум’я
loc_trait_bespoke_ammo_spent_from_reserve_on_crit_desc,"Критичні удари витрачають набої з резерву, а не з поточного паливного бака."
loc_trait_bespoke_armor_penetration_against_staggered,Ловкач
loc_trait_bespoke_armor_penetration_against_staggered_desc,{rending:%s} пробиття проти збитих з рівноваги ворогів.
loc_trait_bespoke_armor_rend_on_activated_attacks,Перенапруга
loc_trait_bespoke_armor_rend_on_activated_attacks_desc,{rend:%s} накладання крихкості при зарядженому ударі.
loc_trait_bespoke_armor_rend_on_aoe_crit,Розриввний вибух
loc_trait_bespoke_armor_rend_on_aoe_crit_desc,{rend:%s} пробиття при критичному ударі (лише вибух).
loc_trait_bespoke_armor_rend_on_chained_hits,Продірявлення
loc_trait_bespoke_armor_rend_on_chained_hits_desc,{rend:%s} пробиття (по броньованих ворогах) при повторних ударах.
loc_trait_bespoke_armor_rend_on_projectile_hit,Розриввний удар
loc_trait_bespoke_armor_rend_on_projectile_hit_desc,Пряме попадання снаряда накладає на ціль {stacks:%s} стаки(ів) {rending:%s} крихкості. Ослаблення триває {time:%s} с і може накопичуватися до {max_stacks:%s} разів.
loc_trait_bespoke_armor_rending_bayonette,Відкривач консерв
loc_trait_bespoke_armor_rending_bayonette_crowbar_desc,Удар по ворогу в додатковому режимі надає йому {stacks:%s} стеки {rending:%s} крихкості. Ослаблення триває {time:%s} секунд і може мати максимум {max_stacks:%s} стаків.
loc_trait_bespoke_armor_rending_bayonette_desc,Удар спеціальною атакою накладає на ворога {stacks:%s} стаки(ів) {rending:%s} крихкості. Ослаблення триває {time:%s} с і може накопичуватися до {max_stacks:%s} разів.
loc_trait_bespoke_armor_rending_from_dot_burning,Пронизне полум’я
loc_trait_bespoke_armor_rending_from_dot_burning_desc,Прямі попадання накладають {num_stacks:%s} стаки(ів) {rending_percentage:%s} крихкості на {duration:%s} с. Може накопичуватись до {max_stacks:%s} разів.
loc_trait_bespoke_bleed_on_activated_hit,Кровопускання
loc_trait_bespoke_bleed_on_activated_hit_desc,{stacks:%s} стаки(ів) кровотечі від спеціальних атак.
loc_trait_bespoke_bleed_on_crit_melee,Роздирач плоті
loc_trait_bespoke_bleed_on_crit_melee_desc,{stacks:%s} стаки(ів) кровотечі при критичному ударі.
loc_trait_bespoke_bleed_on_crit_ranged,Флешетта
loc_trait_bespoke_bleed_on_crit_ranged_desc,{stacks:%s} стаки(ів) кровотечі при критичному ударі.
loc_trait_bespoke_bleed_on_non_weakspot_hit,Розсікання
loc_trait_bespoke_bleed_on_non_weakspot_hit_desc,{stacks:%s} стаки(ів) кровотечі при ударах не у вразливі місця.
loc_trait_bespoke_bleed_on_ranged,Проколювання
loc_trait_bespoke_bleed_on_ranged_desc,Дистанційні атаки накладються {stacks:%s} стаки(ів) кровотечі ворогам.
loc_trait_bespoke_block_has_chance_to_stun,Блискавичні рефлекси
loc_trait_bespoke_block_has_chance_to_stun_variant_desc,Блок у правильний момент оглушує нападника та надає {power_level:%s} сили у ближньому бою на {duration:%s}.
loc_trait_bespoke_block_has_chance_to_stun_with_cd_desc,Ідеальний блок оглушує нападника та надає {power_level:%s} потуги у ближньому бою на {duration:%s} с. Перезарядження {cooldown_duration:%s} с.
loc_trait_bespoke_burn_chance_on_activated_attacks_on_armour,Займання
loc_trait_bespoke_burn_chance_on_activated_attacks_on_armour_desc,{proc_chance:%s} ймовірність накласти {stacks:%s} стаки(ів) горіння при спеціальній атаці (звичайні вороги).
loc_trait_bespoke_burn_chance_to_explode_enemy_on_activated_kill,Розрив
loc_trait_bespoke_burn_chance_to_explode_enemy_on_activated_kill_desc,"{proc_chance:%s} ймовірність, що ворог вибухне, якщо вбитий спеціальною атакою."
loc_trait_bespoke_burninating_on_crit,Інфернус
loc_trait_bespoke_burninating_on_crit_desc,"{stacks:%s} стаки(ів) горіння при критичному ударі, максимум {max_stacks:%s} стеків."
loc_trait_bespoke_can_block_ranged,Відбивач
loc_trait_bespoke_can_block_ranged_desc,"Ця зброя блокує як ближні, так і дистанційні атаки. Додатково вартість блокування зменшено на {block_cost:%s}."
loc_trait_bespoke_chained_hits_increases_cleave,Гнів
loc_trait_bespoke_chained_hits_increases_cleave,Гнів
loc_trait_bespoke_chained_hits_increases_cleave_desc,{cleave:%s} розтин при ударі. Накопичується до {stacks:%s} разів.
loc_trait_bespoke_chained_hits_increases_cleave_desc,{cleave:%s} розтин при ударі. Накопичується до {stacks:%s} разів.
loc_trait_bespoke_chained_hits_increases_crit_chance,Роздирання
loc_trait_bespoke_chained_hits_increases_crit_chance_desc,{crit_chance:%s} бонус до шансу критичного удару при серії атак. Накопичується до {stacks:%s} разів.
loc_trait_bespoke_chained_hits_increases_power,Знищувач
loc_trait_bespoke_chained_hits_increases_power_desc,Безперервне виконання серій понад 2 атак надає {power_level:%s} сили. Накопичується до {stacks:%s} разів.
loc_trait_bespoke_chained_weakspot_hits_increases_power,Каратель
loc_trait_bespoke_chained_weakspot_hits_increases_power_desc,{power_level:%s} сили при повторних ударах у вразливі місця. Накопичується до {stacks:%s} разів.
loc_trait_bespoke_chained_weakspot_hits_vents_warpcharge,Екзорцист
loc_trait_bespoke_chained_weakspot_hits_vents_warpcharge_desc,Знижує {warp_charge:%s} перегріву при повторних ударах у вразливі місця.
loc_trait_bespoke_chance_to_explode_elites_on_kill,Шоузриватель
loc_trait_bespoke_chance_to_explode_elites_on_kill_desc,"{proc_chance:%s} ймовірність, що елітні та спеціальні вороги вибухнуть після смерті."
loc_trait_bespoke_cleave_and_no_explode_on_unarmored,Розривні набої
loc_trait_bespoke_cleave_and_no_explode_on_unarmored_desc,Постріли розсіккають і ніколи не вибухають проти цілей без броні.
loc_trait_bespoke_cleave_on_crit,Пригнічувач
loc_trait_bespoke_cleave_on_crit_and_stagger_desc,Посилене розсікання при критичному ударі та {stagger:%s} збивання з рівноваги при дистанційній атаці.
loc_trait_bespoke_cleave_on_crit_desc,Посилене розсікання при критичному ударі.
loc_trait_bespoke_cleave_on_weakspot_hits,Крутий
loc_trait_bespoke_cleave_on_weakspot_hits_desc,Удари у вразливі місця дають {hit_mass_reduction:%s} розтину.
loc_trait_bespoke_close_explosion,Смертельна близькість
loc_trait_bespoke_close_explosion_applies_bleed,Осколки
loc_trait_bespoke_close_explosion_applies_bleed_desc,{stacks:%s} стеки кровотечі від вибухів поблизу.
loc_trait_bespoke_close_explosion_desc,Постріли впритул спричиняють вибух. Радіус вибуху збільшується на {radius:%s}.
loc_trait_bespoke_consecutive_hits_increases_close_damage,Дум-дум
loc_trait_bespoke_consecutive_hits_increases_close_damage_desc,{damage:%s} шкода на близькій відстані при повторному ударі. Накопичується до {stacks:%s} разів.
loc_trait_bespoke_consecutive_hits_increases_stagger,Шок
loc_trait_bespoke_consecutive_hits_increases_stagger_desc,{impact:%s} ударний імпульс на {time:%s} секунд при повторному ударі. Накопичується до {stacks:%s} разів.
loc_trait_bespoke_count_as_dodge_vs_ranged_on_close_kill,Удар і відхід
loc_trait_bespoke_count_as_dodge_vs_ranged_on_close_kill_desc,Невразливість до дистанційних атак протягом {time:%s} с після вбивства на близькій відстані.
loc_trait_bespoke_count_as_dodge_vs_ranged_on_weakspot,Привид
loc_trait_bespoke_count_as_dodge_vs_ranged_on_weakspot_desc,Невразливість до дистанційних атак протягом {time:%s} с після удару у вразливе місце.
loc_trait_bespoke_crit_chance_based_on_aim_time,Хірург
loc_trait_bespoke_crit_chance_based_on_aim_time_desc,{crit_chance:%s} шанс критичного удару за кожну {time:%s} с під час прицілювання. Накопичується до {stacks:%s} разів. Усі стаки скидаються після пострілу.
loc_trait_bespoke_crit_chance_based_on_ammo_left,Круціанська рулетка
loc_trait_bespoke_crit_chance_based_on_ammo_left_desc,{crit_chance:%s} шанс критичного удару за кожен витрачений набій у магазині (скидається при перезаряджанні).
loc_trait_bespoke_crit_chance_bonus_on_melee_kills,Вогонь впритул
loc_trait_bespoke_crit_chance_bonus_on_melee_kills_desc,{crit_chance:%s} шанс критичного удару на відстані після вбивства у ближньому бою протягом {time:%s} секунд.
loc_trait_bespoke_crit_chance_on_aoe_hits,Осколки
loc_trait_bespoke_crit_chance_on_aoe_hits_desc,"{crit_chance:%s} шанс критичного удару за кожного ворога, ураженого вибухом."
loc_trait_bespoke_crit_chance_on_chained_weakspot_hits,Сконцентрований вогонь
loc_trait_bespoke_crit_chance_on_chained_weakspot_hits_desc,До {crit_chance:%s} шансу критичного удару при серії дистанційних ударів у вразливі місця (будь-яка ціль).
loc_trait_bespoke_crit_chance_on_cleaving_melee,Розсіювальний удар
loc_trait_bespoke_crit_chance_on_cleaving_melee_desc,Розтин кількох ворогів ближньобойовою атакою бронерукавицею збільшує шанс критичного удару на {crit_chance:%s} протягом {time:%s} секунд.
loc_trait_bespoke_crit_chance_on_first_shot,Альфа-удар
loc_trait_bespoke_crit_chance_on_first_shot_desc,{crit_chance:%s} шанс критичного удару при першому пострілі з черги.
loc_trait_bespoke_crit_chance_on_hitting_multiple,Очищення
loc_trait_bespoke_crit_chance_on_hitting_multiple_desc,Ураження кількох ворогів підвищує шанс критичного удару на {crit_chance:%s} протягом {time:%s} секунд.
loc_trait_bespoke_crit_chance_on_hitting_multiple_with_one_shot,Дробовий постріл
loc_trait_bespoke_crit_chance_on_hitting_multiple_with_one_shot_desc,"{crit_chance:%s} шанс критичного удару за кожного ворога, ураженого попередньою атакою. Накопичується до {stacks:%s} разів."
loc_trait_bespoke_crit_chance_on_melee_kill,Розтрощення
loc_trait_bespoke_crit_chance_on_melee_kill_desc,{crit_chance:%s} шанс критичного удару протягом {time:%s} с після вбивства у ближньому бою.
loc_trait_bespoke_crit_chance_on_projectile_impact,Сейсмічний постріл
loc_trait_bespoke_crit_chance_on_projectile_impact_desc,{crit_chance:%s} шанс критичного удару протягом {time:%s} с після влучання по броні.
loc_trait_bespoke_crit_chance_on_push,Удар щитом
loc_trait_bespoke_crit_chance_on_push_desc,{crit_chance:%s} шанс критичного удару протягом {time:%s} с після відштовхування ворога.
loc_trait_bespoke_crit_chance_on_successful_dodge,Відчайдух
loc_trait_bespoke_crit_chance_on_successful_dodge_desc,{crit_chance:%s} шанс критичного удару протягом {time:%s} с після успішного ухилення.
loc_trait_bespoke_crit_chance_scaled_on_heat,Розпечення!
loc_trait_bespoke_crit_chance_scaled_on_heat_desc,Шанс критичного удару зростає відповідно до поточного рівня перегріву — до {crit_chance:%s}. Також підвищує шкоду від критичних дистанційних атак на {ranged_crit_damage:%s}.
loc_trait_bespoke_crit_weakspot_finesse,Смертельно точний
loc_trait_bespoke_crit_weakspot_finesse_desc,{crit_weakspot_damage:%s} шкода критичних ударів по вразливих місцях.
loc_trait_bespoke_damage_bonus_vs_electrocuded,Висока напруга
loc_trait_bespoke_damage_bonus_vs_electrocuded_desc,{damage:%s} шкоди проти електровражених ворогів.
loc_trait_bespoke_damage_vs_stagger,Страта
loc_trait_bespoke_damage_vs_stagger_desc,{vs_stagger:%s} бонус до шкоди проти збитих з рівноваги ворогів.
loc_trait_bespoke_dodge_count_reset_on_weakspot_hit,Спритність
loc_trait_bespoke_dodge_count_reset_on_weakspot_hit_and_weakspot_damage_desc,Відновлює ефективність ухилення при влучанні у вразливе місце. {melee_weakspot_damage} шкода у ближньому бою по вразливих місцях.
loc_trait_bespoke_dodge_count_reset_on_weakspot_hit_desc,Відновлення ухилення при влучанні у вразливе місце.
loc_trait_bespoke_dodge_grants_crit_chance,Ріпост
loc_trait_bespoke_dodge_grants_crit_chance_desc,{crit_chance:%s} шанс критичного удару протягом {time:%s} с після успішного ухилення.
loc_trait_bespoke_dodge_grants_finesse_bonus,Провидіння
loc_trait_bespoke_dodge_grants_finesse_bonus_desc,{damage:%s} шкода майстерності протягом {time:%s} с після успішного ухилення.
loc_trait_bespoke_double_shot_on_crit,Сплеск
loc_trait_bespoke_double_shot_on_crit_and_crit_chance_desc,{value:%s} постріли при критичному ударі. {crit_chance:%s} шанс критичного удару на відстані.
loc_trait_bespoke_double_shot_on_crit_desc,{value:%s} постріли при критичному ударі.
loc_trait_bespoke_double_shot_on_primary_crit_and_crit_chance_desc,{value:%s} постріли при критичному ударі з основної зброї. {crit_chance:%s} шанс криту на дальній дистанції.  
loc_trait_bespoke_elite_kills_grants_stackable_power,Перевага
loc_trait_bespoke_elite_kills_grants_stackable_power_desc,"{power_level:%s} сила протягом {time:%s} с після вбивства елітного чи спеціального ворога. Накопичується до {stacks:%s} разів, зникаючи поступово."
loc_trait_bespoke_explosion_on_activated_attacks_on_armor,Сплеск сили
loc_trait_bespoke_explosion_on_activated_attacks_on_armor_desc,+1 вибух при енергізованому ударі (по броньованих ворогах).
loc_trait_bespoke_explosion_on_activated_attacks_on_armor_new_desc,Спеціальні атаки по броньованих ворогах створюють додаткову ударну хвилю. Спеціальні атаки мають {explosion_radius} радіус вибуху.
loc_trait_bespoke_explosion_radius_bonus_on_continuous_fire,Зона вибуху
loc_trait_bespoke_explosion_radius_bonus_on_continuous_fire_desc,{radius:%s} радіус вибуху за кожен постріл під час безперервного вогню. Накопичується до {stacks:%s} разів.
loc_trait_bespoke_extended_activation_duration_and_stagger_on_chained_attacks_desc,{extra_hits:%s} додаткові послідовні заряджені удари та {stagger:%s} збивання з рівноваги при заряджених ударах.  
loc_trait_bespoke_extended_activation_duration_on_chained_attacks,Циклічний реактор
loc_trait_bespoke_extended_activation_duration_on_chained_attacks_desc,{extra_hits:%s} додаткових послідовних заряджених ударів.
loc_trait_bespoke_faster_charge_on_chained_attacks,Вага вогню
loc_trait_bespoke_faster_charge_on_chained_attacks_desc,Послідовні заряджені атаки скорочують час заряду на {charge_time:%s}. Накопичується до {stacks:%s} разів.
loc_trait_bespoke_faster_charge_on_chained_secondary_attacks,Вихор варпу
loc_trait_bespoke_faster_charge_on_chained_secondary_attacks_desc,{charge_time:%s} час заряду при послідовній вторинній атаці. Накопичується до {stacks:%s} разів.
loc_trait_bespoke_faster_reload_on_empty_clip,Швидке полум’я
loc_trait_bespoke_faster_reload_on_empty_clip_desc,"{reload_speed:%s} швидкість перезаряджання, якщо магазин порожній."
loc_trait_bespoke_first_shot_ammo_cost_reduction,Ефективність
loc_trait_bespoke_first_shot_ammo_cost_reduction_desc,{ammo:%s} зменшене споживання боєзапасу після {time:%s} с без стрільби.
loc_trait_bespoke_followup_shots_ranged_damage,Тривалий вогонь
loc_trait_bespoke_followup_shots_ranged_damage_desc,"{damage:%s} шкода при другому, третьому та четвертому пострілі в черзі."
loc_trait_bespoke_followup_shots_ranged_weakspot_damage,Каральна черга
loc_trait_bespoke_followup_shots_ranged_weakspot_damage_desc,"{damage:%s} шкода по вразливих місцях при другому, третьому та четвертому пострілі в черзі."
loc_trait_bespoke_grenades_stick_to_monsters,Липкий заряд
loc_trait_bespoke_grenades_stick_to_monsters_and_damage_desc,Твої ґранати прилипає до оґринів і потвор. {dmg_vs_ogryn_monster:%s} шкода проти оґринів і потвор.
loc_trait_bespoke_grenades_stick_to_monsters_desc,Твої ґранати прилипає до оґринів і потвор.
loc_trait_bespoke_guaranteed_melee_crit_after_crit_weakspot_kill,Різанина
loc_trait_bespoke_guaranteed_melee_crit_after_crit_weakspot_kill_desc,Гарантований критичний удар (наступна атака) після вбивства критичним ударом у вразливе місце.
loc_trait_bespoke_guaranteed_melee_crit_after_crit_weakspot_kill_new_desc,{crit_chance:%s} шанс критичного удару (наступна атака у ближньому бою) при вбивстві критичним ударом у слабке місце.  
loc_trait_bespoke_guaranteed_melee_crit_on_activated_kill,Кровожерливість
loc_trait_bespoke_guaranteed_melee_crit_on_activated_kill_desc,{crit_chance:%s} шанс критичного удару на наступній атаці у ближньому бою після вбивства спеціальною атакою.
loc_trait_bespoke_guaranteed_stagger_on_critical_hit,Могутній удар
loc_trait_bespoke_guaranteed_stagger_on_critical_hit_desc,Гарантоване збивання з рівноваги (наступна атака) при критичному ударі.
loc_trait_bespoke_heavy_chained_hits_increases_killing_blow_chance,Молотобоєць
loc_trait_bespoke_heavy_chained_hits_increases_killing_blow_chance_desc,"{proc_chance:%s} ймовірність миттєво вбити ворога людського розміру при серії потужних ударів. Накопичується до {stacks:%s} разів. Зверни увагу, що інші можливі ефекти не спрацьовують при миттєвому вбивстві."
loc_trait_bespoke_hit_mass_consumption_reduction_on_kill,Шок і трепет
loc_trait_bespoke_hit_mass_consumption_reduction_on_kill_desc,{hit_mass:%s} маса ворога при ударі протягом {time:%s} с після вбивства.
loc_trait_bespoke_ignore_stagger_reduction_on_punch_hit,Важка рука
loc_trait_bespoke_ignore_stagger_reduction_on_punch_hit_desc,{stagger_reduction:%s} зниження опору до збивання з рівноваги цілі протягом {time:%s} с після влучання спеціальною дією.
loc_trait_bespoke_ignore_stagger_reduction_on_punch_weakspot_hit,Трощитель
loc_trait_bespoke_ignore_stagger_reduction_on_punch_weakspot_hit_desc,{stagger_reduction:%s} зниження опору до збивання з рівноваги цілі протягом {time:%s} с після влучання спеціальною дією у вразливе місце.
loc_trait_bespoke_ignore_stagger_reduction_on_weakspot_hit,"Бум!
-ціль {stagger_reduction:%s} опору до збивання з рівноваги при влучанні у вразливе місце."
loc_trait_bespoke_ignore_stagger_reduction_with_primary_on_burning,Роздмухай полум’я
loc_trait_bespoke_ignore_stagger_reduction_with_primary_on_burning_desc,Основна атака ігнорує {stagger_reduction:%s} опору до збивання з рівноваги у палаючих ворогів та завдає {impact_modifier:%s} удару.
loc_trait_bespoke_improved_sprint_dodge,Тікацький рефлекс
loc_trait_bespoke_improved_sprint_dodge_desc,{movement_speed:%s} швидкість спринту протягом {time:%s} с після ухилення від дистанційної атаки.
loc_trait_bespoke_increase_close_damage_on_close_kill,Вогнева лють
loc_trait_bespoke_increase_close_damage_on_close_kill_desc,"Отримуєш {close_damage:%s} шкоди на близькій відстані протягом {time:%s} секунд після вбивства ворога впритул, накопичується до {stacks:%s} разів."
loc_trait_bespoke_increase_damage_on_close_kill,Карач
loc_trait_bespoke_increase_damage_on_close_kill_desc,{damage:%s} шкода протягом {time:%s} секунд після вбивства.
loc_trait_bespoke_increase_power_on_close_kill,Смертеплюй
loc_trait_bespoke_increase_power_on_close_kill_desc,{power_level:%s} сила протягом {time:%s} с після вбивства на близькій відстані.
loc_trait_bespoke_increase_power_on_hit,Головоріз
loc_trait_bespoke_increase_power_on_hit_desc,{power_level:%s} сила протягом {time:%s} с після удару. Накопичується до {stacks:%s} разів.
loc_trait_bespoke_increase_power_on_kill,Різник
loc_trait_bespoke_increase_power_on_kill_desc,{power_level:%s} сила протягом {time:%s} с після вбивства. Накопичується до {stacks:%s} разів.
loc_trait_bespoke_increase_power_on_weapon_special_hit,Мука
loc_trait_bespoke_increase_power_on_weapon_special_hit_desc,{power_level:%s} сила протягом {time:%s} с після влучання спеціальною атакою зброї.
loc_trait_bespoke_increase_stagger_per_hit_in_sweep,Люте розсічення
loc_trait_bespoke_increase_stagger_per_hit_in_sweep_desc,"{impact:%s} ударна сила по цілі за кожного ворога, уже враженого тією ж атакою."
loc_trait_bespoke_increased_attack_cleave_on_multiple_hits,Дике розмахування
loc_trait_bespoke_increased_attack_cleave_on_multiple_hits_desc,"Якщо атакою вражено щонайменше {multiple_hit:%s} ворогів, твій розтин збільшується на {cleave:%s} протягом {time:%s} секунд."
loc_trait_bespoke_increased_crit_chance_after_punch,Підлий удар
loc_trait_bespoke_increased_crit_chance_after_punch_desc,{crit_chance:%s} шанс критичного удару протягом {time:%s} с після влучання спеціальною дією.
loc_trait_bespoke_increased_crit_chance_after_punching_staggered_enemy,Знищення
loc_trait_bespoke_increased_crit_chance_after_punching_staggered_enemy_desc,{crit_chance:%s} шанс критичного удару протягом {time:%s} с після влучання спеціальною дією у збитого з рівноваги ворога.
loc_trait_bespoke_increased_crit_chance_on_weakspot_kill,Ланцюгова страта
loc_trait_bespoke_increased_crit_chance_on_weakspot_kill_desc,{crit_chance:%s} шанс критичного удару протягом {time:%s} с після вбивства у вразливе місце.
loc_trait_bespoke_increased_crit_chance_scaled_on_peril,Вузол варпу
loc_trait_bespoke_increased_crit_chance_scaled_on_peril_desc,Отримуєш від {crit_chance:%s} до {crit_chance_max:%s} шансу критичного удару залежно від поточного рівня перегріву.
loc_trait_bespoke_increased_damage_on_staggered_enemies,Добивач
loc_trait_bespoke_increased_damage_on_staggered_enemies_desc,{damage:%s} шкода (по збитих з рівноваги ворогах).
loc_trait_bespoke_increased_melee_damage_on_multiple_hits,Шал
loc_trait_bespoke_increased_melee_damage_on_multiple_hits,Шал
loc_trait_bespoke_increased_melee_damage_on_multiple_hits_desc,"Якщо атакою вражено щонайменше {multiple_hit:%s} ворогів, твоя шкода збільшується на {damage:%s} протягом {time:%s} секунд."
loc_trait_bespoke_increased_melee_damage_on_multiple_hits_desc,"Якщо атакою вражено щонайменше {multiple_hit:%s} ворогів, твоя шкода збільшується на {damage:%s} протягом {time:%s} секунд."
loc_trait_bespoke_increased_power_on_weapon_special_follow_up_hits,Розм’якшувач
loc_trait_bespoke_increased_power_on_weapon_special_follow_up_hits_desc,{power:%s} сила (наступні 3 атаки) після влучання спеціальною атакою зброї.
loc_trait_bespoke_increased_sprint_speed,Полегшене спорядження
loc_trait_bespoke_increased_sprint_speed_desc,"Отримуєш невразливість до дистанційних атак під час спринту, якщо маєш понад {stamina:%s} витривалості."
loc_trait_bespoke_increased_weakspot_damage_against_toxin_status,Вишукана Смертельність
loc_trait_bespoke_increased_weakspot_damage_against_toxin_status_desc,"Підвищує шкоду по вразливих місцях на {damage:%s} проти ворогів, уражених Хім-Токсином."
loc_trait_bespoke_increased_weakspot_damage_on_bleeding,Милосердний вбивця
loc_trait_bespoke_increased_weakspot_damage_on_bleeding_desc,{damage:%s} шкода по вразливих місцях (вороги з ефектом кровотечі).
loc_trait_bespoke_increased_zoom,Телескопічний приціл
loc_trait_bespoke_increased_zoom_desc,Збільшене збільшення оптики
loc_trait_bespoke_infinite_armor_cleave_on_activated_attacks,Розрив
loc_trait_bespoke_infinite_armor_cleave_on_activated_attacks_and_heavy_damage_desc,Підвищений розтин і {heavy_damage:%s} шкода потужних ближньобойових атак при енергізованих ударах.
loc_trait_bespoke_infinite_armor_cleave_on_activated_attacks_desc,Твої енергізовані атаки мають підвищений розтин
loc_trait_bespoke_infinite_cleave_on_weakspot_kill,Жорстокий імпульс
loc_trait_bespoke_infinite_cleave_on_weakspot_kill_desc,{weakspot_damage:%s} шкода по вразливих місцях. Вбивства у вразливе місце також ігнорують масу ворога.
loc_trait_bespoke_infinite_melee_cleave_on_crit,Спустошливий удар
loc_trait_bespoke_infinite_melee_cleave_on_crit,Спустошливий удар
loc_trait_bespoke_infinite_melee_cleave_on_crit_desc,{hit_mass:%s} розсічення протягом {time:%s} с при критичному ударі.
loc_trait_bespoke_infinite_melee_cleave_on_crit_desc,{hit_mass:%s} розсічення протягом {time:%s} с при критичному ударі.
loc_trait_bespoke_infinite_melee_cleave_on_weakspot_kill,Смертоносний удар
loc_trait_bespoke_infinite_melee_cleave_on_weakspot_kill_desc,{weakspot_damage:%s} шкода по вразливих місцях. Вбивства у вразливе місце також ігнорують масу ворога.
loc_trait_bespoke_lower_overheat_gives_faster_charge,Нестабільність
loc_trait_bespoke_lower_overheat_gives_faster_charge_desc,{charge_speed:%s} швидкість заряду при низькому перегріві. Накопичується до {stacks:%s} разів.
loc_trait_bespoke_more_power_on_longer_charge,Могутній удар
loc_trait_bespoke_more_power_on_longer_charge_desc,До {damage:%s} шкоди при наступній атаці залежно від часу заряду (потужна атака).
loc_trait_bespoke_movement_speed_on_activated_hit,Удар і відхід
loc_trait_bespoke_movement_speed_on_activated_hit_desc,{movement_speed:%s} швидкість руху протягом {time:%s} с після влучання спеціальною дією.
loc_trait_bespoke_movement_speed_on_activation,Підгазуй
loc_trait_bespoke_movement_speed_on_activation_desc,{movement_speed:%s} швидкість руху протягом {time:%s} с після активації спеціальної дії зброї.
loc_trait_bespoke_movement_speed_on_continuous_fire,Ревучий натиск
loc_trait_bespoke_movement_speed_on_continuous_fire_desc,{movement_speed:%s} зменшення швидкості руху за кожні {ammo:%s} витрачені з магазину під час безперервного вогню. Накопичується до {stacks:%s} разів.
loc_trait_bespoke_negate_stagger_reduction_on_weakspot,Хитання
loc_trait_bespoke_negate_stagger_reduction_on_weakspot_desc,Підвищує збивання з рівноваги ворогів на {stagger:%s} при влучанні у вразливе місце. Додатково збільшує силу дистанційного збивання на {ranged_stagger:%s}.
loc_trait_bespoke_no_vent_damage_but_slower,Стабільне охолодження
loc_trait_bespoke_no_vent_damage_but_slower_desc,"Активна вентиляція повільніша, проте ти не отримуєш шкоди."
loc_trait_bespoke_pass_past_armor_and_damage_on_heavy_attack_desc,Повністю заряджені важкі атаки ігнорують масу влучань ворога та завдають {damage:%s} Шкоди.
loc_trait_bespoke_pass_past_armor_on_crit,Ідеальний удар
loc_trait_bespoke_pass_past_armor_on_crit_desc,Критичні удари ігнорують бонус до маси влучання від броні.
loc_trait_bespoke_pass_past_armor_on_crit_new_desc,Критичні удари ігнорують бонус до маси влучання від броні. {crit_damage} критична шкода у ближньому бою.
loc_trait_bespoke_pass_past_armor_on_heavy_attack,Нестримна сила
loc_trait_bespoke_pass_past_armor_on_heavy_attack_desc,Повністю заряджені потужні атаки ігнорують масу влучання ворога.
loc_trait_bespoke_pass_trough_armor_on_weapon_special,Пронизання
loc_trait_bespoke_pass_trough_armor_on_weapon_special_and_stagger_desc,Спеціальні атаки отримують {stagger:%s} збивання з рівноваги та ігнорують бонус до маси влучання від броні.
loc_trait_bespoke_pass_trough_armor_on_weapon_special_desc,Спеціальні атаки ігнорують бонус до маси влучання від броні.
loc_trait_bespoke_peril_vent_on_weakspot_hit,Передача перегріву
loc_trait_bespoke_peril_vent_on_weakspot_hit_desc,Знижує {warp_charge:%s} перегріву при влучанні у вразливе місце.
loc_trait_bespoke_power_bonus_based_on_charge_time,Таран
loc_trait_bespoke_power_bonus_based_on_charge_time_desc,До {power_level:%s} сили залежно від часу заряду потужних атак. Накопичується до {stacks:%s} разів.
loc_trait_bespoke_power_bonus_based_on_charge_time_ranged,Точне наведення
loc_trait_bespoke_power_bonus_based_on_charge_time_ranged_desc,"{power_level:%s} сила кожні {time:%s} с під час прицілювання, накопичується до {stacks:%s} разів. Усі стаки скидаються після пострілу."
loc_trait_bespoke_power_bonus_on_chained_hits_on_single_target,Переважний вогонь
loc_trait_bespoke_power_bonus_on_chained_hits_on_single_target_desc,{power:%s} сила за кожне {hit:%s} влучання по одній цілі. Триває {time:%s} с і накопичується до {stacks:%s} разів.
loc_trait_bespoke_power_bonus_on_chained_melee,Імпульс бронерукавиці
loc_trait_bespoke_power_bonus_on_chained_melee_desc,"Кожен послідовний ближній удар бронерукавиці додає стак, який підвищує потугу у ближньому бою на {power:%s}. Накопичується до {stacks:%s} разів, кожен стак триває {time:%s} секунд."
loc_trait_bespoke_power_bonus_on_chained_weakspot_hits,Хитрий стрілець
loc_trait_bespoke_power_bonus_on_chained_weakspot_hits_desc,{power_level:%s} сила при послідовному влучанні у вразливе місце (будь-яка ціль). Накопичується до {stacks:%s} разів.
loc_trait_bespoke_power_bonus_on_continuous_fire,Полум’яний потік
loc_trait_bespoke_power_bonus_on_continuous_fire_alternative,Полум’яний потік
loc_trait_bespoke_power_bonus_on_continuous_fire_alternative_desc,{power_level:%s} сила за кожен постріл під час безперервного вогню. Накопичується до {stacks:%s} разів.
loc_trait_bespoke_power_bonus_on_continuous_fire_desc,{power_level:%s} сила за кожні {ammo:%s} витрачені з магазину під час безперервного вогню. Накопичується до {stacks:%s} разів.
loc_trait_bespoke_power_bonus_on_first_attack,Розсікач кінцівок
loc_trait_bespoke_power_bonus_on_first_attack_desc,{power_level:%s} сила при першій атаці кожні {cooldown:%s} секунд.
loc_trait_bespoke_power_bonus_on_first_shot,Початкова черга
loc_trait_bespoke_power_bonus_on_first_shot_desc,{power_level:%s} сила при першому пострілі з черги.
loc_trait_bespoke_power_bonus_on_hitting_single_enemy_with_all,Повний залп
loc_trait_bespoke_power_bonus_on_hitting_single_enemy_with_all_desc,"{power_level:%s} сила протягом {time:%s} с, якщо всі кулі пострілу влучили в одного ворога."
loc_trait_bespoke_power_bonus_on_same_enemy_attacks,Невпинні удари
loc_trait_bespoke_power_bonus_on_same_enemy_attacks_desc,{power_level:%s} сила протягом {time:%s} с при ударі (по тій самій цілі). Накопичується до {stacks:%s} разів.
loc_trait_bespoke_power_bonus_scaled_on_heat,Зростаючий жар
loc_trait_bespoke_power_bonus_scaled_on_heat_desc,"До {damage:%s} сили, що зростає зі збільшенням рівня перегріву."
loc_trait_bespoke_power_bonus_scaled_on_stamina,Все або нічого
loc_trait_bespoke_power_bonus_scaled_on_stamina_desc,До {power_level:%s} сили зі зменшенням витривалості.
loc_trait_bespoke_power_scales_with_clip_percentage,Перевантаження
loc_trait_bespoke_power_scales_with_clip_percentage_desc,"До {power_level:%s} сили, що зростає зі збільшенням залишку боєзапасу. Накопичується до {stacks:%s} разів."
loc_trait_bespoke_recoil_reduction_and_suppression_increase_on_close_kills,Порохове опалення
loc_trait_bespoke_recoil_reduction_and_suppression_increase_on_close_kills_desc,"{damage:%s} шкода проти пригнічених ворогів, {suppression:%s} пригнічення та {recoil_reduction:%s} зменшення віддачі після вбивства на близькій відстані."
loc_trait_bespoke_reduced_heat_on_continuous_charge,Оптимізоване охолодження
loc_trait_bespoke_reduced_heat_on_continuous_desc,"Збільшена швидкість заряду, що зростає обернено до рівня перегріву."
loc_trait_bespoke_reduced_overheat_on_crits,Сфокусоване охолодження
loc_trait_bespoke_reduced_overheat_on_crits_desc,{heat_percentage:%s} генерації жару при критичному ударі.
loc_trait_bespoke_regain_toughness_on_multiple_hits_by_weapon_special,Сифон
loc_trait_bespoke_regain_toughness_on_multiple_hits_by_weapon_special_desc,"Якщо атакою вражено щонайменше 3 ворогів під час активної спеціальної дії зброї, відновлює {toughness:%s} щитів."
loc_trait_bespoke_reload_speed_on_dodge,Швидкозарядник
loc_trait_bespoke_reload_speed_on_dodge_desc,{reload_speed:%s} швидкість перезаряджання після ухилення протягом {time:%s} секунд.
loc_trait_bespoke_reload_speed_on_ranged_weapon_special_kill,Обидва стволи
loc_trait_bespoke_reload_speed_on_ranged_weapon_special_kill_desc,Вбивство ворога пострілом з обох стволів робить наступну перезарядку на {reload_speed:%s} швидшою.
loc_trait_bespoke_reload_speed_on_slide,Швидкозаряд
loc_trait_bespoke_reload_speed_on_slide_desc,{reload_speed:%s} швидкість перезаряджання протягом {time:%s} секунд після вбивства на близькій відстані. Накопичується до {stacks:%s} разів.
loc_trait_bespoke_rend_armor_on_aoe_charge,Розривна хвиля
loc_trait_bespoke_rend_armor_on_aoe_charge_desc,"Ціль отримує до {stacks:%s} стеків {rending:%s} крихкості, що зростає залежно від часу заряду вторинної атаки. Ослаблення триває {time:%s} с і може мати максимум {max_stacks:%s} стеків."
loc_trait_bespoke_rend_armor_on_charged_shots,Бронебійність
loc_trait_bespoke_rend_armor_on_charged_shots_desc,"Додає {min_stack_count:%s}-{max_stack_count:%s} стеків по 2,5% крихкості до уражених ворогів, залежно від рівня заряду."
loc_trait_bespoke_rending_on_backstabs,Безжальний удар у спину
loc_trait_bespoke_rending_on_backstabs_desc,{rending:%s} розривання при ударі у спину.
loc_trait_bespoke_rending_on_crit,Ручна гармата
loc_trait_bespoke_rending_on_crit_desc,{rend:%s} розривання при критичному ударі.
loc_trait_bespoke_shot_power_bonus_after_weapon_special_cleave,Каральний вогонь
loc_trait_bespoke_shot_power_bonus_after_weapon_special_cleave_desc,{power_level:%s} бонус сили до дистанційної атаки протягом {time:%s} секунд після розтину кількох ворогів спеціальною атакою твоєї зброї.
loc_trait_bespoke_stacking_crit_bonus_on_continuous_fire,Кавалькада
loc_trait_bespoke_stacking_crit_bonus_on_continuous_fire_desc,{crit_chance:%s} шанс критичного удару за кожні {ammo:%s} витрачені з магазину під час безперервного вогню. Накопичується до {stacks:%s} разів.
loc_trait_bespoke_stacking_increase_impact_on_hit,Молотобій
loc_trait_bespoke_stacking_increase_impact_on_hit_desc,{impact:%s} ударна сила протягом {time:%s} секунд при влучанні. Накопичується до {stacks:%s} разів.
loc_trait_bespoke_stacking_power_bonus_on_staggering_enemies,Пригнічувальний вогонь
loc_trait_bespoke_stacking_power_bonus_on_staggering_enemies_desc,"{power_level:%s} сила за кожного ворога, збитого з рівноваги. Накопичується до {stacks:%s} разів."
loc_trait_bespoke_stacking_rending_on_cleave,Лезовий імпульс
loc_trait_bespoke_stacking_rending_on_cleave_desc,Ураження кількох ворогів одним розмахом надає {rending:%s} розривання протягом {time:%s} секунд. Накопичується до {stacks:%s} разів.
loc_trait_bespoke_stacking_rending_on_one_hit_kills,Обезголовлювач
loc_trait_bespoke_stacking_rending_on_one_hit_kills_desc,{finesse:%s} майстерність протягом {time:%s} с після миттєвого вбивства ворога. Накопичується до {stacks:%s} разів.
loc_trait_bespoke_stacking_rending_on_weakspot,Надприродний удар
loc_trait_bespoke_stacking_rending_on_weakspot_desc,{rending:%s} розривання при влучанні у вразливе місце ворога протягом {time:%s} с. Накопичується до {stacks:%s} разів.
loc_trait_bespoke_stagger_count_bonus_damage,Без пощади
loc_trait_bespoke_stagger_count_bonus_damage_desc,"До {damage:%s} шкоди при влучанні по збитому з рівноваги ворогу, збільшується зі ступенем збивання."
loc_trait_bespoke_staggered_targets_receive_increased_damage_debuff,Череполам
loc_trait_bespoke_staggered_targets_receive_increased_damage_debuff_desc,"Ціль отримує {stacks:%s} стек(и) {damage:%s} шкоди, якщо вже збита з рівноваги. Триває {time:%s} с."
loc_trait_bespoke_staggered_targets_receive_increased_stagger_debuff,Громовий удар
loc_trait_bespoke_staggered_targets_receive_increased_stagger_debuff_desc,"Ціль отримує {stacks:%s} стек(и) {impact:%s} ударної сили, якщо вже збита з рівноваги. Триває {time:%s} с."
loc_trait_bespoke_staggering_hits_has_chance_to_stun,Переважна сила
loc_trait_bespoke_staggering_hits_has_chance_to_stun_desc,Збивання ворога з рівноваги має {chance:%s} шанс оглушити його. Перезарядження {cooldown:%s}.
loc_trait_bespoke_suppression_negation_on_weakspot,Між очі
loc_trait_bespoke_suppression_negation_on_weakspot_desc,Отримуєш невразливість до пригнічення протягом {time:%s} с після влучання у вразливе місце.
loc_trait_bespoke_suppression_on_close_kill,Жахливий обстріл
loc_trait_bespoke_suppression_on_close_kill_desc,Пригнічує ворогів у радіусі {range:%s} після вбивства на близькій відстані.
loc_trait_bespoke_suppression_on_continuous_fire,Невпинний обстріл
loc_trait_bespoke_suppression_on_continuous_fire_desc,{suppression:%s} пригнічення та {damage_vs_suppressed} шкода проти пригнічених ворогів за кожні {ammo:%s} витрачені з магазину під час безперервного вогню. Накопичується до {stacks:%s} разів.
loc_trait_bespoke_targets_receive_rending_debuff,Громовий
loc_trait_bespoke_targets_receive_rending_debuff_desc,Удар по ворогу накладає на нього {stacks:%s} стеків {rending:%s} крихкості. Ослаблення триває {time:%s} с і може мати максимум {max_stacks:%s} стеків.
loc_trait_bespoke_taunt_target_on_hit,Провокуючий удар
loc_trait_bespoke_taunt_target_on_hit_desc,Уражені вороги починають пріоритетно цілитись у тебе.
loc_trait_bespoke_toughness_on_close_range_kills,Народжений у крові
loc_trait_bespoke_toughness_on_close_range_kills_desc,{toughness:%s} щитів після вбивства на близькій відстані.
loc_trait_bespoke_toughness_on_continuous_fire,Натхненний обстріл
loc_trait_bespoke_toughness_on_continuous_fire_alternative,Натхненний обстріл
loc_trait_bespoke_toughness_on_continuous_fire_alternative_desc,{toughness:%s} щитів за кожен постріл під час безперервного вогню. Накопичується до {stacks:%s} разів.
loc_trait_bespoke_toughness_on_continuous_fire_desc,{toughness:%s} щитів за кожні {ammo:%s} витрачені з магазину під час безперервного вогню. Накопичується до {stacks:%s} разів.
loc_trait_bespoke_toughness_on_crit_kills,Заспокійливо точний
loc_trait_bespoke_toughness_on_crit_kills_desc,{toughness:%s} щитів після вбивства критичним ударом.
loc_trait_bespoke_toughness_on_elite_kills,Мисливець за славою
loc_trait_bespoke_toughness_on_elite_kills_desc,{toughness:%s} щитів після вбивства елітного ворога.
loc_trait_bespoke_toughness_on_hit_based_on_charge_time,Повільний і впевнений
loc_trait_bespoke_toughness_on_hit_based_on_charge_time_desc,"Відновлює {toughness:%s} щитів при влучанні потужною атакою, залежно від часу заряду."
loc_trait_bespoke_toughness_recovery_on_chained_attacks,Упевнений удар
loc_trait_bespoke_toughness_recovery_on_chained_attacks_desc,{toughness:%s} щитів при серії ударів.
loc_trait_bespoke_toughness_recovery_on_multiple_hits,Імпульс
loc_trait_bespoke_toughness_recovery_on_multiple_hits_desc,"Якщо атакою вражено щонайменше {multiple_hit:%s} ворогів, відновлює {toughness:%s} щитів."
loc_trait_bespoke_toughness_regen_on_punching_elites,Без сміливості — без слави
loc_trait_bespoke_toughness_regen_on_punching_elites_desc,{toughness:%s} відновлення щитів за секунду протягом {time:%s} с після влучання спеціальною дією по елітному ворогу.
loc_trait_bespoke_uninterruptable_while_charging,Сфокусований потік
loc_trait_bespoke_uninterruptable_while_charging_and_movement_desc,"Твою вторинну атаку не можна перервати, і вона зменшує штраф до швидкості руху під час вторинної атаки на {reduction:%s}."
loc_trait_bespoke_uninterruptable_while_charging_desc,Твою вторинну атаку не можна перервати.
loc_trait_bespoke_vent_warp_charge_on_multiple_hits,Вбивчий спокій
loc_trait_bespoke_vent_warp_charge_on_multiple_hits_desc,Влучання щонайменше по {multiple_hit:%s} ворогах однією атакою знижує {warp_charge:%s} перегрів.  
loc_trait_bespoke_warp_burninating_on_crit,Палаючий дух
loc_trait_bespoke_warp_burninating_on_crit_desc,"Ворог отримує {stacks:%s} стек(и) душеполум’я при критичному ударі, максимум {max_stacks:%s} стеків."
loc_trait_bespoke_warp_charge_power_bonus,Нестабільна сила
loc_trait_bespoke_warp_charge_power_bonus_desc,"До {power_level:%s} сили, що зростає зі збільшенням перегріву."
loc_trait_bespoke_warpfire_burn_on_crit,Палаючий дух
loc_trait_bespoke_warpfire_burn_on_crit_desc,Ворог отримує {stacks:%s} стеків душеполум’я при критичному ударі.
loc_trait_bespoke_weakspot_bonus_on_activated_attacks,Експлуатація слабкості
loc_trait_bespoke_weakspot_bonus_on_activated_attacks_desc,{damage:%s} шкода при влучанні спеціальною дією у вразливе місце.
loc_trait_bespoke_weakspot_damage_bonus_on_pushed_enemies,Замахнись
loc_trait_bespoke_weakspot_damage_bonus_on_pushed_enemies_desc,{damage:%s} шкода по вразливих місцях протягом {time:%s} секунд після відштовхування ворога.
loc_trait_bespoke_weakspot_projectile_hit_increases_reload_speed,Рефлекс стрільця
loc_trait_bespoke_weakspot_projectile_hit_increases_reload_speed_desc,{reload_speed:%s} швидкість перезаряджання протягом {duration:%s} після влучання снарядом у вразливе місце.
loc_trait_bespoke_weakspot_stacking_crit_chance,Мисливець за головами
loc_trait_bespoke_weakspot_stacking_crit_chance_desc,{crit_chance:%s} шанс критичного удару при влучанні у вразливе місце до наступного критичного удару. Накопичується до {stacks:%s} разів.
loc_trait_bespoke_weapon_special_power_bonus_after_one_shots,Розширення
loc_trait_bespoke_weapon_special_power_bonus_after_one_shots_desc,{power_level:%s} сила у ближньому бою протягом {time:%s} с після влучання дистанційною атакою у 3+ ворогів.
loc_trait_bespoke_wind_slash_crits,Розсічення варпу  
loc_trait_bespoke_wind_slash_crits_desc,Гарантований активований критичний удар. Перезарядження {cooldown:%s}с.  
loc_trait_gadget_dr_vs_bursters_desc,{damage_reduction:%s} опір шкоді (чумовибухачі)
loc_trait_gadget_dr_vs_flamer_desc,{damage_reduction:%s} опір шкоді (палії)
loc_trait_gadget_dr_vs_grenadiers_desc,{damage_reduction:%s} опір шкоді (бомбери)
loc_trait_gadget_dr_vs_gunners_desc,{damage_reduction:%s} опір шкоді (стрільці)
loc_trait_gadget_dr_vs_hounds_desc,{damage_reduction:%s} опір шкоді (чумні гончі)
loc_trait_gadget_dr_vs_mutants_desc,{damage_reduction:%s} опір шкоді (мутанти)
loc_trait_gadget_dr_vs_snipers_desc,{damage_reduction:%s} опір шкоді (снайпери)
loc_trait_gadget_health_increase_desc,{max_health_modifier:%s} макс. здоров’я
loc_trait_gadget_mission_credits_increase_desc,{mission_reward_credit_modifier:%s} ордо кредитів (нагорода за місію)
loc_trait_gadget_mission_reward_gear_instead_of_weapon_increase_desc,{mission_reward_gear_instead_of_weapon_modifier:%s} шансу отримати релікію після місії (замість зброї)
loc_trait_gadget_mission_xp_increase_desc,{mission_reward_xp_modifier:%s} досвіду
loc_trait_gadget_toughness_increase_desc,{toughness_bonus:%s} щитів
loc_trait_melee_common_wield_increase_attack_desc,{damage:%s} шкоди у ближньому бою
loc_trait_melee_common_wield_increase_attack_speed_desc,{attack_speed:%s} швидкості атаки у ближньому бою
loc_trait_melee_common_wield_increase_critical_hit_chance_desc,{crit_chance:%s} шансу критичного удару у ближньому бою
loc_trait_melee_common_wield_increase_elite_enemy_damage_desc,{damage:%s} шкоди у ближньому бою (по еліті)
loc_trait_melee_common_wield_increase_finesse_modifier_desc,{finesse_modifier:%s} вправності
loc_trait_melee_common_wield_increase_horde_enemy_damage_desc,"{damage:%s} шкоди у ближньому бою (хрипуни, чумоходці)"
loc_trait_melee_common_wield_increase_monster_enemy_damage_desc,{damage:%s} шкоди у ближньому бою (потвори)
loc_trait_melee_common_wield_increase_power_modifier_desc,{power_mod:%s} сили
loc_trait_melee_common_wield_increase_roaming_enemy_damage_desc,{damage:%s} збільшення шкоди у ближньому бою (блукачі)
loc_trait_melee_common_wield_increase_special_enemy_damage_desc,{damage:%s} збільшення шкоди у ближньому бою (спеціалісти)
loc_trait_melee_common_wield_increase_stamina_desc,{stamina:%s} витривалості
loc_trait_melee_common_wield_increase_weakspot_damage_desc,{weakspot_damage:%s} шкоди у ближньому бою по вразливих місцях
loc_trait_melee_common_wield_increased_armored_damage_desc,{damage:%s} шкоди (по флак броні)
loc_trait_melee_common_wield_increased_berserker_damage_desc,{damage:%s} шкоди (по скаженим)
loc_trait_melee_common_wield_increased_disgustingly_resilient_damage_desc,{damage:%s} шкоди (по інфікованих ворогах)
loc_trait_melee_common_wield_increased_impact_desc,{impact_power:%s} ударному імпульсу (ближній бій)
loc_trait_melee_common_wield_increased_resistant_damage_desc,{damage:%s} шкоди (по непохитних ворогах)
loc_trait_melee_common_wield_increased_super_armor_damage_desc,{damage:%s} шкоди (по панцерній броні)
loc_trait_melee_common_wield_increased_unarmored_damage_desc,{damage:%s} шкоди (по ворогах без броні)
loc_trait_melee_common_wield_reduce_block_cost_desc,{reduced_block_cost:%s} ефективності блоку
loc_trait_melee_common_wield_wield_increase_critical_strike_damage_desc,{crit_damage:%s} критичної шкоди у ближньому бою
loc_trait_ranged_common_wield_armored_damage_desc,{damage:%s} шкоди (по флак броні)
loc_trait_ranged_common_wield_berserker_damage_desc,{damage:%s} шкоди (по скаженим)
loc_trait_ranged_common_wield_disgustinglyresilient_damage_desc,{damage:%s} шкоди (по інфікованим ворогах)
loc_trait_ranged_common_wield_increase_attack_desc,{damage:%s} шкоди дальнього бою
loc_trait_ranged_common_wield_increase_crit_chance_desc,Збільшує шанс критичного удару дальнього бою на {crit_chance:%s}
loc_trait_ranged_common_wield_increase_elite_enemy_damage_desc,{damage:%s} шкоди дальнього бою (по еліті)
loc_trait_ranged_common_wield_increase_finesse_modifier_desc,{finesse_modifier:%s} вправності
loc_trait_ranged_common_wield_increase_horde_enemy_damage_desc,"{damage:%s} шкоди дальнього бою (хрипуни, чумоходці)"
loc_trait_ranged_common_wield_increase_monster_enemy_damage_desc,{damage:%s} шкоди дальнього бою (потвори)
loc_trait_ranged_common_wield_increase_power_modifier_desc,{power_mod:%s} сили
loc_trait_ranged_common_wield_increase_reload_speed_desc,{reload_speed:%s} швидкості перезарядки
loc_trait_ranged_common_wield_increase_roaming_enemy_damage_desc,{damage:%s} збільшення шкоди дальнього бою (блукачі)
loc_trait_ranged_common_wield_increase_special_enemy_damage_desc,{damage:%s} шкоди дальнього бою (спеціалісти)
loc_trait_ranged_common_wield_increase_stamina_desc,{stamina:%s} витривалості (під час активної зброї)
loc_trait_ranged_common_wield_increase_weakspot_damage_desc,{weakspot_damage:%s} шкоди дальнього бою по вразливих місцях
loc_trait_ranged_common_wield_resistant_damage_desc,{damage:%s} шкоди (по непохитних ворогах)
loc_trait_ranged_common_wield_superarmor_damage_desc,{damage:%s} шкоди (по панцерній броні)
loc_trait_ranged_common_wield_unarmored_damage_desc,{damage:%s} шкода (по ворогах без броні)
loc_trait_ranged_common_wield_wield_increase_critical_strike_damage_desc,{crit_damage:%s} критичної шкоди дальнього бою
loc_trinket_10a,Молитовні дзвіночки
loc_trinket_10a_desc,"Багато послідовників учення святої Месселіни носять із собою такі тендітні молитовні дзвіночки. Для потайних завдань вони, щоправда, не надто підходять."
loc_trinket_10d,Інквізиторський медальйон
loc_trinket_10d_desc,"Часто здобутий на знак доблесті, хоча інколи просто виміняний на кращий флак-кітель."
loc_trinket_11,Золотий Демоноборець
loc_trinket_11_desc,Нагорода на честь 1-ї Манкуніоанської кампанії.
loc_trinket_11b,Канідовий кістяний фетиш
loc_trinket_11b_desc,"Попри те, що жоден не стане публічно заперечувати Імперське Кредо, деякі традиції не зламати. Кажуть, цей простий амулет приносить талан."
loc_trinket_11d,Знак Порушника
loc_trinket_11d_desc,"Покута — істинний шлях доброчесного, бо кожен мусить просити прощення в очах Бог-Імператора."
loc_trinket_12d,Слізка святої
loc_trinket_12d_desc,"Прозора рідина, яку ледь видно крізь тьмяне, подряпане скляне горнятко, за переказами є зібраними слізьми святої Месселіни, коли вона стала свідком знищення Комаріса."
loc_trinket_13a,Благословення Відплати
loc_trinket_13a_desc,"Написане Архі-кардиналом із Круцису, це благословення нібито наділяє носія силою знищувати будь-яких єретиків, яких той зустріне."
loc_trinket_13b,Сталевий череп Моебія
loc_trinket_13b_desc,Ця маленька металева дрібничка блимає на світлі в неприродний спосіб.
loc_trinket_13d,Мандрівний табернакль
loc_trinket_13d_desc,"Мініатюрне переносне молитовне святилище. Хто знає, коли може знадобитися?"
loc_trinket_14a,Кядді благословенних сувоїв
loc_trinket_14a_desc,"Ідеально, щоб тримати улюблену молитву чи сувій посвяти сухими й під рукою."
loc_trinket_14b,Медальйон рядового
loc_trinket_14b_desc,"Виготовлений грубо, вочевидь недосвідченими руками. Хоча має певний шарм."
loc_trinket_14c,Скринька для письма
loc_trinket_14c_desc,"Всередині — складений пергамент із молитвою святій Месселіні, що благає про безпеку когось на ім’я Бірон. Підписано: «OZ»."
loc_trinket_14d,Офіцерський брак
loc_trinket_14d_desc,"Чи була вона знайдена після того, як її викинули, чи викрадена під час хитромудрого пограбування — лишається лише здогадуватись."
loc_trinket_15a,Кидальні Кості
loc_trinket_15a_desc,Такі кості використовують у азартних іграх у бічних провулках та сумнівних закладах Карнавалу. Багато з них виготовлено власноруч із будь-якого доступного матеріалу.
loc_trinket_15b,Реліквія Третьої війни
loc_trinket_16a,Брама Вистоїть
loc_trinket_16a_desc,"Цей символ сили й непокори загрозі Хаосу втілює кадійську міць, що зробила полк гордістю Астра Мілітарум."
loc_trinket_17b,Плазмовий контейнер
loc_trinket_18a,Талісман Коронуса
loc_trinket_19c,Орнамент Гребеня Вейн
loc_trinket_19c_desc,Пам’ятна річ із левоголовим знаком родини Вейн.
loc_trinket_1a,Тягар Охоронця
loc_trinket_1a_desc,"Заспокійлива вага й часом болісний укол шипуватого кінця створені для того, щоб нагадувати оперативникові про тягар, який він несе — захищати громадян Атоми."
loc_trinket_1c,Пісочний годинник Етерніс
loc_trinket_1c_desc,"«Час — найцінніший дарунок вояка.
Автор невідомий»"
loc_trinket_1d,Золотий талісман
loc_trinket_1d_desc,"«Ніколи не вгадаєш, що кому впаде в око. Головне, щоб платили — а решта байдуже.
— “Брант” Сернік»"
loc_trinket_21a,Щурячий хвіст із стоків  
loc_trinket_2a,Талісман удачі Ґірінкса
loc_trinket_2a_desc,"«Безглуздий звичай, без сумніву запозичений у якихось підступних ксеносів. Але якщо він підтримує бойовий дух… то хай буде.
Капітан Стракер, 61-й Моебіанський»"
loc_trinket_2b,Череп Пильності
loc_trinket_2b_desc,"Невідомо, за чим цей череп стежить — і для кого."
loc_trinket_2c,Розарій Інквізиторіус
loc_trinket_2c_desc,"Немає більшого знака влади, окрім самого Золотого Трону. Отже, ймовірно, її просто вкрали."
loc_trinket_2d,Оссуарний талісман
loc_trinket_2d_desc,"«Нема такої зброї, яку не можна поліпшити, начепивши на неї більше черепів».
Приписується коммодору Галловетті"
loc_trinket_3c,Кіготь крилохижа
loc_trinket_3c_desc,"Цей вид птахів балансує на межі винищення. Невідомо, чи сприяють цьому такі трофеї."
loc_trinket_3d,Золота Зірка
loc_trinket_3d_desc,Медальйон на честь мученицької смерті святої Месселіни та Екстермінатуса Комаріса.
loc_trinket_4a,Крилатий Обов’язок
loc_trinket_4a_desc,"«Дивно, скільки болотяних туполапів мріють навчитися літати?
Лейтенант Масозі»"
loc_trinket_4b,Голова Аквіли
loc_trinket_4b_desc,"Ймовірно, відрубана з лекторальної кафедри якогось адепта. Забобони штовхають на дивні проступки."
loc_trinket_4c,Круцис Ґлоріана
loc_trinket_4c_desc,Опертя для побожних навіть у найтемніші дні.
loc_trinket_5a,Талісман «Щасливі пальці»
loc_trinket_5a_desc,"Колишньому власникові вони щастя не принесли, але фортуна — примхлива пані."
loc_trinket_5c,Тотем набоїв
loc_trinket_5c_desc,"«Усе, що мені треба, бачиш, — знайти кулю з моїм ім’ям, припнути її ланцюгом, і тоді я піду звідси назавжди, ясно?
Рядовий Макрейн (загиблий)»"
loc_trinket_5d,Око Омнісії
loc_trinket_5d_desc,"«Слідча Золо. Я не потерплю подальших крадіжок від тих паразитів, що нібито під твоїм командуванням. Мене зрозуміли?
Хадрона Омега-7-7»"
loc_trinket_6b,Пальці Відьми
loc_trinket_6b_desc,"Дивний амулет для побожного… хоча неможливо сказати, чи справді вони колись належали відьмі."
loc_trinket_7a,Перпетуум Механікус
loc_trinket_7a_desc,"«Нехай задзвонить! Розкрий покров кола й механізму. Бо нині — година руху.
Із Гімнів Пробудження»"
loc_trinket_7b,Хлам Архео-Механікусу
loc_trinket_7b_desc,"Якийсь уламок машини. Уже не працює, зате досить блискучий, щоб привернути око вигнанця."
loc_trinket_7d,Сяйносфера
loc_trinket_7d_desc,"Може, технологія. Може, й ні. Для тебе це — добрий знак… а за скрути може й виплата за пайок."
loc_trinket_8c,Знак Першонароджених
loc_trinket_8c_desc,"Кажуть, що це вручали моебіанським новобранцям шляхетного походження."
loc_trinket_8d,Латунний Круцис
loc_trinket_8d_desc,"Опертя для тих, хто має мало статків. Старші священики віддають перевагу діамантину чи золоту."
loc_trinket_9c,Священна Тріада
loc_trinket_9c_desc,"Для тих, хто хоче підстрахуватися — чому б не мати одразу пучок талісманів удачі?"
loc_twins_rank_01,Уцілілий Ортуса
loc_twins_rank_01_desc,Виконай місію «Ортусська операція» на будь-якому рівні Загрози.
loc_twins_rank_02,Ветеран Ортуса
loc_twins_rank_02_desc,Виконай місію «Ортусська операція» на рівні Загрози «Прокляття».
loc_twins_rank_03,Чемпіон Ортуса
loc_twins_rank_03_desc,Виконай місію «Ортусська операція» на рівні Загрози «Прокляття» після активації секретного складного режиму.
loc_unarmed,Без зброї
loc_unarmed_desc,"Обери, щоб спорядити зброю."
loc_unarmed_training,loc_unarmed_training
loc_unarmed_training_desc,loc_unarmed_training_desc
loc_unused_trinket,Талісман
loc_unused_trinket_desc,++DILIGENCE IS DUTY++
loc_valhalla_headgear_a_var_01,Головна пов’язка (камуфляж «Айс Морн»)
loc_valhalla_headgear_a_var_01_desc,"Від ворожого вогню вона мало що вбереже, але бодай стримає найгірший холод."
loc_valhalla_helmet_a_var_02,Привласнений флак-шолом (Ваді)
loc_valhalla_helmet_a_var_04,Привласнений флак-шолом
loc_valhalla_helmet_a_var_04_desc,"Невідомо, де ти дістав цю реліквію. Видно, що її колись активно використовували — хоча, мабуть, дуже давно."
loc_valhalla_helmet_a_var_05,Привласнений флак-шолом (Бойова Тінь Темнолісу)
loc_valhalla_helmet_a_var_06,Привласнений флак-шолом (Палена сірка)
loc_valhalla_side_cap_a_var_01,Польова кепі «Крижані Пустки»
loc_valhalla_side_cap_a_var_01_desc,"Стандартна військова кепі, популярна серед полків Вальгалли."
loc_valhalla_side_cap_a_var_05,Екстравагантна кепі у військовому стилі
loc_valhalla_side_cap_a_var_05_desc,"Надзвичайно малоймовірно, що будь-який полк Астра Мілітарум виготовив би чи затвердив таку показну річ. Це напевне з особистої збірки якогось шляхтича. Хто знає, як вона тут опинилась?"
loc_valhalla_tactical_cap_01_a_var_01,Тактична кепі (камуфляж «Ініймороз»)
loc_valhalla_tactical_cap_01_a_var_01_desc,"Практична кепі, що стримує найгірший зимовий холод."
loc_valhallan_ice_warriors_01_var_02,Зимова кепі (камуфляж «Ваді»)
loc_valhallan_ice_warriors_01_var_02_desc,Мехове підбиття цієї кепі — благословення Бог-Імператора під час холодних нічних варт.
loc_valhallan_ice_warriors_02_var_01,Ваконська зимова шапка (Крижана скорбота)
loc_valhallan_ice_warriors_02_var_02,Ваконська зимова шапка (Камуфляж Нічна Тінь Круцису)
loc_valhallan_ice_warriors_02_var_03,Ваконська зимова шапка (Ваді)
loc_valhallan_ice_warriors_02_var_04,Ваконіанська зимова кепі
loc_valhallan_ice_warriors_02_var_04_desc,"Її носили Моебіанські, Ноктанські та Вальгалльські полки під час жорстоких боїв Ваконіанських зимових війн."
loc_veteran_athonian_tunnel_rats_lowerbody_a_var_01,Повзунці Каналів
loc_veteran_athonian_tunnel_rats_upperbody_a_var_01,Польовий Комплект 98-го Атонського Полку
loc_veteran_beta_headgear_01,Шолом авангарду Розвідувальної роти «Бета»
loc_veteran_beta_headgear_01_desc,"Шоломів роти «Бета» багато, але цей — твій. Зроби його щасливим."
loc_veteran_career_01_lvl_01_set_01,Рекрут Вен «Катвовчар» Дула
loc_veteran_career_01_lvl_01_set_01_desc,"Мало хто з людей виживає в найогидніших ямах-бійцівках Атоми Прайм, але Дула вижив. Він навіть надто охоче розповідає, як убив каттельського катвовчара."
loc_veteran_career_01_lvl_03_headgear_set_01,Вокс-ремінь Кантраель Мк ІІ
loc_veteran_career_01_lvl_03_headgear_set_01_desc,Стандартне комунікаційне спорядження.
loc_veteran_career_01_lvl_03_headgear_set_02,Ком-система Hyrmes III Вокс-ремінь
loc_veteran_career_01_lvl_03_headgear_set_02_desc,"У деяких найбільш уражених районах Тертіума ти можеш помітити, як у ком-обладнання просочуються шепітні слова. Це не має тривожити. Не зважай на них, бо вони прагнуть лише зіпсуття."
loc_veteran_career_01_lvl_03_headgear_set_03,Стандартне комунікаційне спорядження Navis Imperialis
loc_veteran_career_01_lvl_03_headgear_set_03_desc,"На щастя, твоє додаткове навчання роботі з ком-обладнанням виявилось значно кориснішим, ніж підготовка бойового медика."
loc_veteran_career_01_lvl_04_headgear_set_01,Вокс-ремінь Кантраель Мк ІІ (модифікований)
loc_veteran_career_01_lvl_04_headgear_set_01_desc,"Маска на обличчі навряд чи сприяє чіткому зв’язку — мабуть, так і задумано?"
loc_veteran_career_01_lvl_04_headgear_set_02,Ком-система вокс-ремінь Навіс Імперіаліс «Іус»
loc_veteran_career_01_lvl_04_headgear_set_02_desc,"Планування, тіснота й різноманітні будівельні матеріали Вулику можуть справжнім чином калічити роботу воксового обладнання."
loc_veteran_career_01_lvl_04_headgear_set_03,Комунікаційне спорядження Навіс Імперіаліс «Астроком»
loc_veteran_career_01_lvl_04_headgear_set_03_desc,Гарнітура класу Інструктора Ветеранів із лицевою маскою. Частина косметичного комплекту четвертого рангу. Міська колірна схема.
loc_veteran_career_01_lvl_04_headgear_set_04,Стандартний Вокс-ремінь Мілітарум
loc_veteran_career_01_lvl_04_headgear_set_04_desc,"Коли накази небажані, просто заяви про несправність вокс-комунікації й згенеруй трохи шиплячого шуму."
loc_veteran_career_01_lvl_04_headgear_set_05,veteran_career_01_lvl_04_headgear_set_05
loc_veteran_career_01_lvl_04_headgear_set_05_desc,Гарнітура класу Інструктора Ветеранів із лицевою маскою. Частина косметичного комплекту четвертого рангу. Колірна схема Інквізиції.
loc_veteran_career_01_lvl_05_headgear_set_01,Респіратор Грайя Мк ІІa
loc_veteran_career_01_lvl_05_headgear_set_01_desc,"Негарний на вигляд, але свою роботу робить."
loc_veteran_career_01_lvl_05_headgear_set_02,Респіратор Антакс Мк ІІІ
loc_veteran_career_01_lvl_05_headgear_set_02_desc,Гарнітура класу Інструкторів Ветеранів із військовим респіратором. Частина косметичного комплекту п’ятого рангу. Колірна схема Марса.
loc_veteran_career_01_lvl_05_headgear_set_03,Респіратор Антакс Мк v
loc_veteran_career_01_lvl_05_headgear_set_03_desc,Кілька ударів і добірна лайка — і дух машини всередині цієї гарнітури знову мотивований.
loc_veteran_career_01_lvl_05_headgear_set_04,Респіратор токсвіт Хаеронея Мк i
loc_veteran_career_01_lvl_05_headgear_set_04_desc,"Достатньо потужний, щоб заглушити запах Оґрина? Оце вже добрий респіратор…"
loc_veteran_career_02_lvl_01_set_01,Рядовий Драні Ворр
loc_veteran_career_02_lvl_01_set_01_desc,"Постріл у голову, тіло чи ногу — Ворру байдуже, аби тільки ворога поклало. Виживання не нагороджує стилем."
loc_veteran_career_02_lvl_03_headgear_set_01,Панцирний шолом наглядача Грайя Мк Ivb
loc_veteran_career_02_lvl_03_headgear_set_01_desc,"Дизайн, знаний радше міцністю, ніж зручністю."
loc_veteran_career_02_lvl_03_headgear_set_02,Карапакс-шолом Навіс Імперіаліс «Керулеан»
loc_veteran_career_02_lvl_03_headgear_set_02_desc,"Іноді здається, що статичний шум вокса звертається до тебе майже зрозумілими словами…"
loc_veteran_career_02_lvl_03_headgear_set_03,Шолом абордажної партії Навіс Імперіаліс
loc_veteran_career_02_lvl_03_headgear_set_03_desc,"Жодна кількість натирання й чистки не зробить цей шолом цілком чистим, але зараз він принаймні кращий, ніж був."
loc_veteran_career_02_lvl_03_headgear_set_04,Кампанійний шолом Навіс Імперіаліс Мк V
loc_veteran_career_02_lvl_03_headgear_set_04_desc,"Попередній власник лишив у ньому часточку себе, але, на щастя, воно випралось."
loc_veteran_career_02_lvl_03_headgear_set_05,"Панцерний шолом, виданий Конклавом"
loc_veteran_career_02_lvl_03_headgear_set_05_desc,«Шолом на — голова на» — поширений вислів у безлічі полків Домініону Моебії.
loc_veteran_career_02_lvl_04_headgear_set_01,Панцирний шолом наглядача Грайя Мк Іvc
loc_veteran_career_02_lvl_04_headgear_set_01_desc,"Забезпечує практичний захист, хоч і значно важчий за схожі зразки."
loc_veteran_career_02_lvl_04_headgear_set_02,Шолом наглядача Антакс Мк ix
loc_veteran_career_02_lvl_04_headgear_set_02_desc,"«У шоломах ми всі однакові» — думка водночас і втішна, і тривожна."
loc_veteran_career_02_lvl_04_headgear_set_03,Шолом наглядача Кантраель Мк ІІ
loc_veteran_career_02_lvl_04_headgear_set_03_desc,"Ти додав своє ім’я до списку тих, що вже нашкрябані всередині цього шолома."
loc_veteran_career_02_lvl_04_headgear_set_04,Шолом наглядача Кантраель Мк Іva
loc_veteran_career_02_lvl_04_headgear_set_04_desc,Між кривавими бризками та хворобними ворогами захист лицевого щита справді стає у пригоді.
loc_veteran_career_02_lvl_04_headgear_set_05,veteran_career_02_lvl_04_headgear_set_05
loc_veteran_career_02_lvl_04_headgear_set_05_desc,Шолом Ветерана-стрільця з лицевою маскою. Частина косметичного комплекту четвертого рангу. Колірна схема Інквізиції.
loc_veteran_career_02_lvl_05_headgear_set_01,Панцирний шолом наглядача Грайя Мк Іve
loc_veteran_career_02_lvl_05_headgear_set_01_desc,Інтегрований респіратор у шоломі створює клаустрофобний ефект.
loc_veteran_career_02_lvl_05_headgear_set_02,Тактичний шолом випуск-конклав Антакс Мк ІІІ
loc_veteran_career_02_lvl_05_headgear_set_02_desc,Замкнений наглухо та герметично!
loc_veteran_career_02_lvl_05_headgear_set_03,Тактичний шолом Антакс Мк vІІ
loc_veteran_career_02_lvl_05_headgear_set_03_desc,"Найкращий респіратор із тих, що ти коли-небудь мав. Ти ледь відчуваєш смак забрудненого й отруйного повітря, яким дихаєш."
loc_veteran_career_02_lvl_05_headgear_set_04,Тактичний шолом токсвіт Хаеронея Мк ІІІb
loc_veteran_career_02_lvl_05_headgear_set_04_desc,Максимальний захист? Так. Спітніло й затхло всередині? Також так.
loc_veteran_career_prisoner_01_lvl_03_headgear_var_01,Окуляри Спектрус-6 «Окопний рейдер»
loc_veteran_career_prisoner_01_lvl_03_headgear_var_01_desc,Ці спеціальні лінзи захищають очі від усього — від плазмових горінняів-спалахів до ультрафіолетових радіаційних хвиль. Хоч інколи вони все ж запотівають…
loc_veteran_career_prisoner_01_lvl_04_headgear_var_01,Кашкет гарнізону Муніторум Мк ІІІ 
loc_veteran_career_prisoner_01_lvl_04_headgear_var_01_desc,"У шоломі було б безпечніше, але значно менш стильно."
loc_veteran_career_prisoner_01_lvl_05_headgear_var_01,Шолом Кріґа з Респіратором Мк VI Зельт
loc_veteran_career_prisoner_01_lvl_05_headgear_var_01_desc,Шолом Кріґа з траншейними окулярами та Респіратором МкVI
loc_veteran_christmas_headgear_01,"Шолом варти святині, рота «Альфа»"
loc_veteran_christmas_headgear_01_desc,"«І в той день хай засяє істина, і хай усі невірні падуть перед тобою»."
loc_veteran_death_korps_of_krieg_lowerbody_01_var_01,"Побитий, вм’ятини всюди — але все ще цілком працездатний. Те саме можна сказати й про сам шолом."
loc_veteran_death_korps_of_krieg_lowerbody_01_var_01_desc,Приготований до окопної війни: посилені наколінники й обмотки.
loc_veteran_death_korps_of_krieg_upperbody_01_var_01,Великий мундир Кріґа Мк І
loc_veteran_death_korps_of_krieg_upperbody_01_var_01_desc,Класична уніформа Корпусу Смерті Кріґа.
loc_veteran_ecclesiarchy_headgear_a_var_03,Почесна мантія «Темнолат»
loc_veteran_ecclesiarchy_headgear_a_var_03_desc,"Ветерани цих темнолицарських загонів (ті, що пережили більш ніж три розгортання) нерідко додають трохи червоного до своєї уніформи, аби показати звитягу — не жертвуючи при цьому надміру своєю тіньовою маскуванням."
loc_veteran_ecclesiarchy_headgear_a_var_04,Позолочений карміновий бойовий покров
loc_veteran_ecclesiarchy_headgear_a_var_04_desc,"Реліквійні Вартові Братства Карміну присягають на служіння й носять ці присяги на чолах, щоб кожен міг притягти їх до відповіді."
loc_veteran_ecclesiarchy_headgear_a_var_05,Почесний плащ (Камуфляж Крижаний Шрам)
loc_veteran_ecclesiarchy_headgear_a_var_06,Почесний плащ (Візерунок «Болотна Тінь»)
loc_veteran_ecclesiarchy_headgear_a_var_07,Почесний плащ (Камуфляж Крижаний Шрам)
loc_veteran_ecclesiarchy_upperbody_a_no_skull_var_01,Позолочена кармінова бойова броня
loc_veteran_ecclesiarchy_upperbody_a_no_skull_var_01_desc,Поєднання глибоких червоних барв і сяйливого золота — ознака Братства Карміну.
loc_veteran_ecclesiarchy_upperbody_a_var_03,Ветеранська бойова броня Темнолат
loc_veteran_ecclesiarchy_upperbody_a_var_03_desc,"У міру того, як планові відключення електрики стають дедалі частішими по всьому Вулию, у таємних ауричних ескадронах Мелк формуються спеціалізовані групи."
loc_veteran_elucidian_starstriders_headgear_01_var_05,Шолом Пустельника (Бойова Тінь Темнолісся)
loc_veteran_elucidian_starstriders_headgear_01_var_06,Шолом Пустельника (Wadi)
loc_veteran_elucidian_starstriders_headgear_01_var_07,Шолом Пустельника (Hyrion Dunescape)
loc_veteran_elucidian_starstriders_headgear_02_var_01,Полірований шолом-«кетл»
loc_veteran_elucidian_starstriders_headgear_02_var_01_desc,"Екзотичне пір’я, що прикрашає цей шолом, — добрий спосіб показати свою значущість. Не завжди доречно на полі бою, але твої пріоритети — твої справи."
loc_veteran_elysian_drop_troops_lowerbody_a_var_04,Комбінезон Мк V PT-38
loc_veteran_elysian_drop_troops_lowerbody_a_var_04_desc,Стандартний льотний комбінезон Елізій PT-38 служив на (і над) полях бою по всьому Імперіуму. Часто бувалі солдати скидають наколінники після приземлення — задля більшої рухливості.
loc_veteran_elysian_drop_troops_upperbody_a_var_04,Комбінезон Мк V PT-38
loc_veteran_elysian_drop_troops_upperbody_a_var_04_desc,"Унікальна система спорядження зразка 68, що її застосовують Елізіанські Десантники, дає змогу нести більше оснащення в поле. Корисно, коли позаду немає машин підтримки."
loc_veteran_elysian_headgear_a_01_var_01,Шолом тиску типу 5
loc_veteran_elysian_headgear_a_01_var_01_desc,"Стандартний елізіанський шолом. Посилена лобова броня й великий протиспалаховий візор надають йому впізнаваного вигляду. Кажуть, однак, що така додаткова функціональність коштує зручності."
loc_veteran_elysian_headgear_a_02_snout_mask_var_01,"Респіраторний шолом Десантника (Елізійський 303-й, кампанія «Геєна»)"
loc_veteran_elysian_headgear_a_02_snout_mask_var_02,"Респіраторний шолом Десантника (Кадійський 8-й, наступ на Праск)"
loc_veteran_elysian_headgear_a_02_snout_mask_var_03,"Респіраторний шолом Десантника (Кадійський 981-й, різанина на Гарку)"
loc_veteran_enforcer_headgear_a_var_01,Патрульний шолом Магістратуму
loc_veteran_enforcer_headgear_a_var_01_desc,Багатьох злиднів змусив переосмислити свої дії прямий погляд офіцера в такому шоломі. Особливо якщо офіцер ще й тримає шоковий буздиган.
loc_veteran_enforcer_headgear_a_var_02,Патрульний шолом Маґістратуму (червоний)
loc_veteran_enforcer_headgear_a_var_03,Патрульний шолом Маґістратуму (синій)
loc_veteran_enforcer_headgear_a_var_04,Патрульний шолом Маґістратуму (білий)
loc_veteran_enforcer_lowerbody_a_var_01,Патрульна уніформа Магістратум Мк ІІ
loc_veteran_enforcer_lowerbody_a_var_01_desc,Старший патрульний скаже: найважливіша частина форми будь-якого Правоохоронця — це зручна пара чобіт.
loc_veteran_enforcer_lowerbody_a_var_02,Патрульна форма Маґістратуму Мк II (червона)
loc_veteran_enforcer_lowerbody_a_var_03,Патрульна форма Маґістратуму Мк II (синя)
loc_veteran_enforcer_lowerbody_a_var_04,Патрульна форма Маґістратуму Мк II (біла)
loc_veteran_enforcer_upperbody_a_var_01,Патрульна броня Магістратум Мк ІІ
loc_veteran_enforcer_upperbody_a_var_01_desc,«Магс»-броня впізнавана по всьому Вулику. Для одних її поява викликає тривогу. Для інших — це знак тікати негайно.
loc_veteran_enforcer_upperbody_a_var_02,Патрульна броня Маґістратуму Мк II (червона)
loc_veteran_enforcer_upperbody_a_var_03,Патрульна броня Маґістратуму Мк II (синя)
loc_veteran_enforcer_upperbody_a_var_04,Патрульна броня Маґістратуму Мк II (біла)
loc_veteran_imperial_guard_helmet_cadian_command_02_var_01,Шолом штурмовика зразка «Брама»
loc_veteran_lowerbody_career_01_lvl_01_set_01,Уніформа Обов’язку «М’ясощита»
loc_veteran_lowerbody_career_01_lvl_01_set_01_desc,"Польові штани на основі стилю 387-го Моебіанського: звужені донизу, посилена задня частина, додаткові бічні підсумки. Улюблені за міцність і легкість ремонту, а ще — хоч жоден боєць цього не визнав би — напрочуд зручні."
loc_veteran_lowerbody_career_01_lvl_01_set_02,Стандартна уніформа «М’ясощит»
loc_veteran_lowerbody_career_01_lvl_01_set_02_desc,"Щільне переплетення й важка хем-обробка роблять ці штани стійкими до радіаційного пилового шторму третього рівня. На жаль, бурі за межами Тертіума зазвичай значно сильніші."
loc_veteran_lowerbody_career_01_lvl_01_set_03,Карцерна уніформа «М’ясощита»
loc_veteran_lowerbody_career_01_lvl_01_set_03_desc,++PERDITUM SANCTUS++
loc_veteran_lowerbody_career_01_lvl_01_set_04,Вартова уніформа «М’ясощита»
loc_veteran_lowerbody_career_01_lvl_01_set_04_desc,++PERDITUM SANCTUS++
loc_veteran_lowerbody_career_01_lvl_01_set_05,Уніформа Обов’язку «М’ясощита»
loc_veteran_lowerbody_career_01_lvl_01_set_05_desc,"Більшість чобіт Мілітаруму нібито водонепроникні, але насправді далеко не відповідають цій заяві. У цих же чоботях ти можеш перейти струмок зіпсутної води й вийти з сухими ногами. Іноді дрібниці вирішують усе!"
loc_veteran_lowerbody_career_01_lvl_02_set_01,Уніформа Обов’язку «Вцілілого»
loc_veteran_lowerbody_career_01_lvl_02_set_01_desc,"Тактичні офіцерські штани зі звуженою штаниною. Хіт серед мешканців верхнього Вулику, хоча в тісноті нижніх рівнів вони не менш корисні."
loc_veteran_lowerbody_career_01_lvl_02_set_02,Повсякденна уніформа «Вцілілого»
loc_veteran_lowerbody_career_01_lvl_02_set_02_desc,++PERDITUM SANCTUS++
loc_veteran_lowerbody_career_01_lvl_02_set_03,Карцерна уніформа «Вцілілого»
loc_veteran_lowerbody_career_01_lvl_02_set_03_desc,"Судячи з імен, вишитих усередині цих штанів, ти вже четвертий боєць, що їх носить."
loc_veteran_lowerbody_career_01_lvl_02_set_04,Вартова уніформа «Вцілілого»
loc_veteran_lowerbody_career_01_lvl_02_set_04_desc,"Це краще, ніж ув’язнення. Повторюй собі це — може, так і буде."
loc_veteran_lowerbody_career_01_lvl_02_set_05,Парадний мундир «Вцілілого»
loc_veteran_lowerbody_career_01_lvl_02_set_05_desc,++PERDITUM SANCTUS++
loc_veteran_lowerbody_career_01_lvl_03_set_01,Службова Уніформа Солдата  
loc_veteran_lowerbody_career_01_lvl_03_set_01_desc,"«Камуфляж? Тьху! Я хочу, щоб вони бачили, що я йду по них!»"
loc_veteran_lowerbody_career_01_lvl_03_set_02,Повсякденна уніформа Солдата
loc_veteran_lowerbody_career_01_lvl_03_set_02_desc,"Якщо бодай половина чуток про «Зовнішні землі» — реґіон за мурами єдиного населенного центру Атоми Прайм — правдива, то ти певен: ніколи не хочеш туди потрапити."
loc_veteran_lowerbody_career_01_lvl_03_set_03,Карцерна уніформа Солдата
loc_veteran_lowerbody_career_01_lvl_03_set_03_desc,"Ці польові штани міцні, витривалі й стійкі до кривавих плям. Щоправда, останню властивість не варто перевіряти надто часто."
loc_veteran_lowerbody_career_01_lvl_03_set_04,Вартова уніформа Солдата
loc_veteran_lowerbody_career_01_lvl_03_set_04_desc,Штани Інструктора Ветеранів третього рангу з чоботами м’якого захисту. Колірна схема Атоми Прайм.
loc_veteran_lowerbody_career_01_lvl_03_set_05,Парадний мундир Солдата
loc_veteran_lowerbody_career_01_lvl_03_set_05_desc,Штани Інструктора Ветеранів третього рангу з чоботами м’якого захисту. Міська колірна схема.
loc_veteran_lowerbody_career_01_lvl_04_set_01,Уніформа Обов’язку Ветерана
loc_veteran_lowerbody_career_01_lvl_04_set_01_desc,Розвідувальний польовий комплект (тіньовий стиль) із броньованими чоботами.
loc_veteran_lowerbody_career_01_lvl_04_set_02,Польові штани Мілітаруму
loc_veteran_lowerbody_career_01_lvl_04_set_02_desc,"Якби інструктор Гардінґс міг побачити тебе тепер: зек на останньому шансі на спокуту — рівно те, що він для тебе й прогнозував. Шкода, що після тієї «випадковості» він не дожив, аби це побачити."
loc_veteran_lowerbody_career_01_lvl_04_set_03,Уніформа Карцеру Ветерана
loc_veteran_lowerbody_career_01_lvl_04_set_03_desc,++PERDITUM SANCTUS++
loc_veteran_lowerbody_career_01_lvl_04_set_04,Вартова уніформа Ветерана
loc_veteran_lowerbody_career_01_lvl_04_set_04_desc,Штани Інтсруктора Ветеранів четвертого рангу з броньованими чоботами. Міська колірна схема.
loc_veteran_lowerbody_career_01_lvl_05_set_01,Уніформа Обов’язку «Довгожителя»
loc_veteran_lowerbody_career_01_lvl_05_set_01_desc,"Камуфляж «ягозвір» популярний серед воїнів Доміні Моебія, адже його асоціюють із переможною операцією «Громовий удар», що принесла чимало слави та територій у Війнах Околиці."
loc_veteran_lowerbody_career_01_lvl_05_set_02,Повсякденна уніформа «Довгожителя»
loc_veteran_lowerbody_career_01_lvl_05_set_02_desc,Штани Інструктора Ветеранів п’ятого рангу з броньованими чоботами. Колірна схема Марса.
loc_veteran_lowerbody_career_01_lvl_05_set_03,Уніформа Чорної Варти (33-й Моебіанський)
loc_veteran_lowerbody_career_01_lvl_05_set_03_desc,"Залиш палку промову юнакам і комісарам — ти бачив достатньо, аби знати, як усе працює. «Слава першому, хто помре» — лише пропаганда, хитрощі, щоб хтось інший вибіг поперед тебе!"
loc_veteran_lowerbody_career_01_lvl_05_set_04,Вартова уніформа «Довгожителя»
loc_veteran_lowerbody_career_01_lvl_05_set_04_desc,++PERDITUM SANCTUS++
loc_veteran_lowerbody_career_02_lvl_01_set_01,Уніформа Обов’язку «Ґан-Генд»
loc_veteran_lowerbody_career_02_lvl_01_set_01_desc,На цю уніформу й близько не дозволялося витратити жодного зайвого ресурсу.
loc_veteran_lowerbody_career_02_lvl_01_set_02,Повсякденна уніформа «Ґан-Генд»
loc_veteran_lowerbody_career_02_lvl_01_set_02_desc,++PERDITUM SANCTUS++
loc_veteran_lowerbody_career_02_lvl_01_set_03,Карцерна уніформа «Ґан-Генд»
loc_veteran_lowerbody_career_02_lvl_01_set_03_desc,++PERDITUM SANCTUS++
loc_veteran_lowerbody_career_02_lvl_01_set_04,Вартова уніформа «Ґан-Генд»
loc_veteran_lowerbody_career_02_lvl_01_set_04_desc,++PERDITUM SANCTUS++
loc_veteran_lowerbody_career_02_lvl_01_set_05,Парадний мундир «Ґан-Генд»
loc_veteran_lowerbody_career_02_lvl_01_set_05_desc,++PERDITUM SANCTUS++
loc_veteran_lowerbody_career_02_lvl_02_set_01,Уніформа Обов’язку «Пістолеро»
loc_veteran_lowerbody_career_02_lvl_02_set_01_desc,Грубе вбрання може слугувати достатньо добре… принаймні певний час.
loc_veteran_lowerbody_career_02_lvl_02_set_02,Повсякденна уніформа «Пістолеро»
loc_veteran_lowerbody_career_02_lvl_02_set_02_desc,++PERDITUM SANCTUS++
loc_veteran_lowerbody_career_02_lvl_02_set_03,Карцерна уніформа «Пістолеро»
loc_veteran_lowerbody_career_02_lvl_02_set_03_desc,++PERDITUM SANCTUS++
loc_veteran_lowerbody_career_02_lvl_02_set_04,Вартова уніформа «Пістолеро»
loc_veteran_lowerbody_career_02_lvl_02_set_04_desc,++PERDITUM SANCTUS++
loc_veteran_lowerbody_career_02_lvl_02_set_05,Парадний мундир «Пістолеро»
loc_veteran_lowerbody_career_02_lvl_02_set_05_desc,++PERDITUM SANCTUS++
loc_veteran_lowerbody_career_02_lvl_03_set_01,Уніформа Обов’язку Стрільця
loc_veteran_lowerbody_career_02_lvl_03_set_01_desc,Носи це з гордістю й служи відмінно.
loc_veteran_lowerbody_career_02_lvl_03_set_02,Повсякденна уніформа Стрільця
loc_veteran_lowerbody_career_02_lvl_03_set_02_desc,++PERDITUM SANCTUS++
loc_veteran_lowerbody_career_02_lvl_03_set_03,Карцерна уніформа Стрільця
loc_veteran_lowerbody_career_02_lvl_03_set_03_desc,++PERDITUM SANCTUS++
loc_veteran_lowerbody_career_02_lvl_03_set_04,Вартова уніформа Стрільця
loc_veteran_lowerbody_career_02_lvl_03_set_04_desc,++PERDITUM SANCTUS++
loc_veteran_lowerbody_career_02_lvl_03_set_05,Парадний мундир Стрільця
loc_veteran_lowerbody_career_02_lvl_03_set_05_desc,++PERDITUM SANCTUS++
loc_veteran_lowerbody_career_02_lvl_03_set_07,Тактичний польовий комплект Інфільтратора
loc_veteran_lowerbody_career_02_lvl_03_set_07_desc,"Та покидьки-Дреґи ніколи не побачать, як ти наближаєшся. Принаймні не раніше, ніж стане запізно."
loc_veteran_lowerbody_career_02_lvl_04_set_01,Уніформа Обов’язку «Мертвого Ока»
loc_veteran_lowerbody_career_02_lvl_04_set_01_desc,"Лише одиниці здобувають чоботи з крилатим черепом. Ще менше тих, хто виживає після цього достатньо довго."
loc_veteran_lowerbody_career_02_lvl_04_set_02,Повсякденна уніформа «Мертвого Ока»
loc_veteran_lowerbody_career_02_lvl_04_set_02_desc,Штани Ветерана-стрільця четвертого рангу з броньованими чоботами. Колірна схема Імперського Марса.
loc_veteran_lowerbody_career_02_lvl_04_set_03,Карцерна уніформа «Мертвого Ока»
loc_veteran_lowerbody_career_02_lvl_04_set_03_desc,"З в’язниці — на місію останнього шансу — на планету, що входить у ранні стадії погані… інколи здається, що твоє життя котиться по спіралі вниз."
loc_veteran_lowerbody_career_02_lvl_04_set_04,Вартова уніформа «Мертвого Ока»
loc_veteran_lowerbody_career_02_lvl_04_set_04_desc,"Чоботи добре сидять, але все ще несуть на собі скверну їдких пусток за мурами Тертіума."
loc_veteran_lowerbody_career_02_lvl_05_set_01,Уніформа Обов’язку «Кілшота»
loc_veteran_lowerbody_career_02_lvl_05_set_01_desc,"Як і ти, вони випробувані й загартовані в бою."
loc_veteran_lowerbody_career_02_lvl_05_set_02,Повсякденна уніформа «Кілшота»
loc_veteran_lowerbody_career_02_lvl_05_set_02_desc,"Колись до 33-го Моебіанського брали лише тих, хто виявив непохитну відданість родині Марґрейвів. З роками ці високі стандарти значно впали."
loc_veteran_lowerbody_career_02_lvl_05_set_03,Карцерна уніформа «Кілшота»
loc_veteran_lowerbody_career_02_lvl_05_set_03_desc,"Бічні стяжки можуть трохи натирати, але якщо це все, на що може скаржитися піхотний стрілець — то все не так уже й погано."
loc_veteran_lowerbody_career_02_lvl_05_set_04,Вартова уніформа «Кілшота»
loc_veteran_lowerbody_career_02_lvl_05_set_04_desc,++PERDITUM SANCTUS++
loc_veteran_lowerbody_career_prisoner_01_lvl_01_var_01,Тюремні однострої (В’язничний «Блекгалл»)
loc_veteran_lowerbody_career_prisoner_01_lvl_01_var_01_desc,"Сірі, тьмяні й зношені. Це стосується й цих штанів."
loc_veteran_lowerbody_career_prisoner_01_lvl_02_var_01,Ганчірна уніформа (В’язниця Гелсток)
loc_veteran_lowerbody_career_prisoner_01_lvl_02_var_01_desc,"Одяг протертий і жалюгідний, зате фляга майже не протікає."
loc_veteran_lowerbody_career_prisoner_01_lvl_03_var_01,Тюремна уніформа «Довгожителя» (Пенальний блок Моебія 277–467)
loc_veteran_lowerbody_career_prisoner_01_lvl_03_var_01_desc,Ці плями й латки розповідають історію насильства та приниження.
loc_veteran_lowerbody_career_prisoner_01_lvl_04_var_01,Пенальна робоча уніформа (Тюремний Гальк 146i)
loc_veteran_lowerbody_career_prisoner_01_lvl_04_var_01_desc,"Це кольори банди чи прапори тюремної принадлежності? Вони можуть питати, але ти надто тямущий, щоб відповідати."
loc_veteran_lowerbody_career_prisoner_01_lvl_05_var_01,Форма Зека (Пенітенціарій «Чорна Яма»)
loc_veteran_lowerbody_career_prisoner_01_lvl_05_var_01_var_01_desc,"Шкода, що ця фляга не наповнена чимось міцнішим."
loc_veteran_lowerbody_squad_leader_01_var_01,veteran_lowerbody_squad_leader_01_var_01
loc_veteran_lowerbody_squad_leader_01_var_01_desc,Нижнє спорядження класу «Командир Відділення»
loc_veteran_lowerbody_squad_leader_01_var_02,Вартова уніформа Ветерана
loc_veteran_lowerbody_squad_leader_01_var_02_desc,"Якби інструктор Гардінґс міг побачити тебе тепер: зек на останньому шансі на спокуту — рівно те, що він для тебе й прогнозував. Шкода, що після тієї «випадковості» він не дожив, аби це побачити."
loc_veteran_lowerbody_squad_leader_01_var_03,veteran_lowerbody_squad_leader_01_var_03
loc_veteran_lowerbody_squad_leader_01_var_03_desc,Нижнє спорядження класу «Командир Відділення»
loc_veteran_moebian_6th_headgear_01_b_var_04,Флак-шолом Аетус Мк II — камуфляж «Ґлоамус»
loc_veteran_moebian_6th_headgear_01_c_var_01,Флак-шолом Аетус Мк II з респіратором Распекс (53-й Моебіанський)
loc_veteran_moebian_6th_headgear_01_c_var_04,Шолом аетус Мк ІІ з респіратором Распекс - камуфляж глоамус
loc_veteran_moebian_6th_headgear_01_var_04,Хем-каптур Шеппера (попеляний) з респіратором Распекс (камуфляж «Ґлоамус»)
loc_veteran_moebian_6th_headgear_01_var_04_desc,"6-й Моебіанський широко застосовував камуфляж «Ґлоамус», інколи знаний як міський, адже його темні барви добре зливалися з мороком бойових зон, у яких полк вів війну на Нокс Альфа."
loc_veteran_moebian_6th_lowerbody_a_var_04,Бойове спорядження Мілітаруму типу 47 — попеляний хакі з бронепластинами «Ґлоамус»
loc_veteran_moebian_6th_lowerbody_a_var_04_desc,"Після кількох тижнів на Нокс Альфа ті члени 6-го Моебіанського, що не були в темному камуфляжі, швидко навчились боятися непередбачуваних провалів у повну темряву."
loc_veteran_moebian_6th_lowerbody_b_var_04,Польовий комплект «Сталеголових» (53-й Моебіанський)
loc_veteran_moebian_6th_upperbody_a_var_02,Польова куртка Мілітаруму (тип 16 — темний камуфляж) з флак-бронею Фортус V (Нокс)
loc_veteran_moebian_6th_upperbody_a_var_04,Польова куртка Мілітаруму (тип 16 — попеляна) з флак-бронею Фортус V (Ґлоамус)
loc_veteran_moebian_6th_upperbody_a_var_04_desc,"«На Атомі Прайм нікому не було діла, жив я чи вмирав. Я бився за їхню справу, але тоді мені відкрили інший шлях, кращий шлях. Я більше не боюся смерті, бо знаю: відтепер я житиму вічно!»
Капітан Жуґтал, 6-й Моебіанський"
loc_veteran_rogue_trader_headgear_a_var_01,Аугметично посилений бікорн (чорний)
loc_veteran_rogue_trader_headgear_a_var_01_desc,У цьому зухвалому зразку морської мілінерії ти вирізняєшся гострим силуетом. Доповнений аугметичною очною пов’язкою.
loc_veteran_rogue_trader_headgear_a_var_02,Аугметично посилений бікорн (шкіряний)
loc_veteran_rogue_trader_headgear_a_var_03,Аугметично посилений бікорн (червоний)
loc_veteran_rogue_trader_headgear_a_var_03_desc,У цьому зухвалому зразку морської мілінерії ти вирізняєшся гострим силуетом. Доповнений аугметичною очною пов’язкою.
loc_veteran_rogue_trader_headgear_a_var_04,Аугметично посилений бікорн (синій)
loc_veteran_rogue_trader_lowerbody_a_var_03,Панталони з ґрокошкіри
loc_veteran_rogue_trader_lowerbody_a_var_03_desc,Зношені шкіряні штани з химерними чоботами. Ідеально для сутичок на кораблі.
loc_veteran_rogue_trader_upperbody_a_var_03,Панцерний дублет Мисливця за Трофеями
loc_veteran_rogue_trader_upperbody_a_var_03_desc,"Покажи ворогам, що ти боїшся нічого — ця вражаюча куртка з черепом подоланого ксеноса на плечі промовляє голосніше за слова."
loc_veteran_savlar_chem_dogs_lowerbody_a_var_01,Штани Savlar «Хем-безпечні» (статутні)
loc_veteran_savlar_chem_dogs_lowerbody_a_var_01_desc,"Хімічно оброблені для підвищеної стійкості. Добре захищають, але про комфорт тут говорити не доводиться."
loc_veteran_savlar_chem_dogs_upperbody_b_var_01,Польовий комплект Savlar «Хем-безпечний»
loc_veteran_savlar_chem_dogs_upperbody_b_var_01_desc,"Повний захист, зміцнені тканини та широкі бронепластини — цей комплект убереже від усього, що тільки може трапитися у воєнних зонах."
loc_veteran_scout_goggles_headgear_01_var_04,Далекомірні Окуляри (Камуфляж Крижаний Шрам)
loc_veteran_scout_goggles_headgear_01_var_05,Далекомірні Окуляри (Обпалена Залізна Мантія)
loc_veteran_scout_goggles_headgear_01_var_06,Далекомірні Окуляри (Камуфляж Монтар)
loc_veteran_skull_edition_headgear,Тканинна маска смерті
loc_veteran_skull_edition_headgear_desc,"Оперативники Смерті — це таємне коло в межах бойової групи Ґрендила, і ти не маєш допуску до цієї інформації.  "
loc_veteran_skull_edition_lowerbody,Бойове спорядження (Оперативник Смерті)
loc_veteran_skull_edition_lowerbody_desc,"Оперативники Смерті — це таємне коло в межах бойової групи Ґрендила, і ти не маєш допуску до цієї інформації.  "
loc_veteran_skull_edition_set,Оперативник Смерті (Ветеран)
loc_veteran_skull_edition_set_desc,"Оперативники Смерті — це таємне коло в межах бойової групи Ґрендила, і ти не маєш допуску до цієї інформації.  "
loc_veteran_skulls_headgear_01,Флак-шолом «Мементо Морі»
loc_veteran_skulls_headgear_01_desc,"Ці агресивні шоломи прикрашені стилізованими купами черепів. Чи є вони знаком переможених ворогів, чи втрачених товаришів — хто ж скаже? А щодо червоного… краще не питати."
loc_veteran_squad_leader_headgear_01_var_01,veteran_squad_leader_headgear_01_var_01
loc_veteran_squad_leader_headgear_01_var_01_desc,Гарнітура ветерана-Командира Відділення з очним імплантом
loc_veteran_squad_leader_headgear_01_var_02,veteran_squad_leader_headgear_01_var_02
loc_veteran_squad_leader_headgear_01_var_02_desc,Гарнітура ветерана-Командира Відділення з очним імплантом
loc_veteran_squad_leader_headgear_01_var_03,veteran_squad_leader_headgear_01_var_03
loc_veteran_squad_leader_headgear_01_var_03_desc,Гарнітура ветерана-Командира Відділення з очним імплантом
loc_veteran_squad_leader_upperbody_01_var_01,veteran_squad_leader_upperbody_01_var_01
loc_veteran_squad_leader_upperbody_01_var_01_desc,Верхнє спорядження ветерана-Командира Відділення (косметичне)
loc_veteran_squad_leader_upperbody_01_var_02,Вартова уніформа Ветерана
loc_veteran_squad_leader_upperbody_01_var_02_desc,"Ти й справді дивуєшся, як тобі видали настільки добре збережений обладунок, адже раніше в тебе завжди траплялося лише зношене й пом’яте спорядження. Та інколи краще не ставити запитань."
loc_veteran_squad_leader_upperbody_01_var_03,veteran_squad_leader_upperbody_01_var_03
loc_veteran_squad_leader_upperbody_01_var_03_desc,Верхнє спорядження ветерана-Командира Відділення (косметичне)
loc_veteran_steel_legion_headgear_a_var_01,Флак-шолом Сталевого Легіону (парадне полірування)
loc_veteran_steel_legion_headgear_a_var_01_desc,"Плювок, натирання й сила-силенна зусиль — і цей шолом сяє наче світло Імператора."
loc_veteran_steel_legion_lowerbody_a_var_01,Польовий комплект токс-зони мілітаруму (Стандартне спорядження)
loc_veteran_steel_legion_upperbody_a_var_01,Траншейна куртка токс-зони мілітаруму (Палаюча сірка)
loc_veteran_tallarn_desert_raider_headgear_a_var_01,Пустельний каптур (камуфляж «Ваді»)
loc_veteran_tallarn_desert_raider_headgear_a_var_03,Пустельний каптур (камуфляж «Крижаний шрам»)
loc_veteran_tallarn_desert_raider_headgear_a_var_04,Пустельний каптур (Розкішний)
loc_veteran_truskan_snowhound_lowerbody_a_var_02,Трусканська форма Мк III (Крижана міць)
loc_veteran_truskan_snowhound_upperbody_a_var_02,Трусканська форма з флак-жилетом (Крижана міць)
loc_veteran_truskan_snowhounds_headgear_a_var_01,Трусканський флак-шолом Mk IV з камуфляжним чохлом (Бойова Тінь Темнолісу)
loc_veteran_truskan_snowhounds_headgear_a_var_02,Трусканський флак-шолом Мк IV з камуфляжним чохлом (Крижаний Шрам)
loc_veteran_truskan_snowhounds_headgear_a_var_03,Трусканський флак-шолом Mk IV з камуфляжним чохлом (Ваді)
loc_veteran_truskan_snowhounds_headgear_a_var_04,Трусканський флак-шолом Mk IV з камуфляжним чохлом (Камуфляж Монтар)
loc_veteran_upperbody_career_01_lvl_01_set_01,Уніформа Обов’язку «М’ясощита»
loc_veteran_upperbody_career_01_lvl_01_set_01_desc,"Перевага панцерного жилета — його легкість і вільність руху. Щоправда, коли навколо почне літати шрапнель, ти відчуєш і певні недоліки."
loc_veteran_upperbody_career_01_lvl_01_set_02,Повсякденна уніформа «М’ясощита»
loc_veteran_upperbody_career_01_lvl_01_set_02_desc,"Минуло багато часу відтоді, як Дім Баркетт правив Атомою Прайм, але деякі стилі уніформи Астра Мілітарум, які він колись уподобав, досі лишаються в ужитку."
loc_veteran_upperbody_career_01_lvl_01_set_03,Карцерна уніформа «М’ясощита»
loc_veteran_upperbody_career_01_lvl_01_set_03_desc,++PERDITUM SANCTUS++
loc_veteran_upperbody_career_01_lvl_01_set_04,Вартова уніформа «М’ясощита»
loc_veteran_upperbody_career_01_lvl_01_set_04_desc,++PERDITUM SANCTUS++
loc_veteran_upperbody_career_01_lvl_01_set_05,Парадний мундир «М’ясощита»
loc_veteran_upperbody_career_01_lvl_01_set_05_desc,"Після громадянської війни М36 правителі Марґрейви Атоми Прайм надавали перевагу тьмяним барвам уніформи, прагнучи відмежуватися від колишньої яскравості Дому Баркетт. Ця уніформа походить з часів, коли підрозділи 33-го Моебіанського служили особистою вартою першого Марґрейва Лорда Моебіяна."
loc_veteran_upperbody_career_01_lvl_02_set_01,Уніформа Обов’язку «Вцілілого»
loc_veteran_upperbody_career_01_lvl_02_set_01_desc,"Флак-броня з пресованих пластин нового, контурного зразка зазвичай призначалася для елітних формувань, що вирушали у Війни Околиці Моебіанського фронту. Якщо ти загинеш у цій броні — будь певен, хтось стягне її з тебе ще до того, як ти охолонеш…"
loc_veteran_upperbody_career_01_lvl_02_set_02,Повсякденна уніформа «Вцілілого»
loc_veteran_upperbody_career_01_lvl_02_set_02_desc,Броня Інструктора Ветеранів другого рангу. Колірна схема Імперського флоту.
loc_veteran_upperbody_career_01_lvl_02_set_03,Карцерна уніформа «Вцілілого»
loc_veteran_upperbody_career_01_lvl_02_set_03_desc,Навіть небезпечні бойові завдання кращі за муштру. Навіть карцер був кращий за нескінченне навчання та ревище тих гучних дриль-сержантів.
loc_veteran_upperbody_career_01_lvl_02_set_04,Вартова уніформа «Вцілілого»
loc_veteran_upperbody_career_01_lvl_02_set_04_desc,«Просто вижити на місії» — саме це ти повторюєш собі знову й знову.
loc_veteran_upperbody_career_01_lvl_02_set_05,Парадний мундир «Вцілілого»
loc_veteran_upperbody_career_01_lvl_02_set_05_desc,Броня Інструктора Ветеранів другого рангу. Колірна схема Імперського флоту.
loc_veteran_upperbody_career_01_lvl_03_set_01,Службова Уніформа Солдата  
loc_veteran_upperbody_career_01_lvl_03_set_01_desc,Добра флак-броня й істинна віра в Імператора служитимуть тобі добре. Трохи вдачі теж не завадить.
loc_veteran_upperbody_career_01_lvl_03_set_02,Повсякденна уніформа Кадета Флоту
loc_veteran_upperbody_career_01_lvl_03_set_02_desc,До уважного ока тильний бік цієї броні видає сліди недавнього — і дещо поспішного — ремонту.
loc_veteran_upperbody_career_01_lvl_03_set_03,Карцерна уніформа Солдата
loc_veteran_upperbody_career_01_lvl_03_set_03_desc,"Хоча для більшості стрільців балачки верхнього Вулику про політику нестерпно нудні, плітки й чутки про діяння Констант Марґрейв — сестри Лорда — завжди в ціні."
loc_veteran_upperbody_career_01_lvl_03_set_04,Вартова уніформа Солдата
loc_veteran_upperbody_career_01_lvl_03_set_04_desc,Броня Інструктора Ветеранів третього рангу. Колірна схема Імперського флоту.
loc_veteran_upperbody_career_01_lvl_03_set_05,Парадний мундир Солдата
loc_veteran_upperbody_career_01_lvl_03_set_05_desc,Броня Інструктора Ветеранів третього рангу. Міська колірна схема.
loc_veteran_upperbody_career_01_lvl_04_set_01,Уніформа Обов’язку Ветерана
loc_veteran_upperbody_career_01_lvl_04_set_01_desc,Багато моебіанських полків видають саме такий стиль флак-броні та регульованих шкіряних ремінців — і цю броню можна зустріти на багатьох фронтах.
loc_veteran_upperbody_career_01_lvl_04_set_02,Статутна уніформа Ветерана
loc_veteran_upperbody_career_01_lvl_04_set_02_desc,"«Ця броня щаслива… поки не перестане бути такою». Принаймні так казав останній, хто її носив."
loc_veteran_upperbody_career_01_lvl_04_set_03,Уніформа Карцеру Ветерана
loc_veteran_upperbody_career_01_lvl_04_set_03_desc,Броня Інструктора Ветеранів четвертого рангу. Колірна схема Імперського флоту.
loc_veteran_upperbody_career_01_lvl_04_set_04,Вартова уніформа Ветерана
loc_veteran_upperbody_career_01_lvl_04_set_04_desc,"Ти й справді дивуєшся, як тобі видали настільки добре збережений обладунок, адже зазвичай тобі траплялося лише зношене й пом’яте спорядження. Та інколи краще не ставити зайвих запитань."
loc_veteran_upperbody_career_01_lvl_05_set_01,Уніформа Обов’язку «Довгожителя»
loc_veteran_upperbody_career_01_lvl_05_set_01_desc,"Флак-пластина зразка Аквілла VI, поширена на західних рубежах Війни Околиці. Шкіряний регульований ремінний гарнітур — річ, якої жадають бійці будь-якого рангу."
loc_veteran_upperbody_career_01_lvl_05_set_02,Повсякденна уніформа «Довгожителя»
loc_veteran_upperbody_career_01_lvl_05_set_02_desc,Броня Інструктора Ветеранів п’ятого рангу. Колірна схема Марса.
loc_veteran_upperbody_career_01_lvl_05_set_03,Уніформа Чорної Варти (33-й Моебіанський)
loc_veteran_upperbody_career_01_lvl_05_set_03_desc,"Статутна броня солдата Астра Мілітарум існує у мільйонах різновидів, створених із найрізноманітніших матеріалів. І всі солдати на всіх тих світах скаржаться на одне й те саме: надто важка, незручна, не дає достатнього захисту. Пам’ятайте, солдати: броня — гаразд, оберігає Імператор."
loc_veteran_upperbody_career_01_lvl_05_set_04,Вартова уніформа «Довгожителя»
loc_veteran_upperbody_career_01_lvl_05_set_04_desc,Броня Інструктора Ветеранів п’ятого рангу. Колірна схема Інквізиції.
loc_veteran_upperbody_career_01_lvl_05_set_06,Тактичний жилет Інфільтратора
loc_veteran_upperbody_career_01_lvl_05_set_06_desc,"Як досвідчений інфільтратор, ти цінуєш достаток тактичних підсумків та тьмяні барви цього спорядження — воно дозволяє тобі лишатись непоміченим, доки ціль не наблизиться на відстань удару."
loc_veteran_upperbody_career_02_lvl_01_set_01,Уніформа Обов’язку «Ґан-Генд»
loc_veteran_upperbody_career_02_lvl_01_set_01_desc,"Navis Imperialis, як і більшість Імперіуму, прийме будь-яких бійців, яких може отримати."
loc_veteran_upperbody_career_02_lvl_01_set_02,Повсякденна уніформа «Ґан-Генд»
loc_veteran_upperbody_career_02_lvl_01_set_02_desc,++PERDITUM SANCTUS++
loc_veteran_upperbody_career_02_lvl_01_set_03,Карцерна уніформа «Ґан-Генд»
loc_veteran_upperbody_career_02_lvl_01_set_03_desc,++PERDITUM SANCTUS++
loc_veteran_upperbody_career_02_lvl_01_set_04,Вартова уніформа «Ґан-Генд»
loc_veteran_upperbody_career_02_lvl_01_set_04_desc,++PERDITUM SANCTUS++
loc_veteran_upperbody_career_02_lvl_01_set_05,Парадний мундир «Ґан-Генд»
loc_veteran_upperbody_career_02_lvl_01_set_05_desc,++PERDITUM SANCTUS++
loc_veteran_upperbody_career_02_lvl_02_set_01,Уніформа Обов’язку «Пістолеро»
loc_veteran_upperbody_career_02_lvl_02_set_01_desc,"Кар’єра у Navis Imperialis — це радше питання виживання, а не таланту."
loc_veteran_upperbody_career_02_lvl_02_set_02,Повсякденна уніформа «Пістолеро»
loc_veteran_upperbody_career_02_lvl_02_set_02_desc,++PERDITUM SANCTUS++
loc_veteran_upperbody_career_02_lvl_02_set_03,Карцерна уніформа «Пістолеро»
loc_veteran_upperbody_career_02_lvl_02_set_03_desc,++PERDITUM SANCTUS++
loc_veteran_upperbody_career_02_lvl_02_set_04,Вартова уніформа «Пістолеро»
loc_veteran_upperbody_career_02_lvl_02_set_04_desc,++PERDITUM SANCTUS++
loc_veteran_upperbody_career_02_lvl_02_set_05,Парадний мундир «Пістолеро»
loc_veteran_upperbody_career_02_lvl_02_set_05_desc,++PERDITUM SANCTUS++
loc_veteran_upperbody_career_02_lvl_03_set_01,Уніформа Обов’язку Стрільця
loc_veteran_upperbody_career_02_lvl_03_set_01_desc,Ліврея Інквізиції завжди має носитися з гордістю.
loc_veteran_upperbody_career_02_lvl_03_set_02,Повсякденна уніформа Стрільця
loc_veteran_upperbody_career_02_lvl_03_set_02_desc,++PERDITUM SANCTUS++
loc_veteran_upperbody_career_02_lvl_03_set_03,Карцерна уніформа Стрільця
loc_veteran_upperbody_career_02_lvl_03_set_03_desc,++PERDITUM SANCTUS++
loc_veteran_upperbody_career_02_lvl_03_set_04,Вартова уніформа Стрільця
loc_veteran_upperbody_career_02_lvl_03_set_04_desc,++PERDITUM SANCTUS++
loc_veteran_upperbody_career_02_lvl_03_set_05,Парадний мундир Стрільця
loc_veteran_upperbody_career_02_lvl_03_set_05_desc,++PERDITUM SANCTUS++
loc_veteran_upperbody_career_02_lvl_04_set_01,Уніформа Обов’язку «Мертвого Ока»
loc_veteran_upperbody_career_02_lvl_04_set_01_desc,"Печать чистоти гарантує певну повагу від новіціатів, яким ще належить заслужити власні."
loc_veteran_upperbody_career_02_lvl_04_set_02,Повсякденна уніформа «Мертвого Ока»
loc_veteran_upperbody_career_02_lvl_04_set_02_desc,Броня Стрільця-ветерана четвертого рангу. Колірна схема Імперського флоту.
loc_veteran_upperbody_career_02_lvl_04_set_03,Карцерна уніформа «Мертвого Ока»
loc_veteran_upperbody_career_02_lvl_04_set_03_desc,"Відтоді, як тобі сказали, що попередній власник цієї уніформи помер від чуми, ти відчуваєш легке дерення у горлі."
loc_veteran_upperbody_career_02_lvl_04_set_04,Вартова уніформа «Мертвого Ока»
loc_veteran_upperbody_career_02_lvl_04_set_04_desc,"Наступного разу, коли товариші глузуватимуть із твоєї точності стрільби, скажи їм, що ти влучаєш у свою ціль у 100% випадків. Просто вони не знають, у що саме ти цілиться."
loc_veteran_upperbody_career_02_lvl_05_set_01,Уніформа Обов’язку «Кілшота»
loc_veteran_upperbody_career_02_lvl_05_set_01_desc,"Уніформа, яку носять лише найдосвідченіші члени бойової зграї."
loc_veteran_upperbody_career_02_lvl_05_set_02,Повсякденна уніформа «Кілшота»
loc_veteran_upperbody_career_02_lvl_05_set_02_desc,"Колись ти ненавидів муштру, марші й нескінченну стрілецьку практику, нав’язану Астра Мілітарум, але тепер, коли вояцтво стало другою природою, мусиш визнати — марші ти все ще ненавидиш."
loc_veteran_upperbody_career_02_lvl_05_set_03,Карцерна уніформа «Кілшота»
loc_veteran_upperbody_career_02_lvl_05_set_03_desc,"Ти колись думав, що будь-що краще за тюрми чи каторжні роботи, але побачивши тих, хто страждає від найтяжчих стадій чуми, ти знаєш: це не так."
loc_veteran_upperbody_career_02_lvl_05_set_04,Вартова уніформа «Кілшота»
loc_veteran_upperbody_career_02_lvl_05_set_04_desc,Броня Стрільця-ветерана п’ятого рангу. Колірна схема Інквізиції.
loc_veteran_upperbody_career_prisoner_01_lvl_01_var_01,Тюремне вбрання (Пенальна колонія «Кінець Надії»)
loc_veteran_upperbody_career_prisoner_01_lvl_01_var_01_desc,Принаймні в Астра Мілітарум тобі не доводилося битися ножем за свій пайок. Принаймні не щодня.
loc_veteran_upperbody_career_prisoner_01_lvl_02_var_01,Уніформа 403-го Моебіанського Пенального Батальйону
loc_veteran_upperbody_career_prisoner_01_lvl_02_var_01_desc,"Цей стиль шарфа став популярним відтоді, як підсумки Дорсіанської кампанії потрапили в агресивну пропагандистську ротацію."
loc_veteran_upperbody_career_prisoner_01_lvl_03_var_01,Тюремна сорочка (Пенальна колонія Ґрейблок) із шарфом у стилі Дорсіанської кампанії
loc_veteran_upperbody_career_prisoner_01_lvl_03_var_01_desc,Чи так уже сильно тюремне життя відрізнялося від служби в Астра Мілітарум?
loc_veteran_upperbody_career_prisoner_01_lvl_04_var_01,Польовий комплект Пенального Батальйону Дорсіанської кампанії
loc_veteran_upperbody_career_prisoner_01_lvl_04_var_01_desc,"Служити в Пенальному Батальйоні — означає бути найвитратнішим серед усіх витратних, самісіньким дном у військовій ієрархії."
loc_veteran_upperbody_career_prisoner_01_lvl_05_var_01,Шкіряний одяг Бриг-командування
loc_veteran_upperbody_career_prisoner_01_lvl_05_var_01_desc,"Як ти здобув шкіряну куртку Бриг-командира — таємниця, яку ти не збираєшся розкривати добровільно."
loc_veteran_upperbody_skull_edition,Бойове спорядження (Оперативник Смерті)
loc_veteran_upperbody_skull_edition_desc,"Оперативники Смерті — це таємне коло в межах бойової групи Ґрендила, і ти не маєш допуску до цієї інформації.  "
loc_veteran_valhallan_ice_warriors_lowerbody_a_var_02,Польовий комплект Мілітаруму (зразок Ґердан)
loc_veteran_valhallan_ice_warriors_lowerbody_a_var_02_desc,Міцний і витривалий — цей статутний польовий комплект тебе не підведе. Хіба що ти цінуєш комфорт.
loc_veteran_vallhallan_warriors_upperbody_a_var_02,Польовий набір для ворожого середовища (камуфляж «Айс Морн»)
loc_veteran_vallhallan_warriors_upperbody_a_var_02_desc,"Функціональний, але базовий плащ. Він стримає найлютішу негоду, проте тримай спальник напохваті для холодних нічних варт."
loc_veteran_wh_fest_headgear_01,Статутний шолом Мілітаруму (1-ша Манкуніоанська кампанія)
loc_veteran_wh_fest_headgear_01_desc,"Кампанія, де бій точився впритул і в центрі якої стояв сяйливий демон; спорядження небагатьох її вижилих стало справжніми реліквіями."
loc_warhammer_fest_01,Ветеран 1-ї Манкуніоанської кампанії
loc_warhammer_fest_01_desc,"Хоч ти й не бився в тіні ауричного Демона, духом ти точно був там."
loc_weapon_family_autogun_p1_m1,Піхотний автомат
loc_weapon_family_autogun_p1_m2,Піхотний автомат
loc_weapon_family_autogun_p1_m3,Піхотний автомат
loc_weapon_family_autogun_p2_m1,Упірний автомат
loc_weapon_family_autogun_p2_m2,Упірний автомат
loc_weapon_family_autogun_p2_m3,Упірний автомат
loc_weapon_family_autogun_p3_m1,Автомат вартового
loc_weapon_family_autogun_p3_m2,Автомат вартового
loc_weapon_family_autogun_p3_m3,Автомат вартового
loc_weapon_family_autopistol_p1_m1,Автопістолет шредер
loc_weapon_family_bolter_p1_m1,Проривний болтер
loc_weapon_family_bolter_p1_m2,Розривний болтер
loc_weapon_family_boltpistol_p1_m1,Болт-пістолет
loc_weapon_family_boltpistol_p1_m2,Болт-пістолет
loc_weapon_family_chainaxe_p1_m1,Штурмова ланцюгова сокира
loc_weapon_family_chainaxe_p1_m2,Штурмова ланцюгова сокира
loc_weapon_family_chainsword_2h_p1_m1,Важкий випотрошувач
loc_weapon_family_chainsword_2h_p1_m2,Важкий випотрошувач
loc_weapon_family_chainsword_p1_m1,Штурмовий ланцюговий меч
loc_weapon_family_chainsword_p1_m2,Штурмовий ланцюговий меч
loc_weapon_family_combataxe_p1_m1,Бойова сокира
loc_weapon_family_combataxe_p1_m2,Бойова сокира
loc_weapon_family_combataxe_p1_m3,Бойова сокира
loc_weapon_family_combataxe_p2_m1,Тактична сокира
loc_weapon_family_combataxe_p2_m2,Тактична сокира
loc_weapon_family_combataxe_p2_m3,Тактична сокира
loc_weapon_family_combataxe_p3_m1,Саперна лопата
loc_weapon_family_combataxe_p3_m2,Саперна лопата
loc_weapon_family_combataxe_p3_m3,Саперна лопата
loc_weapon_family_combatknife_p1_m1,Бойовий ніж
loc_weapon_family_combatknife_p1_m2,Бойовий ніж
loc_weapon_family_combatsword_p1_m1,Меч «Кіготь диявола»
loc_weapon_family_combatsword_p1_m2,Меч «Кіготь диявола»
loc_weapon_family_combatsword_p1_m3,Меч «Кіготь диявола»
loc_weapon_family_combatsword_p2_m1,Важкий меч
loc_weapon_family_combatsword_p2_m2,Важкий меч
loc_weapon_family_combatsword_p2_m3,Важкий меч
loc_weapon_family_combatsword_p3_m1,Дуельний меч
loc_weapon_family_combatsword_p3_m2,Дуельний меч
loc_weapon_family_combatsword_p3_m3,Дуельний меч
loc_weapon_family_crowbar_p1_m1,Лом
loc_weapon_family_dual_autopistols_p1_m1,Парні авто-пістолети
loc_weapon_family_dual_shivs_p1_m1,Заточки
loc_weapon_family_dual_shivs_p1_m2,Заточки
loc_weapon_family_dual_stubpistols_p1_m1,Парні пістолети
loc_weapon_family_flamer_p1_m1,Вогнемет очищення
loc_weapon_family_forcestaff_p1_m1,Силовий посох вибуху порожнечі
loc_weapon_family_forcestaff_p2_m1,Силовий посох вогню
loc_weapon_family_forcestaff_p3_m1,Електрокінетичний силовий посох 
loc_weapon_family_forcestaff_p4_m1,Силовий посох удару порожнечі
loc_weapon_family_forcesword_2h_p1_m1,Двуручний силовий меч полум'я
loc_weapon_family_forcesword_2h_p1_m2,Двуручний силовий меч полум'я
loc_weapon_family_forcesword_p1_m1,Силовий меч полум'я
loc_weapon_family_forcesword_p1_m2,Силовий меч полум'я
loc_weapon_family_forcesword_p1_m3,Силовий меч полум'я
loc_weapon_family_lasgun_p1_m1,Піхотна лазгвинтівка
loc_weapon_family_lasgun_p1_m2,Піхотна лазгвинтівка
loc_weapon_family_lasgun_p1_m3,Піхотна лазгвинтівка
loc_weapon_family_lasgun_p2_m1,Лазгвинтівка пеклобій
loc_weapon_family_lasgun_p2_m2,Лазгвинтівка пеклобій
loc_weapon_family_lasgun_p2_m3,Лазгвинтівка пеклобій
loc_weapon_family_lasgun_p3_m1,Лазгвинтівка розвідника
loc_weapon_family_lasgun_p3_m2,Лазгвинтівка розвідника
loc_weapon_family_lasgun_p3_m3,Лазгвинтівка розвідника
loc_weapon_family_laspistol_p1_m1,Важкий лазпістолет
loc_weapon_family_laspistol_p1_m3,Важкий лазпістолет
loc_weapon_family_needlepistol_p1_m1,Голчастий пістолет
loc_weapon_family_needlepistol_p1_m2,Голчастий пістолет
loc_weapon_family_ogryn_club_p1_m1,Польова лопата
loc_weapon_family_ogryn_club_p1_m2,Польова лопата
loc_weapon_family_ogryn_club_p1_m3,Польова лопата
loc_weapon_family_ogryn_club_p2_m1,Довбня хулігана
loc_weapon_family_ogryn_club_p2_m2,Довбня хулігана
loc_weapon_family_ogryn_club_p2_m3,Довбня хулігана
loc_weapon_family_ogryn_combatblade_p1_m1,Тесак
loc_weapon_family_ogryn_combatblade_p1_m2,Тесак
loc_weapon_family_ogryn_combatblade_p1_m3,Тесак
loc_weapon_family_ogryn_gauntlet_p1_m1,ГранАтометна рукавиця
loc_weapon_family_ogryn_heavystubber_p1_m1,Спарений важкий кулемет
loc_weapon_family_ogryn_heavystubber_p1_m2,Спарений важкий кулемет
loc_weapon_family_ogryn_heavystubber_p1_m3,Спарений важкий кулемет
loc_weapon_family_ogryn_heavystubber_p2_m1,Важкий кулемет
loc_weapon_family_ogryn_heavystubber_p2_m2,Важкий кулемет
loc_weapon_family_ogryn_heavystubber_p2_m3,Важкий кулемет
loc_weapon_family_ogryn_pickaxe_2h_p1_m1,Шахтарське кайло
loc_weapon_family_ogryn_pickaxe_2h_p1_m2,Шахтарське кайло
loc_weapon_family_ogryn_pickaxe_2h_p1_m3,Шахтарське кайло
loc_weapon_family_ogryn_powermaul_p1_m1,Силовий буздиган
loc_weapon_family_ogryn_powermaul_slabshield_p1_04,Бойовий буздиган оґрина і панцерний щит
loc_weapon_family_ogryn_powermaul_slabshield_p1_m1,Бойовий буздиган і панцерний щит
loc_weapon_family_ogryn_rippergun_p1_m1,Різник
loc_weapon_family_ogryn_rippergun_p1_m2,Різник
loc_weapon_family_ogryn_rippergun_p1_m3,Різник
loc_weapon_family_ogryn_thumper_p1_m1,Відбійник
loc_weapon_family_ogryn_thumper_p1_m2,Громовержець
loc_weapon_family_plasmagun_p1_m1,Плазмопушка
loc_weapon_family_powermaul_2h_p1_m1,Крушитель
loc_weapon_family_powermaul_p1_m1,Шоковий буздиган
loc_weapon_family_powermaul_p1_m2,Шоковий буздиган
loc_weapon_family_powermaul_p2_m1,Шоковий буздиган арбітра
loc_weapon_family_powermaul_shield_p1_m1,Шоковий буздиган і щит пригнічення  
loc_weapon_family_powermaul_shield_p1_m2,Шоковий буздиган і щит пригнічення  
loc_weapon_family_powersword_2h_p1_m1,Клинок реліквій
loc_weapon_family_powersword_2h_p1_m2,Клинок реліквій
loc_weapon_family_powersword_p1_m1,Силовий меч
loc_weapon_family_powersword_p1_m2,Силовий меч
loc_weapon_family_powersword_p2_m1,Силовий фальшион
loc_weapon_family_powersword_p2_m2,Силовий фальшион
loc_weapon_family_saw_p1_m1,Кісткопилка
loc_weapon_family_shotgun_p1_m1,Бойовий дробовик
loc_weapon_family_shotgun_p1_m2,Бойовий дробовик
loc_weapon_family_shotgun_p1_m3,Бойовий дробовик
loc_weapon_family_shotgun_p2_m1,Двоствольний дробовик
loc_weapon_family_shotgun_p4_m1,Дробовик винищувача
loc_weapon_family_shotgun_p4_m2,Дробовик винищувача
loc_weapon_family_shotpistol_shield_p1_m1,Дробольвер придушувача і штурмовий щит
loc_weapon_family_stubrevolver_p1_m1,Блискавичний револьвер
loc_weapon_family_stubrevolver_p1_m2,Блискавичний револьвер
loc_weapon_family_thunderhammer_2h_p1_m1,Громовий молот
loc_weapon_family_thunderhammer_2h_p1_m2,Громовий молот
loc_weapon_mark_autogun_p1_m1,Мк І  
loc_weapon_mark_autogun_p1_m2,Мк V
loc_weapon_mark_autogun_p1_m3,Мк VІІІ  
loc_weapon_mark_autogun_p2_m1,Мк II
loc_weapon_mark_autogun_p2_m2,Мк IV
loc_weapon_mark_autogun_p2_m3,Мк VІІІ  
loc_weapon_mark_autogun_p3_m1,Мк ІІІ  
loc_weapon_mark_autogun_p3_m2,Мк VII
loc_weapon_mark_autogun_p3_m3,Мк IX
loc_weapon_mark_autopistol_p1_m1,Мк IV
loc_weapon_mark_bolter_p1_m1,Мк ІІb  
loc_weapon_mark_bolter_p1_m2,Мк ІІІ  
loc_weapon_mark_boltpistol_p1_m1,Мк IV
loc_weapon_mark_boltpistol_p1_m2,Мк VI
loc_weapon_mark_chainaxe_p1_m1,Мк IV
loc_weapon_mark_chainaxe_p1_m2,Мк XII
loc_weapon_mark_chainsword_2h_p1_m1,Мк ІІІ  
loc_weapon_mark_chainsword_2h_p1_m2,Мк XV
loc_weapon_mark_chainsword_p1_m1,Мк IV
loc_weapon_mark_chainsword_p1_m2,Мк XIIIg
loc_weapon_mark_combataxe_p1_m1,Мк ІІІ  
loc_weapon_mark_combataxe_p1_m2,Мк V
loc_weapon_mark_combataxe_p1_m3,Мк VІІІ  
loc_weapon_mark_combataxe_p2_m1,Мк II
loc_weapon_mark_combataxe_p2_m2,Мк IV
loc_weapon_mark_combataxe_p2_m3,Мк VII
loc_weapon_mark_combataxe_p3_m1,Мк І  
loc_weapon_mark_combataxe_p3_m2,Мк ІІІ  
loc_weapon_mark_combataxe_p3_m3,Мк VII
loc_weapon_mark_combatknife_p1_m1,Мк ІІІ  
loc_weapon_mark_combatknife_p1_m2,Мк VI
loc_weapon_mark_combatsword_p1_m1,Мк І  
loc_weapon_mark_combatsword_p1_m2,Мк IV
loc_weapon_mark_combatsword_p1_m3,Мк VII
loc_weapon_mark_combatsword_p2_m1,Мк VI
loc_weapon_mark_combatsword_p2_m2,Мк VII
loc_weapon_mark_combatsword_p2_m3,Мк IX
loc_weapon_mark_combatsword_p3_m1,Мк II
loc_weapon_mark_combatsword_p3_m2,Мк IV
loc_weapon_mark_combatsword_p3_m3,Мк V
loc_weapon_mark_crowbar_p1_m1,Мк VI
loc_weapon_mark_dual_autopistols_p1_m1,МкIII
loc_weapon_mark_dual_shivs_p1_m1,Мк I
loc_weapon_mark_dual_shivs_p1_m2,Мк III
loc_weapon_mark_dual_stubpistols_p1_m1,МкVIII
loc_weapon_mark_flamer_p1_m1,Мк ІІІ  
loc_weapon_mark_forcestaff_p1_m1,Мк ІІІ  
loc_weapon_mark_forcestaff_p2_m1,Мк II
loc_weapon_mark_forcestaff_p3_m1,Мк VI
loc_weapon_mark_forcestaff_p4_m1,Мк IV
loc_weapon_mark_forcesword_2h_p1_m1,Мк VI
loc_weapon_mark_forcesword_2h_p1_m2,Мк VІІІ  
loc_weapon_mark_forcesword_p1_m1,Мк II
loc_weapon_mark_forcesword_p1_m2,Мк IV
loc_weapon_mark_forcesword_p1_m3,Мк V
loc_weapon_mark_lasgun_p1_m1,Мк VII
loc_weapon_mark_lasgun_p1_m2,Мк ІІb  
loc_weapon_mark_lasgun_p1_m3,Мк IX
loc_weapon_mark_lasgun_p2_m1,Мк IIIa
loc_weapon_mark_lasgun_p2_m2,Мк V
loc_weapon_mark_lasgun_p2_m3,Мк IV
loc_weapon_mark_lasgun_p3_m1,Мк VIc
loc_weapon_mark_lasgun_p3_m2,Мк XII
loc_weapon_mark_lasgun_p3_m3,Мк XIV
loc_weapon_mark_laspistol_p1_m1,Мк II
loc_weapon_mark_laspistol_p1_m3,Мк Х  
loc_weapon_mark_needlepistol_p1_m1,МкVI
loc_weapon_mark_needlepistol_p1_m2,МкII
loc_weapon_mark_ogryn_club_p1_m1,Мк ІІІ  
loc_weapon_mark_ogryn_club_p1_m2,Мк XIX
loc_weapon_mark_ogryn_club_p1_m3,Мк V
loc_weapon_mark_ogryn_club_p2_m1,Мк І  
loc_weapon_mark_ogryn_club_p2_m2,Мк II
loc_weapon_mark_ogryn_club_p2_m3,Мк IIIb
loc_weapon_mark_ogryn_combatblade_p1_m1,Мк VI
loc_weapon_mark_ogryn_combatblade_p1_m2,Мк ІІІ  
loc_weapon_mark_ogryn_combatblade_p1_m3,Мк IV
loc_weapon_mark_ogryn_gauntlet_p1_m1,Мк ІІІ  
loc_weapon_mark_ogryn_heavystubber_p1_m1,Мк V
loc_weapon_mark_ogryn_heavystubber_p1_m2,Мк IV
loc_weapon_mark_ogryn_heavystubber_p1_m3,Мк VII
loc_weapon_mark_ogryn_heavystubber_p2_m1,Мк IIa
loc_weapon_mark_ogryn_heavystubber_p2_m2,Мк IIIa
loc_weapon_mark_ogryn_heavystubber_p2_m3,Мк II
loc_weapon_mark_ogryn_pickaxe_2h_p1_m1,Мк Ia
loc_weapon_mark_ogryn_pickaxe_2h_p1_m2,Мк ІІІ  
loc_weapon_mark_ogryn_pickaxe_2h_p1_m3,Мк II
loc_weapon_mark_ogryn_powermaul_p1_m1,Мк І  
loc_weapon_mark_ogryn_powermaul_slabshield_p1_04,04
loc_weapon_mark_ogryn_powermaul_slabshield_p1_m1,Мк II & Мк III
loc_weapon_mark_ogryn_rippergun_p1_m1,Мк II
loc_weapon_mark_ogryn_rippergun_p1_m2,Мк V
loc_weapon_mark_ogryn_rippergun_p1_m3,Мк VI
loc_weapon_mark_ogryn_thumper_p1_m1,Мк V
loc_weapon_mark_ogryn_thumper_p1_m2,Мк VI
loc_weapon_mark_plasmagun_p1_m1,Мк II
loc_weapon_mark_powermaul_2h_p1_m1,Мк IVe
loc_weapon_mark_powermaul_p1_m1,Мк Ia
loc_weapon_mark_powermaul_p1_m2,Мк ІІІ  
loc_weapon_mark_powermaul_p2_m1,Мк ІІІ  
loc_weapon_mark_powermaul_shield_p1_m1,Мк VI
loc_weapon_mark_powermaul_shield_p1_m1,Мк VI
loc_weapon_mark_powermaul_shield_p1_m2,Мк XI
loc_weapon_mark_powersword_2h_p1_m1,Мк Х  
loc_weapon_mark_powersword_2h_p1_m2,Мк II
loc_weapon_mark_powersword_p1_m1,Мк ІІІ  
loc_weapon_mark_powersword_p1_m2,Мк VI
loc_weapon_mark_powersword_p2_m1,Мк І  
loc_weapon_mark_powersword_p2_m2,Мк ІІb  
loc_weapon_mark_saw_p1_m1,Мк IV
loc_weapon_mark_shotgun_p1_m1,Мк VI
loc_weapon_mark_shotgun_p1_m2,Мк VII
loc_weapon_mark_shotgun_p1_m3,Мк IX
loc_weapon_mark_shotgun_p2_m1,Мк XI
loc_weapon_mark_shotgun_p4_m1,Мк ІІІ  
loc_weapon_mark_shotgun_p4_m2,Мк VІІІ  
loc_weapon_mark_shotpistol_shield_p1_m1,Мк IV
loc_weapon_mark_stubrevolver_p1_m1,Мк IIa
loc_weapon_mark_stubrevolver_p1_m2,Мк XIV
loc_weapon_mark_thunderhammer_2h_p1_m1,Мк II
loc_weapon_mark_thunderhammer_2h_p1_m2,Мк IV
loc_weapon_pattern_autogun_p1_m1,Вракс
loc_weapon_pattern_autogun_p1_m2,Коломнус
loc_weapon_pattern_autogun_p1_m3,Вракс
loc_weapon_pattern_autogun_p2_m1,Грайя
loc_weapon_pattern_autogun_p2_m2,Аґріпінаа
loc_weapon_pattern_autogun_p2_m3,Коломнус
loc_weapon_pattern_autogun_p3_m1,Грайя
loc_weapon_pattern_autogun_p3_m2,Аґріпінаа
loc_weapon_pattern_autogun_p3_m3,Люс
loc_weapon_pattern_autopistol_p1_m1,Локк  
loc_weapon_pattern_bolter_p1_m1,Ґодвін-Бранкс  
loc_weapon_pattern_bolter_p1_m2,Локка
loc_weapon_pattern_boltpistol_p1_m1,Орестес
loc_weapon_pattern_boltpistol_p1_m2,Ґодвін-Бранкс  
loc_weapon_pattern_chainaxe_p1_m1,Орестес
loc_weapon_pattern_chainaxe_p1_m2,Тігрус
loc_weapon_pattern_chainsword_2h_p1_m1,Тігрус
loc_weapon_pattern_chainsword_2h_p1_m2,Кадія
loc_weapon_pattern_chainsword_p1_m1,Кадія
loc_weapon_pattern_chainsword_p1_m2,Рашад
loc_weapon_pattern_combataxe_p1_m1,Антакс
loc_weapon_pattern_combataxe_p1_m2,Аклис
loc_weapon_pattern_combataxe_p1_m3,Атрокс
loc_weapon_pattern_combataxe_p2_m1,Атрокс
loc_weapon_pattern_combataxe_p2_m2,Атрокс
loc_weapon_pattern_combataxe_p2_m3,Муніторум  
loc_weapon_pattern_combataxe_p3_m1,Муніторум  
loc_weapon_pattern_combataxe_p3_m2,Муніторум  
loc_weapon_pattern_combataxe_p3_m3,Катачан
loc_weapon_pattern_combatknife_p1_m1,Катачан
loc_weapon_pattern_combatknife_p1_m2,Катачан
loc_weapon_pattern_combatsword_p1_m1,Катачан
loc_weapon_pattern_combatsword_p1_m2,Катачан
loc_weapon_pattern_combatsword_p1_m3,Туртольський
loc_weapon_pattern_combatsword_p2_m1,Туртольський
loc_weapon_pattern_combatsword_p2_m2,Туртольський
loc_weapon_pattern_combatsword_p2_m3,Маккабійський
loc_weapon_pattern_combatsword_p3_m1,Маккабійський
loc_weapon_pattern_combatsword_p3_m2,Маккабійський
loc_weapon_pattern_combatsword_p3_m3,Артемія
loc_weapon_pattern_crowbar_p1_m1,Техножрець
loc_weapon_pattern_dual_autopistols_p1_m1,Бранкс
loc_weapon_pattern_dual_shivs_p1_m1,Імпровізований
loc_weapon_pattern_dual_shivs_p1_m2,Імпровізований
loc_weapon_pattern_dual_stubpistols_p1_m1,Бранкс
loc_weapon_pattern_flamer_p1_m1,Еквінокс
loc_weapon_pattern_forcestaff_p1_m1,Ріфтхавен
loc_weapon_pattern_forcestaff_p2_m1,Номанус
loc_weapon_pattern_forcestaff_p3_m1,Еквінокс
loc_weapon_pattern_forcestaff_p4_m1,Обскурус
loc_weapon_pattern_forcesword_2h_p1_m1,Завіт  
loc_weapon_pattern_forcesword_2h_p1_m2,Завіт  
loc_weapon_pattern_forcesword_p1_m1,Деймос
loc_weapon_pattern_forcesword_p1_m2,Іллісі
loc_weapon_pattern_forcesword_p1_m3,Кантраель
loc_weapon_pattern_lasgun_p1_m1,Кантраель
loc_weapon_pattern_lasgun_p1_m2,Кантраель
loc_weapon_pattern_lasgun_p1_m3,Люций
loc_weapon_pattern_lasgun_p2_m1,Люций
loc_weapon_pattern_lasgun_p2_m2,Люций
loc_weapon_pattern_lasgun_p2_m3,Аккатран
loc_weapon_pattern_lasgun_p3_m1,Аккатран
loc_weapon_pattern_lasgun_p3_m2,Аккатран
loc_weapon_pattern_lasgun_p3_m3,Аккатран mg
loc_weapon_pattern_laspistol_p1_m1,Кантраель
loc_weapon_pattern_laspistol_p1_m3,Мізковибивач
loc_weapon_pattern_needlepistol_p1_m1,Бранкс
loc_weapon_pattern_needlepistol_p1_m2,Бранкс
loc_weapon_pattern_ogryn_club_p1_m1,Мізковибивач
loc_weapon_pattern_ogryn_club_p1_m2,Мізковибивач
loc_weapon_pattern_ogryn_club_p1_m3,Мізковибивач
loc_weapon_pattern_ogryn_club_p2_m1,«Брантовий фірмовий»
loc_weapon_pattern_ogryn_club_p2_m2,«Гордість бранта»
loc_weapon_pattern_ogryn_club_p2_m3,«Брантовий дробар»
loc_weapon_pattern_ogryn_combatblade_p1_m1,Кроурк
loc_weapon_pattern_ogryn_combatblade_p1_m2,Бикоріз
loc_weapon_pattern_ogryn_combatblade_p1_m3,Кроурк
loc_weapon_pattern_ogryn_gauntlet_p1_m1,Вибухун
loc_weapon_pattern_ogryn_heavystubber_p1_m1,Кроурк
loc_weapon_pattern_ogryn_heavystubber_p1_m2,Горгонум
loc_weapon_pattern_ogryn_heavystubber_p1_m3,Аклис
loc_weapon_pattern_ogryn_heavystubber_p2_m1,Бранкс
loc_weapon_pattern_ogryn_heavystubber_p2_m2,Кроурк
loc_weapon_pattern_ogryn_heavystubber_p2_m3,Горгонум
loc_weapon_pattern_ogryn_pickaxe_2h_p1_m1,Аклис
loc_weapon_pattern_ogryn_pickaxe_2h_p1_m2,Боровіан
loc_weapon_pattern_ogryn_pickaxe_2h_p1_m3,Карсолас
loc_weapon_pattern_ogryn_powermaul_p1_m1,Аклис
loc_weapon_pattern_ogryn_powermaul_slabshield_p1_04,Р1
loc_weapon_pattern_ogryn_powermaul_slabshield_p1_m1,Орокс
loc_weapon_pattern_ogryn_rippergun_p1_m1,Роздирач
loc_weapon_pattern_ogryn_rippergun_p1_m2,Роздирач
loc_weapon_pattern_ogryn_rippergun_p1_m3,Роздирач
loc_weapon_pattern_ogryn_thumper_p1_m1,Лоренц
loc_weapon_pattern_ogryn_thumper_p1_m2,Лоренц
loc_weapon_pattern_plasmagun_p1_m1,M35 Магнокор
loc_weapon_pattern_powermaul_2h_p1_m1,Індігнатус
loc_weapon_pattern_powermaul_p1_m1,Агні
loc_weapon_pattern_powermaul_p1_m2,Муніторум  
loc_weapon_pattern_powermaul_p2_m1,Бранкс
loc_weapon_pattern_powermaul_shield_p1_m1,Бранкс
loc_weapon_pattern_powersword_2h_p1_m1,Скандар
loc_weapon_pattern_powersword_2h_p1_m2,Муніторум  
loc_weapon_pattern_powersword_p1_m1,Муніторум  
loc_weapon_pattern_powersword_p1_m2,Аклис
loc_weapon_pattern_powersword_p2_m1,Арідін  
loc_weapon_pattern_powersword_p2_m2,Законник  
loc_weapon_pattern_saw_p1_m1,Хірург
loc_weapon_pattern_shotgun_p1_m1,Зарона
loc_weapon_pattern_shotgun_p1_m2,Аґріпіна
loc_weapon_pattern_shotgun_p1_m3,Аккатран
loc_weapon_pattern_shotgun_p2_m1,Круціс
loc_weapon_pattern_shotgun_p4_m1,Примус
loc_weapon_pattern_shotgun_p4_m2,Примус
loc_weapon_pattern_shotpistol_shield_p1_m1,Кара
loc_weapon_pattern_stubrevolver_p1_m1,Зарона
loc_weapon_pattern_stubrevolver_p1_m2,Аґріпінаа
loc_weapon_pattern_thunderhammer_2h_p1_m1,Круціс
loc_weapon_pattern_thunderhammer_2h_p1_m2,Залізноглав
loc_welder_servitor_helmet_01,Маска сервітора «Пакс»
loc_welder_servitor_helmet_01_desc,"Сервіторів краще бачити, ніж чути."
loc_zealot_beta_headgear_01,Твій запал хай шириться полум’ям серед вірних — і хай обпалює невірних у пекельних муках. максим із роти ополчення «Бета».
loc_zealot_beta_headgear_01_desc,"Крис Зоран, Батько-Ненависть"
loc_zealot_career_01_lvl_01_set_01,"Розпалювати лють проти Ворогів Імператора — справа свята, і справжнє покликання Зорана. Одна думка про єретиків кип’ятить його кров."
loc_zealot_career_01_lvl_01_set_01_desc,Сестра-Люті Маґарітта Долас
loc_zealot_career_01_lvl_02_set_01,"Веде́на вірою та гнівом, Сестра Долас присвятила своє життя Імператору та святій відплаті."
loc_zealot_career_01_lvl_02_set_01_desc,Вінець «Пакс Велич»
loc_zealot_career_01_lvl_03_headgear_set_01,"«Мир» святої Месселіни був далекий від миру, але історитори частіше обирають поетичні назви замість жорстокої правди."
loc_zealot_career_01_lvl_03_headgear_set_01_desc,Ауричний Вінець Культу Імперіаліс
loc_zealot_career_01_lvl_03_headgear_set_02,Пам’ятай Пакс Імперіаліс і вшановуй свого Імператора!
loc_zealot_career_01_lvl_03_headgear_set_02_desc,Аргентовий Вінець Культу Імперіаліс
loc_zealot_career_01_lvl_03_headgear_set_03,Кому ти служиш? ІМПЕРАТОРУ. І що ти Йому винен? УСЕ.
loc_zealot_career_01_lvl_03_headgear_set_03_desc,Вінець Культу Імперіаліс «Сангвініт»
loc_zealot_career_01_lvl_03_headgear_set_04,"Вірним — слово, невірним — швидка й немилосердна смерть."
loc_zealot_career_01_lvl_03_headgear_set_04_desc,zealot_career_01_lvl_03_headgear_set_05
loc_zealot_career_01_lvl_03_headgear_set_05,Вінець класу Святопроповідника з аквілою. Частина косметичного комплекту третього класу. Колірна схема Інквізиції.
loc_zealot_career_01_lvl_03_headgear_set_05_desc,Коріас Жебрак
loc_zealot_career_01_lvl_03_set_01,"Немає справи достойнішої, ніж принизити себе в ім’я Імператора. Хіба що знищити Його ворогів… і Коріас насолоджується і тим, і тим."
loc_zealot_career_01_lvl_03_set_01_desc,Респіратор Ґлоріана
loc_zealot_career_01_lvl_04_headgear_set_01,"Що може краще надихнути душу на праведну різанину, ніж респіратор, просякнутий ладаном?"
loc_zealot_career_01_lvl_04_headgear_set_01_desc,Респіратор Культу Імперіаліс
loc_zealot_career_01_lvl_04_headgear_set_02,Будь вірним своєму Імператору.
loc_zealot_career_01_lvl_04_headgear_set_02_desc,Респіратор Міністоруму
loc_zealot_career_01_lvl_04_headgear_set_03,"Пам’ятай: ти існуєш лише для служіння Волі Імператора! Ніколи не піддавайся багатству чи насолоді, бо все це минуще, тоді як служіння Імператору — вічне."
loc_zealot_career_01_lvl_04_headgear_set_03_desc,Респіратор Міссіонаріус Ґалаксія
loc_zealot_career_01_lvl_04_headgear_set_04,"Зустрічай прийняття нетерпимістю, зустрічай скверну вогнем. Нехай твій запал палає найяскравіше."
loc_zealot_career_01_lvl_04_headgear_set_04_desc,Сестра-Золота Зара Валата
loc_zealot_career_01_lvl_04_set_01,"Велика честь — носити золото на службі Імператору, і Зара прагне бути достойною цього."
loc_zealot_career_01_lvl_04_set_01_desc,Респіратор Ґлоріана (модифікований)
loc_zealot_career_01_lvl_05_headgear_set_01,Про цей конкретний виріб відомо мало. Або ж усе відоме було ретельно стерто.
loc_zealot_career_01_lvl_05_headgear_set_01_desc,Респіратор Культу Імперіаліс «Пенітус»
loc_zealot_career_01_lvl_05_headgear_set_02,"Те, що ти визнаєш негідним, має бути очищене вогнем!"
loc_zealot_career_01_lvl_05_headgear_set_02_desc,Респіратор Міністоруму (модифікований)
loc_zealot_career_01_lvl_05_headgear_set_03,"Немає нічого більш захопливого, ніж запах палаючих відьом. Для нефільтрованої насолоди варто зняти респіратор і вдихнути просто так!"
loc_zealot_career_01_lvl_05_headgear_set_03_desc,Респіратор Міссіонаріус Ґалаксія «Пенітус»
loc_zealot_career_01_lvl_05_headgear_set_04,"Ти принесеш вогонь і спасіння тим, хто їх потребує."
loc_zealot_career_01_lvl_05_headgear_set_04_desc,Прелат-осяйний Маркіос Ґейдж
loc_zealot_career_01_lvl_05_set_01,"Коли святі енергії наповнюють його, проповіді рвуться назовні, і Ґейдж серцем знає: його обов’язок — навернути всіх до поклоніння Імператору. Ті, хто відмовиться, мають бути показані помилку свого шляху."
loc_zealot_career_01_lvl_05_set_01_desc,Послушниця Брінна Белем
loc_zealot_career_02_lvl_01_set_01,"Нова послушниця Ордену Імператорської Відплати, послушниця Белем палко вірить як у справу, так і в гарне ритмічне скандування."
loc_zealot_career_02_lvl_01_set_01_desc,Відьмолов Тим Шард
loc_zealot_career_02_lvl_02_set_01,"Ніхто не тішиться винищенням відьом більше за нього. «Не дай відьмі жити» — не лише його мантра, а сенс цілого життя."
loc_zealot_career_02_lvl_02_set_01_desc,Каптур Ганьбленого
loc_zealot_career_02_lvl_03_headgear_set_01,"Безліч крихітних голок уздовж внутрішнього боку каптура стежать, аби носій ніколи не забув свої злочини."
loc_zealot_career_02_lvl_03_headgear_set_01_desc,Каптур Місіонера
loc_zealot_career_02_lvl_03_headgear_set_02,"Лише ті, кому ти довіряєш, мають бачити твоє істинне обличчя, тож маску не слід знімати ніколи."
loc_zealot_career_02_lvl_03_headgear_set_02_desc,Каптур Праведного
loc_zealot_career_02_lvl_03_headgear_set_03,Для погані тільки полум’я.
loc_zealot_career_02_lvl_03_headgear_set_03_desc,Шкіряний каптур
loc_zealot_career_02_lvl_03_headgear_set_04,"Шкіряна оболонка маски лягає, наче друга шкіра — чиєю вона була насправді, ти не скажеш…"
loc_zealot_career_02_lvl_03_headgear_set_04_desc,Каптур Обуреного
loc_zealot_career_02_lvl_03_headgear_set_05,"Ховай обличчя, а не запал!"
loc_zealot_career_02_lvl_03_headgear_set_05_desc,Прелат Офіціо Шарн Дорсун
loc_zealot_career_02_lvl_03_set_01,"Інколи, переповнена співчуттям до пригноблених, вона зосереджується, виголошуючи Хвалу Імператору. Згодом вона завжди згадує: служить вона Еклезіархії, а не людям."
loc_zealot_career_02_lvl_03_set_01_desc,Каптур Спокутованої
loc_zealot_career_02_lvl_04_headgear_set_01,"Спокута — мета, до якої часто прагнуть, але рідко досягають."
loc_zealot_career_02_lvl_04_headgear_set_01_desc,Маска Святості
loc_zealot_career_02_lvl_04_headgear_set_02,"Прикрий обличчя так само, як прикрив би свої вади перед Імператором!"
loc_zealot_career_02_lvl_04_headgear_set_02_desc,Маска Каяття
loc_zealot_career_02_lvl_04_headgear_set_03,У тілі й у душі мусиш захищатися. Стережися — довкола панує скверна!
loc_zealot_career_02_lvl_04_headgear_set_03_desc,Маска Месниці
loc_zealot_career_02_lvl_04_headgear_set_04,"Всі винні, хоч не всі це знають."
loc_zealot_career_02_lvl_04_headgear_set_04_desc,Диякон Ронолд Бері
loc_zealot_career_02_lvl_04_set_01,"Невпинно прагне підвищення, маючи націл на Архидиякона й далі. Кожен знищений єретик прокладає шлях його честолюбству."
loc_zealot_career_02_lvl_04_set_01_desc,Каптур Помстительки
loc_zealot_career_02_lvl_05_headgear_set_01,"«Єретнику! Я знищу тебе в ім'я Імператора!
Сповідник-Осяйний Ннаканте Олове»"
loc_zealot_career_02_lvl_05_headgear_set_01_desc,Каптур Релікварія
loc_zealot_career_02_lvl_05_headgear_set_02,"Нехай твоя воля буде незламною. Краще смерть, ніж компроміс."
loc_zealot_career_02_lvl_05_headgear_set_02_desc,Каптур Мученика
loc_zealot_career_02_lvl_05_headgear_set_03,Це твоя щаслива маска для спалення відьом. Досі чути запах диму…
loc_zealot_career_02_lvl_05_headgear_set_03_desc,Каптур Архі-мілітанта
loc_zealot_career_02_lvl_05_headgear_set_04,"Зміцнись проти спокуси, захисти себе від усякої скверни."
loc_zealot_career_02_lvl_05_headgear_set_04_desc,Прелат Бенево Філлібаст
loc_zealot_career_02_lvl_05_set_01,"Віра й завзяття підживлюють Філлібаста, і він певен: кожен повалений ворог наближає його до улюбленого Імператора."
loc_zealot_career_02_lvl_05_set_01_desc,Шкіряна очна пов’язка з верміншкури
loc_zealot_career_prisoner_01_lvl_03_headgear_var_01,"Як і ампутовані кінцівки викликають фантомний біль, так і твоє втрачене око часом «бачить» дещо."
loc_zealot_career_prisoner_01_lvl_03_headgear_var_01_desc,Каптур Каятника
loc_zealot_career_prisoner_01_lvl_04_headgear_var_01,"Інколи лише віра відрізняє прочанина, виснаженого мандрівками, від покидька Вулику."
loc_zealot_career_prisoner_01_lvl_04_headgear_var_01_desc,Каптур Немилосердної Віри
loc_zealot_career_prisoner_01_lvl_05_headgear_var_01,"Одним оком ти бачиш світ таким, яким він є, а оком утраченим — таким, яким він має бути."
loc_zealot_career_prisoner_01_lvl_05_headgear_var_01_desc,Сповідницька стрічка каяття
loc_zealot_catachan_headgear_a_var_02,"У деяких малознаних сектах каяття сповідається запаленням Свічок Покути. Коли лій стікає донизу, ти змушений осмислювати свої дії, а горінняи слугують суворим нагадуванням не повторювати їх."
loc_zealot_catachan_headgear_a_var_02_desc,Шолом мученика Трьох Святинь
loc_zealot_catachan_headgear_a_var_03,Сповідальний браслет Конфесора (Ваді)
loc_zealot_catachan_headgear_a_var_04,Сповідальний браслет Конфесора (Піски Гіріон)
loc_zealot_christmas_headgear_01,«Прикрашений Обітницями Чистоти та Нетерпимості.
loc_zealot_christmas_headgear_01_desc,Нехай ніщо не спинить вірних!»
loc_zealot_death_korps_of_krieg_headgear_a_helmet_var_02,Котелковий шолом Мк Ib з ребризером
loc_zealot_death_korps_of_krieg_headgear_a_helmet_var_03,Котелковий шолом Мк IV з ребризером
loc_zealot_death_korps_of_krieg_headgear_a_helmet_var_04,Котелковий шолом Мк Ih з ребризером
loc_zealot_death_korps_of_krieg_headgear_a_var_01,Газова маска Кріґа (Знак Віри)
loc_zealot_death_korps_of_krieg_headgear_a_var_01_desc,Поєднує традиційну маску проповідника з класичною газмаскою Корпусу Смерті.
loc_zealot_death_korps_of_krieg_headgear_a_var_02,Польовий комплект Кріґ (Знак Віри)
loc_zealot_death_korps_of_krieg_headgear_a_var_03,Газова маска Кріґа (Знак Служби)
loc_zealot_death_korps_of_krieg_headgear_a_var_04,Газова маска Кріґа (Знак Обов’язку)
loc_zealot_death_korps_of_krieg_lowerbody_01_var_01,Додатково посилені наколінники. Має ж допомагати з усіма тими молитвами й припаданням перед Імператором у траншеях.
loc_zealot_death_korps_of_krieg_lowerbody_01_var_01_desc,Комбінезон Мк ІІ РТ-38
loc_zealot_elucidian_starstriders_headgear_01_var_01,Маска культу смерті
loc_zealot_elucidian_starstriders_headgear_01_var_05,Маска культу смерті (Розкішний Червоний)
loc_zealot_elucidian_starstriders_headgear_01_var_06,Маска культу смерті (Коричнева Шкіра)
loc_zealot_elucidian_starstriders_headgear_01_var_07,Маска культу смерті (Темно-Зелена)
loc_zealot_elucidian_starstriders_lowerbody_a_var_01,Штани асасина
loc_zealot_elucidian_starstriders_upperbody_a_var_01,Камзол асасина
loc_zealot_elysian_drop_troops_lowerbody_a_var_04,Міцна тканина з синт-канви дає бодай мінімальний захист від штурханих вітрів вільного падіння.
loc_zealot_elysian_drop_troops_lowerbody_a_var_04_desc,Комбінезон Мк ІІ РТ-38
loc_zealot_elysian_drop_troops_upperbody_a_var_04,"Елізіанам властиво ставати дуже забобонними. Стрибки — не жарти, і що більше ти пережив, то певніше знаєш: наступний може стати останнім. Для декого це проявляється фанатичною відданістю Імперському Кредо. Таких можна впізнати за молитовником, що завжди під рукою."
loc_zealot_elysian_drop_troops_upperbody_a_var_04_desc,zealot_elysian_headgear_a
loc_zealot_elysian_headgear_a,zealot_elysian_headgear_a_01_helmet
loc_zealot_elysian_headgear_a_01_genstealer_cults_var_01,Бойовий шолом Проповідника (Ґалльські траншеї)
loc_zealot_elysian_headgear_a_01_genstealer_cults_var_02,Бойовий шолом Проповідника (Операція «Умиротворення Данната»)
loc_zealot_elysian_headgear_a_01_genstealer_cults_var_03,Бойовий шолом Проповідника (Морзький похід)
loc_zealot_elysian_headgear_a_01_helmet,Елізіанський шолом ревнителя. Окислений метал.
loc_zealot_elysian_headgear_a_01_helmet_desc,Тип-5 шолом тиску Каятника
loc_zealot_elysian_headgear_a_01_var_01,"Дисплей на цьому шоломі, схоже, бачив кращі часи, проте видно, що віра цього вояка триматиме його в бою."
loc_zealot_elysian_headgear_a_01_var_01_desc,Кріплення елізіанського спорядження ревнителя. Сувої та інше.
loc_zealot_elysian_headgear_a_desc,zealot_elysian_headgear_a_helmet
loc_zealot_elysian_headgear_a_helmet,Елізіанський шолом ревнителя. Окислений метал.
loc_zealot_elysian_headgear_a_helmet_desc,Шолом Писаря Магістратуму
loc_zealot_enforcer_headgear_a_var_01,"Дехто з Законників бачить свою службу як шлях наблизитися до Імператора, якого так ревно вшановує. Адже Lex Imperialis — це Його закон. Чи є кращий спосіб служити Імперіуму?"
loc_zealot_enforcer_headgear_a_var_01_desc,Патрульна уніформа Магістратум Мк v
loc_zealot_enforcer_headgear_a_var_02,Шолом писаря Маґістратуму (червоний)
loc_zealot_enforcer_headgear_a_var_03,Шолом писаря Маґістратуму (синій)
loc_zealot_enforcer_headgear_a_var_04,Шолом писаря Маґістратуму (білий)
loc_zealot_enforcer_lowerbody_a_var_01,Незначні варіації у зразках броні з’являються з плином віків. Деякі з найдавніших уніформ сягають часів будівництва перших районів Вулику.
loc_zealot_enforcer_lowerbody_a_var_01_desc,Патрульна броня Магістратум Мк v
loc_zealot_enforcer_upperbody_a_var_01,"Свічки дають менше світла, ніж добрий ліхтар-пробійник, але запах талу куди приємніший за сморід деяких місць, куди може завести служба Енфорсера."
loc_zealot_enforcer_upperbody_a_var_01_desc,Циклопічний каптур болю
loc_zealot_enforcer_upperbody_a_var_02,Патрульна броня Маґістратуму Мк V (червона)
loc_zealot_enforcer_upperbody_a_var_03,Патрульна броня Маґістратуму Мк V (синя)
loc_zealot_enforcer_upperbody_a_var_04,Патрульна броня Маґістратуму Мк V (біла)
loc_zealot_hive_scum_headgear_a_var_01,"Цей каптур — мрія флагелянта. Вмонтовані електроди б’ють струмом ревного носія, зосереджуючи його на посвяченому шляху. Принаймні так вважають окремі секти."
loc_zealot_hive_scum_headgear_a_var_01_desc,Привласнений флак-жилет
loc_zealot_hive_scum_upperbody_a_var_01,"«Імператор вважав за потрібне дарувати мені броню. Хто я, щоб цуратися цього святого дару?»"
loc_zealot_hive_scum_upperbody_a_var_01_desc,Вбрання смиренного Бенедиктора
loc_zealot_inquisitorial_agent_headgear_02_var_04,Каптур екзорциста (Розкішний білий)
loc_zealot_inquisitorial_agent_headgear_02_var_05,Каптур екзорциста (Коричнева шкіра)
loc_zealot_inquisitorial_agent_headgear_02_var_06,Каптур екзорциста (Багряний велюр)
loc_zealot_lowerbody_career_01_lvl_01_set_01,"Захищати буде. Зрештою, комфорт — це слабкість."
loc_zealot_lowerbody_career_01_lvl_01_set_01_desc,Вбрання смиренного Проповідника
loc_zealot_lowerbody_career_01_lvl_01_set_02,++PERDITUM SANCTUS++
loc_zealot_lowerbody_career_01_lvl_01_set_02_desc,Вбрання смиренного Писаря
loc_zealot_lowerbody_career_01_lvl_01_set_03,"Хто б не носив ці штани до тебе, він мандрував за межами Тертіума. Червоногаряча пилюка Зовнішніх земель відпирається, але запах лужних пустошей вивести куди важче."
loc_zealot_lowerbody_career_01_lvl_01_set_03_desc,Вбрання смиренного Індоктринатора
loc_zealot_lowerbody_career_01_lvl_01_set_04,"Полум’яна проповідь дається легше у штанах, що добре сидять."
loc_zealot_lowerbody_career_01_lvl_01_set_04_desc,Вбрання смиренного Прелата
loc_zealot_lowerbody_career_01_lvl_01_set_05,++PERDITUM SANCTUS++
loc_zealot_lowerbody_career_01_lvl_01_set_05_desc,Вбрання Помазаного Бенедиктора
loc_zealot_lowerbody_career_01_lvl_02_set_01,"Неприпустимо, щоб хтось із твоєю відданістю носив такі лахміття."
loc_zealot_lowerbody_career_01_lvl_02_set_01_desc,Вбрання Помазаного Проповідника
loc_zealot_lowerbody_career_01_lvl_02_set_02,++PERDITUM SANCTUS++
loc_zealot_lowerbody_career_01_lvl_02_set_02_desc,Вбрання Помазаного Писаря
loc_zealot_lowerbody_career_01_lvl_02_set_03,++PERDITUM SANCTUS++
loc_zealot_lowerbody_career_01_lvl_02_set_03_desc,Вбрання Помазаного Індоктринатора
loc_zealot_lowerbody_career_01_lvl_02_set_04,"Твої попередні штани були надто м’які, а ці мають добру жорсткість — забезпечують належний рівень дискомфорту."
loc_zealot_lowerbody_career_01_lvl_02_set_04_desc,Вбрання Помазаного Прелата
loc_zealot_lowerbody_career_01_lvl_02_set_05,"Щодня промовляєш молитви, щоб вигнати нечисте з розуму й тіла, очищуючись своєю відданістю Імператору."
loc_zealot_lowerbody_career_01_lvl_02_set_05_desc,Вбрання Відданого Бенедиктора
loc_zealot_lowerbody_career_01_lvl_03_set_01,"Це майже гідне вбрання для того, хто має твою ревність."
loc_zealot_lowerbody_career_01_lvl_03_set_01_desc,Вбрання Відданого Проповідника
loc_zealot_lowerbody_career_01_lvl_03_set_02,Ці штани тьмяні й незручні — саме такими ти їх просив.
loc_zealot_lowerbody_career_01_lvl_03_set_02_desc,Вбрання Відданого Писаря
loc_zealot_lowerbody_career_01_lvl_03_set_03,"Відтоді, як ти загнав у кут і засудив того мутанта, носячи ці штани, вони стали твоєю щасливою парою."
loc_zealot_lowerbody_career_01_lvl_03_set_03_desc,Вбрання Відданого Індоктринатора
loc_zealot_lowerbody_career_01_lvl_03_set_04,Штани класу Святопроповідника третього рангу зі сандалями. Міська колірна схема.
loc_zealot_lowerbody_career_01_lvl_03_set_04_desc,Вбрання Відданого Прелата
loc_zealot_lowerbody_career_01_lvl_03_set_05,++PERDITUM SANCTUS++
loc_zealot_lowerbody_career_01_lvl_03_set_05_desc,Вбрання Благочестивого Бенедиктора
loc_zealot_lowerbody_career_01_lvl_04_set_01,"Ці слугуватимуть добре, тримаючи рівновагу між смиренням і становищем на вістрі леза."
loc_zealot_lowerbody_career_01_lvl_04_set_01_desc,Вбрання Благочестивого Проповідника
loc_zealot_lowerbody_career_01_lvl_04_set_02,"Працювати поруч із відьмою, навіть Імперською Санкціонованою, — це все одно наруга, бо чи ж не вчили тебе ніколи не слабнути в нетерпимості?"
loc_zealot_lowerbody_career_01_lvl_04_set_02_desc,Вбрання Благочестивого Писаря
loc_zealot_lowerbody_career_01_lvl_04_set_03,"Благословенні ті, що вражають ворогів Імператора."
loc_zealot_lowerbody_career_01_lvl_04_set_03_desc,Вбрання Благочестивого Індоктринатора
loc_zealot_lowerbody_career_01_lvl_04_set_04,Штани класу Святопроповідника четвертого рангу з чоботами. Лісового кольору.
loc_zealot_lowerbody_career_01_lvl_04_set_04_desc,Вбрання Благочестивого Прелата
loc_zealot_lowerbody_career_01_lvl_04_set_05,"Подай приклад для братів, бо вони вкрай його потребують."
loc_zealot_lowerbody_career_01_lvl_04_set_05_desc,Вбрання Святого Бенедиктора
loc_zealot_lowerbody_career_01_lvl_05_set_01,"Ніколи не забувай, що здобув це крізь випробування і муки. Дехто каже, що ти марно чванишся. Вони — заздрять."
loc_zealot_lowerbody_career_01_lvl_05_set_01_desc,Вбрання Святого Проповідника
loc_zealot_lowerbody_career_01_lvl_05_set_02,Штани класу Святопроповідника п’ятого класу з чоботами. Пустельна колірна схема.
loc_zealot_lowerbody_career_01_lvl_05_set_02_desc,Вбрання Святого Писаря
loc_zealot_lowerbody_career_01_lvl_05_set_03,Нехай Віра буде твоїм щитом — і ти ніколи не похитнешся.
loc_zealot_lowerbody_career_01_lvl_05_set_03_desc,Вбрання Святого Індоктринатора
loc_zealot_lowerbody_career_01_lvl_05_set_04,++PERDITUM SANCTUS++
loc_zealot_lowerbody_career_01_lvl_05_set_04_desc,Вбрання смиренного Жебрака
loc_zealot_lowerbody_career_02_lvl_01_set_01,"Скромне вбрання для того, хто звик до служби."
loc_zealot_lowerbody_career_02_lvl_01_set_01_desc,Вбрання смиренного Лазара
loc_zealot_lowerbody_career_02_lvl_01_set_02,++PERDITUM SANCTUS++
loc_zealot_lowerbody_career_02_lvl_01_set_02_desc,Вбрання смиренного Місіонера
loc_zealot_lowerbody_career_02_lvl_01_set_03,++PERDITUM SANCTUS++
loc_zealot_lowerbody_career_02_lvl_01_set_03_desc,Вбрання смиренного Екзортира
loc_zealot_lowerbody_career_02_lvl_01_set_04,++PERDITUM SANCTUS++
loc_zealot_lowerbody_career_02_lvl_01_set_04_desc,Вбрання смиренного Пророка
loc_zealot_lowerbody_career_02_lvl_01_set_05,++PERDITUM SANCTUS++
loc_zealot_lowerbody_career_02_lvl_01_set_05_desc,Вбрання Помазаного Жебрака
loc_zealot_lowerbody_career_02_lvl_02_set_01,"Мало важить, у що вдягаються праведні. Імператор знає їхню цінність."
loc_zealot_lowerbody_career_02_lvl_02_set_01_desc,Вбрання Помазаного Лазара
loc_zealot_lowerbody_career_02_lvl_02_set_02,++PERDITUM SANCTUS++
loc_zealot_lowerbody_career_02_lvl_02_set_02_desc,Вбрання Помазаного Місіонера
loc_zealot_lowerbody_career_02_lvl_02_set_03,++PERDITUM SANCTUS++
loc_zealot_lowerbody_career_02_lvl_02_set_03_desc,Вбрання Помазаного Екзортира
loc_zealot_lowerbody_career_02_lvl_02_set_04,++PERDITUM SANCTUS++
loc_zealot_lowerbody_career_02_lvl_02_set_04_desc,Вбрання Помазаного Пророка
loc_zealot_lowerbody_career_02_lvl_02_set_05,++PERDITUM SANCTUS++
loc_zealot_lowerbody_career_02_lvl_02_set_05_desc,Вбрання Відданого Жебрака
loc_zealot_lowerbody_career_02_lvl_03_set_01,Майно є доказом прив’язаності до смертного… але дещо необхідне.
loc_zealot_lowerbody_career_02_lvl_03_set_01_desc,Вбрання Відданого Лазара
loc_zealot_lowerbody_career_02_lvl_03_set_02,++PERDITUM SANCTUS++
loc_zealot_lowerbody_career_02_lvl_03_set_02_desc,Вбрання Відданого Місіонера
loc_zealot_lowerbody_career_02_lvl_03_set_03,++PERDITUM SANCTUS++
loc_zealot_lowerbody_career_02_lvl_03_set_03_desc,Вбрання Відданого Екзортира
loc_zealot_lowerbody_career_02_lvl_03_set_04,++PERDITUM SANCTUS++
loc_zealot_lowerbody_career_02_lvl_03_set_04_desc,Вбрання Відданого Пророка
loc_zealot_lowerbody_career_02_lvl_03_set_05,++PERDITUM SANCTUS++
loc_zealot_lowerbody_career_02_lvl_03_set_05_desc,Вбрання Благочестивого Жебрака
loc_zealot_lowerbody_career_02_lvl_04_set_01,"Лише хвалько, уражений гординею, вимагатиме більшого."
loc_zealot_lowerbody_career_02_lvl_04_set_01_desc,Вбрання Благочестивого Лазара
loc_zealot_lowerbody_career_02_lvl_04_set_02,"Важко по-справжньому довіряти тим відгалуженням фратеріс мілітія, що надто вибагливі у одязі. Вірні Імператорові не мають потреби у таких пишнотах."
loc_zealot_lowerbody_career_02_lvl_04_set_02_desc,Вбрання Благочестивого Місіонера
loc_zealot_lowerbody_career_02_lvl_04_set_03,Штани класу Святопроповідника четвертого класу з чоботами. Колірна схема Марса.
loc_zealot_lowerbody_career_02_lvl_04_set_03_desc,Благочестиві штани Екзортира смиренної служби
loc_zealot_lowerbody_career_02_lvl_04_set_04,"Дім Марґрейв править Атомою Прайм від громадянської війни М.36. Дехто, особливо Дім Баркетт, люто зневажає цей факт. Механізми політичних інтриг хвилями проходять крізь усе життя Вулику — від бюрократії Адептус Адміністратум до безлічі облич Еклезіархії."
loc_zealot_lowerbody_career_02_lvl_04_set_04_desc,Вбрання Святого Жебрака
loc_zealot_lowerbody_career_02_lvl_05_set_01,"Ця текстура на шкірі чобіт… це що, людська шкіра?"
loc_zealot_lowerbody_career_02_lvl_05_set_01_desc,Вбрання Святого Лазара
loc_zealot_lowerbody_career_02_lvl_05_set_02,"Попередній власник цих штанів твердив, що вони несуть благословення Invictus Imperialis, але, можливо, це був лише відчайдушний продажний крок."
loc_zealot_lowerbody_career_02_lvl_05_set_02_desc,Вбрання Святого Місіонера
loc_zealot_lowerbody_career_02_lvl_05_set_03,"Багато років у кращих, фінансово забезпечених відгалуженнях Еклезіархії панує мода на візерунковий одяг."
loc_zealot_lowerbody_career_02_lvl_05_set_03_desc,Вбрання Святого Екзортира
loc_zealot_lowerbody_career_02_lvl_05_set_04,++PERDITUM SANCTUS++
loc_zealot_lowerbody_career_02_lvl_05_set_04_desc,Комбінезон Гелгхауз (В’язниця Гелгхауз)
loc_zealot_lowerbody_career_prisoner_01_lvl_01_var_01,"Той факт, що яскраво-помаранчева тюремна уніформа ускладнює втікачам спроби сховатися, зараз тобі мало чим допомагає."
loc_zealot_lowerbody_career_prisoner_01_lvl_01_var_01_desc,Тюремне вбрання (тюремногалера «Злиденність»)
loc_zealot_lowerbody_career_prisoner_01_lvl_02_var_01,"Це зшито настільки грубо, що, схоже, його робили такі самі в’язні."
loc_zealot_lowerbody_career_prisoner_01_lvl_02_var_01_desc,Тюремне вбрання (Чорна Облієтта)
loc_zealot_lowerbody_career_prisoner_01_lvl_03_var_01,"Ті, хто ходить у пишних священничих шатах, можуть зневажливо дивитися на твої жалюгідні тюремні лахи, але суд Імператора не обдуриш оздобами."
loc_zealot_lowerbody_career_prisoner_01_lvl_03_var_01_desc,Тюремні штани (Вестґейтська каторга)
loc_zealot_lowerbody_career_prisoner_01_lvl_04_var_01,"Внутрішня підкладка цих штанів містить богослужбові рядки, написані під час ув’язнення. Якби їх можна було розібрати, це могло б бути потужне читання."
loc_zealot_lowerbody_career_prisoner_01_lvl_04_var_01_desc,Вбрання Дому Флагеляції
loc_zealot_lowerbody_career_prisoner_01_lvl_05_var_01,"Втішає знання, що проповідницька книга завжди під рукою, адже жодна зброя не рівняється Імператорському Слову!"
loc_zealot_lowerbody_career_prisoner_01_lvl_05_var_01_desc,"Шолом «Аетус» Мк II — флак-шолом, камуфляж глоамус, з міністорумськими печатками"
loc_zealot_moebian_6th_headgear_01_var_01,"Як знак істинної віри, міністорумські печатки та девоціонали кріплять до всього спорядження. Благословення ніколи не буває забагато — у кількості є своя якість."
loc_zealot_moebian_6th_headgear_01_var_01_desc,Респіратор благочестивого взірця — камуфляж глоамус
loc_zealot_moebian_6th_headgear_02_var_01,"Дехто може сумніватися в цінності респіратора, що живиться вірою, але саме тому таке спорядження видають лише невідступним ревнителям."
loc_zealot_moebian_6th_headgear_02_var_01_desc,Шати благочестивих (попіл)
loc_zealot_moebian_6th_headgear_03_var_01,Флак-шолом «Аетус» Мк IV зі стилізованим під «Визволителя» респіратором і печатками-присягами
loc_zealot_moebian_6th_headgear_03_var_04,Відданий флак-шолом «Аетус» Мк II (Моебіанський 53-й)
loc_zealot_moebian_6th_lowerbody_a_var_01,"Попри простоту й скромність одягу, сталеві чоботи більш ніж здатні затоптати пораненого ворога до кривавої смерті. А що може бути праведнішим, ніж добити супротивника?"
loc_zealot_moebian_6th_lowerbody_a_var_01_desc,Туніка з флак-бронею «Фортус» IV (глоамус) і благословенним спорядженням
loc_zealot_moebian_6th_lowerbody_b_var_04,Віддані мундири (Моебіанський 53-й)
loc_zealot_moebian_6th_upperbody_a_var_01,"Коли бої на Нокс Альфа застигли, а втрати зросли, багато хто з Моебіанського 6-го знаходив тимчасову розраду у вірі — адже вона не могла підвести, чи не так?"
loc_zealot_moebian_6th_upperbody_a_var_01_desc,Трикутний капелюх Віров’язаного
loc_zealot_moebian_6th_upperbody_a_var_04,Відданий флак-жилет (Моебіанський 53-й)
loc_zealot_rogue_trader_headgear_a_var_03,"Якщо Імператор Захищає, як кажуть, то прикріпити примірник «Lectitio DIVinatus» до капелюха — це лише розумна пересторога, чи не так?"
loc_zealot_rogue_trader_headgear_a_var_03_desc,Трикутний капелюх Віров’язаного (червоний)
loc_zealot_rogue_trader_headgear_a_var_04,"Молитовник, печатки чистоти, свічки та черепи. Чого ще може потребувати вірний слуга Імператора?"
loc_zealot_rogue_trader_headgear_a_var_04_desc,Розсічені парадні панталони
loc_zealot_rogue_trader_headgear_a_var_05,Трикутний капелюх Віров’язаного (пурпуровий)
loc_zealot_rogue_trader_headgear_a_var_06,Трикутний капелюх Віров’язаного (синій)
loc_zealot_rogue_trader_lowerbody_a_var_01,"Ці химерні штани дарують неочікувану свободу рухів. Тим краще, щоб наздогнати втікаючих єретиків і розсікати їх своїм ланцюговим мечем."
loc_zealot_rogue_trader_lowerbody_a_var_01_desc,Аугметичний дерев’яний протез
loc_zealot_rogue_trader_lowerbody_b_var_03,"Можливо, це й не найефективніша заміна кінцівки, та заперечити задоволення від погляду на той глузливий череп, що витріщається назад після того, як ти вгатив коліном у пику зраднику, важко."
loc_zealot_rogue_trader_lowerbody_b_var_03_desc,Жилет Паломника
loc_zealot_rogue_trader_upperbody_var_03,"Дехто з екіпажу Роґ Трейдера долучається до мандрів не заради багатства чи слави, а щоб нести вчення Імперського Культу і ділитися благодатним словом Імператора. Навіть якщо доведеться вбивати, аби це зробити."
loc_zealot_rogue_trader_upperbody_var_03_desc,Віддані штани «Савлар» хем-безпекові
loc_zealot_savlar_chem_dogs_lowerbody_a_var_01,"Хімічно оброблені для підвищеної стійкості. Добре захищають, але про комфорт тут говорити не доводиться."
loc_zealot_savlar_chem_dogs_lowerbody_a_var_01_desc,Посилені мундири підвищеної міцності (тароський пісок)
loc_zealot_savlar_chem_dogs_lowerbody_a_var_04,Посилені наколінники роблять це вбрання єдиним вибором справді ревнителів.
loc_zealot_savlar_chem_dogs_lowerbody_a_var_04_desc,Віддані мундири «Савлар» хем-безпекові
loc_zealot_savlar_chem_dogs_upperbody_a_var_01,"Повний захист, зміцнені тканини та широкі бронепластини — цей комплект убереже від усього, що тільки може трапитися у воєнних зонах."
loc_zealot_savlar_chem_dogs_upperbody_a_var_01_desc,Тундрові шати (тароський пісок)
loc_zealot_savlar_chem_dogs_upperbody_b_var_04,Справжнє дитя Імператора триматиме свої священні писання при собі завжди — навіть у бою. Особливо в бою.
loc_zealot_savlar_chem_dogs_upperbody_b_var_04_desc,Тканинна маска смерті
loc_zealot_skull_edition_headgear,"Оперативники Смерті — це таємне коло в межах бойової групи Ґрендила, і ти не маєш допуску до цієї інформації.  "
loc_zealot_skull_edition_headgear_desc,Бойове спорядження (Оперативник Смерті)
loc_zealot_skull_edition_lowerbody,"Оперативники Смерті — це таємне коло в межах бойової групи Ґрендила, і ти не маєш допуску до цієї інформації.  "
loc_zealot_skull_edition_lowerbody_desc,Оперативник Смерті (Бузувір)
loc_zealot_skull_edition_set,"Оперативники Смерті — це таємне коло в межах бойової групи Ґрендила, і ти не маєш допуску до цієї інформації.  "
loc_zealot_skull_edition_set_desc,Шолом «Мементо морі» відданого
loc_zealot_skulls_headgear_01,"Ці агресивні шоломи прикрашені стилізованими купами черепів. Чи є вони знаком переможених ворогів, чи втрачених товаришів — хто ж скаже? А щодо червоного… краще не питати."
loc_zealot_skulls_headgear_01_desc,Пустельне спорядження виживання
loc_zealot_steel_legion_headgear_a_var_01,Котелковий шолом вотариста з ребризером
loc_zealot_steel_legion_lowerbody_a_set_01,Польовий комплект токс-зони мілітаруму (Cталевий зразок Геллсріч)
loc_zealot_steel_legion_upperbody_a_set_01,Куртка капелана токс-зони мілітаруму (Палаюча сірка)
loc_zealot_tallarn_desert_raider_headgear_a_var_01,Щільні тканинні обмотки та підігнані антиблікові окуляри готують тебе до будь-якого лихого середовища.
loc_zealot_tallarn_desert_raider_headgear_a_var_01_desc,Жилет Писаря
loc_zealot_tallarn_desert_rider_upperbody_a_var_03,Справді відданий послідовник Імперського Кредо завжди знайде спосіб продемонструвати свої писання. Це вбрання вміщує всю Сагу про святу Месселіну лише на лівому передпліччі.
loc_zealot_tallarn_desert_rider_upperbody_a_var_03_desc,Мундири Писаря
loc_zealot_tallarn_lowerbody_a_var_02,Польова форма Смиренного Слуги
loc_zealot_tallarn_lowerbody_a_var_03,"Галлоуетт каже, що на кораблі не лишилося жодної пряжки, а наступне поповнення припасів буде не раніше ніж через чотирнадцять циклів, тож доведеться обійтися цими бинтами."
loc_zealot_tallarn_lowerbody_a_var_03_desc,Вбрання смиренного Бенедиктора
loc_zealot_truskan_snowhound_lowerbody_a_var_02,Трусканська польова форма MVI (Крижана міць)
loc_zealot_truskan_snowhound_upperbody_a_var_02,Трусканська форма зразка Падре з флак-жилетом (Крижана міць)
loc_zealot_truskan_snowhounds_headgear_a_var_01,Флак-шолом для суворих умов з окулярами (Ваді)
loc_zealot_truskan_snowhounds_headgear_a_var_02,Флак-шолом для суворих умов з окулярами (Крижана міць)
loc_zealot_truskan_snowhounds_headgear_a_var_03,Флак-шолом для суворих умов з окулярами (Бойова Тінь Темнолісу)
loc_zealot_truskan_snowhounds_headgear_a_var_04,Флак-шолом для суворих умов з окулярами (Камуфляж Монтар)
loc_zealot_upperbody_career_01_lvl_01_set_01,"Проповідників радо приймають на злиденних нижніх палубах, бо обіцянка спасіння там цінніша, ніж будь-коли."
loc_zealot_upperbody_career_01_lvl_01_set_01_desc,Вбрання смиренного Проповідника
loc_zealot_upperbody_career_01_lvl_01_set_02,Верхнє вбрання класу Бузувір Проповідника першого рангу. Морська колірна схема.
loc_zealot_upperbody_career_01_lvl_01_set_02_desc,Вбрання смиренного Писаря
loc_zealot_upperbody_career_01_lvl_01_set_03,Вбрання смиренного Сповідника
loc_zealot_upperbody_career_01_lvl_01_set_03_desc,Вбрання смиренного Індоктринатора
loc_zealot_upperbody_career_01_lvl_01_set_04,"Хоч члени Еклезіархії нібито мають триматися осторонь політики Вулику, насправді це майже ніколи не так. Загальновідомо: що строкатіше вбрання, то більша ймовірність, що їхні симпатії на боці Дому Баркетт, а не Дому Марґрейв — хоча це й не завжди вірно."
loc_zealot_upperbody_career_01_lvl_01_set_04_desc,Вбрання смиренного Прелата
loc_zealot_upperbody_career_01_lvl_01_set_05,Верхнє вбрання класу Бузувір Проповідника першого рангу. Морська колірна схема.
loc_zealot_upperbody_career_01_lvl_01_set_05_desc,Вбрання Помазаного Бенедиктора
loc_zealot_upperbody_career_01_lvl_02_set_01,"Сувої містять записи про шлях носія до чистішого, святішого буття."
loc_zealot_upperbody_career_01_lvl_02_set_01_desc,Вбрання Помазаного Проповідника
loc_zealot_upperbody_career_01_lvl_02_set_02,Верхнє вбрання класу Бузувір Проповідника другого рангу. Імперська морська колірна схема.
loc_zealot_upperbody_career_01_lvl_02_set_02_desc,Вбрання Помазаного Писаря
loc_zealot_upperbody_career_01_lvl_02_set_03,Верхнє вбрання класу Бузувір Проповідника другого рангу. Імперська морська колірна схема.
loc_zealot_upperbody_career_01_lvl_02_set_03_desc,Вбрання Помазаного Індоктринатора
loc_zealot_upperbody_career_01_lvl_02_set_04,"Проти скверни, що облягає Тертіум, не може бути напівзаходів."
loc_zealot_upperbody_career_01_lvl_02_set_04_desc,Вбрання Помазаного Прелата
loc_zealot_upperbody_career_01_lvl_02_set_05,"Немає такого, чого не здолає ревність."
loc_zealot_upperbody_career_01_lvl_02_set_05_desc,Вбрання Відданого Бенедиктора
loc_zealot_upperbody_career_01_lvl_03_set_01,"Томи слугують щоденниками, у яких занотовують єресі — узріті й винищені."
loc_zealot_upperbody_career_01_lvl_03_set_01_desc,Вбрання Відданого Проповідника
loc_zealot_upperbody_career_01_lvl_03_set_02,"Укритий благословеннями та обітницями, ти перебуватимеш під захистом Імператора, доки твій ревний запал непохитний. Засумнівайся бодай на мить — і будеш приречений навіки."
loc_zealot_upperbody_career_01_lvl_03_set_02_desc,Вбрання Відданого Писаря
loc_zealot_upperbody_career_01_lvl_03_set_03,"Обов’язок Сповідника — не лише виявляти все, що чинить гріх проти Імператора, а й карати це."
loc_zealot_upperbody_career_01_lvl_03_set_03_desc,Вбрання Відданого Індоктринатора
loc_zealot_upperbody_career_01_lvl_03_set_04,Верхнє вбрання класу Бузувір Проповідника третього рангу. Міська колірна схема.
loc_zealot_upperbody_career_01_lvl_03_set_04_desc,Вбрання Відданого Прелата
loc_zealot_upperbody_career_01_lvl_03_set_05,Верхнє вбрання класу Бузувір Проповідника третього рангу. Морська колірна схема.
loc_zealot_upperbody_career_01_lvl_03_set_05_desc,Вбрання Благочестивого Бенедиктора
loc_zealot_upperbody_career_01_lvl_04_set_01,"Череп належав колись тобі дорогому супутнику, нині ж замученому в війні проти єретиків."
loc_zealot_upperbody_career_01_lvl_04_set_01_desc,Вбрання Благочестивого Проповідника
loc_zealot_upperbody_career_01_lvl_04_set_02,"Немає закутка Тертима — ані зовні, у Висушених землях — куди ти не ступиш, аби проповідувати Істинну Віру Імператора."
loc_zealot_upperbody_career_01_lvl_04_set_02_desc,Вбрання Благочестивого Писаря
loc_zealot_upperbody_career_01_lvl_04_set_03,Прикрашені на твоєму вбранні Обітниці Нетерпимості нагадують: лише обмежені успадкують галактику.
loc_zealot_upperbody_career_01_lvl_04_set_03_desc,Вбрання Благочестивого Індоктринатора
loc_zealot_upperbody_career_01_lvl_04_set_04,"«Промовляй до них славенні вчення святої Месселіни; а якщо вони відкинуть твої слова — покажи їм хибність їхнього шляху полум’ям і мечем».
— Еклезіарх Бакхрус"
loc_zealot_upperbody_career_01_lvl_04_set_04_desc,Вбрання Святого Бенедиктора
loc_zealot_upperbody_career_01_lvl_05_set_01,"Ці ризи бачили багато війни. Як і їхній носій, вони були випробувані — і все ж вистояли."
loc_zealot_upperbody_career_01_lvl_05_set_01_desc,Вбрання Святого Проповідника
loc_zealot_upperbody_career_01_lvl_05_set_02,Верхнє вбрання класу Бузувір Проповідника п’ятого рангу. Пустельна колірна схема.
loc_zealot_upperbody_career_01_lvl_05_set_02_desc,Вбрання Святого Писаря
loc_zealot_upperbody_career_01_lvl_05_set_03,"Тримайся міцно й не слухай єресі сквернених, бо їхня мета — посіяти сумнів у твоїй вірі, у твоєму Імперіумі та в самому Імператорі."
loc_zealot_upperbody_career_01_lvl_05_set_03_desc,Вбрання Святого Індоктринатора
loc_zealot_upperbody_career_01_lvl_05_set_04,Верхнє вбрання класу Бузувір Проповідника п’ятого рангу. Інквізиторська колірна схема.
loc_zealot_upperbody_career_01_lvl_05_set_04_desc,Вбрання смиренного Жебрака
loc_zealot_upperbody_career_02_lvl_01_set_01,"Просте вбрання — усе, що насправді потрібне вірному."
loc_zealot_upperbody_career_02_lvl_01_set_01_desc,Вбрання смиренного Лазара
loc_zealot_upperbody_career_02_lvl_01_set_02,++PERDITUM SANCTUS++
loc_zealot_upperbody_career_02_lvl_01_set_02_desc,Вбрання смиренного Місіонера
loc_zealot_upperbody_career_02_lvl_01_set_03,++PERDITUM SANCTUS++
loc_zealot_upperbody_career_02_lvl_01_set_03_desc,Вбрання смиренного Екзортира
loc_zealot_upperbody_career_02_lvl_01_set_04,++PERDITUM SANCTUS++
loc_zealot_upperbody_career_02_lvl_01_set_04_desc,Вбрання смиренного Пророка
loc_zealot_upperbody_career_02_lvl_01_set_05,++PERDITUM SANCTUS++
loc_zealot_upperbody_career_02_lvl_01_set_05_desc,Вбрання Помазаного Жебрака
loc_zealot_upperbody_career_02_lvl_02_set_01,"На сувої виведено улюблену надгробну промову, щоб повторити її щоразу, коли падає цінний побратим."
loc_zealot_upperbody_career_02_lvl_02_set_01_desc,Вбрання Помазаного Лазара
loc_zealot_upperbody_career_02_lvl_02_set_02,++PERDITUM SANCTUS++
loc_zealot_upperbody_career_02_lvl_02_set_02_desc,Вбрання Помазаного Місіонера
loc_zealot_upperbody_career_02_lvl_02_set_03,++PERDITUM SANCTUS++
loc_zealot_upperbody_career_02_lvl_02_set_03_desc,Вбрання Помазаного Екзортира
loc_zealot_upperbody_career_02_lvl_02_set_04,++PERDITUM SANCTUS++
loc_zealot_upperbody_career_02_lvl_02_set_04_desc,Вбрання Помазаного Пророка
loc_zealot_upperbody_career_02_lvl_02_set_05,++PERDITUM SANCTUS++
loc_zealot_upperbody_career_02_lvl_02_set_05_desc,Вбрання Відданого Жебрака
loc_zealot_upperbody_career_02_lvl_03_set_01,"Чистота — твоя, як гордо проголошують печатки на цих шатах."
loc_zealot_upperbody_career_02_lvl_03_set_01_desc,Вбрання Відданого Лазара
loc_zealot_upperbody_career_02_lvl_03_set_02,++PERDITUM SANCTUS++
loc_zealot_upperbody_career_02_lvl_03_set_02_desc,Вбрання Відданого Місіонера
loc_zealot_upperbody_career_02_lvl_03_set_03,++PERDITUM SANCTUS++
loc_zealot_upperbody_career_02_lvl_03_set_03_desc,Вбрання Відданого Екзортира
loc_zealot_upperbody_career_02_lvl_03_set_04,Володій вірою як зброєю й стань живою карою в Ім’я Імператора.
loc_zealot_upperbody_career_02_lvl_03_set_04_desc,Вбрання Відданого Пророка
loc_zealot_upperbody_career_02_lvl_03_set_05,++PERDITUM SANCTUS++
loc_zealot_upperbody_career_02_lvl_03_set_05_desc,Вбрання Благочестивого Жебрака
loc_zealot_upperbody_career_02_lvl_04_set_01,"Воістину, це шати того, хто промовляє істину Імператора."
loc_zealot_upperbody_career_02_lvl_04_set_01_desc,Вбрання Благочестивого Лазара
loc_zealot_upperbody_career_02_lvl_04_set_02,"Як воїн Віри, посвячений служінню Імператору, ти готовий віддати життя в мучеництві — але не раніше, ніж забереш із собою якомога більше єретиків."
loc_zealot_upperbody_career_02_lvl_04_set_02_desc,Вбрання Благочестивого Місіонера
loc_zealot_upperbody_career_02_lvl_04_set_03,++PERDITUM SANCTUS++
loc_zealot_upperbody_career_02_lvl_04_set_03_desc,++PERDITUM SANCTUS++
loc_zealot_upperbody_career_02_lvl_04_set_04,Вбрання Благочестивого Екзортира
loc_zealot_upperbody_career_02_lvl_04_set_04_desc,"Багато відгалужень Еклезіархії носять похмурі шати як знак скромної побожності, хоча дехто твердить, що темні кольори також демонструють прихильність у династичному протистоянні Марґрейвів і Баркеттів, що триває на Атомі Прайм тисячоліттями."
loc_zealot_upperbody_career_02_lvl_05_set_01,Вбрання Святого Жебрака
loc_zealot_upperbody_career_02_lvl_05_set_01_desc,"Твоє місце — вести, а інші нехай тримаються кожного твого слова. Бо хіба ти виголошуєш щось інше, ніж святу істину?"
loc_zealot_upperbody_career_02_lvl_05_set_02,Вбрання Святого Лазара
loc_zealot_upperbody_career_02_lvl_05_set_02_desc,"Ніхто не спинить руку праведника, і відплата буде їхня."
loc_zealot_upperbody_career_02_lvl_05_set_03,Вбрання Святого Місіонера
loc_zealot_upperbody_career_02_lvl_05_set_03_desc,"Навіть по смерті справді вірні можуть продовжувати світити для Імперіуму, якому служили. Або принаймні можуть, якщо їхні тіла переплавлено на свічки Віри. Якщо чесно, запах так собі…"
loc_zealot_upperbody_career_02_lvl_05_set_04,Вбрання Святого Екзортира
loc_zealot_upperbody_career_02_lvl_05_set_04_desc,Верхнє вбрання класу Бузувір Проповідника п’ятого рангу. Інквізиторська колірна схема.
loc_zealot_upperbody_career_prisoner_01_lvl_01_var_01,Грубошкіряна сорочка підвищеної міцності (Храм Покути)
loc_zealot_upperbody_career_prisoner_01_lvl_01_var_01_desc,"Шорстка шкіряна сорочка не дає розслабитись, а брязкіт тюремного пояса нагадує про твоє злиденне минуле. Та доки є подих — є й спокута."
loc_zealot_upperbody_career_prisoner_01_lvl_02_var_01,Вбрання Самоти (Дім Покути)
loc_zealot_upperbody_career_prisoner_01_lvl_02_var_01_desc,"Не думай про скверну, щоб самі твої думки не обернулися на гниль."
loc_zealot_upperbody_career_prisoner_01_lvl_03_var_01,Тюремна сорочка (Пенітенціарій Ван Деміана)
loc_zealot_upperbody_career_prisoner_01_lvl_03_var_01_desc,"Шкрябуча грубість цієї сорочки — ідеальний рівень дискомфорту, щоб ти завжди був напоготові."
loc_zealot_upperbody_career_prisoner_01_lvl_04_var_01,Підвальні лахи (Храм Братів Невблаганної Відданості)
loc_zealot_upperbody_career_prisoner_01_lvl_04_var_01_desc,У час потреби бичуй свій розум читанням сувоїв чистоти.
loc_zealot_upperbody_career_prisoner_01_lvl_05_var_01,Каптур і туніка праведного страждання
loc_zealot_upperbody_career_prisoner_01_lvl_05_var_01_desc,Ти повинен вражати невірного.
loc_zealot_upperbody_death_korps_of_krieg_01_var_01,Кріґівський ґрейткот (Позначений Вірою)
loc_zealot_upperbody_death_korps_of_krieg_01_var_01_desc,"Розарії, свічки та писання позначають невгасиму віру цього Бузувіра."
loc_zealot_upperbody_death_korps_of_krieg_143rd_01_var_01,Вартовий великий плащ Кріґу (143-й Кріґський)
loc_zealot_upperbody_skull_edition,Бойове спорядження (Оперативник Смерті)
loc_zealot_upperbody_skull_edition_desc,"Оперативники Смерті — це таємне коло в межах бойової групи Ґрендила, і ти не маєш допуску до цієї інформації.  "
loc_zealot_wh_fest_headgear_01,Шолом Чистоти (1-й Манкунійський похід)
loc_zealot_wh_fest_headgear_01_desc,"Кампанія, де бій точився впритул і в центрі якої стояв сяйливий демон; спорядження небагатьох її вижилих стало справжніми реліквіями."
loc_zola_lowerbody_01,Бойовий наряд Золи
loc_zola_lowerbody_01_desc,"Знай ти раніше, що ці штани такі зручні — поцупив би ще пару."
loc_zola_upperbody_01,Бойовий наряд Золи
loc_zola_upperbody_01_desc,Еполети? Ха. Справжньому воїнові не потрібні оздоби.
loc_powersword_2h_p1_m1,Великий силовий меч Скарус Мк ІІ
loc_forcesword_2h_p1_m1,Великий меч Сили Завіт Mк VI
loc_frateris_militia_a_06_lowerbody_set_02,Трофейне бойове спорядження Мілітаруму (Кампанія Моебіан Вердус)
loc_powersword_2h_p1_m2_desc,"Удосконалене силове ядро цього меча спрямовує потоки енергії крізь лезо, завдаючи нищівного ефекту."
loc_emote_human_negative_003_dismiss_01,Відмахнутися
loc_insignia_6,Інсигнія Інквізиторіуму I
loc_insignia_6_desc,"""Значення Тертіума неможливо переоцінити.""
— Писання Інквізитора Ґрендила"
loc_trinket_12b,Реліквія Ґлоґа
loc_trinket_15g,Честь Індомітус
loc_zealot_moebian_6th_lowerbody_b_var_01,Відданий Польовий Одяг (Кістяні Піски)
loc_achievements_exp_store,Вигідник
loc_achievements_exp_store_desc,Ви розумно використовували Укриттями Смертокраїв.
loc_aquila_circlet_a_var_02,Обруч Честі Імперіуму (Вогняні Пустки Камуфляж)
loc_aquila_circlet_a_var_03,Обруч Честі Імперіуму (Золотисте Сяйво)
loc_aquila_circlet_a_var_04,Обруч Честі Імперіуму (Сріблясте Сяйво)
loc_astra_b_lowerbody_set_08,Бойовий костюм Псайкера Морґейн Mk III (Ваді)
loc_aviator_hat_02_var_02,Бойовий кашкет з твердим каркасом (Вогняні Пустки Камуфляж)
loc_aviator_hat_02_var_03,Бойовий кашкет з твердим каркасом (Кістяні Піски)
loc_bolter_p1_um002,Рев Малкадора
loc_bolter_p1_um002_desc,"Гучні постріли цієї давньої зброї подібні до громових проголошень, які, за переказами, виголошував великий Сиґіліт."
loc_cadia_ogryn_aviator_cap_a_var_05,Кашкет Бомбардира Ахліс Mk Ia (Болотяна Багнюка Камуфляж)
loc_cadia_ogryn_aviator_cap_a_var_06,Кашкет Бомбардира Ахліс Mk Ia (Мебіанський Ліс)
loc_cadia_ogryn_aviator_cap_a_var_07,Кашкет Бомбардира Ахліс Mk Ia (Вогняні Пустки Камуфляж)
loc_chainsword_p1_um004,Клятва Воїна
loc_chainsword_p1_um004_desc,На цьому клинку чітко викарбувано Клятву Воїна: Смерть аніж Ганьба.
loc_dual_shivs_p1_us001_desc,"Ця пара клинків уже бачила чимало кривавої роботи в минулому. І, ймовірно, побачить ще в майбутньому."
loc_emote_human_personality_004_waiting_01,Очікування
loc_flamer_p1_us005_1545,Очищувач
loc_flamer_p1_us005_1545_desc,"Огорнутий його очищувальним полум’ям, єретик отримає Його спокуту."
loc_forcestaff_p1_us005_1545,Посох Провидця
loc_forcestaff_p1_us005_1545_desc,"Для тих, чий розум відкритий, Варп є жахливим, але могутнім союзником."
loc_forcesword_2h_p1_us002_1179,Розкута Реальність
loc_forcesword_2h_p1_us002_1179_desc,"Здатний розсікати саму тканину реальності, досвідчений псайкер із такою зброєю — справді лячне видовище."
loc_insignia_event_abhuman_explosions_desc,"Коли пил осідає, дим розвіюється, а останній з оґринів помирає від ран, ви стоїте переможцем. Вулик у безпеці… поки що."
loc_insignia_exp_ops,Перший Дослідник
loc_insignia_exp_ops_desc,Смертокрай більше не має для вас жодних таємниць.
loc_necromunda_03_var_02,Краніальний Аугмент Тета-Рівня (Нічна Завіса)
loc_necromunda_03_var_03,Краніальний Аугмент Тета-Рівня (Кістяні Піски)
loc_necromunda_03_var_04,Краніальний Аугмент Тета-Рівня (Вогняні Пустки Камуфляж)
loc_ogryn_club_p2_us003_1539,Міць Інквізиції
loc_ogryn_club_p2_us003_1539_desc,Справжнє втілення могутності Імператора.
loc_ogryn_combatblade_p1_um001,Розкривач Істини
loc_ogryn_combatblade_p1_um001_desc,"Моторошно навіть уявити, як цей інструмент використовують для вибивання зізнань із єретиків."
loc_ogryn_inquisition_headgear_a_var_01,Герб Інквізитора
loc_ogryn_j_headgear_set_08,Каптур Свідка «Побожний» (XXXXL)
loc_ogryn_j_headgear_set_09,Каптур Свідка «Покараний» (XXXXL)
loc_ogryn_j_headgear_set_10,Каптур Свідка «Каятник» (XXXXL)
loc_ogryn_padded_cap_01_set_02,Підбитий бойовий шолом (XXXXL) (Траншейна Багнюка Камуфляж)
loc_ogryn_padded_cap_01_set_03,Підбитий бойовий шолом (XXXXL) (Вогняні Пустки Камуфляж)
loc_ogryn_padded_cap_01_set_04,Підбитий бойовий шолом (XXXXL) (Кістяні Піски)
loc_ogryn_pickaxe_2h_p1_us003_1539,Камнедробильник
loc_ogryn_pickaxe_2h_p1_us003_1539_desc,Він однаково добре трощить єретиків і мутантів.
loc_plasmagun_p1_um002,Лють Сола
loc_plasmagun_p1_um002_desc,"Давня плазмова зброя, що, за переказами, наділена силою Сонця, яке сяє над Святою Террою."
loc_powermaul_2h_p1_um001,Суд Відлучення
loc_powermaul_2h_p1_um001_desc,"В очах Інквізиції доля єретика вирішена в той момент, коли він ступає на шлях прокляття."
loc_psyker_astra_collar_short_01_var_02,Псайканічний Комір Стигій Mk IV з Ребризером
loc_psyker_chem_dogs_headgear_a_var_08,Хімічно Захищений Ребризер з коміром Псайкани  (Кістяні Піски)
loc_psyker_chem_dogs_headgear_a_var_09,Хімічно Захищений Ребризер з коміром Псайкани  (Чорне Сонце)
loc_psyker_chem_dogs_headgear_a_var_10,Хімічно Захищений Ребризер з коміром Псайкани  (Вогняні Пустки Камуфляж)
loc_psyker_hive_scum_headgear_a_var_07,Захисне спорядження Безплідних Земель з коміром Псайкани  (Випалена Земля)
loc_psyker_hive_scum_headgear_a_var_08,Захисне спорядження Безплідних Земель з коміром Псайкани  (Кістяні Піски)
loc_psyker_hive_scum_headgear_a_var_09,Захисне спорядження Безплідних Земель з коміром Псайкани  (Іржаві Пустки)
loc_psyker_inquisition_headgear_a_var_01,Каптур Юстиціара
loc_psyker_inquisition_headgear_a_var_02,Каптур Юстиціара (Вогняні Пустки Камуфляж)
loc_psyker_inquisition_headgear_a_var_03,Каптур Юстиціара (Кривавий Яр)
loc_psyker_inquisition_headgear_a_var_04,Каптур Юстиціара (Зношена Велич)
loc_psyker_inquisition_lowerbody_a_var_01,Штани Аколіта
loc_psyker_inquisition_upperbody_a_var_01,Плащ Аколіта
loc_psyker_truskan_snowhounds_headgear_01_a_rebreather_03_var_01,Шолом Штурмовика Шаблону «Гейт» з коміром Псайкани 
loc_rebreather_02_c_01_var_01,Ребризер Безплідних Земель (Вогняні Пустки Камуфляж)
loc_rebreather_02_c_01_var_02,Ребризер Безплідних Земель (Кістяні Піски)
loc_rebreather_02_c_01_var_03,Ребризер Безплідних Земель (Кривавий Яр)
loc_stubrevolver_p1_um001,Голова Смерті
loc_stubrevolver_p1_um001_desc,Завивання куль суду й осуду виривається зі ствола цієї шанованої зброї.
loc_thunderhammer_2h_p1_us003_1179,Скорботна Розплата
loc_thunderhammer_2h_p1_us003_1179_desc,"Кажуть, цей молот видає надзвичайно приємний звук, коли вражає метал. Ідеально підходить для трощення броньованих єретиків."
loc_title_achievement_121,Опортуніст
loc_title_achievement_122,Володар Трофеїв
loc_veteran_ecclesiarchy_hood_a_bioniceye_d_var_02,Каптур Суду «Зарозумілість»
loc_veteran_ecclesiarchy_hood_a_bioniceye_d_var_03,Каптур Суду «Зарозумілість» (Кістяні Піски)
loc_veteran_ecclesiarchy_hood_a_bioniceye_d_var_04,Каптур Суду «Зарозумілість» (Вицвілий Блиск)
loc_veteran_elucidian_starstriders_headgear_01_var_01,Шолом Пустельника
loc_veteran_elucidian_starstriders_lowerbody_a_var_01,Польова форма Пустельника
loc_veteran_elucidian_starstriders_upperbody_a_var_01,Уніформа Пустельника
loc_veteran_inquisition_headgear_a_var_01,Капелюх иисливця на відьом із маскою
loc_veteran_inquisition_lowerbody_a_var_01,Польова форма Дознавача
loc_veteran_inquisition_upperbody_a_var_01,Плащ Ґрегора
loc_zealot_inquisition_cage_hood_01_var_02,Покров просвітителя (Зношена Велич)
loc_zealot_inquisition_cage_hood_01_var_03,Покров просвітителя (Крижаний Плач)
loc_zealot_inquisition_cage_hood_01_var_04,Покров просвітителя (Розкішне Плетиво)
loc_zealot_inquisition_headgear_a_var_01,Капелюх мисливця на відьом
loc_zealot_inquisition_lowerbody_a_var_01,Штани екзорциста
loc_zealot_inquisition_upperbody_a_var_01,Обладунок екзорциста
loc_emote_human_negative_003_dismiss_01_desc,"Ні, дякую!"
loc_emote_ogryn_affirmative_007_thumbs_up_03,Палець вгору! (3)
loc_emote_ogryn_affirmative_007_thumbs_up_03_desc,Інтузіастичне «Так!»
loc_emote_ogryn_personality_006_sit_01,Сісти
loc_ogryn_moebian_6th_lowerbody_b_var_01,Форма Астра Мілітарум (Піски Кістки) (XXXXL)
loc_psyker_moebian_6th_lowerbody_b_var_01,Форма Астра Мілітарум (Піски Кістки)
loc_trinket_12b_desc,"Так, вони від Святого! Чоловік у провулку так сказав. Він не буде брехати Ґруґу."
loc_trinket_15g_desc,У ширшому Імперіумі точиться велика війна за саму душу людства.
loc_veteran_moebian_6th_lowerbody_b_var_01,Форма Сталеголових (Піски Кістки)
loc_achievements_74,Архі-Дослідник
loc_achievements_74_desc,"Ти прочесав Смертокрай, не залишивши каменя на камені."
loc_adamant_headgear_01_var_01_desc,Головорізи та спостерігачі з різних картелів Тертіуму починають боятися вигляду салетного шолома та червоного візора Арбітрів.
loc_adamant_headgear_01_var_02_desc,"Уніформа варіанту Ноктіс використовується для нічних операцій, хоча різницю важко помітити, коли ти на трьохстах рівнях від денного світла."
loc_adamant_headgear_05_var_01_desc,"Арбітри діють як добре злагоджена машина під час операцій. Людина, звір і машина полюють на здобич з єдиною, часто смертоносною метою."
loc_adamant_headgear_05_var_02_desc,"""За Законом ти був засуджений і визнаний негідним. Прийми своє покарання.""
— Останні слова, які чує нещасна душа, що опинилася не по той бік розслідування."
loc_adamant_headgear_07_var_01_desc,Вокс-підсилювач загону відстежує зашифровані повідомлення від командування місії через потужний вокс-ретранслятор відділку.
loc_adamant_headgear_07_var_02_desc,У тьмяно освітлених провулках і складах вулика Вокс-підсилювач стає ще важливішим.
loc_adamant_lowerbody_a_var_01_desc,"Звук чобіт Арбітрів, що лунає тунелями та переходами, стає дедалі звичнішим. Особливо в більш брудних районах Тертіуму."
loc_adamant_lowerbody_a_var_02_desc,"Ходять чутки, що присутність Арбітрів у вулику не пов’язана з нещодавнім вторгненням і спричиненим ним хаосом."
loc_adamant_lowerbody_b_var_01_desc,"Картельна наволоч. Вони всі в цьому замішані. Я б просто спалив увесь район, якби це залежало від мене.
— Підслуханий коментар Арбітра у Потоці."
loc_adamant_lowerbody_b_var_02_desc,"Серед лав Адептус Арбітес існує багато спеціалізованих ролей. Катівники, мисливці, снайпери та інші знаходять застосування своїм більш жорстоким навичкам."
loc_adamant_lowerbody_c_var_01_desc,"Від найнижчого покидька з канави до найбагатшого вельможі — ніхто не поза підозрою. Закон не робить винятків, усі однаково здатні бути винними."
loc_adamant_upperbody_a_var_01_desc,"Мешканці Тертіуму почали боятися холодної присутності Арбітрів не менше, ніж Картелів. Їхні жорстокі методи не терплять заперечень."
loc_adamant_upperbody_a_var_02_desc,Повсюдна броня Адептус Арбітес відкидає загрозливу тінь у погано освітлених задніх провулках Тертіуму.
loc_adamant_upperbody_b_var_01_desc,"Ще більше, ніж їхні відповідники з Астра Мілітарум, Арбітри вірять у сувору дисципліну форми."
loc_adamant_upperbody_b_var_02_desc,"Відмінності в зразках броні Арбітрів незначні і зазвичай пов’язані зі спеціалізацією або конкретним спорядженням, яке вони використовують."
loc_adamant_upperbody_c_var_01_desc,"Сама присутність загартованого в боях Арбітра може наповнити серця порушників закону таким жахом, що вони здаються, не зробивши жодного пострілу."
loc_adamant_upperbody_c_var_02_desc,"Випромінювати авторитет, не вагатися і вимагати повного та абсолютного підкорення. Жодних компромісів."
loc_astra_headgear_chapter_02_var_01,Обгортка Пилового Сталкера з Псайканною Схемою (Камуфляж «Міста Смерті»)
loc_astra_headgear_chapter_02_var_01_desc,"Смертокрай. Назва здається ще доречнішою тепер, коли ти там побував. Усе це місце — труп колишньої Атоми."
loc_astra_headgear_chapter_02_var_02,Обгортка Пилового Сталкера з Псайканною Схемою (Камуфляж «Пилові Руїни»)
loc_astra_lowerbody_chapter_02_var_01,Вбрання Пилового Сталкера (Камуфляж «Міста Смерті»)
loc_astra_lowerbody_chapter_02_var_01_desc,"Хоч табірні байки Тертіуму могли бути перебільшені, Смертокрай — не місце, де варто затримуватися. Як ці люди змогли тут вижити — важко осягнути."
loc_astra_lowerbody_chapter_02_var_02,Вбрання Пилового Сталкера (Камуфляж «Пилові Руїни»)
loc_astra_lowerbody_chapter_02_var_02_desc,"Ці Смертокраї здаються незвично вправними в майструванні. Я ніколи не бачив, щоб вони демонстрували такі здібності, але їхні винаходи говорять самі за себе."
loc_astra_upperbody_chapter_02_var_01,Пальто Пилового Сталкера з Псайканним Коміром (Камуфляж «Міста Смерті»)
loc_astra_upperbody_chapter_02_var_01_desc,"Майже можна розгледіти колишню велич цього місця, приховану під тисячоліттями війни та індустрії."
loc_astra_upperbody_chapter_02_var_02,Пальто Пилового Сталкера з Псайканним Коміром (Камуфляж «Пилові Руїни»)
loc_astra_upperbody_chapter_02_var_02_desc,"Твої сни тривожать спалахи образів гігантських машин, що пожирають цілі гірські хребти. Величезні механічні пащі, що жеруть кору планети в пошуках криваво-червоного рудного каменю."
loc_boltpistol_p1_m2,Болт-пістолет Годвін-Бранкс MkVI
loc_broker_headgear_04_var_02_desc,Належність до Картелів не минає без ризиків. Чимало їхніх членів носять замінені кінцівки чи інші частини тіла через невдалі сутички.
loc_broker_headgear_04_var_03_desc,Належність до Картелів не минає без ризиків. Чимало їхніх членів носять замінені кінцівки чи інші частини тіла через невдалі сутички.
loc_broker_headgear_04_var_04_desc,Належність до Картелів не минає без ризиків. Чимало їхніх членів носять замінені кінцівки чи інші частини тіла через невдалі сутички.
loc_broker_headgear_05_var_01_desc,Деякі операції вимагають трохи хитрощів. У таких випадках часто доцільно приховати свою особу.
loc_broker_headgear_07_var_01_desc,Поєднання практичності та люті.
loc_broker_headgear_09_var_03_desc,"Перероблений елемент робочого спорядження, ймовірно вкрадений з одного з численних мануфакторіїв Вулика."
loc_broker_headgear_09_var_04_desc,"Перероблений елемент робочого спорядження, ймовірно вкрадений з одного з численних мануфакторіїв Вулика."
loc_broker_headgear_10_var_02_desc,Шолом у гладіаторському стилі — чудовий спосіб продемонструвати свою важливість.
loc_broker_headgear_10_var_04_desc,Шолом у гладіаторському стилі — чудовий спосіб продемонструвати свою важливість.
loc_broker_headgear_15_var_01_desc,"Майже наймінімальніше покриття для голови, але принаймні демонструє вашу приналежність до Картелю."
loc_broker_headgear_15_var_02_desc,"Майже наймінімальніше покриття для голови, але принаймні демонструє вашу приналежність до Картелю."
loc_broker_headgear_15_var_03_desc,"Майже наймінімальніше покриття для голови, але принаймні демонструє вашу приналежність до Картелю."
loc_broker_headgear_15_var_04_desc,"Майже наймінімальніше покриття для голови, але принаймні демонструє вашу приналежність до Картелю."
loc_broker_lowerbody_a_var_01_desc,"Ідеально, щоб добряче вгатити ногою, не розбиваючи гомілки."
loc_broker_lowerbody_progression_a_var_01_desc,"Вони прості, але все ж кращі, ніж нічого."
loc_broker_lowerbody_progression_a_var_02_desc,"Вони прості, але все ж кращі, ніж нічого."
loc_broker_lowerbody_progression_a_var_03_desc,"Вони прості, але все ж кращі, ніж нічого."
loc_broker_lowerbody_progression_a_var_04_desc,"Вони прості, але все ж кращі, ніж нічого."
loc_broker_lowerbody_progression_b_var_01_desc,"Схожі на Вуличні штани, але з додатковими наголінниками."
loc_broker_lowerbody_progression_b_var_02_desc,"Схожі на Вуличні штани, але з додатковими наголінниками."
loc_broker_lowerbody_progression_b_var_04_desc,"Схожі на Вуличні штани, але з додатковими наголінниками."
loc_broker_lowerbody_progression_c_var_03_desc,"Чим вища ваша репутація в Картелі, тим кращий доступ до якіснішої броні."
loc_broker_lowerbody_progression_c_var_04_desc,"Чим вища ваша репутація в Картелі, тим кращий доступ до якіснішої броні."
loc_broker_lowerbody_progression_d_var_01_desc,"Коли гроші вже не мають значення, ви можете вільно демонструвати свою яскраву натуру."
loc_broker_lowerbody_progression_d_var_02_desc,"Коли гроші вже не мають значення, ви можете вільно демонструвати свою яскраву натуру."
loc_broker_lowerbody_progression_d_var_04_desc,"Коли гроші вже не мають значення, ви можете вільно демонструвати свою яскраву натуру."
loc_broker_upperbody_d_var_01_desc,"У Картелі далеко не все блищить і сяє. Часто доводиться обходитися тим, що вдалося вкрасти."
loc_broker_upperbody_progression_a_var_01_desc,"Це не справжня броня, але вона схожа на броню і виглядає міцною."
loc_broker_upperbody_progression_a_var_02_desc,"Це не справжня броня, але вона схожа на броню і виглядає міцною."
loc_broker_upperbody_progression_a_var_03_desc,"Це не справжня броня, але вона схожа на броню і виглядає міцною."
loc_broker_upperbody_progression_a_var_04_desc,"Це не справжня броня, але вона схожа на броню і виглядає міцною."
loc_broker_upperbody_progression_b_var_02_desc,Бійки — улюблена розвага серед солдатів Картелю.
loc_broker_upperbody_progression_b_var_03_desc,Бійки — улюблена розвага серед солдатів Картелю.
loc_broker_upperbody_progression_b_var_04_desc,Бійки — улюблена розвага серед солдатів Картелю.
loc_broker_upperbody_progression_c_var_02_desc,"Картелі заправляють у Тертіумі. Адміністратум і імперські служителі закону могли б із цим посперечатися, хоча деякі докази важко заперечити."
loc_broker_upperbody_progression_c_var_03_desc,"Картелі заправляють у Тертіумі. Адміністратум і імперські служителі закону могли б із цим посперечатися, хоча деякі докази важко заперечити."
loc_broker_upperbody_progression_c_var_04_desc,"Картелі заправляють у Тертіумі. Адміністратум і імперські служителі закону могли б із цим посперечатися, хоча деякі докази важко заперечити."
loc_broker_upperbody_progression_d_var_02_desc,"Якщо громадянину щось потрібно в Тертіумі, йому доведеться знайти відповідний адміністративний відділ, заповнити необхідні форми й чекати, поки імперська машина обробить його запит. Або ж він може звернутися до одного з Картелів. Доведеться заплатити, але для багатьох це виглядає вартим ціни."
loc_broker_upperbody_progression_d_var_04_desc,"Якщо громадянину щось потрібно в Тертіумі, йому доведеться знайти відповідний адміністративний відділ, заповнити необхідні форми й чекати, поки імперська машина обробить його запит. Або ж він може звернутися до одного з Картелів. Доведеться заплатити, але для багатьох це виглядає вартим ціни."
loc_emote_human_personality_003_stretch_01_desc,"У тих Валькірій трохи тісно, коли доводиться ділити місце з Оґрином!"
loc_emote_human_personality_004_waiting_01_desc,Ти збираєшся цілий день возитися?
loc_emote_ogryn_001_chest_pound_01_desc,"Показати, що ти найсильніший."
loc_emote_ogryn_negative_007_shrug_01_desc,Знизати плечима
loc_emote_ogryn_personality_006_sit_01_desc,"Перепочинь, здорованю."
loc_end_of_round_adamant_002_weapon_desc,"Незламний із дробовиком і поруч із напарником, обидва насторожені загрозою."
loc_end_of_round_broker_001_weapon_desc,"Покидьок Вулика присів, цілячись із двох пістолетів, ніби на варті."
loc_end_of_round_broker_002_weapon_desc,"Розслаблений, але готовий до дії."
loc_end_of_round_broker_003_desc,Картель ні від кого не терпить жодного лайна!
loc_end_of_round_broker_007_weapon_desc,"Саме так, як тобі подобається."
loc_end_of_round_broker_019_weapon_desc,"Ні, я б ніколи сам не шукав проблем."
loc_end_of_round_ogryn_012_desc,"Благословенний розум, надто малий для сумнівів."
loc_end_of_round_psyker_015_desc,Псайкерська міць визначає правоту!
loc_end_of_round_veteran_010_desc,Добрий солдат підкоряється без питань. Добрий офіцер командує без сумнівів.
loc_end_of_round_zealot_012_desc,"Де є ворог — лютуй!
Де є перемога — радій!"
loc_frateris_militia_headgear_chapter_02_var_01,Польові Комунікатори Пилового Сталкера (Камуфляж «Міста Смерті»)
loc_frateris_militia_headgear_chapter_02_var_01_desc,Відвернутися від дарів Імператора й тремтіти серед пилу та каміння — не спосіб жити для людини.
loc_frateris_militia_headgear_chapter_02_var_02,Польові Комунікатори Пилового Сталкера (Камуфляж «Пилові Руїни»)
loc_frateris_militia_lowerbody_chapter_02_var_01,Паломницькі штани Пилового Сталкера (Камуфляж «Міста Смерті»)
loc_frateris_militia_lowerbody_chapter_02_var_01_desc,"Стільки руїн — і жодного собору? Не дивно, що Імператор покинув це місце."
loc_frateris_militia_lowerbody_chapter_02_var_02,Паломницькі штани Пилового Сталкера (Камуфляж «Пилові Руїни»)
loc_frateris_militia_lowerbody_chapter_02_var_02_desc,"Можливо, коли ми приберемо кляте Покарання, зможемо звести невеликий храм. Це був би початок."
loc_frateris_militia_upperbody_chapter_02_var_01,Польове вбрання Пилового Сталкера (Камуфляж «Міста Смерті»)
loc_frateris_militia_upperbody_chapter_02_var_01_desc,Невже Імператор справді покинув це спустошене місце?
loc_frateris_militia_upperbody_chapter_02_var_02,Польове вбрання Пилового Сталкера (Камуфляж «Пилові Руїни»)
loc_frateris_militia_upperbody_chapter_02_var_02_desc,"Він ніколи б не допустив такої руїни без причини. Так, Смертокрай мав стати таким, щоб славний Тертіум міг процвітати."
loc_lasgun_p1_a101_desc,"Полковник Ґортун замовив тисячі цих озброєнь для приреченої кампанії 6-го Моебіанського на Нокс Альфа. Темні кольори призначені для того, щоб бійці зливалися з темрявою. Ми, ймовірно, ніколи не дізнаємося, наскільки ефективною була ця стратегія."
loc_laspistol_p1_a101_desc,"Цей пістолет прикрашений колись улюбленим символом 6-го Моебіанського. Цей уславлений полк підкорив серця мешканців Вулика, коли їхній парад відправлення наповнив вулиці Тоунсайду радістю, вшановуючи героїв, що вирушали знищити ворогів Імперіуму."
loc_moebian_6th_headgear_01_c_var_01_desc,"Вороги 53-го часто опиняються під невпинним натиском, який не припиняється, доки одна зі сторін не буде повністю знищена."
loc_ogryn_backpack_elucidian_starstriders_a,Рюкзак пустельного мандрівника (XXXXL)
loc_ogryn_cadia_helmet_02_var_02,Стигійський флак-шолом Mk IX (XXXXL)
loc_ogryn_elucidian_starstriders_headgear_01_var_01,Каптур пустельного мандрівника (XXXXL)
loc_ogryn_elucidian_starstriders_lowerbody_a_var_01,Форма пустельного мандрівника (XXXXL)
loc_ogryn_elucidian_starstriders_upperbody_a_var_01,Броня пустельного мандрівника (XXXXL)
loc_ogryn_headgear_chapter_02_var_01,Польові комунікатори пилового сталкера (XXXXL) (Камуфляж «Міста Смерті»)
loc_ogryn_headgear_chapter_02_var_01_desc,Шо? Не чую. Звучить… тріщить.
loc_ogryn_headgear_chapter_02_var_02,Польові комунікатори пилового сталкера (XXXXL) (Камуфляж «Пилові Руїни»)
loc_ogryn_headgear_chapter_02_var_02_desc,Сем? Що ще за Сем?
loc_ogryn_inquisition_lowerbody_a_var_01_desc,"Прикрашені символікою настільки великою, що вона пасувала б навіть танку — вони готові до бою."
loc_ogryn_inquisition_upperbody_a_var_01_desc,"Чутки про те, що кравець вичерпав матеріал до завершення цього пальта, повністю вигадані."
loc_ogryn_lowerbody_chapter_02_var_01,Бриджі пилового сталкера (XXXXL) (Камуфляж «Міста Смерті»)
loc_ogryn_lowerbody_chapter_02_var_01_desc,Дуже запилено. Чхаю від цього.
loc_ogryn_lowerbody_chapter_02_var_02,Бриджі пилового сталкера (XXXXL) (Камуфляж «Пилові Руїни»)
loc_ogryn_lowerbody_chapter_02_var_02_desc,"Але бос каже, що нам треба вбити Покур… Покара… Прокрар… короче тих гнилих колючих — і вони саме там."
loc_ogryn_moebian_6th_headgear_01_var_04_desc,"Цільовказівник на цьому шоломі був спробою покращити жалюгідну точність середнього Оґрина. Однак польові випробування показали, що це лише погіршує ситуацію, оскільки Оґрини плутаються і відволікаються на потік даних цільовказівника. Відтоді його замінили на простий ліхтарик."
loc_ogryn_moebian_6th_lowerbody_a_var_04_desc,"Оґрини відомі багатьма речами, але економія набоїв — не одна з них. Ці штани мають додаткові кишені для зайвих боєприпасів."
loc_ogryn_moebian_6th_lowerbody_b_var_01_desc,Стандартна уніформа Астра Мілітарум. Призначена для використання в посушливих умовах.
loc_ogryn_moebian_6th_upperbody_a_var_04_desc,"Оґрини є важливою частиною Сталеголових. Рідко побачиш, щоб 53-й розпочинав штурм без одного-двох загонів, що ведуть атаку."
loc_ogryn_rippergun_p1_a101_desc,"Для деяких Оґринів гуркіт Різника звучить як музика. А супровідний дощ нутрощів, коли вони влучають у ціль, — лише приємний бонус."
loc_ogryn_upperbody_chapter_02_var_01,Польова упряж Пилового Сталкера (XXXXL) (Камуфляж «Міста Смерті»)
loc_ogryn_upperbody_chapter_02_var_01_desc,Не подобається Смертокрай. Тут лише каміння.
loc_ogryn_upperbody_chapter_02_var_02,Польова упряж Пилового Сталкера (XXXXL) (Камуфляж «Пилові Руїни»)
loc_ogryn_upperbody_chapter_02_var_02_desc,"Насправді, каміння мені навіть подобається."
loc_portrait_frame_play_expeditions,Дослідник Смертокраю
loc_psyker_elucidian_starstriders_headgear_01_var_01,Капелюх варп-резонансу
loc_psyker_elucidian_starstriders_lowerbody_a_var_01,Форма пустельного спеціаліста
loc_psyker_elucidian_starstriders_upperbody_a_var_01,Туніка пустельного спеціаліста
loc_psyker_moebian_6th_headgear_01_var_01_desc,"Притуплює сенсорне сприйняття під час концентрації (та стримування) психічних енергій. Не має недоліків моделі MK II. Принаймні, про це ніхто не повідомляв."
loc_psyker_moebian_6th_headgear_01_var_04_desc,"Комісарка Дюкейн високо цінує псайкерів у полку, можливо навіть більше, ніж інші комісари. І вони відплачують їй тим самим, зводячи руйнування там, де вона вважає за потрібне, майже не зважаючи на власну безпеку."
loc_psyker_moebian_6th_lowerbody_b_var_01_desc,Стандартна уніформа Астра Мілітарум. Призначена для використання в посушливих умовах.
loc_shotgun_p1_a101_desc,"Цю зброю частіше можна побачити в руках Правоохоронців, які патрулюють вулиці Вулика та забезпечують виконання Лекс Імперіаліс. Проте 6-й Моебіанський узяв її на озброєння, адже вона ідеально підходить до їхнього стилю бою впритул."
loc_veteran_headgear_chapter_02_var_01,Польовий шолом Пилового Сталкера (Камуфляж «Пилові Руїни»)
loc_veteran_headgear_chapter_02_var_02,Польовий шолом Пилового Сталкера (Камуфляж «Міста Смерті»)
loc_veteran_headgear_chapter_02_var_02_desc,"Кажуть, що назву дому на цьому сувої неможливо розібрати, і жодні інші записи не відповідають його опису, проте печатки на документі свідчать про його справжність."
loc_veteran_lowerbody_chapter_02_var_01,Форма Пилового Сталкера (Камуфляж «Міста Смерті»)
loc_veteran_lowerbody_chapter_02_var_01_desc,Ніколи не любив таку роботу. Копирсатися в бруді заради брухту — не справа для солдата.
loc_veteran_lowerbody_chapter_02_var_02,Форма Пилового Сталкера (Камуфляж «Пилові Руїни»)
loc_veteran_lowerbody_chapter_02_var_02_desc,"Сподіваюся, Гадрона знайде щось корисне серед усіх цих техно-штук. Я вже зіпсував три свої найкращі пари рукавичок."
loc_veteran_moebian_6th_headgear_01_c_var_04_desc,"З чорним сонцем і кількома місяцями, що відкидають дивні відблиски, умови освітлення на Нокс Альфа були незвичними: багато бойових зон потрапляли під періодичні хвилі рухомої темряви. Камуфляж, що дозволяв бійцям ховатися в тінях, високо цінувався, однак з часом солдати почали недовіряти самим тіням, які приховували їх від ворога, адже там ховалися дивні речі."
loc_veteran_moebian_6th_lowerbody_b_var_01_desc,Стандартна уніформа Астра Мілітарум. Призначена для використання в посушливих умовах.
loc_veteran_moebian_6th_lowerbody_b_var_04_desc,"Запилене й зношене, але все ще придатне до служби."
loc_veteran_moebian_6th_upperbody_a_var_02_desc,"Пил і бруд тривалої кампанії насправді стали перевагою під час нічних боїв, адже приглушували відблиски на блискучих предметах, таких як зброя та флак-броня."
loc_veteran_truskan_snowhound_upperbody_a_var_02_desc,"Класичний вигляд, яким прославилися Трускани: темно-зелена форма з яскраво-білою бронею."
loc_veteran_upperbody_chapter_lvl_02_var_01,Флак-жилет Пилового Сталкера (Камуфляж «Міста Смерті»)
loc_veteran_upperbody_chapter_lvl_02_var_01_desc,"«Покарання» — це точно більше, ніж просто купка нестямних фанатиків. Вони організовані."
loc_veteran_upperbody_chapter_lvl_02_var_02,Флак-жилет Пилового Сталкера (Камуфляж «Пилові Руїни»)
loc_veteran_upperbody_chapter_lvl_02_var_02_desc,"Цей Лектор Каторіс виглядає серйозною загрозою. Схоже, саме він тут головний. Принаймні у Смертокраї."
loc_zealot_moebian_6th_headgear_03_var_01_desc,"Серед найзатятіших вірян було поширеною практикою виголошувати передбоєві проповіді, закарбовуючи такі катехізиси на пергаменті й закріплюючи їх на бойовому спорядженні."
loc_zealot_moebian_6th_lowerbody_b_var_01_desc,Стандартна уніформа Астра Мілітарум. Призначена для використання в посушливих умовах.
loc_zealot_moebian_6th_upperbody_a_var_04_desc,"Сталеголові вперті й прямолінійні. Безрозсудні атаки в саму гущу бою часто призводять до великих втрат з обох боків, але можуть бути нищівними для ворога, якщо їх здійснити в потрібний момент."
loc_portrait_frame_event_play_expeditions_desc,"Ти відважився вирушити у пустки Смертокраю і якимось дивом вижив, щоб розповісти про це."
loc_portrait_frame_event_StolenRations_recover_desc,"Звісно, наперли тельбухи… але, можливо, краще було б бути голодними?"
loc_portrait_frame_event_StolenRations_recover,Альтруїст без гальм
loc_shotgun_p4_m1,Дробовик винищувач Mк III Примус
loc_shotgun_p4_m1_desc,"Широкий горизонтальний розліт дробу цього дробовика створений для знищення цілих натовпів єретиків. Якщо ціль особливо витривала, електричні набої не залишать їй жодного шансу на опір."
loc_adamant_headgear_03_var_01_desc,"Ревелатуми заздалегідь розвідують пересування цілі перед рештою загону, виявляючи схованки та встановлюючи кримінальні зв’язки."
loc_adamant_lowerbody_d_var_01_desc,"Легший за стандартну уніформу, цей розвідувальний комплект забезпечує певний захист, водночас підвищуючи маневреність і скритність."
loc_adamant_upperbody_d_var_01_desc,"Довгі пальта, яким надають перевагу Ревелатуми Тертіуму, допомагають їм непомітно ковзати крізь натовпи, що скупчуються під час зміни змін і в години перевезень."
loc_aquila_circlet_a_var_02_desc,Імператор завжди має бути першим у твоїх думках.
loc_aquila_circlet_a_var_03_desc,Імператор завжди має бути першим у твоїх думках.
loc_aquila_circlet_a_var_04_desc,Імператор завжди має бути першим у твоїх думках.
loc_astra_b_headgear_necromunda_02_b_var_01,Комір Коена із Маскою Резолвера Обскурус Mk Xe Псайкана 
loc_astra_b_headgear_necromunda_02_b_var_01_desc,"Пихате й претензійне, але все ж лякає. Непоганий вибір для того, кого й так усі бояться."
loc_astra_f_lowerbody_set_04,Регалії Псайкера Домінус Mk XIII 
loc_astra_f_lowerbody_set_04_desc,Спорядження Домінус міцне та довговічне. Через це небагато Псайкерів можуть дозволити собі його замовити.
loc_astra_upperbody_a_07_var_01,Придворне вбрання Нокс Ґлоріана
loc_astra_upperbody_a_07_var_01_desc,"Ніч приховує безліч таємниць і стільки ж жахіть. Одягни це вбрання, відкрий таємниці та знищ жахи."
loc_aviator_hat_02_var_02_desc,"Часто використовується танкістами та льотним складом, ця посилена кепка забезпечує певний захист від ударів, але навряд чи зупинить серйозні пошкодження."
loc_aviator_hat_02_var_03_desc,"Часто використовується танкістами та льотним складом, ця посилена кепка забезпечує певний захист від ударів, але навряд чи зупинить серйозні пошкодження."
loc_backpack_elucidian_starstriders_a_var_01_desc,"Наповнений технологіями пустельників, занадто складними для розуміння, він усе ж є важливою частиною їхнього спорядження."
loc_backpack_zealot_b_var_02,Релікварій зі свічниками (Відтінок Тіні)
loc_backpack_zealot_b_var_03,Релікварій зі свічниками (Відтінок Чистоти)
loc_backpack_zealot_b_var_03_desc,"Агенти Адептус Міністорум використовують такі переносні релікварії, щоб приносити останки святих тим, хто потребує духовного наставництва."
loc_backpack_zealot_b_var_04,Релікварій зі свічниками (Відтінок Величі)
loc_backpack_zealot_b_var_04_desc,"Агенти Адептус Міністорум використовують такі переносні релікварії, щоб приносити останки святих тим, хто потребує духовного наставництва."
loc_broker_headgear_11_var_01_desc,Цей повністю закритий шолом поєднує захист із показною розкішшю. Ти частина Картелю — і пишаєшся цим!
loc_broker_lowerbody_e_var_01_desc,Ймовірно поцуплений зі складу постачання Адептус Муніторум.
loc_chainsword_p1_um003,Ланцюговий меч «Ні Кроку Назад»
loc_chainsword_p1_um003_desc,У найтемнішу годину цей меч нагадає тобі про твій обов’язок і неминучу долю.
loc_combataxe_p2_us002_1538,Свята примха
loc_combataxe_p2_us002_1538_desc,"Чи належали ці кістки колись святому? Не обманюй себе. Але все ж скажи всім, що так."
loc_combatsword_p2_us003_1545,Дух Вострої
loc_combatsword_p2_us003_1545_desc,"Це доволі пихата назва для простого меча, але щось у його сплаві робить його надзвичайно гострим і стійким до зносу. Навіть після тижнів боїв він залишатиметься таким самим гострим. Тож дехто провів паралель між витривалістю цього меча та їхньої рідної планети. Обидва незламні й прагнуть служити."
loc_flamer_p1_us004_1545,Вогнемет Вострої «Байстрюк»
loc_flamer_p1_us004_1545_desc,"З любов’ю прозваний Байстрюком, цей вогнемет сумнозвісний тим, що має власний характер. Він обирає свого власника більше, ніж власник обирає його. Для одних він працює бездоганно й безвідмовно, тоді як для інших постійно клинить і підтікає паливом. Якщо ти йому до вподоби, тобі більше ніколи не знадобиться інша зброя. Що саме потрібно, щоб йому сподобатися? Одні кажуть — беззастережна віра, інші — належний догляд. Можливо, праві всі… або ж ніхто."
loc_imperial_guard_jacket_d_lowerbody_set_08,Штани покидька вулика (Черепи)
loc_imperial_guard_jacket_d_lowerbody_set_08_desc,"Життя в глибинах підвулика коротке, а життя того, хто виставляє напоказ своє багатство — ще коротше. Але якщо маєш можливість жити зі стилем, ти її використовуєш. У цих штанів було більше власників, ніж на них черепів, і ти прекрасно знаєш, що не будеш останнім."
loc_imperial_guard_jacket_d_set_07,Шкіряна куртка «Трофейне Вбивство»
loc_imperial_guard_jacket_d_set_07_desc,"У підвулику майже неможливо знайти справжню шкіру. Варіанти прості: викласти чималі гроші, взяти синтетику або вистежити й убити щось, щоб зробити куртку самому. Хай би що ти обрав, ти завжди розповідаєш усім, що воно мало три голови, зуби гострі, як ножі, і дихало вогнем."
loc_lasgun_p2_us003_1545,Лазґан Вострої «Останній Бій»
loc_lasgun_p2_us003_1545_desc,"Цей лазґан був знайдений у руїнах сторожового поста Гвардії, атакованого невідомими ксеносами дуже давно. Він лежав у руках скелета в уніформі Вострої, оточеного павукоподібними рештками нападників. Тіло поховали з почестями, а зброю передали служити новим поколінням."
loc_laspistol_p1_us005_1545,Сяюча Лють
loc_laspistol_p1_us005_1545_desc,Без сумніву це іграшка для багатіїв!
loc_necromunda_03_var_04_desc,"Зазвичай застосовується лише після тяжких травм, цей аугметичний імплант забезпечує майже такий самий захист, як і добрий флак-шолом."
loc_ogryn_backpack_12_var_02,Збірка священних писань (Воєнні Томі)
loc_ogryn_backpack_12_var_02_desc,"Кажуть, книги дають поживу для роздумів. Старий папір навряд чи особливо смачний чи поживний, але ця збірка відомих творів, що прославляють Імперське Кредо, має вистачити на деякий час."
loc_ogryn_backpack_12_var_03,Збірка священних писань (Кадійські Історії)
loc_ogryn_backpack_12_var_03_desc,"Кажуть, книги дають поживу для роздумів. Старий папір навряд чи особливо смачний чи поживний, але ця збірка відомих творів, що прославляють Імперське Кредо, має вистачити на деякий час."
loc_ogryn_backpack_12_var_04,Збірка священних писань (Історична Спадкоємність Мебіанської Династії)
loc_ogryn_backpack_12_var_04_desc,"Кажуть, книги дають поживу для роздумів. Старий папір навряд чи особливо смачний чи поживний, але ця збірка відомих творів, що прославляють Імперське Кредо, має вистачити на деякий час."
loc_ogryn_eye_tech_b_var_01,Імплант ока MKI «Катікар»
loc_ogryn_eye_tech_b_var_01_desc,"Голови Оґринів досить витривалі й важко піддаються пошкодженням. Але очі все ще залишаються вразливим місцем. Принаймні, поки не заміниш їх металом."
loc_ogryn_g_lowerbody_var_01,Великі Страйдери Ґрамма (XXXXL)
loc_ogryn_g_lowerbody_var_01_desc,Початковий розмір був замалий для Оґрина і не пережив першої примірки. З часом внесли необхідні зміни та додали посилені шви. Поки що має триматися. Мабуть.
loc_ogryn_heavystubber_p1_um001_1538,Спарений важкий кулемет (Персоналізація)
loc_ogryn_heavystubber_p1_um001_1538_desc,"Строго кажучи, примітивні малюнки черепів і підбадьорливі написи на зброї не дозволені Астра Мілітарум. Але іноді невелике підвищення бойового духу вважається достатньо важливим, щоб командир закрив на це очі."
loc_ogryn_rippergun_p1_us004_1545,Востроянський Різник «План А»
loc_ogryn_rippergun_p1_us004_1545_desc,"Оґрини знайомі з поняттями тактики й стратегії, навіть якщо не надто добре вигадують їх самі. Цей ріпперґан назвав кмітливий Оґрин, який вирішив, що йому потрібен більш продуманий підхід до бою. Поки що «План А» спрацьовував щоразу, а якщо ні — просто потрібно більше «Плану А»."
loc_ogryn_upperbody_g_var_01,Шкіряне вбрання найманця «Багряний»
loc_ogryn_upperbody_g_var_01_desc,"Я чув, що найкраще спорядження має купу ременів і свистків. Ну, ремені в мене є, у тебе є свистки?
— Ґрумм, коли його запитали, навіщо йому стільки ременів."
loc_ogryn_vostroyan_firstborn_headgear_01_b_scarf_var_01,"Востроянська шапка з шарфом (Кампанія Гарронда, XXXXL)"
loc_ogryn_vostroyan_firstborn_headgear_01_b_scarf_var_01_desc,"Класична хутряна шапка Вострої, поєднана з шарфом для захисту від холоду. Різні варіації використовувалися в багатьох кампаніях."
loc_ogryn_vostroyan_firstborn_headgear_01_b_scarf_var_02,"Востроянська шапка з шарфом (Кампанія Хармат VI, XXXXL)"
loc_ogryn_vostroyan_firstborn_headgear_01_b_scarf_var_02_desc,"Класична хутряна шапка Вострої, поєднана з шарфом для захисту від холоду. Різні варіації використовувалися в багатьох кампаніях."
loc_ogryn_vostroyan_firstborn_headgear_01_b_scarf_var_03,"Востроянська шапка з шарфом (Визволення Фаррмунда, XXXXL)"
loc_ogryn_vostroyan_firstborn_headgear_01_b_scarf_var_03_desc,"Класична хутряна шапка Вострої, поєднана з шарфом для захисту від холоду. Різні варіації використовувалися в багатьох кампаніях."
loc_ogryn_vostroyan_firstborn_headgear_01_b_var_01,"Востроянська шапка з кольчужним каптуром (Ґрунт Тундри, XXXXL)"
loc_ogryn_vostroyan_firstborn_headgear_01_b_var_01_desc,"Востроянські Оґрини пишаються своєю службою не менше, ніж їхні людські побратими, і особливо полюбляють шапки."
loc_ogryn_vostroyan_firstborn_lowerbody_a_var_01,Востроянські бриджі (XXXXL)
loc_ogryn_vostroyan_firstborn_lowerbody_a_var_01_desc,"Стандартні бриджі Вострої. Їхня єдина особливість у тому, що власник загубив або з’їв ремінь."
loc_ogryn_vostroyan_firstborn_upperbody_a_var_01,Востроянський флак-жилет (XXXXL)
loc_ogryn_vostroyan_firstborn_upperbody_a_var_01_desc,"Вишуканіше за звичайне спорядження Оґрина — як і в усьому Востроянському, зовнішній вигляд має першорядне значення."
loc_ogryn_vostroyan_firstborn_upperbody_a_var_02,"Востроянський флак-жилет (Кампанія Гарронда, XXXXL)"
loc_ogryn_vostroyan_firstborn_upperbody_a_var_02_desc,"Вишуканіше за звичайне спорядження Оґрина — як і в усьому Востроянському, зовнішній вигляд має першорядне значення."
loc_ogryn_vostroyan_firstborn_upperbody_a_var_03,"Востроянський флак-жилет (Кампанія Хармат VI, XXXXL)"
loc_ogryn_vostroyan_firstborn_upperbody_a_var_03_desc,"Вишуканіше за звичайне спорядження Оґрина — як і в усьому Востроянському, зовнішній вигляд має першорядне значення."
loc_ogryn_vostroyan_firstborn_upperbody_a_var_04,"Востроянський флак-жилет (Визволення Фаррмунда, XXXXL)"
loc_ogryn_vostroyan_firstborn_upperbody_a_var_04_desc,"Вишуканіше за звичайне спорядження Оґрина — як і в усьому Востроянському, зовнішній вигляд має першорядне значення."
loc_psyker_chem_dogs_headgear_a_var_08_desc,"Опромінені, просочені хімікатами пустки — звичне місце служби для рядового солдата. Цей варіант поєднує потужний Комір Псайкани."
loc_psyker_chem_dogs_headgear_a_var_09_desc,"Опромінені, просочені хімікатами пустки — звичне місце служби для рядового солдата. Цей варіант поєднує потужний Комір Псайкани."
loc_psyker_chem_dogs_headgear_a_var_10_desc,"Опромінені, просочені хімікатами пустки — звичне місце служби для рядового солдата. Цей варіант поєднує потужний Комір Псайкани."
loc_psyker_elucidian_starstriders_headgear_01_var_05_desc,"Спеціально розроблено, щоб допомогти носієві налаштуватися на примхи Варпу, де б він не перебував."
loc_psyker_inquisition_headgear_a_var_01_desc,Справедливість сліпа. Лише Імператор спрямовує твої рішення.
loc_psyker_inquisition_lowerbody_a_var_01_desc,Таке шиття й вишивка рідко зустрічаються в місцях на кшталт Тертіуму. Навіть на вищих рівнях шпиля.
loc_psyker_inquisition_upperbody_a_var_01_desc,"Коли не змішуються з натовпом, інквізиторські аколіти полюбляють заявляти про свою присутність."
loc_psyker_shawl_headgear_01_var_04_desc,"Простий головний убір, оснащений складною псайканною схемою."
loc_psyker_vostroyan_firstborn_headgear_01_b_var_01,Востроянська шапка з коміром Псайкани
loc_psyker_vostroyan_firstborn_headgear_01_b_var_01_desc,Після особливо виснажливого використання своїх сил псайкер нерідко струшує іній зі своєї хутряної шапки.
loc_psyker_vostroyan_firstborn_headgear_01_b_var_02,Востроянська шапка з коміром Псайкани (Кампанія Хармат VI)
loc_psyker_vostroyan_firstborn_headgear_01_b_var_02_desc,Після особливо виснажливого використання своїх сил псайкер нерідко струшує іній зі своєї хутряної шапки.
loc_psyker_vostroyan_firstborn_headgear_01_b_var_03,Востроянська шапка з коміром Псайкани (Визволення Фаррмунда)
loc_psyker_vostroyan_firstborn_headgear_01_b_var_03_desc,Після особливо виснажливого використання своїх сил псайкер нерідко струшує іній зі своєї хутряної шапки.
loc_psyker_vostroyan_firstborn_headgear_01_var_01,Востроянський кольчужний каптур з коміром Псайкани
loc_psyker_vostroyan_firstborn_headgear_01_var_01_desc,Відкрите обличчя цього каптура дозволяє продемонструвати фірмові востроянські вуса. Нехай заздрять.
loc_psyker_vostroyan_firstborn_headgear_eye_curtain_01_var_01,Каптур Першонародженного провидця (Кампанія Гарронда)
loc_psyker_vostroyan_firstborn_headgear_eye_curtain_01_var_01_desc,"Віра в Імператора — це все світло, яке мені потрібно."
loc_psyker_vostroyan_firstborn_headgear_eye_curtain_01_var_02,Каптур Першонародженного провидця (Кампанія Хармат VI)
loc_psyker_vostroyan_firstborn_headgear_eye_curtain_01_var_02_desc,"Віра в Імператора — це все світло, яке мені потрібно."
loc_psyker_vostroyan_firstborn_headgear_eye_curtain_01_var_03,Каптур Першонародженного провидця (Визволення Фаррмунда)
loc_psyker_vostroyan_firstborn_headgear_eye_curtain_01_var_03_desc,"Віра в Імператора — це все світло, яке мені потрібно."
loc_psyker_vostroyan_firstborn_lowerbody_a_var_01,Пошарпані Востроянські бриджі
loc_psyker_vostroyan_firstborn_lowerbody_a_var_01_desc,"Вострояни відомі своєю витривалістю. Чи стикаються вони з жахами галактики, чи з екстремальними умовами довкілля — вони тримають стрій."
loc_psyker_vostroyan_firstborn_upperbody_a_var_01,Востроянський флак-жилет з коміром Псайкани
loc_psyker_vostroyan_firstborn_upperbody_a_var_01_desc,"""Ти не лише мій первісток, а ще й псайкер. Подвійний тягар, подвійна відповідальність, але й подвійна слава, якщо добре тренуватимешся. Не осором нашу родину. Зроби нас гордими.""

— Полковник Йосип Сердешко своєму синові, коли того забирали на Чорний Корабель"
loc_psyker_vostroyan_firstborn_upperbody_a_var_02,Востроянський флак-жилет з коміром Псайкани (Кампанія Гарронда)
loc_psyker_vostroyan_firstborn_upperbody_a_var_02_desc,"""Ти не лише мій первісток, а ще й псайкер. Подвійний тягар, подвійна відповідальність, але й подвійна слава, якщо добре тренуватимешся. Не осором нашу родину. Зроби нас гордими.""

— Полковник Йосип Сердешко своєму синові, коли того забирали на Чорний Корабель"
loc_psyker_vostroyan_firstborn_upperbody_a_var_03,Востроянський флак-жилет з коміром Псайкани (Кампанія Хармат VI)
loc_psyker_vostroyan_firstborn_upperbody_a_var_03_desc,"""Ти не лише мій первісток, а ще й псайкер. Подвійний тягар, подвійна відповідальність, але й подвійна слава, якщо добре тренуватимешся. Не осором нашу родину. Зроби нас гордими.""

— Полковник Йосип Сердешко своєму синові, коли того забирали на Чорний Корабель"
loc_psyker_vostroyan_firstborn_upperbody_a_var_04,Востроянський флак-жилет з коміром Псайкани (Визволення Фаррмунда)
loc_psyker_vostroyan_firstborn_upperbody_a_var_04_desc,"""Ти не лише мій первісток, а ще й псайкер. Подвійний тягар, подвійна відповідальність, але й подвійна слава, якщо добре тренуватимешся. Не осором нашу родину. Зроби нас гордими.""

— Полковник Йосип Сердешко своєму синові, коли того забирали на Чорний Корабель"
loc_rebreather_02_c_01_var_02_desc,"Від задушливих пісків Смертокраю до затягнутих димом тунелів під Потоком, респіратор часто стає в пригоді."
loc_rebreather_02_c_01_var_03_desc,"Від задушливих пісків Смертокраю до затягнутих димом тунелів під Потоком, респіратор часто стає в пригоді."
loc_rogue_trader_pointy_hat_w_goggles_a_var_06_desc,Священний обов’язок кожного громадянина Імперіуму — боротися з єрессю в усіх її проявах.
loc_rogue_trader_pointy_hat_w_goggles_a_var_07_desc,Священний обов’язок кожного громадянина Імперіуму — боротися з єрессю в усіх її проявах.
loc_rogue_trader_pointy_hat_w_goggles_a_var_08_desc,Священний обов’язок кожного громадянина Імперіуму — боротися з єрессю в усіх її проявах.
loc_tallarn_shemagh_hood_01_a_var_01,Каптур-Шемаґ (Оскал)
loc_tallarn_shemagh_hood_01_a_var_01_desc,"Життя жорстоке й несправедливе — нехай останнім, що побачить твій ворог, буде твій гіркий оскал."
loc_veteran_ecclesiarchy_headgear_a_var_06_desc,Воїни в каптурах з винятковою вірою зустрічаються серед полків Астра Мілітарум.
loc_veteran_ecclesiarchy_headgear_a_var_07_desc,Воїни в каптурах з винятковою вірою зустрічаються серед полків Астра Мілітарум.
loc_veteran_ecclesiarchy_hood_a_bioniceye_d_var_02_desc,"Найпобожніші послідовники Імперського Кредо ведуть просте життя, позбавлене розкоші. Хоча не всі."
loc_veteran_ecclesiarchy_hood_a_bioniceye_d_var_03_desc,"Найпобожніші послідовники Імперського Кредо ведуть просте життя, позбавлене розкоші. Хоча не всі."
loc_veteran_ecclesiarchy_hood_a_bioniceye_d_var_04_desc,"Найпобожніші послідовники Імперського Кредо ведуть просте життя, позбавлене розкоші. Хоча не всі."
loc_veteran_elucidian_starstriders_headgear_01_var_05_desc,Цей універсальний шолом можна пофарбувати для використання в різних умовах.
loc_veteran_elucidian_starstriders_headgear_01_var_06_desc,Цей універсальний шолом можна пофарбувати для використання в різних умовах.
loc_veteran_elucidian_starstriders_headgear_01_var_07_desc,Цей універсальний шолом можна пофарбувати для використання в різних умовах.
loc_veteran_scout_goggles_headgear_01_var_05_desc,"Вражаюча ауспекс-технологія, вбудована в ці окуляри, робить їх надзвичайно корисними."
loc_veteran_scout_goggles_headgear_01_var_06_desc,"Вражаюча ауспекс-технологія, вбудована в ці окуляри, робить їх надзвичайно корисними."
loc_veteran_vostroyan_firstborn_headgear_01_var_01,Востроянська шапка з токс-маскою Ґвардії (Ґрунт Тундри)
loc_veteran_vostroyan_firstborn_headgear_01_var_01_desc,"Востроя славиться своїми суворими холодними вітрами та отруєним повітрям. Тепла хутряна шапка захистить від лютої холоднечі, а маска відфільтрує принаймні частину забруднень, перш ніж вони потраплять до легень."
loc_veteran_vostroyan_firstborn_headgear_01_var_03,Востроянська шапка з токс-захисною маскою (Кампанія Гарронда)
loc_veteran_vostroyan_firstborn_headgear_01_var_03_desc,"Востроя славиться своїми суворими холодними вітрами та отруєним повітрям. Тепла хутряна шапка захистить від лютої холоднечі, а маска відфільтрує принаймні частину забруднень, перш ніж вони потраплять до легень."
loc_veteran_vostroyan_firstborn_headgear_01_var_04,Востроянська шапка з токс-захисною маскою (Кампанія Хармат VI)
loc_veteran_vostroyan_firstborn_headgear_01_var_04_desc,"Востроя славиться своїми суворими холодними вітрами та отруєним повітрям. Тепла хутряна шапка захистить від лютої холоднечі, а маска відфільтрує принаймні частину забруднень, перш ніж вони потраплять до легень."
loc_veteran_vostroyan_firstborn_headgear_01_var_05,Востроянська шапка з токс-захисною маскою (Визволення Фаррмунда)
loc_veteran_vostroyan_firstborn_headgear_01_var_05_desc,"Востроя славиться своїми суворими холодними вітрами та отруєним повітрям. Тепла хутряна шапка захистить від лютої холоднечі, а маска відфільтрує принаймні частину забруднень, перш ніж вони потраплять до легень."
loc_veteran_vostroyan_firstborn_lowerbody_a_var_01,Востроянські бриджі
loc_veteran_vostroyan_firstborn_lowerbody_a_var_01_desc,"Теплі та зручні, ідеальні як для снігу, так і для багнюки."
loc_veteran_vostroyan_firstborn_upperbody_a_var_01,Востроянський флак-жилет
loc_veteran_vostroyan_firstborn_upperbody_a_var_01_desc,"Служба в Астра Мілітарум вважається великою честю серед усіх востроянців. Не має значення, чи ти низьконароджений кріпак, чи син найвпливовішого роду вулика — усі Першонароджені служать із гордістю."
loc_veteran_vostroyan_firstborn_upperbody_a_var_02,Востроянський флак-жилет (Кампанія Гарронда)
loc_veteran_vostroyan_firstborn_upperbody_a_var_03,Востроянський флак-жилет (Кампанія Хармат VI)
loc_veteran_vostroyan_firstborn_upperbody_a_var_03_desc,"Служба в Астра Мілітарум вважається великою честю серед усіх востроянців. Не має значення, чи ти низьконароджений кріпак, чи син найвпливовішого роду вулика — усі Першонародженні служать із гордістю."
loc_veteran_vostroyan_firstborn_upperbody_a_var_04,Востроянський флак-жилет (Визволення Фаррмунда)
loc_veteran_vostroyan_firstborn_upperbody_a_var_04_desc,"Служба в Астра Мілітарум вважається великою честю серед усіх востроянців. Не має значення, чи ти низьконароджений кріпак, чи син найвпливовішого роду вулика — усі Першонароджені служать із гордістю."
loc_vostroyan_firstborn_scarf_bionic_var_01,Востроянська шапка з окулярним аугметиком і шарфом (Кампанія Гарронда)
loc_vostroyan_firstborn_scarf_bionic_var_02,Востроянська шапка з окулярним аугметиком і шарфо (Кампанія Хармат VI)
loc_vostroyan_firstborn_scarf_bionic_var_02_desc,"Невелика варіація класичного вигляду, але в такому активному полку, як Востроянські Першонароджені, не рідкість побачити бійців із аугметичними замінами."
loc_vostroyan_firstborn_scarf_bionic_var_03,Востроянська шапка з окулярним аугметиком і шарфо (Визволення Фаррмунда)
loc_vostroyan_firstborn_scarf_bionic_var_03_desc,"Невелика варіація класичного вигляду, але в такому активному полку, як Востроянські Першонароджені, не рідкість побачити бійців із аугметичними замінами."
loc_zealot_elucidian_starstriders_headgear_01_var_01_desc,Ніхто не захоче опинитися перед цим моторошним обличчям.
loc_zealot_elucidian_starstriders_headgear_01_var_05_desc,Ніхто не захоче опинитися перед цим моторошним обличчям.
loc_zealot_elucidian_starstriders_headgear_01_var_06_desc,Ніхто не захоче опинитися перед цим моторошним обличчям.
loc_zealot_elucidian_starstriders_headgear_01_var_07_desc,Ніхто не захоче опинитися перед цим моторошним обличчям.
loc_zealot_elucidian_starstriders_lowerbody_a_var_01_desc,"Підошви цих чобіт зроблені так, щоб не видавати звуку. Тим краще підкрадатися до нічого не підозрюючих жертв."
loc_zealot_elucidian_starstriders_upperbody_a_var_01_desc,"Для членів Ассасіноруму функціональність важливіша за форму, але цей варіант усе ж виглядає стильно."
loc_zealot_inquisition_cage_hood_01_var_03_desc,"Просвітителі, Здирачі Правди — як їх не назви, їхня спеціалізація — добування інформації. Часто за допомогою ножа."
loc_zealot_inquisition_cage_hood_01_var_04_desc,"Просвітителі, Здирачі Правди — як їх не назви, їхня спеціалізація — добування інформації. Часто за допомогою ножа."
loc_zealot_inquisitorial_agent_headgear_02_var_04_desc,"Кажуть, цей аугметик підсвічує єретиків. Як саме — залишається загадкою."
loc_zealot_inquisitorial_agent_headgear_02_var_05_desc,"Кажуть, цей аугметик підсвічує єретиків. Як саме — залишається загадкою."
loc_zealot_inquisitorial_agent_headgear_02_var_06_desc,"Кажуть, цей аугметик підсвічує єретиків. Як саме — залишається загадкою."
loc_zealot_vostroyan_firstborn_headgear_01_c_var_01,Востроянська шапка фанатика (Кампанія Гарронда)
loc_zealot_vostroyan_firstborn_headgear_01_c_var_02,Востроянська шапка фанатика (Кампанія Хармат VI)
loc_zealot_vostroyan_firstborn_headgear_01_c_var_02_desc,"Дехто каже, що можна мати надто багато віри в Імператора. Але ніколи не кажуть це вголос."
loc_zealot_vostroyan_firstborn_headgear_01_c_var_03,Востроянська шапка фанатика (Визволення Фаррмунда)
loc_zealot_vostroyan_firstborn_headgear_01_c_var_03_desc,"Дехто каже, що можна мати надто багато віри в Імператора. Але ніколи не кажуть це вголос."
loc_zealot_vostroyan_firstborn_headgear_01_var_01,Востроянська шапка з системою прицілювання (Ґрунт Тундри)
loc_zealot_vostroyan_firstborn_headgear_01_var_03,Востроянська шапка з системою прицілювання (Хрестовий Похід Джонтесс)
loc_zealot_vostroyan_firstborn_headgear_01_var_04,Востроянська шапка з системою прицілювання (Кампанія Хармат VI)
loc_zealot_vostroyan_firstborn_headgear_01_var_04_desc,"Ця аугментація дозволить тобі співати молитви Імператору та віддавати накази значно довше, ніж дозволили б крихкі природні голосові зв’язки."
loc_zealot_vostroyan_firstborn_headgear_01_var_05,Востроянська шапка з системою прицілювання (Кампанія Гарронда)
loc_zealot_vostroyan_firstborn_headgear_01_var_05_desc,"Ця аугментація дозволить тобі співати молитви Імператору та віддавати накази значно довше, ніж дозволили б крихкі природні голосові зв’язки."
loc_zealot_vostroyan_firstborn_lowerbody_a_var_01,Зношені Востроянські бриджі
loc_zealot_vostroyan_firstborn_upperbody_a_var_01,Востроянський флак-жилет з кольчужною вставкою
loc_zealot_vostroyan_firstborn_upperbody_a_var_02,Востроянський флак-жилет з кольчужною вставкою (Кампанія Гарронда)
loc_zealot_vostroyan_firstborn_upperbody_a_var_02_desc,"Ексцентричний жилет для ексцентричного солдата. Кольчуга не захистить від пострілу, але, можливо, створення певного образу — вже достатньо для власника."
loc_zealot_vostroyan_firstborn_upperbody_a_var_03,Востроянський флак-жилет з кольчужною вставкою (Кампанія Хармат VI)
loc_zealot_vostroyan_firstborn_upperbody_a_var_03_desc,"Ексцентричний жилет для ексцентричного солдата. Кольчуга не захистить від пострілу, але, можливо, створення певного образу — вже достатньо для власника."
loc_zealot_vostroyan_firstborn_upperbody_a_var_04,Востроянський флак-жилет з кольчужною вставкою (Визволення Фаррмунда)
loc_zealot_vostroyan_firstborn_upperbody_a_var_04_desc,"Ексцентричний жилет для ексцентричного солдата. Кольчуга не захистить від пострілу, але, можливо, створення певного образу — вже достатньо для власника."
,"Треба визнати, вигляд владний, але безсумнівно такий, що викликає авторитет і повагу в оточуючих."
,"Можливо, це не надто зручно, зате можливість бачити — вже плюс."
,"Можливо, це не надто зручно, зате можливість бачити — вже плюс."
,Іноді життя на борту пустельного корабля вимагає виконання небезпечних завдань. Саме тоді такий захист стає в пригоді.
loc_adamant_headgear_01_b_var_01_desc,"Іноді краще на власні очі бачити, як звершується Правосуддя Імператора."
loc_adamant_headgear_06_var_01_desc,"«Обов’язок Карателя — забезпечити, щоб винні отримали належне покарання; їхні каптуроподібні шоломи зміцнюють їхню рішучість, роблячи їх байдужими до проклять і благань»."
loc_broker_headgear_16_var_03,Маска Жнеця (Сталь)
loc_broker_headgear_06_var_01,Каналізаційні окуляри з каптуром
loc_broker_headgear_06_var_02,Каналізаційні окуляри з каптуром (Чорні)
loc_broker_headgear_06_var_03,Каналізаційні окуляри з каптуром (Забруднені)
loc_broker_headgear_16_var_02,Маска Жнеця (Чорна)
loc_broker_headgear_02_var_02,Респіратор нижнього вулика (Синій)
loc_broker_headgear_02_var_01,Респіратор нижнього вулика (Червоний)
loc_broker_headgear_16_var_01,Маска Жнеця (Смуга)
loc_broker_headgear_02_var_03,Респіратор нижнього вулика (Чорний)
