key,value
loc_broker_female_a__ability_01_a_01,Пали навмання!
loc_broker_female_a__ability_01_a_02,Я принесла свинцю — вистачить на всіх!
loc_broker_female_a__ability_01_a_03,Зараз буде гаряче!
loc_broker_female_a__ability_01_a_04,Час влаштувати змагання зі стрільби!
loc_broker_female_a__ability_01_a_05,"Ну що, гниляки, тягніть залізо!"
loc_broker_female_a__ability_01_a_06,[Сміх] Як барашків у полі!
loc_broker_female_a__ability_01_a_07,Відкриваю вогонь!
loc_broker_female_a__ability_01_a_08,Подивимось як вони танцюють!
loc_broker_female_a__ability_02_a_01,Час лізти в гущу!
loc_broker_female_a__ability_02_a_02,Хто хоче на горіхи?
loc_broker_female_a__ability_02_a_03,Час відплати!
loc_broker_female_a__ability_02_a_04,Мені це сподобається!
loc_broker_female_a__ability_02_a_05,Так! Погнали!
loc_broker_female_a__ability_02_a_06,"Гей, гниляки! Ну давайте, підходьте!"
loc_broker_female_a__ability_02_a_07,Час вам здохнути!
loc_broker_female_a__ability_02_a_08,Гаразд! Хто перший?
loc_broker_female_a__ability_03_a_01,Колимо стимм!
loc_broker_female_a__ability_03_a_02,Хапайте стимми!
loc_broker_female_a__ability_03_a_03,Стимми — всім!
loc_broker_female_a__ability_03_a_04,Час перевернути гру!
loc_broker_female_a__ability_03_a_05,Час отримати перевагу!
loc_broker_female_a__ability_03_a_06,Час стимму!
loc_broker_female_a__ability_03_a_07,Стимми для всіх!
loc_broker_female_a__ability_03_a_08,Стимми! Тільки найкращі!
loc_broker_female_a__alerted_2_enemy_daemonhost_01,Клята халепа! От тепер догралися!
loc_broker_female_a__alerted_2_enemy_daemonhost_02,"О, прекрасно! Саме те, що треба!"
loc_broker_female_a__alerted_enemy_daemonhost_01,Назад!
loc_broker_female_a__alerted_enemy_daemonhost_02,Не чіпайте!
loc_broker_female_a__alerted_enemy_daemonhost_03,"Нам що, мало проблем?"
loc_broker_female_a__alerted_enemy_daemonhost_04,Нехай спить!
loc_broker_female_a__almost_there_01,Майже прийшли!
loc_broker_female_a__almost_there_02,"Давайте, давайте! Чого копаєтесь?"
loc_broker_female_a__almost_there_03,"Піднажміть, га? Я вже пити хочу."
loc_broker_female_a__almost_there_04,Ви завжди все так повільно робите?
loc_broker_female_a__almost_there_05,"Майже закінчили, братва!"
loc_broker_female_a__asset_unnatural_dark_a_01,"Темнувато тут, га?"
loc_broker_female_a__asset_unnatural_dark_a_02,Світло вирубило. Тільки не наступіть на мене.
loc_broker_female_a__asset_unnatural_dark_b_01,Світло й так ніколи не любила.
loc_broker_female_a__asset_unnatural_dark_b_02,"Ніби мені треба бачити, куди йду."
loc_broker_female_a__away_from_squad_01,"Здається, звернула не туди..."
loc_broker_female_a__away_from_squad_02,Чому я сама?
loc_broker_female_a__away_from_squad_03,Самій ходити — дурна ідея.
loc_broker_female_a__away_from_squad_04,Мені тут самій бути не годиться...
loc_broker_female_a__away_from_squad_05,Ех... Краще повернуся до банди.
loc_broker_female_a__blitz_01_a_01,Пітарда!
loc_broker_female_a__blitz_01_a_02,Пітарда!
loc_broker_female_a__blitz_01_a_03,Жбурляю пітарду!
loc_broker_female_a__blitz_01_a_04,Додамо веселощів!
loc_broker_female_a__blitz_01_a_05,Пітарда пішла!
loc_broker_female_a__blitz_01_a_06,Ловіть пітарду!
loc_broker_female_a__blitz_01_a_07,Кидаю хлопушку!
loc_broker_female_a__blitz_01_a_08,Хлопушка пішла!
loc_broker_female_a__blitz_02_a_01,Отримуйте прям у пику!
loc_broker_female_a__blitz_02_a_02,У мене для вас подаруночок!
loc_broker_female_a__blitz_02_a_03,Півіз вам Бабах-Сіті!
loc_broker_female_a__blitz_02_a_04,Вмикаю музику!
loc_broker_female_a__blitz_02_a_05,Тук-тук!
loc_broker_female_a__blitz_02_a_06,"Час для великого ""Привіт""!"
loc_broker_female_a__blitz_02_a_07,Відкривайте поширше!
loc_broker_female_a__blitz_02_a_08,ПРЯМО. У. ПИКУ!
loc_broker_female_a__blitz_03_a_01,Хімбомба!
loc_broker_female_a__blitz_03_a_02,Хавай оце!
loc_broker_female_a__blitz_03_a_03,Отримуйте!
loc_broker_female_a__blitz_03_a_04,"Дихайте глибше, гниляки!"
loc_broker_female_a__blitz_03_a_05,Хімія пішла!
loc_broker_female_a__blitz_03_a_06,Хімічний сюрпризик!
loc_broker_female_a__blitz_03_a_07,Хімія! Затримуйте подих!
loc_broker_female_a__blitz_03_a_08,Кидаю хімбомбу!
loc_broker_female_a__broker_bonding_conversation_25_a_01,"Не кусаєш лікті через те, що вліз у це?"
loc_broker_female_a__broker_bonding_conversation_25_c_01,З такими словами обережніше.
loc_broker_female_a__broker_bonding_conversation_26_a_01,"За цю справу добре платять, так?"
loc_broker_female_a__broker_bonding_conversation_26_c_01,Просто підтримую розмову.
loc_broker_female_a__broker_bonding_conversation_27_a_01,"Вдавай із себе одинака, скільки хочеш, але ми тобі потрібні."
loc_broker_female_a__broker_bonding_conversation_27_c_01,ОЦЕ прозвучало як згода.
loc_broker_female_a__broker_bonding_conversation_28_b_01,Ага. Ми це розвернемо як слід.
loc_broker_female_a__broker_bonding_conversation_28_d_01,"Ага, помітила. Думала змовчати, але ти все зіпсував."
loc_broker_female_a__broker_bonding_conversation_29_b_01,А тепер там повно гниляків.
loc_broker_female_a__broker_bonding_conversation_29_d_01,Жорстко. Дуже жорстко.
loc_broker_female_a__broker_bonding_conversation_30_b_01,Та ні. Конклав нас прикриє.
loc_broker_female_a__broker_bonding_conversation_30_d_01,Тоді пора братися за діло.
loc_broker_female_a__broker_bonding_conversation_31_a_01,"Ми ж прикриваємо одне одного, так?"
loc_broker_female_a__broker_bonding_conversation_31_c_01,Я ніколи в житті не була тягарем.
loc_broker_female_a__broker_bonding_conversation_32_a_01,"Тебе нічого не турбує, так?"
loc_broker_female_a__broker_bonding_conversation_32_c_01,"Ого. Крута дівка, так?"
loc_broker_female_a__broker_bonding_conversation_33_a_01,Я спостерігала за тобою. Ти навіть не кліпаєш.
loc_broker_female_a__broker_bonding_conversation_33_c_01,Не впевнена.
loc_broker_female_a__broker_bonding_conversation_34_b_01,Це можна сказати й приємніше.
loc_broker_female_a__broker_bonding_conversation_34_d_01,У тебе проблеми з характером.
loc_broker_female_a__broker_bonding_conversation_35_b_01,"Швидше не буде, якщо ми всі здохнемо."
loc_broker_female_a__broker_bonding_conversation_35_d_01,"Будь обережніша з тим, чого бажаєш."
loc_broker_female_a__broker_bonding_conversation_36_b_01,Ми впораємося. Чи ти вже нервуєш?
loc_broker_female_a__broker_bonding_conversation_36_d_01,Ну ти й щасливчик.
loc_broker_female_a__broker_bonding_conversation_37_b_01,"Ти це нам, чи Гнилякам?"
loc_broker_female_a__broker_bonding_conversation_37_d_01,"Приємно працювати з тобою, таке інше."
loc_broker_female_a__broker_bonding_conversation_38_b_01,У тебе не всі вдома.
loc_broker_female_a__broker_bonding_conversation_38_d_01,"У тебе своя думка, а в мене — правда."
loc_broker_female_a__broker_bonding_conversation_39_b_01,"Дивно, що ти це чуєш крізь крики."
loc_broker_female_a__broker_bonding_conversation_39_d_01,Як скажеш.
loc_broker_female_a__broker_bonding_conversation_40_a_01,Та заспокойся вже.
loc_broker_female_a__broker_bonding_conversation_40_c_01,"Сенс у тому, щоб перемогти й вижити."
loc_broker_female_a__broker_bonding_conversation_41_a_01,Ти мене в могилу зведеш.
loc_broker_female_a__broker_bonding_conversation_41_c_01,"Це твої розваги, ага."
loc_broker_female_a__broker_bonding_conversation_42_a_01,"Для таких, як ти, є слівце."
loc_broker_female_a__broker_bonding_conversation_42_c_01,"Я не це мала на увазі, але підходить."
loc_broker_female_a__broker_bonding_conversation_43_b_01,"Пригальмуй. Щоб зробити все як слід, потрібен час."
loc_broker_female_a__broker_bonding_conversation_43_d_01,"Принаймні я буду жива, щоб це сказати."
loc_broker_female_a__broker_bonding_conversation_44_b_01,"Ти бачиш тут хоч щось, чому можна радіти?"
loc_broker_female_a__broker_bonding_conversation_44_d_01,"Ти ненормальний, ти в курсі?"
loc_broker_female_a__broker_bonding_conversation_45_b_01,"Мабуть, це перше, що ти сказав, із чим я згодна."
loc_broker_female_a__broker_bonding_conversation_45_d_01,Я краще застрелюся.
loc_broker_female_a__broker_bonding_conversation_46_a_01,"Ти божевільний, але свою лямку тягнеш."
loc_broker_female_a__broker_bonding_conversation_46_c_01,"Тримати голову нижче стає природним, коли навколо літають кулі."
loc_broker_female_a__broker_bonding_conversation_47_a_01,"Тільки спробуй створити мені проблеми, чуєш?"
loc_broker_female_a__broker_bonding_conversation_47_c_01,"Ти виконуватимеш накази, або я сам із тобою покінчу."
loc_broker_female_a__broker_bonding_conversation_48_a_01,Буде насичений день!
loc_broker_female_a__broker_bonding_conversation_48_c_01,"Не думала, що ти здатний концентруватися достатньо довго, щоб занудьгувати."
loc_broker_female_a__broker_female_a_adamant_bonding_conversation_01_a_01,Тільки гляньте: Щурик тусується на смітнику.
loc_broker_female_a__broker_female_a_adamant_bonding_conversation_01_c_01,"І вигляд у тебе такий, ніби ти страшенно щасливий."
loc_broker_female_a__broker_female_a_adamant_bonding_conversation_02_a_01,"Я за тобою слідкую, Щурику."
loc_broker_female_a__broker_female_a_adamant_bonding_conversation_02_c_01,Жартуєш?
loc_broker_female_a__broker_female_a_adamant_bonding_conversation_03_a_01,"Не сачкуй, Щурику!"
loc_broker_female_a__broker_female_a_adamant_bonding_conversation_03_c_01,"Я знаю лише те, що всю роботу роблю я."
loc_broker_female_a__broker_female_a_adamant_bonding_conversation_04_b_01,Це погроза? Прозвучало як погроза.
loc_broker_female_a__broker_female_a_adamant_bonding_conversation_04_d_01,Ага. Як скажеш.
loc_broker_female_a__broker_female_a_adamant_bonding_conversation_05_b_01,"Як скажеш. Просто я буду трохи зайнята, вбиваючи всіх цих Гниляків."
loc_broker_female_a__broker_female_a_adamant_bonding_conversation_05_d_01,Я ТАКА задоволена.
loc_broker_female_a__broker_female_a_adamant_bonding_conversation_06_b_01,"О, справді? Тобто я зможу піти звідси поважною громадянкою?"
loc_broker_female_a__broker_female_a_adamant_bonding_conversation_06_d_01,"Ага, від цього мені аж на душі потеплішало."
loc_broker_female_a__broker_female_a_adamant_bonding_conversation_07_a_01,Ти взагалі коли-небудь пригальмовуєш?
loc_broker_female_a__broker_female_a_adamant_bonding_conversation_07_c_01,"Пахне невдячною роботою, як на мене."
loc_broker_female_a__broker_female_a_adamant_bonding_conversation_08_a_01,"Ти рухаєшся так, ніби це знайома територія. Твої старі володіння, так?"
loc_broker_female_a__broker_female_a_adamant_bonding_conversation_08_c_01,"Мабуть, так. Я маю на увазі, ти ж б'єшся пліч-о-пліч із ""правопорушницею"", чи не так?"
loc_broker_female_a__broker_female_a_adamant_bonding_conversation_09_a_01,"Похмурий гівнюк, еге ж?"
loc_broker_female_a__broker_female_a_adamant_bonding_conversation_09_c_01,Тому треба його вигадати. Потім посміятися з нього. І стане краще.
loc_broker_female_a__broker_female_a_adamant_bonding_conversation_10_b_01,"[Сміється] Не думаю, що ти мені дозволиш, тож тут без проблем."
loc_broker_female_a__broker_female_a_adamant_bonding_conversation_10_d_01,"Ну, треба ж сміятися, правда? Інакше я можу стати такою, як ти."
loc_broker_female_a__broker_female_a_adamant_bonding_conversation_11_b_01,Ніщо не зрівняється з імпровізацією.
loc_broker_female_a__broker_female_a_adamant_bonding_conversation_11_d_01,"Давай так: ТИ дозволиш мені робити все по-своєму, а я не стрілятиму тобі в спину."
loc_broker_female_a__broker_female_a_adamant_bonding_conversation_12_b_01,"Чарівно. Якщо це допоможе, я не розраховую довго тут прожити."
loc_broker_female_a__broker_female_a_adamant_bonding_conversation_12_d_01,"Ага, важко бути Щуриком."
loc_broker_female_a__broker_female_a_adamant_bonding_conversation_13_a_01,Тиха яка. Сказати нічого?
loc_broker_female_a__broker_female_a_adamant_bonding_conversation_13_c_01,"Щурик, який не хоче патякати? Тепер я бачила все."
loc_broker_female_a__broker_female_a_adamant_bonding_conversation_14_a_01,Ти не як інші Щур-поборники.
loc_broker_female_a__broker_female_a_adamant_bonding_conversation_14_c_01,"Та все одно пече, еге ж?"
loc_broker_female_a__broker_female_a_adamant_bonding_conversation_15_a_01,"Ти там ще живий, Щурику?"
loc_broker_female_a__broker_female_a_adamant_bonding_conversation_15_c_01,"Ага? Ну, не чекай, що я буду за тебе підставлятися."
loc_broker_female_a__broker_female_a_adamant_bonding_conversation_16_b_01,"Гей! Я не така, як ці Гниляки, зрозуміло?"
loc_broker_female_a__broker_female_a_adamant_bonding_conversation_16_d_01,"Ігри в слова? Це все, на що ти здатен?"
loc_broker_female_a__broker_female_a_adamant_bonding_conversation_17_b_01,"Починаєш втрачати лік часу? Схоже, ти готовий на звалище."
loc_broker_female_a__broker_female_a_adamant_bonding_conversation_17_d_01,"Якщо хочеш, щоб тебе туди підкинули, тільки скажи."
loc_broker_female_a__broker_female_a_adamant_bonding_conversation_18_b_01,"Та ну? Подумай, з ким говориш."
loc_broker_female_a__broker_female_a_adamant_bonding_conversation_18_d_01,Розказуй це собі й далі.
loc_broker_female_a__broker_female_a_adamant_bonding_conversation_19_a_01,Ей! Щур-поборник! Прокидайся!
loc_broker_female_a__broker_female_a_adamant_bonding_conversation_19_c_01,Це ретельно відпрацьована зухвалість. Я заманюю гнильців у хибне відчуття безпеки.
loc_broker_female_a__broker_female_a_adamant_bonding_conversation_20_a_01,"Тримай свого песика подалі від мене, ясно?"
loc_broker_female_a__broker_female_a_adamant_bonding_conversation_20_c_01,Мені це не подобається! Тримай його від мене подалі!
loc_broker_female_a__broker_female_a_adamant_bonding_conversation_21_a_01,Забагато Щуриків тут останнім часом.
loc_broker_female_a__broker_female_a_adamant_bonding_conversation_21_c_01,Озирнися... Ти справді добре постарався.
loc_broker_female_a__broker_female_a_adamant_bonding_conversation_22_b_01,Та не будь таким. Могло бути й гірше!
loc_broker_female_a__broker_female_a_adamant_bonding_conversation_22_d_01,"Тільки поглянь, ми в чомусь погодилися..."
loc_broker_female_a__broker_female_a_adamant_bonding_conversation_23_b_01,Лекс — це самі лише вимоги.
loc_broker_female_a__broker_female_a_adamant_bonding_conversation_23_d_01,"Тобі СКАЗАЛИ? Гадаю, тебе самого це не дуже втішає, так?"
loc_broker_female_a__broker_female_a_adamant_bonding_conversation_24_b_01,Ніби це щось змінює. Ми всі тут зловимо кулю.
loc_broker_female_a__broker_female_a_adamant_bonding_conversation_24_d_01,"Дуже приємно, я впевнена."
loc_broker_female_a__broker_female_a_adamant_bonding_conversation_25_a_01,"Ти занадто прешься від різанини, навіть як для щура."
loc_broker_female_a__broker_female_a_adamant_bonding_conversation_25_c_01,"Ага, але тобі це ПОДОБАЄТЬСЯ, правда?"
loc_broker_female_a__broker_female_a_adamant_bonding_conversation_26_a_01,"Тримайся там, де я тебе бачу, добре?"
loc_broker_female_a__broker_female_a_adamant_bonding_conversation_26_c_01,Ні на мить.
loc_broker_female_a__broker_female_a_adamant_bonding_conversation_27_a_01,Ти не по Закону вбиваєш. У тебе трабли.
loc_broker_female_a__broker_female_a_adamant_bonding_conversation_27_c_01,"Та ні, ти просто всіх ненавидиш. А Лекс — це лише привід."
loc_broker_female_a__broker_female_a_adamant_bonding_conversation_28_b_01,"Годі вже! Я працюю на Конклав, і якщо ти б'єшся зі мною... то й ти теж."
loc_broker_female_a__broker_female_a_adamant_bonding_conversation_28_d_01,Ага. Комусь із нас доведеться піти.
loc_broker_female_a__broker_female_a_adamant_bonding_conversation_29_b_01,Не парся. Звикнеш.
loc_broker_female_a__broker_female_a_adamant_bonding_conversation_29_d_01,Хочете мене? Ну спробуйте.
loc_broker_female_a__broker_female_a_adamant_bonding_conversation_30_b_01,"Ти ж знаєш, що Лекс — це не людина, так?"
loc_broker_female_a__broker_female_a_adamant_bonding_conversation_30_d_01,"Бачиш? Ти щойно назвав її ""вона"". Ти себе взагалі чуєш?"
loc_broker_female_a__broker_female_a_adamant_bonding_conversation_31_a_01,"Ти холодний, навіть як для Щурика."
loc_broker_female_a__broker_female_a_adamant_bonding_conversation_31_c_01,"І багато ти зустрічаєш тих, хто на це заслуговує?"
loc_broker_female_a__broker_female_a_adamant_bonding_conversation_32_a_01,"Можеш вдавати, що ми на одній стороні, але я то ці фокуси знаю."
loc_broker_female_a__broker_female_a_adamant_bonding_conversation_32_c_01,Ага. Дуже переконливо. Тільки запам’ятай: зі мною щось станеться — Конклав відплатить.
loc_broker_female_a__broker_female_a_adamant_bonding_conversation_33_a_01,Запам'ятай: я на твоєму боці.
loc_broker_female_a__broker_female_a_adamant_bonding_conversation_33_c_01,"Любчику, це те саме."
loc_broker_female_a__broker_female_a_adamant_bonding_conversation_34_b_01,Я не виконую твоїх наказів.
loc_broker_female_a__broker_female_a_adamant_bonding_conversation_34_d_01,Гарне ставлення.
loc_broker_female_a__broker_female_a_adamant_bonding_conversation_35_b_01,Я нічого не боюся.
loc_broker_female_a__broker_female_a_adamant_bonding_conversation_35_d_01,Беру свої слова назад.
loc_broker_female_a__broker_female_a_adamant_bonding_conversation_36_b_01,"Рада чути, що ти розважаєшся."
loc_broker_female_a__broker_female_a_adamant_bonding_conversation_36_d_01,"Ти диви. Ти ледь не висловив емоцію, відмінну від ненависті."
loc_broker_female_a__broker_female_a_ogryn_bonding_conversation_01_a_01,"Ти зі мною, Колодо?"
loc_broker_female_a__broker_female_a_ogryn_bonding_conversation_01_c_01,Рада це чути!
loc_broker_female_a__broker_female_a_ogryn_bonding_conversation_02_a_01,"З тебе вийшов би класний ломатель ніг, знаєш?"
loc_broker_female_a__broker_female_a_ogryn_bonding_conversation_02_c_01,Маєш улюбленця?
loc_broker_female_a__broker_female_a_ogryn_bonding_conversation_03_a_01,У тебе це виходить природно.
loc_broker_female_a__broker_female_a_ogryn_bonding_conversation_03_c_01,"Я б подумав, що вбивати для Оґрина це як два пальці."
loc_broker_female_a__broker_female_a_ogryn_bonding_conversation_04_b_01,Ти раніше бодай якісь імена пам’ятав?
loc_broker_female_a__broker_female_a_ogryn_bonding_conversation_04_d_01,Звучить як план.
loc_broker_female_a__broker_female_a_ogryn_bonding_conversation_05_b_01,У мене до цього завжди був хист. Інакше б не вижила.
loc_broker_female_a__broker_female_a_ogryn_bonding_conversation_05_d_01,Справді?
loc_broker_female_a__broker_female_a_ogryn_bonding_conversation_06_b_01,Це часто трапляється?
loc_broker_female_a__broker_female_a_ogryn_bonding_conversation_06_d_01,Ти зараз сонний?
loc_broker_female_a__broker_female_a_ogryn_bonding_conversation_07_a_01,Ти жорстка.
loc_broker_female_a__broker_female_a_ogryn_bonding_conversation_07_c_01,Та невже? Забути що?
loc_broker_female_a__broker_female_a_ogryn_bonding_conversation_08_a_01,"Тобі подобається битися, Колодо?"
loc_broker_female_a__broker_female_a_ogryn_bonding_conversation_08_c_01,"Мені теж! Тримайся мене, і знайдемо найкращі бійки!"
loc_broker_female_a__broker_female_a_ogryn_bonding_conversation_09_a_01,"Що, філософствуєш там?"
loc_broker_female_a__broker_female_a_ogryn_bonding_conversation_09_c_01,"Та хай. Просто далі клади гниляків, га?"
loc_broker_female_a__broker_female_a_ogryn_bonding_conversation_10_b_01,"Ні. Але можу дозволити ТОБІ допомогти МЕНІ, якщо хочеш."
loc_broker_female_a__broker_female_a_ogryn_bonding_conversation_10_d_01,"Багато-багато, Колодо."
loc_broker_female_a__broker_female_a_ogryn_bonding_conversation_11_b_01,"Їх повно навколо. Просто треба хапати, перш ніж ми це зробимо. Або можеш краще цілитися."
loc_broker_female_a__broker_female_a_ogryn_bonding_conversation_11_d_01,"Я чомусь знала, що ти це скажеш."
loc_broker_female_a__broker_female_a_ogryn_bonding_conversation_12_b_01,"Можу закинути слівце Рейлерам. Їм би знадобився хтось такий, як ти."
loc_broker_female_a__broker_female_a_ogryn_bonding_conversation_12_d_01,"З іншого боку, не думаю, що те, чим ти керуєш, довго протримається на рейках..."
loc_broker_female_a__broker_female_a_ogryn_bonding_conversation_13_a_01,"Тебе щось бентежить, Колодо?"
loc_broker_female_a__broker_female_a_ogryn_bonding_conversation_13_c_01,"Ось тобі підказка. Якщо воно стріляє в тебе, стріляй у відповідь."
loc_broker_female_a__broker_female_a_ogryn_bonding_conversation_14_a_01,Дам пораду: не їж Гниляків.
loc_broker_female_a__broker_female_a_ogryn_bonding_conversation_14_c_01,"Як хочеш, але не кажи, що я не попереджала."
loc_broker_female_a__broker_female_a_ogryn_bonding_conversation_15_a_01,"Тримай голову нижче, бо прикінчать!"
loc_broker_female_a__broker_female_a_ogryn_bonding_conversation_15_c_01,Ти багато чого забуваєш.
loc_broker_female_a__broker_female_a_ogryn_bonding_conversation_16_b_01,"Рада це чути. І все ж, могло б бути й краще."
loc_broker_female_a__broker_female_a_ogryn_bonding_conversation_16_d_01,"Добре, добре. Ти тут головний."
loc_broker_female_a__broker_female_a_ogryn_bonding_conversation_17_b_01,Та ні. Поганець тут — Залізномордий.
loc_broker_female_a__broker_female_a_ogryn_bonding_conversation_17_d_01,"Не переймайся. Просто слухай мене, і все буде добре."
loc_broker_female_a__broker_female_a_ogryn_bonding_conversation_18_b_01,Ні. Ця справа ще не закінчилася. А що?
loc_broker_female_a__broker_female_a_ogryn_bonding_conversation_18_d_01,Я так і думала.
loc_broker_female_a__broker_female_a_ogryn_bonding_conversation_19_a_01,"Є шанс, що я можу найняти тебе для прикриття?"
loc_broker_female_a__broker_female_a_ogryn_bonding_conversation_19_c_01,"Ага, щось типу того."
loc_broker_female_a__broker_female_a_ogryn_bonding_conversation_20_a_01,А ти той ще мерзотник.
loc_broker_female_a__broker_female_a_ogryn_bonding_conversation_20_c_01,"Ага, можливо, в цьому щось є."
loc_broker_female_a__broker_female_a_ogryn_bonding_conversation_21_a_01,"Треба рухатися. Якщо нас притиснуть, нам кінець."
loc_broker_female_a__broker_female_a_ogryn_bonding_conversation_21_c_01,"Знаєш, тепер я хочу, щоб вони довели, що ти не правий."
loc_broker_female_a__broker_female_a_ogryn_bonding_conversation_22_b_01,"Це смерть? Мабуть, смерть."
loc_broker_female_a__broker_female_a_ogryn_bonding_conversation_22_d_01,"Якщо не можеш сказати нічого корисного, стули пельку."
loc_broker_female_a__broker_female_a_ogryn_bonding_conversation_23_b_01,"Не сподівайся. Це ж система послуг, так? Конклав дає обіцянки, а ми сподіваємося, що вони їх дотримаються."
loc_broker_female_a__broker_female_a_ogryn_bonding_conversation_23_d_01,Ніби ти й так не збирався.
loc_broker_female_a__broker_female_a_ogryn_bonding_conversation_24_b_01,"Можеш спробувати, але мені здається, що крім нас нікого немає."
loc_broker_female_a__broker_female_a_ogryn_bonding_conversation_24_d_01,І хто тут робить «Лєман-Расса» з нічого? Га?
loc_broker_female_a__broker_female_a_psyker_bonding_conversation_01_a_01,У тебе вигляд втікачки зі стажем.
loc_broker_female_a__broker_female_a_psyker_bonding_conversation_01_c_01,Присягни Конклаву. Вони тебе захистять.
loc_broker_female_a__broker_female_a_psyker_bonding_conversation_02_a_01,Краще не зазирай до мене в голову.
loc_broker_female_a__broker_female_a_psyker_bonding_conversation_02_c_01,"Хочеш сказати, мої думки нічого не варті?"
loc_broker_female_a__broker_female_a_psyker_bonding_conversation_03_a_01,"Ти ж не вибухнеш, га?"
loc_broker_female_a__broker_female_a_psyker_bonding_conversation_03_c_01,"Це не було ""ні""."
loc_broker_female_a__broker_female_a_psyker_bonding_conversation_04_b_01,"Ти що, відьма часу?"
loc_broker_female_a__broker_female_a_psyker_bonding_conversation_04_d_01,"Продовжуй битися, і, можливо, це не буде неминучим."
loc_broker_female_a__broker_female_a_psyker_bonding_conversation_05_b_01,Ваші самі звернулися до Конклаву. Він може звинувачувати лише себе.
loc_broker_female_a__broker_female_a_psyker_bonding_conversation_05_d_01,Нехай тільки сунеться. Ми до нього готові.
loc_broker_female_a__broker_female_a_psyker_bonding_conversation_06_b_01,"Як скажеш, але якщо якийсь невимовний жах почне носити тебе як шкіряний костюм, я тебе підстрелю."
loc_broker_female_a__broker_female_a_psyker_bonding_conversation_06_d_01,Прошу.
loc_broker_female_a__broker_female_a_psyker_bonding_conversation_07_a_01,"Тримайся там, де я тебе бачу."
loc_broker_female_a__broker_female_a_psyker_bonding_conversation_07_c_01,"Не впевнена, але ВИГЛЯД у тебе підозрілий."
loc_broker_female_a__broker_female_a_psyker_bonding_conversation_08_a_01,"Не роби цього, я тебе попереджаю!"
loc_broker_female_a__broker_female_a_psyker_bonding_conversation_08_c_01,"Ти знову збиралася скаржитися, так?"
loc_broker_female_a__broker_female_a_psyker_bonding_conversation_09_a_01,А як щодо підкріплення? Це надто багато?
loc_broker_female_a__broker_female_a_psyker_bonding_conversation_09_c_01,"Гаразд, ти прикриєш мене, БУДЬ ЛАСКА?"
loc_broker_female_a__broker_female_a_psyker_bonding_conversation_10_b_01,А ти не така вже й погана... як для брудної Відьми.
loc_broker_female_a__broker_female_a_psyker_bonding_conversation_10_d_01,Я б на твоєму місці не сподівалася.
loc_broker_female_a__broker_female_a_psyker_bonding_conversation_11_b_01,"Не впевнена, що ти комусь подобаєшся."
loc_broker_female_a__broker_female_a_psyker_bonding_conversation_11_d_01,"Заздрість? Ага, саме вона. Точно."
loc_broker_female_a__broker_female_a_psyker_bonding_conversation_12_b_01,"Що, маги? Та ні. Вони нікчемні... ті, хто не на зарплаті в Конклаву."
loc_broker_female_a__broker_female_a_psyker_bonding_conversation_12_d_01,"Мене це влаштовує. Немає нічого поганого в тому, щоб залишатися поза ауспексом."
loc_broker_female_a__broker_female_a_psyker_bonding_conversation_13_a_01,"Інші кажуть, що ти тривожна, але ти мені подобаєшся."
loc_broker_female_a__broker_female_a_psyker_bonding_conversation_13_c_01,Стривай... ТИ збиралася змусити мене зникнути?
loc_broker_female_a__broker_female_a_psyker_bonding_conversation_14_a_01,"Б'юся об заклад, Гниляки замишляють щось жахливе."
loc_broker_female_a__broker_female_a_psyker_bonding_conversation_14_c_01,"Можливо, він просто намагається випендритися?"
loc_broker_female_a__broker_female_a_psyker_bonding_conversation_15_a_01,Колись знала одного з ваших.
loc_broker_female_a__broker_female_a_psyker_bonding_conversation_15_c_01,"Перше. І красивим він теж не був. Не після того, як ота ШТУКА вилізла з його мозку."
loc_broker_female_a__broker_female_a_psyker_bonding_conversation_16_b_01,Особисто я так не вважаю.
loc_broker_female_a__broker_female_a_psyker_bonding_conversation_16_d_01,Тут ніщо довго не залишається свіжим.
loc_broker_female_a__broker_female_a_psyker_bonding_conversation_17_b_01,Хороший ЩО саме?
loc_broker_female_a__broker_female_a_psyker_bonding_conversation_17_d_01,Не могли б ви... стояти подалі?
loc_broker_female_a__broker_female_a_psyker_bonding_conversation_18_b_01,Ти не мрієш!
loc_broker_female_a__broker_female_a_psyker_bonding_conversation_18_d_01,Я здаюся!
loc_broker_female_a__broker_female_a_psyker_bonding_conversation_19_a_01,"Ми розберемося з цією справою тепер, коли до неї долучилися справжні бійці."
loc_broker_female_a__broker_female_a_psyker_bonding_conversation_19_c_01,Не можеш їх заблокувати?
loc_broker_female_a__broker_female_a_psyker_bonding_conversation_20_a_01,"Я хочу, щоб ці Гниляки зникли!"
loc_broker_female_a__broker_female_a_psyker_bonding_conversation_20_c_01,Ти мариш!
loc_broker_female_a__broker_female_a_psyker_bonding_conversation_21_a_01,Тримайся мене. Я знаю це місто краще за будь-кого.
loc_broker_female_a__broker_female_a_psyker_bonding_conversation_21_c_01,"Він такий? Чи він просто КАЖЕ, що такий?"
loc_broker_female_a__broker_female_a_psyker_bonding_conversation_22_b_01,Я б на це не розраховувала. Ця справа ще не закінчилася.
loc_broker_female_a__broker_female_a_psyker_bonding_conversation_22_d_01,"Може, протримаєшся ще трохи?"
loc_broker_female_a__broker_female_a_psyker_bonding_conversation_23_b_01,"Ага. Це не той Тертіум, який я пам'ятаю."
loc_broker_female_a__broker_female_a_psyker_bonding_conversation_23_d_01,Справді? Так каже Конклав... але я не знаю...
loc_broker_female_a__broker_female_a_psyker_bonding_conversation_24_b_01,Справді? І чому ж?
loc_broker_female_a__broker_female_a_psyker_bonding_conversation_24_d_01,"Мабуть, через це."
loc_broker_female_a__broker_female_a_psyker_bonding_conversation_25_a_01,"Ти ж був правоохоронцем, так? Оце так падіння."
loc_broker_female_a__broker_female_a_psyker_bonding_conversation_25_c_01,Це було б нескладно. Правоохоронці Тертіума — це більше для декору.
loc_broker_female_a__broker_female_a_psyker_bonding_conversation_26_a_01,Тобі б не завадило розслабитися.
loc_broker_female_a__broker_female_a_psyker_bonding_conversation_26_c_01,"Боїшся, що тобі може сподобатися?"
loc_broker_female_a__broker_female_a_psyker_bonding_conversation_27_a_01,"Тільки поглянь на нас: б'ємося разом, ніби ми друзі."
loc_broker_female_a__broker_female_a_psyker_bonding_conversation_27_c_01,Я ЛЮБЛЮ нетрадиційне.
loc_broker_female_a__broker_female_a_psyker_bonding_conversation_28_b_01,"Це ти так кажеш. Треба ж якось відганяти іржавого вовка від дверей, чи не так?"
loc_broker_female_a__broker_female_a_psyker_bonding_conversation_28_d_01,Ні. Просто є різні ступені нечесності.
loc_broker_female_a__broker_female_a_psyker_bonding_conversation_29_b_01,Ей! Я нічого такого не казала.
loc_broker_female_a__broker_female_a_psyker_bonding_conversation_29_d_01,"Не лізь у мою голову, Дьорґаний. А то свою загубиш!"
loc_broker_female_a__broker_female_a_psyker_bonding_conversation_30_b_01,Ти якось дивно розмовляєш.
loc_broker_female_a__broker_female_a_psyker_bonding_conversation_30_d_01,Бачиш? Знову те саме.
loc_broker_female_a__broker_female_a_psyker_bonding_conversation_31_a_01,Як гадаєш? Вони здалися?
loc_broker_female_a__broker_female_a_psyker_bonding_conversation_31_c_01,Ага. Ці Гниляки живучі. Чому так?
loc_broker_female_a__broker_female_a_psyker_bonding_conversation_32_a_01,Це місце колись було справжнім злодійським кублом. А тепер поглянь.
loc_broker_female_a__broker_female_a_psyker_bonding_conversation_32_c_01,Ага... Гей! Слідкуй за язиком!
loc_broker_female_a__broker_female_a_psyker_bonding_conversation_33_a_01,"Це не так вже й погано. Я думала, з цією справою будуть проблеми."
loc_broker_female_a__broker_female_a_psyker_bonding_conversation_33_c_01,Дякую. Тепер мені значно краще.
loc_broker_female_a__broker_female_a_psyker_bonding_conversation_34_b_01,"Не хвилюйся. Усе владнається, адже тепер у справі Конклав."
loc_broker_female_a__broker_female_a_psyker_bonding_conversation_34_d_01,"Ти міг би просто сказати ""дякую""."
loc_broker_female_a__broker_female_a_psyker_bonding_conversation_35_b_01,Що я можу сказати? Хист до вбивства нікуди не зникає.
loc_broker_female_a__broker_female_a_psyker_bonding_conversation_35_d_01,"Ага, як скажеш."
loc_broker_female_a__broker_female_a_psyker_bonding_conversation_36_b_01,Відплати тією ж монетою: завдай Гнилякам болю у відповідь.
loc_broker_female_a__broker_female_a_psyker_bonding_conversation_36_d_01,Я можу придумати ще кілька... але зараз не час.
loc_broker_female_a__broker_female_a_veteran_bonding_conversation_01_a_01,"Ти завжди хмуришся. Я думала, ти любиш це життя."
loc_broker_female_a__broker_female_a_veteran_bonding_conversation_01_c_01,"Можливо, але це найближче, на що ти можеш розраховувати."
loc_broker_female_a__broker_female_a_veteran_bonding_conversation_02_a_01,"Мені подобаються великі, сильні хлопці, які знаються на різанині."
loc_broker_female_a__broker_female_a_veteran_bonding_conversation_02_c_01,"Шкода, що ти такий похмурий."
loc_broker_female_a__broker_female_a_veteran_bonding_conversation_03_a_01,"Рада знову працювати з тобою, Рубако."
loc_broker_female_a__broker_female_a_veteran_bonding_conversation_03_c_01,Обережно... Це був майже комплімент.
loc_broker_female_a__broker_female_a_veteran_bonding_conversation_04_b_01,"Може, я не хочу, щоб з тобою щось сталося. Думав про таке?"
loc_broker_female_a__broker_female_a_veteran_bonding_conversation_04_d_01,З Гниляками... чи зі мною?
loc_broker_female_a__broker_female_a_veteran_bonding_conversation_05_b_01,"Суперечливий, ось хто ти."
loc_broker_female_a__broker_female_a_veteran_bonding_conversation_05_d_01,Я не можу тобі сказати. Ти маєш сам це з'ясувати.
loc_broker_female_a__broker_female_a_veteran_bonding_conversation_06_b_01,"Може, вони хочуть влаштувати гарне шоу?"
loc_broker_female_a__broker_female_a_veteran_bonding_conversation_06_d_01,А де ж тут виклик?
loc_broker_female_a__broker_female_a_veteran_bonding_conversation_13_a_01,"Ти не такий чопорний, як інші Рубаки."
loc_broker_female_a__broker_female_a_veteran_bonding_conversation_13_c_01,"Схоже, тебе це ще не вбило."
loc_broker_female_a__broker_female_a_veteran_bonding_conversation_14_a_01,Отже... Яка твоя улюблена зброя?
loc_broker_female_a__broker_female_a_veteran_bonding_conversation_14_c_01,"Що означає ""справжня""?"
loc_broker_female_a__broker_female_a_veteran_bonding_conversation_15_a_01,Хочеш зв'язків у Конклаві?
loc_broker_female_a__broker_female_a_veteran_bonding_conversation_15_c_01,Звучить грунтовно.
loc_broker_female_a__broker_female_a_veteran_bonding_conversation_16_b_01,"Особисто ні, але я чула дещо."
loc_broker_female_a__broker_female_a_veteran_bonding_conversation_16_d_01,"Не знаю. Як ти ставишся до ""гір трупів""?"
loc_broker_female_a__broker_female_a_veteran_bonding_conversation_17_b_01,"Школа виживання, та й усе."
loc_broker_female_a__broker_female_a_veteran_bonding_conversation_17_d_01,Звучить знайомо.
loc_broker_female_a__broker_female_a_veteran_bonding_conversation_18_b_01,"Це був не мій вибір. Я йду туди, куди мене посилають."
loc_broker_female_a__broker_female_a_veteran_bonding_conversation_18_d_01,"Ага. Немає сенсу йти добровольцем, чи не так?"
loc_broker_female_a__broker_female_a_veteran_bonding_conversation_19_a_01,Хотіла б я мати твою енергію.
loc_broker_female_a__broker_female_a_veteran_bonding_conversation_19_c_01,"Залишитися в живих. Принаймні, для мене сенс у цьому."
loc_broker_female_a__broker_female_a_veteran_bonding_conversation_20_a_01,"Ти божевільний, ти в курсі?"
loc_broker_female_a__broker_female_a_veteran_bonding_conversation_20_c_01,"Я питала. Вони теж кажуть, що ти божевільний."
loc_broker_female_a__broker_female_a_veteran_bonding_conversation_21_a_01,Що ти віддаєш перевагу: вбивати зблизька чи на відстані?
loc_broker_female_a__broker_female_a_veteran_bonding_conversation_21_c_01,"Ти задоволений своєю роботою, так?"
loc_broker_female_a__broker_female_a_veteran_bonding_conversation_22_b_01,Це ненадовго. Тут унизу завжди так.
loc_broker_female_a__broker_female_a_veteran_bonding_conversation_22_d_01,"Думаю, його відстрелив один із Гниляків."
loc_broker_female_a__broker_female_a_veteran_bonding_conversation_23_b_01,Я ні за ким не ховаюся.
loc_broker_female_a__broker_female_a_veteran_bonding_conversation_23_d_01,"Ага, я впевнена."
loc_broker_female_a__broker_female_a_veteran_bonding_conversation_24_b_01,Програємо — нічого вже не відчуєш.
loc_broker_female_a__broker_female_a_veteran_bonding_conversation_24_d_01,"Може, в цьому щось є..."
loc_broker_female_a__broker_female_a_veteran_bonding_conversation_25_a_01,"У наступній стрілянині прикриєш мене, га?"
loc_broker_female_a__broker_female_a_veteran_bonding_conversation_25_c_01,Це не заспокоює.
loc_broker_female_a__broker_female_a_veteran_bonding_conversation_26_a_01,"На Кадії всі такі ж злі, як ти?"
loc_broker_female_a__broker_female_a_veteran_bonding_conversation_26_c_01,"Ти ухиляєшся від відповіді, от і все."
loc_broker_female_a__broker_female_a_veteran_bonding_conversation_27_a_01,Ти непогано махаєшся.
loc_broker_female_a__broker_female_a_veteran_bonding_conversation_27_c_01,"Може, даси мені кілька порад?"
loc_broker_female_a__broker_female_a_veteran_bonding_conversation_28_b_01,І пишаюся цим!
loc_broker_female_a__broker_female_a_veteran_bonding_conversation_28_d_01,"Ага, а ти — інша половина."
loc_broker_female_a__broker_female_a_veteran_bonding_conversation_29_b_01,"Навряд, але дякую, що подумав."
loc_broker_female_a__broker_female_a_veteran_bonding_conversation_29_d_01,"А я, бач, вважаю це варіантом."
loc_broker_female_a__broker_female_a_veteran_bonding_conversation_30_b_01,Продовжуй їх знищувати. Вони зрозуміють.
loc_broker_female_a__broker_female_a_veteran_bonding_conversation_30_d_01,Зрозуміють. Рано чи пізно.
loc_broker_female_a__broker_female_a_zealot_bonding_conversation_01_a_01,"Ти б'єшся так, ніби не збираєшся вижити."
loc_broker_female_a__broker_female_a_zealot_bonding_conversation_01_c_01,Ага? Я вірю у Святу Месселіну. Вона мене ще ніколи не підводила.
loc_broker_female_a__broker_female_a_zealot_bonding_conversation_02_a_01,"Ти ніколи не втрачаєш надії, так?"
loc_broker_female_a__broker_female_a_zealot_bonding_conversation_02_c_01,"І хороше, і погане, так?"
loc_broker_female_a__broker_female_a_zealot_bonding_conversation_03_a_01,Гниляки нас не зупинять!
loc_broker_female_a__broker_female_a_zealot_bonding_conversation_03_c_01,Я залишаю це іншим. Я просто продовжую вбивати!
loc_broker_female_a__broker_female_a_zealot_bonding_conversation_04_b_01,"Слідкуй за собою, вони думають про нас те саме."
loc_broker_female_a__broker_female_a_zealot_bonding_conversation_04_d_01,Аби тільки кулі зупиняло...
loc_broker_female_a__broker_female_a_zealot_bonding_conversation_05_b_01,"Знаєш, від твоїх слів усе це звучить дуже втомливо."
loc_broker_female_a__broker_female_a_zealot_bonding_conversation_05_d_01,Це ти так кажеш. Я особисто цього не відчуваю.
loc_broker_female_a__broker_female_a_zealot_bonding_conversation_06_b_01,Годі вже!
loc_broker_female_a__broker_female_a_zealot_bonding_conversation_06_d_01,Здебільшого мої вуха.
loc_broker_female_a__broker_female_a_zealot_bonding_conversation_07_a_01,"Мене нудить від цих Гниляків. Деякі з них колись були такими, як ми."
loc_broker_female_a__broker_female_a_zealot_bonding_conversation_07_c_01,Маєш якесь рішення?
loc_broker_female_a__broker_female_a_zealot_bonding_conversation_08_a_01,"Знала я одного такого, як ти, коли починала працювати з картелем."
loc_broker_female_a__broker_female_a_zealot_bonding_conversation_08_c_01,Не те. Він теж був божевільним психом.
loc_broker_female_a__broker_female_a_zealot_bonding_conversation_09_a_01,"Ти багато говориш, але по суті нічого не кажеш."
loc_broker_female_a__broker_female_a_zealot_bonding_conversation_09_c_01,"Вибач, але зі мною це не пройде."
loc_broker_female_a__broker_female_a_zealot_bonding_conversation_10_b_01,"А ти — від мене. Це моя територія. Я знаю, що до чого."
loc_broker_female_a__broker_female_a_zealot_bonding_conversation_10_d_01,Ага. Я так і думала.
loc_broker_female_a__broker_female_a_zealot_bonding_conversation_11_b_01,"Слава — це добре, але я не впевнена, що вона варта всього цього."
loc_broker_female_a__broker_female_a_zealot_bonding_conversation_11_d_01,Говори за себе.
loc_broker_female_a__broker_female_a_zealot_bonding_conversation_12_b_01,"Бийся як слід, і ми переможемо, незалежно від того, дарує він її чи ні."
loc_broker_female_a__broker_female_a_zealot_bonding_conversation_12_d_01,"Ну, ось і дізнаємося."
loc_broker_female_a__broker_female_a_zealot_bonding_conversation_13_a_01,Ти вже отримуєш задоволення?
loc_broker_female_a__broker_female_a_zealot_bonding_conversation_13_c_01,"Кожному своє, гадаю."
loc_broker_female_a__broker_female_a_zealot_bonding_conversation_14_a_01,Ти давно в бойовій групі?
loc_broker_female_a__broker_female_a_zealot_bonding_conversation_14_c_01,"Отже, ось чому ти такий похмурий."
loc_broker_female_a__broker_female_a_zealot_bonding_conversation_15_a_01,За тобою всюди слідує чорна хмара.
loc_broker_female_a__broker_female_a_zealot_bonding_conversation_15_c_01,"Деякі з нас віддають перевагу денному світлу, знаєш?"
loc_broker_female_a__broker_female_a_zealot_bonding_conversation_16_b_01,"Залежить, хто питає... і навіщо."
loc_broker_female_a__broker_female_a_zealot_bonding_conversation_16_d_01,Просто обережна. Найкращий спосіб вижити.
loc_broker_female_a__broker_female_a_zealot_bonding_conversation_17_b_01,"Без поняття. Маска приховує більше, ніж обличчя."
loc_broker_female_a__broker_female_a_zealot_bonding_conversation_17_d_01,"Хоча, обличчя бувають переоцінені. Я маю на увазі, поглянь на своє."
loc_broker_female_a__broker_female_a_zealot_bonding_conversation_18_b_01,"Ти говориш так, ніби я вже мертва."
loc_broker_female_a__broker_female_a_zealot_bonding_conversation_18_d_01,Дякую за довіру.
loc_broker_female_a__broker_female_a_zealot_bonding_conversation_19_a_01,Ти мене лякаєш.
loc_broker_female_a__broker_female_a_zealot_bonding_conversation_19_c_01,"Кажеш одне, а РОБИШ зовсім інше."
loc_broker_female_a__broker_female_a_zealot_bonding_conversation_20_a_01,Заспокоїшся вже? Ти відволікаєш!
loc_broker_female_a__broker_female_a_zealot_bonding_conversation_20_c_01,"Ага, але для цього не потрібні всі ці танці з бубном."
loc_broker_female_a__broker_female_a_zealot_bonding_conversation_21_a_01,"Тебе ніщо не зупиняє, так?"
loc_broker_female_a__broker_female_a_zealot_bonding_conversation_21_c_01,"Шкода, що він не допомагає тобі цілитися."
loc_broker_female_a__broker_female_a_zealot_bonding_conversation_22_b_01,"Це не те, про що тобі варто турбуватися."
loc_broker_female_a__broker_female_a_zealot_bonding_conversation_22_d_01,Одна з моїх кращих рис.
loc_broker_female_a__broker_female_a_zealot_bonding_conversation_23_b_01,Тому що так і є.
loc_broker_female_a__broker_female_a_zealot_bonding_conversation_23_d_01,"Ти просто не знаєш, що шукати, от і все."
loc_broker_female_a__broker_female_a_zealot_bonding_conversation_24_b_01,"Охоплює все і вся, так."
loc_broker_female_a__broker_female_a_zealot_bonding_conversation_24_d_01,"І йому ПОДОБАЄТЬСЯ те, що він бачить."
loc_broker_female_a__broker_female_a_zealot_bonding_conversation_25_a_01,"Сховайся в укриття, га?"
loc_broker_female_a__broker_female_a_zealot_bonding_conversation_25_c_01,Ти ПОВИНЕН боятися втратити свої частини тіла!
loc_broker_female_a__broker_female_a_zealot_bonding_conversation_26_a_01,Ти безстрашна чи просто неуважна?
loc_broker_female_a__broker_female_a_zealot_bonding_conversation_26_c_01,"Гадаю, ми дізнаємося, чи маєш ти рацію."
loc_broker_female_a__broker_female_a_zealot_bonding_conversation_27_a_01,"Якщо будеш бездумно лізти в бійку, тебе прикінчать!"
loc_broker_female_a__broker_female_a_zealot_bonding_conversation_27_c_01,"Тобто він хоче, щоб ти віддала своє життя?"
loc_broker_female_a__broker_female_a_zealot_bonding_conversation_28_b_01,А я підходжу?
loc_broker_female_a__broker_female_a_zealot_bonding_conversation_28_d_01,Хотіла б.
loc_broker_female_a__broker_female_a_zealot_bonding_conversation_29_b_01,Маєш когось на увазі?
loc_broker_female_a__broker_female_a_zealot_bonding_conversation_29_d_01,"Ага, це хороший спосіб не помилятися."
loc_broker_female_a__broker_female_a_zealot_bonding_conversation_30_b_01,"Це не мені вирішувати, а тому, хто дивиться. Що кажуть твої очі?"
loc_broker_female_a__broker_female_a_zealot_bonding_conversation_30_d_01,"Тоді це твоя проблема, а не моя."
loc_broker_female_a__broker_female_a_zealot_bonding_conversation_31_a_01,Твої очі... [здригається]
loc_broker_female_a__broker_female_a_zealot_bonding_conversation_31_c_01,"Таке відчуття, ніби ти дивишся мені прямо в душу."
loc_broker_female_a__broker_female_a_zealot_bonding_conversation_32_a_01,"Не впевнена, що я це переживу."
loc_broker_female_a__broker_female_a_zealot_bonding_conversation_32_c_01,Ти?
loc_broker_female_a__broker_female_a_zealot_bonding_conversation_33_a_01,"Мене не повинно тут бути. Про що думав Конклав, зв'язавшись із вами?"
loc_broker_female_a__broker_female_a_zealot_bonding_conversation_33_c_01,"Це не означає, що я хотіла опинитися на передовій."
loc_broker_female_a__broker_female_a_zealot_bonding_conversation_34_b_01,Особисто я цього не бачу.
loc_broker_female_a__broker_female_a_zealot_bonding_conversation_34_d_01,Ага? Я б не відмовилася.
loc_broker_female_a__broker_female_a_zealot_bonding_conversation_35_b_01,"Ти так кажеш, але нас усіх тут прикінчать."
loc_broker_female_a__broker_female_a_zealot_bonding_conversation_35_d_01,Можливо. Але з цієї справи просто так не піти.
loc_broker_female_a__broker_female_a_zealot_bonding_conversation_36_b_01,Якщо доведеться.
loc_broker_female_a__broker_female_a_zealot_bonding_conversation_36_d_01,"Можливо, я ще не почуваюся достатньо святою для цього."
loc_broker_female_a__broker_seen_killstreak_adamant_01,Щур-поборник женеться за підвищенням!
loc_broker_female_a__broker_seen_killstreak_adamant_02,"Не бачив ще, щоб Щур-поборники стримувались!"
loc_broker_female_a__broker_seen_killstreak_adamant_03,"Щось пінишся, Арбітре?"
loc_broker_female_a__broker_seen_killstreak_adamant_04,Законоголовим різанина завжди легко дається!
loc_broker_female_a__broker_seen_killstreak_broker_01,"Отак, друже! Пробивай дорогу!"
loc_broker_female_a__broker_seen_killstreak_broker_02,"Веселишся там, Кореш?"
loc_broker_female_a__broker_seen_killstreak_broker_03,"Ти сьогодні лютуєш, Кореш!"
loc_broker_female_a__broker_seen_killstreak_broker_04,Ей! Кореш! Залиш решті хоч щось!
loc_broker_female_a__broker_seen_killstreak_ogryn_01,"Давай, Колодо, зроби їх!"
loc_broker_female_a__broker_seen_killstreak_ogryn_02,Ось чому з Оґринами краще не зв’язуватись!
loc_broker_female_a__broker_seen_killstreak_ogryn_03,"Гарно ідеш, Колодо!"
loc_broker_female_a__broker_seen_killstreak_ogryn_04,"Так їх, Колодо! Ти притис їх як треба!"
loc_broker_female_a__broker_seen_killstreak_psyker_01,Ого-го. Дьорґаний хоче крові!
loc_broker_female_a__broker_seen_killstreak_psyker_02,"Намагаєшся щось довести, Дьорганий?"
loc_broker_female_a__broker_seen_killstreak_psyker_03,"Як тебе прорве, то по-справжньому, га, Псайкер?"
loc_broker_female_a__broker_seen_killstreak_psyker_04,"Добре, що ти за нас, Псайкер!"
loc_broker_female_a__broker_seen_killstreak_veteran_01,Дивіться що той Рубака робить!
loc_broker_female_a__broker_seen_killstreak_veteran_02,Вбивця за ім’ям — і вбивця за суттю!
loc_broker_female_a__broker_seen_killstreak_veteran_03,"Оце вже гарно, Ветеране! Влаштуй їм пекло!"
loc_broker_female_a__broker_seen_killstreak_veteran_04,"Ти марнуєш свої таланти у Гвардії, Ветеране!"
loc_broker_female_a__broker_seen_killstreak_zealot_01,ТАК! Язикатий знову почав!
loc_broker_female_a__broker_seen_killstreak_zealot_02,"Дивись, як той Язикатий гоцaє !"
loc_broker_female_a__broker_seen_killstreak_zealot_03,Бузувіра не переплюнеш у різанині!
loc_broker_female_a__broker_seen_killstreak_zealot_04,"Гей, Бузувіре! Що в тебе вселилося?"
loc_broker_female_a__broker_start_revive_adamant_01,Оце поворот!
loc_broker_female_a__broker_start_revive_adamant_02,"Тебе аж трусить, га?"
loc_broker_female_a__broker_start_revive_adamant_03,Ото вам і «Закон ніколи не спочиває».
loc_broker_female_a__broker_start_revive_adamant_04,Що це в нас тут?
loc_broker_female_a__broker_start_revive_adamant_05,Ой як кортить там тебе і лишити.
loc_broker_female_a__broker_start_revive_broker_01,"Підривайся, кореш."
loc_broker_female_a__broker_start_revive_broker_02,Цілий день там не валятимешся.
loc_broker_female_a__broker_start_revive_broker_03,Спокійно. Спо-кій-но... Гарно тебе припечатало.
loc_broker_female_a__broker_start_revive_broker_04,"Бій чекає на тебе, друже."
loc_broker_female_a__broker_start_revive_broker_05,"Не будеш підводити команду, га?"
loc_broker_female_a__broker_start_revive_ogryn_01,"Підйом, Колодо."
loc_broker_female_a__broker_start_revive_ogryn_02,"Піднімайся і бийся, Колода."
loc_broker_female_a__broker_start_revive_ogryn_03,Що це за сидяча робота... Що ти їв?
loc_broker_female_a__broker_start_revive_ogryn_04,"Здається, щойно чув, як Гнилець тебе обзивав."
loc_broker_female_a__broker_start_revive_ogryn_05,"Є ще пороху в тебе, Оґрине?"
loc_broker_female_a__broker_start_revive_psyker_01,"Отримала ляща, еге ж?"
loc_broker_female_a__broker_start_revive_psyker_02,"Виглядаєш так, ніби треба рука допомоги."
loc_broker_female_a__broker_start_revive_psyker_03,"Вставай, Дьорґаний."
loc_broker_female_a__broker_start_revive_psyker_04,"Я не кажу, що Псайкери ліниві, але..."
loc_broker_female_a__broker_start_revive_psyker_05,"Давай, підіймайся. Мені потрібна будь-яка допомога."
loc_broker_female_a__broker_start_revive_veteran_01,"Полегше, Рубака. Перепочинь."
loc_broker_female_a__broker_start_revive_veteran_02,"Тримайся, Рубако. Я, може, й покидьок, але я на твоєму боці."
loc_broker_female_a__broker_start_revive_veteran_03,"Отримав по повній, га?"
loc_broker_female_a__broker_start_revive_veteran_04,"Не збагну, як ти ще дихаєш."
loc_broker_female_a__broker_start_revive_veteran_05,"Тримаймося разом, га? Інакше нам кінець."
loc_broker_female_a__broker_start_revive_zealot_01,"Порухай ногами, Язикатий. Лежачи ти ніякий."
loc_broker_female_a__broker_start_revive_zealot_02,От тепер ти добряче пошарпаний.
loc_broker_female_a__broker_start_revive_zealot_03,"Не хочеш, щоб свята Меселіна бачила, як ти здаєшся, га?"
loc_broker_female_a__broker_start_revive_zealot_04,Глянь на себе — прямо Кадійська брама...
loc_broker_female_a__broker_start_revive_zealot_05,Знизу не дуже зручно...
loc_broker_female_a__calling_for_help_01,Ти мені допоможеш?
loc_broker_female_a__calling_for_help_02,Мені тут допомога потрібна!
loc_broker_female_a__calling_for_help_03,Рухайте своїми ледарськими тушками сюди!
loc_broker_female_a__calling_for_help_04,Де моє кляте підкріплення?
loc_broker_female_a__calling_for_help_05,Підсобиш?
loc_broker_female_a__com_wheel_vo_enemy_over_here_01,Бачу ворога!
loc_broker_female_a__com_wheel_vo_enemy_over_here_02,Ворог помічений!
loc_broker_female_a__com_wheel_vo_enemy_over_here_03,Ворог!
loc_broker_female_a__com_wheel_vo_follow_you_01,Прикриваю спину!
loc_broker_female_a__com_wheel_vo_follow_you_02,Я поряд!
loc_broker_female_a__com_wheel_vo_follow_you_03,Я за тобою!
loc_broker_female_a__com_wheel_vo_for_the_emperor_01,За Конклав!
loc_broker_female_a__com_wheel_vo_for_the_emperor_02,За Атому!
loc_broker_female_a__com_wheel_vo_for_the_emperor_03,За волю!
loc_broker_female_a__com_wheel_vo_location_attention_01,Перевір там!
loc_broker_female_a__com_wheel_vo_location_attention_02,Бачиш?
loc_broker_female_a__com_wheel_vo_location_attention_03,Дивись туди!
loc_broker_female_a__com_wheel_vo_location_ping_01,Іди туди!
loc_broker_female_a__com_wheel_vo_location_ping_02,Прямуй туди!
loc_broker_female_a__com_wheel_vo_location_ping_03,За мною!
loc_broker_female_a__com_wheel_vo_my_pleasure_a_01,Із задоволенням.
loc_broker_female_a__com_wheel_vo_my_pleasure_a_02,Жодних проблем.
loc_broker_female_a__com_wheel_vo_need_ammo_01,Потрібні набої!
loc_broker_female_a__com_wheel_vo_need_ammo_02,"Набої, швидко!"
loc_broker_female_a__com_wheel_vo_need_ammo_03,Мені б набоїв!
loc_broker_female_a__com_wheel_vo_need_health_01,Потрібне зцілення!
loc_broker_female_a__com_wheel_vo_need_health_02,Сильно дістало!
loc_broker_female_a__com_wheel_vo_need_health_03,Я поранена. Потрібна аптечка.
loc_broker_female_a__com_wheel_vo_need_that_01,Це моє!
loc_broker_female_a__com_wheel_vo_need_that_02,Моє!
loc_broker_female_a__com_wheel_vo_need_that_03,Мені це треба!
loc_broker_female_a__com_wheel_vo_no_01,Ні!
loc_broker_female_a__com_wheel_vo_no_02,Ні!
loc_broker_female_a__com_wheel_vo_no_03,Ні!
loc_broker_female_a__com_wheel_vo_take_this_a_01,Тримай!
loc_broker_female_a__com_wheel_vo_take_this_a_02,Бери!
loc_broker_female_a__com_wheel_vo_thank_you_01,Дякуючки.
loc_broker_female_a__com_wheel_vo_thank_you_02,Дякую.
loc_broker_female_a__com_wheel_vo_thank_you_03,Дякую.
loc_broker_female_a__com_wheel_vo_yes_01,Авжеж!
loc_broker_female_a__com_wheel_vo_yes_02,Як скажеш!
loc_broker_female_a__com_wheel_vo_yes_03,Так!
loc_broker_female_a__combat_monster_release_a_01,"[Гидливо, з болем] Більше... ніколи..."
loc_broker_female_a__combat_monster_release_a_02,"[З огидою, з болем] Ти бачила... що воно зробило...?"
loc_broker_female_a__combat_monster_release_a_03,"[З огидою, з болем] Занадто гостра для тебе... була, так?"
loc_broker_female_a__combat_pause_limited_adamant_a_02_b_01,Вони всі так кажуть... поки не починається стрілянина.
loc_broker_female_a__combat_pause_limited_adamant_a_05_b_01,Це просто приємна ранкова прогулянка. Розслабся.
loc_broker_female_a__combat_pause_limited_adamant_a_13_b_01,Щурик говорить про точність? Тепер я чула все.
loc_broker_female_a__combat_pause_limited_adamant_a_20_b_01,"Ага, але велика вогнева міць допомагає!"
loc_broker_female_a__combat_pause_limited_adamant_b_03_b_01,"Ще й як, біс забирай!"
loc_broker_female_a__combat_pause_limited_adamant_b_05_b_01,"Гей! Досить цього ""майже""!"
loc_broker_female_a__combat_pause_limited_adamant_b_13_b_01,Тоді на твоєму місці я б хвилювалася.
loc_broker_female_a__combat_pause_limited_adamant_b_17_b_01,Це не так уже й погано... коли звикнеш.
loc_broker_female_a__combat_pause_limited_adamant_c_04_b_01,"Тут не посперечаєшся, Щур-поборникику!"
loc_broker_female_a__combat_pause_limited_adamant_c_12_b_01,А де ж веселощі?
loc_broker_female_a__combat_pause_limited_adamant_c_16_b_01,"Гей! У нас є порядок, дякую. Просто він відрізняється від вашого, от і все!"
loc_broker_female_a__combat_pause_limited_adamant_c_18_b_01,"Ага... Дякую, але ні."
loc_broker_female_a__combat_pause_limited_broker_a_01_a_01,Треба позбутися цих Гниляків.
loc_broker_female_a__combat_pause_limited_broker_a_01_b_01,"Ага. Назавжди, якщо зможемо."
loc_broker_female_a__combat_pause_limited_broker_a_02_a_01,Це місце вже не те.
loc_broker_female_a__combat_pause_limited_broker_a_02_b_01,"Ти не помиляєшся. Чим швидше це закінчиться, тим краще."
loc_broker_female_a__combat_pause_limited_broker_a_03_a_01,Гниляки тут добряче нашкодили...
loc_broker_female_a__combat_pause_limited_broker_a_03_b_01,"Ага. Що скажеш, якби ми їм відплатили тим же?"
loc_broker_female_a__combat_pause_limited_broker_a_04_a_01,Тут безпечне. Не в порівнянні з глибинами Вулика.
loc_broker_female_a__combat_pause_limited_broker_a_04_b_01,Ага. Від тих секторів у мене мурахи по шкірі.
loc_broker_female_a__combat_pause_limited_broker_a_05_a_01,"Як у минуле заносить. Старі місця, старі пики... старі трупи..."
loc_broker_female_a__combat_pause_limited_broker_a_05_b_01,"Щасливі дні, еге ж? Ніщо з ними не зрівняється."
loc_broker_female_a__combat_pause_limited_broker_a_06_a_01,"Ніколи не любила Карнавал. Я за тихі рекреаційні заклади десь осторонь, знаєш?"
loc_broker_female_a__combat_pause_limited_broker_a_06_b_01,"Тільки тому, що тебе з решти викинули."
loc_broker_female_a__combat_pause_limited_broker_a_07_a_01,"Не скажу, що цей інквізиторський цирк вражає. Усі кислі."
loc_broker_female_a__combat_pause_limited_broker_a_07_b_01,Давай: скажи це Золі. Наважся.
loc_broker_female_a__combat_pause_limited_broker_a_08_a_01,"Між нами, я б до цього звикла."
loc_broker_female_a__combat_pause_limited_broker_a_08_b_01,"Я розумію, що ти маєш на увазі."
loc_broker_female_a__combat_pause_limited_broker_a_09_a_01,Під Шпилями такого не має бути. Терпіти не можу його вигляд.
loc_broker_female_a__combat_pause_limited_broker_a_09_b_01,Ага. Чому б Гнилякам не взятися за знать?
loc_broker_female_a__combat_pause_limited_broker_a_10_a_01,Ми з тобою не такі вже й різні.
loc_broker_female_a__combat_pause_limited_broker_a_10_b_01,Ніби дві кулі в одному клятому магазині.
loc_broker_female_a__combat_pause_limited_broker_b_01_b_01,Оце ти вже заговорив моєю мовою.
loc_broker_female_a__combat_pause_limited_broker_b_02_b_01,"Може, так воно й не буде, га?"
loc_broker_female_a__combat_pause_limited_broker_b_03_b_01,Я тебе чую. Тут роботи вистачить на нас обох.
loc_broker_female_a__combat_pause_limited_broker_b_04_b_01,Хто ж розбере під усім цим брудом?
loc_broker_female_a__combat_pause_limited_broker_b_05_b_01,"Думаєш, це твій шанс довести це, так?"
loc_broker_female_a__combat_pause_limited_broker_b_06_b_01,"Привілейоване становище, чи не так? Ніякого тиску, щоб усе робити правильно."
loc_broker_female_a__combat_pause_limited_broker_b_07_b_01,"Чиста правда. Інакше б нас не випустили, еге ж?"
loc_broker_female_a__combat_pause_limited_broker_b_08_b_01,"Якщо це необхідно, значить, так тому й бути."
loc_broker_female_a__combat_pause_limited_broker_b_09_b_01,І ми в цьому по самі вуха. Знову.
loc_broker_female_a__combat_pause_limited_broker_b_10_b_01,"Ти прямо ходяча розвага, ти в курсі?"
loc_broker_female_a__combat_pause_limited_broker_c_01_b_01,Та ну? От цікаво.
loc_broker_female_a__combat_pause_limited_broker_c_02_b_01,"Ну ми типу, тому і тут. Ти ж знаєш це, вірно?"
loc_broker_female_a__combat_pause_limited_broker_c_03_b_01,"Може, деякі з нас не зовсім божевільні?"
loc_broker_female_a__combat_pause_limited_broker_c_04_b_01,"О, ні, тільки не знову. Минулого разу ти наробила справжнього безладу."
loc_broker_female_a__combat_pause_limited_broker_c_05_b_01,Не дивно. Занадто багато зрадників до них приєдналося.
loc_broker_female_a__combat_pause_limited_broker_c_06_b_01,"І мені здається, що ти тут спільна ланка."
loc_broker_female_a__combat_pause_limited_broker_c_07_b_01,"Хотіли, щоб вас знову замкнули? Навіть не думайте про це."
loc_broker_female_a__combat_pause_limited_broker_c_08_b_01,"Я намагаюся вибирати. Не хочу закінчити, як ти."
loc_broker_female_a__combat_pause_limited_broker_c_09_b_01,"У більшості з них не вистачить зубів, щоб це спрацювало."
loc_broker_female_a__combat_pause_limited_broker_c_10_b_01,"Ти справді думаєш, що це спрацює? Знову?"
loc_broker_female_a__combat_pause_limited_ogryn_a_06_b_01,Тоді повторюй це. Багато разів.
loc_broker_female_a__combat_pause_limited_ogryn_a_12_b_01,"Не думала, що ти сноб, Колодо."
loc_broker_female_a__combat_pause_limited_ogryn_a_15_b_01,Ось у цьому твоя головна проблема.
loc_broker_female_a__combat_pause_limited_ogryn_a_18_b_01,Ні. Вони божевільні весь час.
loc_broker_female_a__combat_pause_limited_ogryn_b_08_b_01,"Найкращий момент мого клятого життя, Колодо!"
loc_broker_female_a__combat_pause_limited_ogryn_b_15_b_01,"Хочеш, слово замовлю в Конклаві? Ти впишешся."
loc_broker_female_a__combat_pause_limited_ogryn_b_19_b_01,Не посперечаєшся.
loc_broker_female_a__combat_pause_limited_ogryn_c_04_b_01,"Кожен, хто цього не робить, робить це неправильно."
loc_broker_female_a__combat_pause_limited_ogryn_c_08_b_01,У мене є деякі ідеї...
loc_broker_female_a__combat_pause_limited_ogryn_c_09_b_01,Звідки тобі знати?
loc_broker_female_a__combat_pause_limited_ogryn_c_15_b_01,Бережи свою просту душу.
loc_broker_female_a__combat_pause_limited_ogryn_d_06_b_01,"Взагалі-то, так."
loc_broker_female_a__combat_pause_limited_ogryn_d_12_b_01,Ага. Я тобі вірю. Справді вірю.
loc_broker_female_a__combat_pause_limited_ogryn_d_15_b_01,У тебе все криве.
loc_broker_female_a__combat_pause_limited_ogryn_d_18_b_01,Сумніваюся. Гниляки все поцупили.
loc_broker_female_a__combat_pause_limited_psyker_a_03_b_01,Завжди можна. І це правда.
loc_broker_female_a__combat_pause_limited_psyker_a_05_b_01,"Тоді я просто коштовний камінь, чи не так?"
loc_broker_female_a__combat_pause_limited_psyker_a_17_b_01,"Це називається ""фізичні вправи""."
loc_broker_female_a__combat_pause_limited_psyker_a_19_b_01,"Тримайся поруч, песику. Може, я тобі щось дам."
loc_broker_female_a__combat_pause_limited_psyker_b_03_b_01,Знову в тебе поїхало?
loc_broker_female_a__combat_pause_limited_psyker_b_05_b_01,"Може, так і буде. Залежить від мого настрою."
loc_broker_female_a__combat_pause_limited_psyker_b_13_b_01,"А я бажаю, щоб ти мовчав."
loc_broker_female_a__combat_pause_limited_psyker_b_19_b_01,"Солоденький, ти тут впишешся."
loc_broker_female_a__combat_pause_limited_psyker_c_05_b_01,"Ну, ось і дізнаємося."
loc_broker_female_a__combat_pause_limited_psyker_c_13_b_01,"Ага, дякую тобі, сержанте Оптиміст."
loc_broker_female_a__combat_pause_limited_psyker_c_19_b_01,"Може, я приберегла їх для чогось особливого?"
loc_broker_female_a__combat_pause_limited_veteran_a_03_b_01,Нарешті! Хтось шарить!
loc_broker_female_a__combat_pause_limited_veteran_a_04_b_01,Гей! Це моя репліка!
loc_broker_female_a__combat_pause_limited_veteran_a_11_b_01,Недбала? Я? Ти жартуєш.
loc_broker_female_a__combat_pause_limited_veteran_a_15_b_01,Спробуй вижити під Шпилями. Там не сюсюкаються.
loc_broker_female_a__combat_pause_limited_veteran_b_03_b_01,Ага. Оце так підняття бойового духу.
loc_broker_female_a__combat_pause_limited_veteran_b_06_b_01,О! Ось ти... ТИ мені подобаєшся!
loc_broker_female_a__combat_pause_limited_veteran_b_11_b_01,Гниляки просочуються всюди.
loc_broker_female_a__combat_pause_limited_veteran_b_15_b_01,Може досить. Це ж мій дім ти гепаєш.
loc_broker_female_a__combat_pause_limited_veteran_c_03_b_01,"Я пас, дякую."
loc_broker_female_a__combat_pause_limited_veteran_c_04_b_01,Народжені в Тертіумі міцніші. Це не секрет.
loc_broker_female_a__combat_pause_limited_veteran_c_11_b_01,Тільки спробуй.
loc_broker_female_a__combat_pause_limited_zealot_a_02_b_01,"Але ми можемо почати з убивства плоті й крові, так?"
loc_broker_female_a__combat_pause_limited_zealot_a_13_b_01,Я ЛЮБЛЮ блукати темними місцями.
loc_broker_female_a__combat_pause_limited_zealot_a_17_b_01,Ага. Ти йди першим.
loc_broker_female_a__combat_pause_limited_zealot_a_19_b_01,Як скажеш.
loc_broker_female_a__combat_pause_limited_zealot_b_05_b_01,На той момент мені буде вже байдуже.
loc_broker_female_a__combat_pause_limited_zealot_b_13_b_01,У мене повно судимостей. Хех.
loc_broker_female_a__combat_pause_limited_zealot_b_17_b_01,"Тобто їх прикінчать, так?"
loc_broker_female_a__combat_pause_limited_zealot_c_04_b_01,Ні. Ця рушниця — моя найкраща зброя.
loc_broker_female_a__combat_pause_limited_zealot_c_12_b_01,Продовжуй інформувати.
loc_broker_female_a__combat_pause_limited_zealot_c_16_b_01,Тобто він НАСПРАВДІ нас ненавидить?
loc_broker_female_a__combat_pause_limited_zealot_c_18_b_01,Що знову? Ти знущаєшся?
loc_broker_female_a__combat_pause_one_liner_01,"Піднялись і вперед: за Конклав, за святу Месселіну й за гарну розвагу!"
loc_broker_female_a__combat_pause_one_liner_02,"Оце життя, га?"
loc_broker_female_a__combat_pause_one_liner_03,"Подивіться-но, я — респектабельна громадянка. Не думала, що доживу."
loc_broker_female_a__combat_pause_one_liner_04,Під Шпилями ще не було так паскудно.
loc_broker_female_a__combat_pause_one_liner_05,"Схоже, це граний день, щоб заслужити прихильність Конклаву."
loc_broker_female_a__combat_pause_quirk_abhuman_b_01,Спитай когось іншого.
loc_broker_female_a__combat_pause_quirk_accuracy_b_01,Ти з УСЬОГО забираєш веселощі.
loc_broker_female_a__combat_pause_quirk_adamant_a_trait_01_b_01,"Гадаю, я залишу це тобі."
loc_broker_female_a__combat_pause_quirk_adamant_a_trait_02_b_01,"Відплата, ось те слово."
loc_broker_female_a__combat_pause_quirk_adamant_a_trait_03_b_01,Єдина школа  яка має значення — це саме пекло бою.
loc_broker_female_a__combat_pause_quirk_adamant_a_trait_04_b_01,Тобі буде чим зайнятися.
loc_broker_female_a__combat_pause_quirk_adamant_a_trait_05_b_01,Ми з тобою дуже по-різному бачимо досконалість.
loc_broker_female_a__combat_pause_quirk_adamant_a_trait_06_b_01,"Мабуть, це я. Хочеш щось із цим зробити?"
loc_broker_female_a__combat_pause_quirk_adamant_a_trait_07_b_01,Самовпевнений. Але ваш вид завжди такий.
loc_broker_female_a__combat_pause_quirk_adamant_a_trait_08_b_01,Моє серце обливається кров'ю за тебе.
loc_broker_female_a__combat_pause_quirk_adamant_a_trait_09_b_01,"Задоволена своєю роботою, так?"
loc_broker_female_a__combat_pause_quirk_adamant_a_trait_10_b_01,Авжеж. Саме це й пішло не так.
loc_broker_female_a__combat_pause_quirk_adamant_b_trait_01_b_01,Небезпека робить життя цікавішим!
loc_broker_female_a__combat_pause_quirk_adamant_b_trait_02_b_01,Тут Закону нема.
loc_broker_female_a__combat_pause_quirk_adamant_b_trait_03_b_01,Звучить жорстко. А жорстких прикінчують.
loc_broker_female_a__combat_pause_quirk_adamant_b_trait_04_b_01,"Вершки завжди спливають нагору. Я маю на увазі, поглянь на мене!"
loc_broker_female_a__combat_pause_quirk_adamant_b_trait_05_b_01,Командна робота з тобою? Мрій далі.
loc_broker_female_a__combat_pause_quirk_adamant_b_trait_06_b_01,Якби ж то зарозумілість була бронею...
loc_broker_female_a__combat_pause_quirk_adamant_b_trait_07_b_01,"А я думала, ми стаємо друзями..."
loc_broker_female_a__combat_pause_quirk_adamant_b_trait_08_b_01,"Це не так погано, коли звикнеш."
loc_broker_female_a__combat_pause_quirk_adamant_b_trait_09_b_01,Хочеш удачі? Створи її сам.
loc_broker_female_a__combat_pause_quirk_adamant_b_trait_10_b_01,"Веселіше! Може, й не станеться!"
loc_broker_female_a__combat_pause_quirk_adamant_c_trait_01_b_01,"Командний гравець, оце так."
loc_broker_female_a__combat_pause_quirk_adamant_c_trait_02_b_01,Якраз хотіла сказати тобі те саме.
loc_broker_female_a__combat_pause_quirk_adamant_c_trait_03_b_01,"Дякую, але я пас."
loc_broker_female_a__combat_pause_quirk_adamant_c_trait_04_b_01,"Я служу Конклаву, а не твоєму Лексу."
loc_broker_female_a__combat_pause_quirk_adamant_c_trait_05_b_01,"Веселий тип, чи не так?"
loc_broker_female_a__combat_pause_quirk_adamant_c_trait_06_b_01,Це пояснює твою переможну особистість.
loc_broker_female_a__combat_pause_quirk_adamant_c_trait_07_b_01,Це погроза?
loc_broker_female_a__combat_pause_quirk_adamant_c_trait_08_b_01,Мене нудить від розмов про Лекс.
loc_broker_female_a__combat_pause_quirk_adamant_c_trait_09_b_01,Цього разу ми згодні.
loc_broker_female_a__combat_pause_quirk_adamant_c_trait_10_b_01,Ти мені теж не подобаєшся.
loc_broker_female_a__combat_pause_quirk_ammo_b_01,"Ага, в цьому винна зброя. Саме так."
loc_broker_female_a__combat_pause_quirk_ammo_hog_a_01,Ей! Не тягни всі набої!
loc_broker_female_a__combat_pause_quirk_ammo_hog_b_01,Хто знайшов — того й річ.
loc_broker_female_a__combat_pause_quirk_anger_b_01,Лише б ти зганяв злість на Гниляках — і норм.
loc_broker_female_a__combat_pause_quirk_bad_feeling_b_01,Якось воно буде. Побачиш.
loc_broker_female_a__combat_pause_quirk_bone_ead_b_01,"Ти норм і так, Колодо."
loc_broker_female_a__combat_pause_quirk_bored_b_01,"О ні, це ще не кінець!"
loc_broker_female_a__combat_pause_quirk_broker_a_trait_01_a_01,Бачила вид із Зорі Скорботи?
loc_broker_female_a__combat_pause_quirk_broker_a_trait_01_b_01,Ага. Ніколи раніше не бачила Атому такою.
loc_broker_female_a__combat_pause_quirk_broker_a_trait_02_a_01,"Щур-поборники шкодять бізнесу, але гнильці — ще гірші."
loc_broker_female_a__combat_pause_quirk_broker_a_trait_02_b_01,"Правда, трясця йому."
loc_broker_female_a__combat_pause_quirk_broker_a_trait_03_a_01,"Спершу приберемо гниляків, потім заберемо своє."
loc_broker_female_a__combat_pause_quirk_broker_a_trait_03_b_01,"Ага, такий план."
loc_broker_female_a__combat_pause_quirk_broker_a_trait_04_a_01,Мене чекає підйом. Конклав мене любить.
loc_broker_female_a__combat_pause_quirk_broker_a_trait_04_b_01,Ага... Поки не передумають.
loc_broker_female_a__combat_pause_quirk_broker_a_trait_05_a_01,У мене попереду великі справи. У тебе теж — якщо грамотно використаєш свої карти на руках.
loc_broker_female_a__combat_pause_quirk_broker_a_trait_05_b_01,Запишіть мене.
loc_broker_female_a__combat_pause_quirk_broker_a_trait_06_a_01,"Ненавиджу це. Хочу, щоб Тертіум став таким, як був."
loc_broker_female_a__combat_pause_quirk_broker_a_trait_06_b_01,"Ага, тому ми тут."
loc_broker_female_a__combat_pause_quirk_broker_a_trait_07_a_01,Добре знову тут унизу. Терпіти не можу те корито.
loc_broker_female_a__combat_pause_quirk_broker_a_trait_07_b_01,Ага. Дайте мені твердий ґрунт під ногами — і досить.
loc_broker_female_a__combat_pause_quirk_broker_a_trait_08_a_01,"Довіряй Конклаву. Вони знають, що до чого."
loc_broker_female_a__combat_pause_quirk_broker_a_trait_08_b_01,"Ага. Не те що знать. Покидьки, до останнього."
loc_broker_female_a__combat_pause_quirk_broker_a_trait_09_a_01,Морроу — насправді наш. Видно по очах.
loc_broker_female_a__combat_pause_quirk_broker_a_trait_09_b_01,Ми всі піхотинці. Інша форма цього не змінює.
loc_broker_female_a__combat_pause_quirk_broker_a_trait_10_a_01,"Який безлад. Потрібні роки, щоб це виправити."
loc_broker_female_a__combat_pause_quirk_broker_a_trait_10_b_01,"Ага, але так воно і буває."
loc_broker_female_a__combat_pause_quirk_broker_b_trait_01_b_01,"Тоді нам просто доведеться їх ВИСЕЛИТИ, чи не так?"
loc_broker_female_a__combat_pause_quirk_broker_b_trait_02_b_01,"Ага? Не думала, що ти підлабузник."
loc_broker_female_a__combat_pause_quirk_broker_b_trait_03_b_01,Дякую. Від тебе це щось та значить.
loc_broker_female_a__combat_pause_quirk_broker_b_trait_04_b_01,"Завжди так. Не чекай, що вони нам щось пояснять."
loc_broker_female_a__combat_pause_quirk_broker_b_trait_05_b_01,І що? Я не з лякливих.
loc_broker_female_a__combat_pause_quirk_broker_b_trait_06_b_01,Ага. Там унизу справжня м'ясорубка.
loc_broker_female_a__combat_pause_quirk_broker_b_trait_07_b_01,"Це завжди була спірна територія. Рейлери, Водний Картель, Мертвобійці... усі хотіли свій шматок."
loc_broker_female_a__combat_pause_quirk_broker_b_trait_08_b_01,"Ха. Єдина вірність, яку ти знаєш, дзвенить."
loc_broker_female_a__combat_pause_quirk_broker_b_trait_09_b_01,"Ти адекватний, це да. Але найкращий? Побачимо."
loc_broker_female_a__combat_pause_quirk_broker_b_trait_10_b_01,"Якщо покинеш Великий Ті, тобі кінець."
loc_broker_female_a__combat_pause_quirk_broker_c_trait_01_b_01,"Це бізнес, а не задоволення."
loc_broker_female_a__combat_pause_quirk_broker_c_trait_02_b_01,Тоді краще їх усіх прикінчити.
loc_broker_female_a__combat_pause_quirk_broker_c_trait_03_b_01,"Не хочу, добре? Чим швидше це закінчиться, тим краще."
loc_broker_female_a__combat_pause_quirk_broker_c_trait_04_b_01,"Свята Месселіно, тільки не знову..."
loc_broker_female_a__combat_pause_quirk_broker_c_trait_05_b_01,"Ага. Здається, Конклав хвилюється."
loc_broker_female_a__combat_pause_quirk_broker_c_trait_06_b_01,"В мій топ-10 це б не увійшло, чесно."
loc_broker_female_a__combat_pause_quirk_broker_c_trait_07_b_01,"Не завадило б трохи тиші, якщо ти розумієш, про що я."
loc_broker_female_a__combat_pause_quirk_broker_c_trait_08_b_01,"Тут немає місця мистецтву. Війна — це машина, і її треба годувати."
loc_broker_female_a__combat_pause_quirk_broker_c_trait_09_b_01,"Гадаю, це означає, що ми робимо щось правильно?"
loc_broker_female_a__combat_pause_quirk_broker_c_trait_10_b_01,Припини! Немає сенсу накликати ще більше біди.
loc_broker_female_a__combat_pause_quirk_bullets_tickle_b_01,"Ага, молодець."
loc_broker_female_a__combat_pause_quirk_cheerful_b_01,Зараз стане гидко.
loc_broker_female_a__combat_pause_quirk_club_thump_b_01,"Любиш по-особистому, га?"
loc_broker_female_a__combat_pause_quirk_cold_b_01,Мені норм.
loc_broker_female_a__combat_pause_quirk_competence_b_01,То все через постійну практику.
loc_broker_female_a__combat_pause_quirk_concerning_enforcers_b_01,"Е-е... Так, певно."
loc_broker_female_a__combat_pause_quirk_dead_already_b_01,Гарна мотиваційна промова.
loc_broker_female_a__combat_pause_quirk_dead_b_01,"Може, вб’ємо їх ще раз?"
loc_broker_female_a__combat_pause_quirk_deddog_b_01,Не чула про нього.
loc_broker_female_a__combat_pause_quirk_defend_b_01,Тут усі ризикують.
loc_broker_female_a__combat_pause_quirk_desert_b_01,Як стане нудно — чого б і ні.
loc_broker_female_a__combat_pause_quirk_disappointment_b_01,Не зважай. Конклав усе розрулить.
loc_broker_female_a__combat_pause_quirk_discipline_b_01,"Гаразд. Як скажеш, Рубако."
loc_broker_female_a__combat_pause_quirk_dislikes_grenades_b_01,Бабахів багато не буває!
loc_broker_female_a__combat_pause_quirk_doomed_b_01,Завжди додаєш оптимізму...
loc_broker_female_a__combat_pause_quirk_dream_b_01,Навіщо шукати зайвих проблем? Їх і так повно.
loc_broker_female_a__combat_pause_quirk_drink_b_01,"Вибач, допила своє ще під час висадки."
loc_broker_female_a__combat_pause_quirk_emperor_b_01,"Повірю, коли побачу."
loc_broker_female_a__combat_pause_quirk_end_b_01,Навіть не думай!
loc_broker_female_a__combat_pause_quirk_endless_b_01,Гниляки тепер скрізь. Оце й біда.
loc_broker_female_a__combat_pause_quirk_endless_war_b_01,А я й не хотіла нудьгувати.
loc_broker_female_a__combat_pause_quirk_expendable_b_01,"Ага, та це не новина."
loc_broker_female_a__combat_pause_quirk_feet_b_01,Справді? Й у мене так.
loc_broker_female_a__combat_pause_quirk_flame_b_01,"Трохи без розбору ж, га?"
loc_broker_female_a__combat_pause_quirk_forgetful_b_01,"Вбивати, а потім — може — здохнути."
loc_broker_female_a__combat_pause_quirk_fractal_b_01,Ти мені настрій не покращуєш...
loc_broker_female_a__combat_pause_quirk_friends_b_01,Дружба з дна! Кращої не буває!
loc_broker_female_a__combat_pause_quirk_glutton_b_01,Голодний не перебирає.
loc_broker_female_a__combat_pause_quirk_hates_goo_b_01,"Звинувачуй Гниляків, Колодо."
loc_broker_female_a__combat_pause_quirk_hates_poxwalkers_b_01,"Здається, колись знала декого з них. Неправильно це."
loc_broker_female_a__combat_pause_quirk_health_hog_a_01,Ей! Залиш ліки й іншим!
loc_broker_female_a__combat_pause_quirk_health_hog_b_01,Мені воно треба було. Зрозуміло?
loc_broker_female_a__combat_pause_quirk_heights_b_01,Не бійся висоти. Бійся падіння.
loc_broker_female_a__combat_pause_quirk_homesick_b_01,Тепер твій дім — Тертіум.
loc_broker_female_a__combat_pause_quirk_hymnal_b_01,Зараз не до цього.
loc_broker_female_a__combat_pause_quirk_impatient_b_01,"Рознюнялися через покійних дружків, мабуть."
loc_broker_female_a__combat_pause_quirk_killing_stopped_b_01,"Не хвилюйся, вони ще тут..."
loc_broker_female_a__combat_pause_quirk_leader_b_01,Лише б не мені тягнутися слідом.
loc_broker_female_a__combat_pause_quirk_local_knowledge_b_01,То все верхошпилеві забавки. Спробуй пожити тут унизу.
loc_broker_female_a__combat_pause_quirk_lonely_b_01,"Не знаю, що відповісти."
loc_broker_female_a__combat_pause_quirk_merciless_b_01,З цим не посперечаєшся!
loc_broker_female_a__combat_pause_quirk_messelina_b_01,"Ага, без Месселіни не було б Тертіума."
loc_broker_female_a__combat_pause_quirk_nicer_b_01,Хочеш довіри? Зароби.
loc_broker_female_a__combat_pause_quirk_nostalgia_b_01,Місто бачило й гірше. Витримає.
loc_broker_female_a__combat_pause_quirk_ogryn_a_bigger_gun_b_01,"Колодо, тобі треба навчитись цілитись."
loc_broker_female_a__combat_pause_quirk_ogryn_a_elevator_b_01,Але ж ліфт прямо тут...
loc_broker_female_a__combat_pause_quirk_ogryn_d_authority_b_01,"Ти в порядку, знаєш про це?"
loc_broker_female_a__combat_pause_quirk_ogryn_d_boss_b_01,Найкраща клята ударна група!
loc_broker_female_a__combat_pause_quirk_ogryn_d_chatty_b_01,"Добре, добре. Ти тут головний."
loc_broker_female_a__combat_pause_quirk_ogryn_d_crowds_b_01,"Ага. Приємно відірватися, чи не так?"
loc_broker_female_a__combat_pause_quirk_ogryn_d_kill_quick_b_01,"А я, по-твоєму, що роблю?"
loc_broker_female_a__combat_pause_quirk_ogryn_d_long_way_b_01,"Як у старі часи, коли тікали від правоохоронців."
loc_broker_female_a__combat_pause_quirk_ogryn_d_rannick_b_01,"Він уб'є нас раніше, ніж Гниляки."
loc_broker_female_a__combat_pause_quirk_ogryn_d_rebuild_b_01,Конклав усе виправить. Ось побачиш.
loc_broker_female_a__combat_pause_quirk_pilgrimage_b_01,Ага. Так я й заробляю прихильність Конклаву.
loc_broker_female_a__combat_pause_quirk_pray_with_me_b_01,Не моє це.
loc_broker_female_a__combat_pause_quirk_prayer_b_01,Краще вже помовчимо.
loc_broker_female_a__combat_pause_quirk_puny_b_01,"У тебе м’язи, у мене — мізки."
loc_broker_female_a__combat_pause_quirk_rations_b_01,"Бачу, ти не місцева."
loc_broker_female_a__combat_pause_quirk_reads_thoughts_b_01,"Ще таке почуєш, перш ніж закінчимо."
loc_broker_female_a__combat_pause_quirk_respect_b_01,"Не мене, Колодо. Не мене."
loc_broker_female_a__combat_pause_quirk_restore_b_01,Розраховуй на це.
loc_broker_female_a__combat_pause_quirk_shore_leave_b_01,Якщо й погуляємо — знаю місце...
loc_broker_female_a__combat_pause_quirk_sing_b_01,"Ні, дякую. Чула, як ти співаєш."
loc_broker_female_a__combat_pause_quirk_sleepy_b_01,"Ще трохи, Колодо. Чесно."
loc_broker_female_a__combat_pause_quirk_sniper_b_01,"Псує всю забаву, га?"
loc_broker_female_a__combat_pause_quirk_speed_b_01,Прямо за тобою!
loc_broker_female_a__combat_pause_quirk_stealth_b_01,Готова спробувати.
loc_broker_female_a__combat_pause_quirk_stench_b_01,Тут усі тхнуть. І ти теж.
loc_broker_female_a__combat_pause_quirk_tank_b_01,Лише зробишся більшою мішенню.
loc_broker_female_a__combat_pause_quirk_tertium_splendour_b_01,"Краще місця, ніж під Шпилями, нема!"
loc_broker_female_a__combat_pause_quirk_togetherness_b_01,"Стараюсь, але ти не допомагаєш."
loc_broker_female_a__combat_pause_quirk_traitor_b_01,"Ага, не в’їхала."
loc_broker_female_a__combat_pause_quirk_trial_b_01,Справедливих судів не буває.
loc_broker_female_a__combat_pause_quirk_trinket_b_01,Якщо я отримую свою частку — без питань.
loc_broker_female_a__combat_pause_quirk_trust_b_01,"Команді треба довіряти, інакше — все дарма."
loc_broker_female_a__combat_pause_quirk_turncoat_b_01,З тобою — суцільне задоволення.
loc_broker_female_a__combat_pause_quirk_veteran_a_professional_b_01,СПРАВЖНІ солдати воюють. А не оце все.
loc_broker_female_a__combat_pause_quirk_victory_b_01,"Так, хай йому грець!"
loc_broker_female_a__combat_pause_quirk_weapons_b_01,Оце? Це сліди турботливого користування.
loc_broker_female_a__combat_pause_quirk_your_sins_b_01,Ха! Скільки в тебе часу?
loc_broker_female_a__combat_pause_quirk_zealot_a_emperor_b_01,"Сподіваюсь, Він не єдиний зараза такий."
loc_broker_female_a__combat_pause_quirk_zealot_a_wounded_b_01,Жахливий звук. Досить!
loc_broker_female_a__come_back_to_squad_01,Тягни свою тушу назад!
loc_broker_female_a__come_back_to_squad_02,Що не так? Ми тобі  ужене рівня?
loc_broker_female_a__come_back_to_squad_03,"Блукай, як хочеш. Тобі ж гірше."
loc_broker_female_a__come_back_to_squad_04,"Куди зібрався, дурнику?"
loc_broker_female_a__come_back_to_squad_05,Що ти там робиш?
loc_broker_female_a__conversation_beast_of_nurgle_weakpoint_a_01,Ото тобі сидяча робота. Та ще й міцна тварюка!
loc_broker_female_a__conversation_beast_of_nurgle_weakpoint_a_02,"Міцна тварюка, питань нема!"
loc_broker_female_a__conversation_beast_of_nurgle_weakpoint_b_01,Бий у спину — там слабше!
loc_broker_female_a__conversation_beast_of_nurgle_weakpoint_b_02,"Так, у нього слабка срака! Туди і б'ємо!"
loc_broker_female_a__conversation_beast_of_nurgle_weakpoint_c_01,Не зупиняємось! Чим швидше вб’ємо — тим швидше закінчимо!
loc_broker_female_a__conversation_beast_of_nurgle_weakpoint_c_02,"Тримаємось разом, колеги! Тоді і виграємо!"
loc_broker_female_a__conversation_combat_beast_of_nurgle_swallow_a_01,Воно... проковтнуло?
loc_broker_female_a__conversation_combat_beast_of_nurgle_swallow_a_02,Звірюка знайшла собі легкий перекус!
loc_broker_female_a__conversation_combat_beast_of_nurgle_swallow_b_01,"Краще вони, ніж я!"
loc_broker_female_a__conversation_combat_beast_of_nurgle_swallow_b_02,Аби тільки не мене!
loc_broker_female_a__conversation_combat_beast_of_nurgle_swallow_c_01,Швидше вб’ємо — швидше витягнемо!
loc_broker_female_a__conversation_combat_beast_of_nurgle_swallow_c_02,"Мерзотник, чи не так?"
loc_broker_female_a__conversation_combat_chaos_spawn_a_01,Наближається злюка!
loc_broker_female_a__conversation_combat_chaos_spawn_a_02,З оцим жартики не пройдуть.
loc_broker_female_a__conversation_combat_chaos_spawn_b_01,Лізьте в бій! Нас усіх не покладе!
loc_broker_female_a__conversation_combat_chaos_spawn_b_02,"Кров тече, значить, і здохнути може!"
loc_broker_female_a__conversation_combat_chaos_spawn_c_01,Ага! Менше ниття. Більше різанини!
loc_broker_female_a__conversation_combat_chaos_spawn_c_02,"Та не хвилюйся, ми переживемо все це!"
loc_broker_female_a__conversation_combat_chaos_spawn_chew_a_01,"[Біль, борсається] З-ні-міть... це... з мене!"
loc_broker_female_a__conversation_combat_chaos_spawn_chew_a_02,"[З болем, борючись] Я не чиясь пожива!"
loc_broker_female_a__conversation_combat_chaos_spawn_chew_b_01,Гепніть того М’ясного мішка! Швидко!
loc_broker_female_a__conversation_combat_chaos_spawn_chew_b_02,Тримайся! Ми влаштуємо йому біль у животі!
loc_broker_female_a__conversation_combat_chaos_spawn_chew_c_01,"Ей, виродку! Відпусти їх!"
loc_broker_female_a__conversation_combat_chaos_spawn_chew_c_02,Вогонь! Влаштуйте йому повний салют від Конклаву!
loc_broker_female_a__conversation_plague_ogryn_weakpoint_01_01,Паскуда ніяк не здихає!
loc_broker_female_a__conversation_plague_ogryn_weakpoint_01_02,"Ей, потвора! Чого просто не здохнеш?"
loc_broker_female_a__conversation_plague_ogryn_weakpoint_02_01,Бий по пиці! Працює безвідмовно!
loc_broker_female_a__conversation_plague_ogryn_weakpoint_02_02,Дай йому по черепу! Це допоможе!
loc_broker_female_a__conversation_plague_ogryn_weakpoint_03_01,"Мені подобається твоя думка, друже!"
loc_broker_female_a__conversation_plague_ogryn_weakpoint_03_02,Оце воно! В пику його!
loc_broker_female_a__cover_me_01,Ей! Друзі! Прикрийте!
loc_broker_female_a__cover_me_02,"Ей, народ! Прикриття треба!"
loc_broker_female_a__cover_me_03,Потрібен прикривальний вогонь!
loc_broker_female_a__cover_me_04,Де моє прикриття?!
loc_broker_female_a__cover_me_05,"Ви мене прикриватимете, чи як?"
loc_broker_female_a__critical_health_01,[З болем] Вмазали як слід...
loc_broker_female_a__critical_health_02,[З болем] Брудні гниляки...
loc_broker_female_a__critical_health_03,[З болем] Забагато крові...
loc_broker_female_a__critical_health_04,[З болем. Про себе] Стисни зуби. Протягни...
loc_broker_female_a__critical_health_05,"[З болем] День не задався, друзі..."
loc_broker_female_a__disabled_by_chaos_hound_01,Прибийте цього клятого Гончака!
loc_broker_female_a__disabled_by_chaos_hound_02,Заберіть цю Гончу з мене!
loc_broker_female_a__disabled_by_chaos_hound_03,Смердить ця тварюка!
loc_broker_female_a__disabled_by_chaos_hound_04,Геть... з мене... Паскуда!
loc_broker_female_a__disabled_by_chaos_hound_05,Хтось хай задушить цього Гончака!
loc_broker_female_a__disabled_by_enemy_01,Тут потрібна допомога!
loc_broker_female_a__disabled_by_enemy_02,Сама не виберуся!
loc_broker_female_a__disabled_by_enemy_03,Мені потрібна клята допомога!
loc_broker_female_a__disabled_by_enemy_04,Допоможіть мені!
loc_broker_female_a__disabled_by_enemy_05,Підніміть мене! В мене ще роботи — вбивати!
loc_broker_female_a__enemy_kill_berserker_01,Берсерка прикінчила!
loc_broker_female_a__enemy_kill_berserker_02,"На добраніч, Берсерк!"
loc_broker_female_a__enemy_kill_berserker_03,Берсерку хана!
loc_broker_female_a__enemy_kill_berserker_04,"Ага, не так уже й важко!"
loc_broker_female_a__enemy_kill_berserker_05,"Потихше!... О, ти вже."
loc_broker_female_a__enemy_kill_chaos_hound_01,Гонча все!
loc_broker_female_a__enemy_kill_chaos_hound_02,Чумній Гончій капут!
loc_broker_female_a__enemy_kill_chaos_hound_03,Прибила шавку!
loc_broker_female_a__enemy_kill_chaos_hound_04,Одну Гончу прибили!
loc_broker_female_a__enemy_kill_chaos_hound_05,Цю Гончу гробанули!
loc_broker_female_a__enemy_kill_daemonhost_01,[Глибоке зітхання полегшення] От Демононосія і загасили...
loc_broker_female_a__enemy_kill_daemonhost_02,[Глибоке зітхання полегшення] Ми це бісове творіння й справді грохнули?
loc_broker_female_a__enemy_kill_daemonhost_03,[Глибоке зітхання полегшення] Буде що розповісти...
loc_broker_female_a__enemy_kill_grenadier_01,Бомбера прикінчено!
loc_broker_female_a__enemy_kill_grenadier_02,Бомб більше не буде!
loc_broker_female_a__enemy_kill_grenadier_03,"На добраніч, Бомбер!"
loc_broker_female_a__enemy_kill_grenadier_04,Бомбер мертвий. Чудово!
loc_broker_female_a__enemy_kill_grenadier_05,Бомбера хана!
loc_broker_female_a__enemy_kill_houndmaster_a_01,Ватажка Зграї прибрали!
loc_broker_female_a__enemy_kill_houndmaster_a_02,Ми прибрали Ватажка Зграї!
loc_broker_female_a__enemy_kill_houndmaster_a_03,"Ага, Ватажку Зграї кінець!"
loc_broker_female_a__enemy_kill_houndmaster_a_04,Ватажку Зграї капут. Ха!
loc_broker_female_a__enemy_kill_houndmaster_a_05,Босу Собак кінець!
loc_broker_female_a__enemy_kill_monster_01,Ага! Здорованя прикінчили!
loc_broker_female_a__enemy_kill_monster_02,Воно здохло. Я — ні. Чудово.
loc_broker_female_a__enemy_kill_monster_03,Великому чорту нарешті капут!
loc_broker_female_a__enemy_kill_monster_04,От це командна робота.
loc_broker_female_a__enemy_kill_monster_05,"Воно здохло? Значить, нам таланить."
loc_broker_female_a__enemy_kill_mutant_charger_01,Мутня прибили!
loc_broker_female_a__enemy_kill_mutant_charger_02,Мутень мертвий!
loc_broker_female_a__enemy_kill_mutant_charger_03,Хороший мутень — мертвий мутень. Одне й те саме.
loc_broker_female_a__enemy_kill_mutant_charger_04,"Мертвий мутень ще гидкіший, ніж живий!"
loc_broker_female_a__enemy_kill_mutant_charger_05,"На добраніч, мутяко!"
loc_broker_female_a__enemy_kill_netgunner_01,Ловця прикінчено!
loc_broker_female_a__enemy_kill_netgunner_02,Ловцю хана!
loc_broker_female_a__enemy_kill_netgunner_03,Ловець не втік!
loc_broker_female_a__enemy_kill_netgunner_04,"Побіганки скінчилися, Ловцю!"
loc_broker_female_a__enemy_kill_netgunner_05,Ловця взяли? Гарно.
loc_broker_female_a__enemy_kill_poxwalker_bomber_01,Вибухача рознесло в шмаття!
loc_broker_female_a__enemy_kill_poxwalker_bomber_02,Огидне. І мертве.
loc_broker_female_a__enemy_kill_poxwalker_bomber_03,Вибухача прикінчили!
loc_broker_female_a__enemy_kill_poxwalker_bomber_04,Шматки усюди!
loc_broker_female_a__enemy_kill_poxwalker_bomber_05,Чумовибухач трохи промахнувся!
loc_broker_female_a__enemy_kill_scab_flamer_a_01,"На добраніч, Палію!"
loc_broker_female_a__enemy_kill_scab_flamer_a_02,Гнилому палію хана!
loc_broker_female_a__enemy_kill_scab_flamer_a_03,Скаб-Палій звалений!
loc_broker_female_a__enemy_kill_scab_flamer_a_04,"Вже не такий гарячий, га, гниляче?"
loc_broker_female_a__enemy_kill_scab_flamer_a_05,Більше без вогнів! Скаб-Палій повалений!
loc_broker_female_a__enemy_kill_sniper_01,Снайпер мертвий!
loc_broker_female_a__enemy_kill_sniper_02,Нема більше снайпера!
loc_broker_female_a__enemy_kill_sniper_03,Дістала снайпера!
loc_broker_female_a__enemy_kill_sniper_04,Снайпер здох!
loc_broker_female_a__enemy_kill_sniper_05,Шкода гарної пушки!
loc_broker_female_a__enemy_near_death_monster_01,Слабшає!
loc_broker_female_a__enemy_near_death_monster_02,Цьому виродку недовго лишилось!
loc_broker_female_a__enemy_near_death_monster_03,"Шкода, вже майже кінець."
loc_broker_female_a__enemy_near_death_monster_04,"Чим більший гниляк, тим більша каша, коли здихає!"
loc_broker_female_a__enemy_near_death_monster_05,"Давай! Це все, на що здатний?"
loc_broker_female_a__event_demolition_first_corruptor_destroyed_a_01,"Бачили, як луснуло? Не сподобалось, ага?"
loc_broker_female_a__event_demolition_first_corruptor_destroyed_a_02,"Мерзота! Добре, що здохла!"
loc_broker_female_a__event_demolition_first_corruptor_destroyed_a_03,Гарно й ґрунтовно бабахнуло!
loc_broker_female_a__event_fortification_beacon_deployed_01,Маяк працює. Тримаймо позиції!
loc_broker_female_a__event_fortification_beacon_deployed_02,"Маяк горить. Сподіваймось, нас бачать!"
loc_broker_female_a__event_fortification_skyfire_disabled_01,ППО виведено!
loc_broker_female_a__event_fortification_skyfire_disabled_02,Небо чисте. Не дякуйте!
loc_broker_female_a__event_kill_target_damaged_01,Йому боляче!... Мабуть.
loc_broker_female_a__event_kill_target_damaged_02,"Здається, смикнулось!"
loc_broker_female_a__event_kill_target_destroyed_a_01,"Не такий уже й крутий, га?"
loc_broker_female_a__event_kill_target_destroyed_a_02,"Понтувався добре, а толку — нуль."
loc_broker_female_a__event_kill_target_heavy_damage_a_01,"Ага, тепер їм боляче!"
loc_broker_female_a__event_kill_target_heavy_damage_a_02,Ще трішки!
loc_broker_female_a__event_scan_first_target_scanned_01,Скан готовий. Далі що?
loc_broker_female_a__event_scan_first_target_scanned_02,Чудово! Перший скан готовий!
loc_broker_female_a__event_survive_almost_done_01,"Давайте, гниляки! На всіх вистачить!"
loc_broker_female_a__event_survive_almost_done_02,Їм кінця-краю нема... і МЕНІ ЦЕ ПОДОБАЄТЬСЯ!
loc_broker_female_a__event_survive_keep_coming_a_01,І це називають роботою! Я б і за дарма це робила!
loc_broker_female_a__event_survive_keep_coming_a_02,"Бийтесь по-справжньому, друзі!"
loc_broker_female_a__found_ammo_adamant_low_on_ammo_01,"Тут є набої, Щур-поборникику!"
loc_broker_female_a__found_ammo_adamant_low_on_ammo_02,"Хочеш ці набої, Щур-поборникику?"
loc_broker_female_a__found_ammo_adamant_low_on_ammo_03,"Набої тут, Щур-поборнике!"
loc_broker_female_a__found_ammo_adamant_low_on_ammo_04,Арбітре? Тут є набої!
loc_broker_female_a__found_ammo_broker_low_on_ammo_01,"Бери ці набої, Корешу!"
loc_broker_female_a__found_ammo_broker_low_on_ammo_02,"Набої тут, Корешу!"
loc_broker_female_a__found_ammo_broker_low_on_ammo_03,"Маю набої для тебе, Корешу!"
loc_broker_female_a__found_ammo_broker_low_on_ammo_04,Гей! Корешу! Набої!
loc_broker_female_a__found_ammo_ogryn_low_on_ammo_01,"Є набої тут, Колодо!"
loc_broker_female_a__found_ammo_ogryn_low_on_ammo_02,"Тут набої, Оґрине!"
loc_broker_female_a__found_ammo_ogryn_low_on_ammo_03,Ей! Оґрине! Хочеш набоїв?
loc_broker_female_a__found_ammo_ogryn_low_on_ammo_04,Оґрине? Тут чудові набої!
loc_broker_female_a__found_ammo_psyker_low_on_ammo_01,Ей! Дьорґаний! Набої!
loc_broker_female_a__found_ammo_psyker_low_on_ammo_02,"Набої тут, Дьорґаний!"
loc_broker_female_a__found_ammo_psyker_low_on_ammo_03,"Тримай, Псайкере. Чудові набої!"
loc_broker_female_a__found_ammo_psyker_low_on_ammo_04,"Ці набої тобі згодяться, Псайкере!"
loc_broker_female_a__found_ammo_veteran_low_on_ammo_01,"Тут набої, Рубака!"
loc_broker_female_a__found_ammo_veteran_low_on_ammo_02,Рубака? Ці набої прямо твої!
loc_broker_female_a__found_ammo_veteran_low_on_ammo_03,"Бери ці набої, Рубака!"
loc_broker_female_a__found_ammo_veteran_low_on_ammo_04,"Тобі знадобляться ці набої, Рубака!"
loc_broker_female_a__found_ammo_zealot_low_on_ammo_01,Язикатий! Тобі ці набої знадобляться!
loc_broker_female_a__found_ammo_zealot_low_on_ammo_02,"Є для тебе набої, Язикатий!"
loc_broker_female_a__found_ammo_zealot_low_on_ammo_03,"Це набої, Язикатий. Твої, якщо треба."
loc_broker_female_a__found_ammo_zealot_low_on_ammo_04,"Бери набої, Язикатий!"
loc_broker_female_a__found_health_booster_adamant_low_on_health_01,"Тобі потрібні ліки, Арбітре!"
loc_broker_female_a__found_health_booster_adamant_low_on_health_02,"Не вмикай дурника, пацюче. Бери ліки!"
loc_broker_female_a__found_health_booster_adamant_low_on_health_03,"Краще підлікуйся, Арбітре!"
loc_broker_female_a__found_health_booster_adamant_low_on_health_04,"Ліки! Думаю, вони найбільше потрібні тобі, Щур-поборникику!"
loc_broker_female_a__found_health_booster_broker_low_on_health_01,"Краще підлікуйся, Корешу!"
loc_broker_female_a__found_health_booster_broker_low_on_health_02,"Медикаменти тут, Кореш! Схоже, вони тобі знадобляться!"
loc_broker_female_a__found_health_booster_broker_low_on_health_03,"Ліки потрібні, Корешу?"
loc_broker_female_a__found_health_booster_broker_low_on_health_04,"Гей! Ліки тут, Корешу!"
loc_broker_female_a__found_health_booster_low_on_health_01,[Зітхання полегшення] От так краще...
loc_broker_female_a__found_health_booster_low_on_health_02,[Зітхнула з полегшенням] Благословенна Месселіна... оце діло...
loc_broker_female_a__found_health_booster_low_on_health_03,"[Зітхнула з полегшенням] Відчуваю, як пробиває — аж до нутра..."
loc_broker_female_a__found_health_booster_low_on_health_04,[Зітхнула з полегшенням] Готова гатити всіх підряд — це про мене.
loc_broker_female_a__found_health_booster_ogryn_low_on_health_01,"Підлікуйся краще, Колодо!"
loc_broker_female_a__found_health_booster_ogryn_low_on_health_02,"Навіть Оґрину інколи треба лікуватися, га?"
loc_broker_female_a__found_health_booster_ogryn_low_on_health_03,"Давай, користуйся ліками, Колодо. Заслужив."
loc_broker_female_a__found_health_booster_ogryn_low_on_health_04,"Тут медстанція, Колодо. Схоже, саме тобі треба."
loc_broker_female_a__found_health_booster_psyker_low_on_health_01,"Лікуйся, Дьорґаний!"
loc_broker_female_a__found_health_booster_psyker_low_on_health_02,"Псайкере? Збери себе докупи, еге ж?"
loc_broker_female_a__found_health_booster_psyker_low_on_health_03,"Ліки! Бачив, Дьорґаний?"
loc_broker_female_a__found_health_booster_psyker_low_on_health_04,"Краще лікуйся, Псайкере. Мертвий — ти нам не потрібен."
loc_broker_female_a__found_health_booster_veteran_low_on_health_01,"Виглядаєш так собі, Рубака. Лікуйся!"
loc_broker_female_a__found_health_booster_veteran_low_on_health_02,"Час підлікуватися, Рубака!"
loc_broker_female_a__found_health_booster_veteran_low_on_health_03,"Не корчи з себе Брюса Вілліса, Рубако. Лікуйся!"
loc_broker_female_a__found_health_booster_veteran_low_on_health_04,"Годі зображати Урсарка Кріда, Ветеране. Підлатайся!"
loc_broker_female_a__found_health_booster_zealot_low_on_health_01,"Краще підлікуйся, Язикатий!"
loc_broker_female_a__found_health_booster_zealot_low_on_health_02,"Лікуйся, доки можеш, Бузувіре!"
loc_broker_female_a__found_health_booster_zealot_low_on_health_03,Бузувіре? Я б на твоєму місці підлікувалась.
loc_broker_female_a__found_health_booster_zealot_low_on_health_04,"Віра кістки не зрощує, Язикатий. А оце — так."
loc_broker_female_a__friendly_fire_from_adamant_to_broker_01,"Показуєш справжнє лице, Щур-поборнике?"
loc_broker_female_a__friendly_fire_from_adamant_to_broker_02,"Стріляєш мені в спину, Щур-поборнике? Не дивно!"
loc_broker_female_a__friendly_fire_from_adamant_to_broker_03,"Стріляй у гнильців, Арбітре, не в мене!"
loc_broker_female_a__friendly_fire_from_adamant_to_broker_04,"Я схожа на гнильця, Щур-поборнике?"
loc_broker_female_a__friendly_fire_from_adamant_to_broker_05,"Припини в мене стріляти, Арбітре!"
loc_broker_female_a__friendly_fire_from_broker_to_broker_01,"Гей, Корешу! Не час зводити рахунки!"
loc_broker_female_a__friendly_fire_from_broker_to_broker_02,"Не стріляй по мені, Корешу! Стріляй по гнильцях!"
loc_broker_female_a__friendly_fire_from_broker_to_broker_03,"Припини в мене стріляти, Корешу!"
loc_broker_female_a__friendly_fire_from_broker_to_broker_04,"Є причина стріляти в мене, Корешу?"
loc_broker_female_a__friendly_fire_from_broker_to_broker_05,"Ще раз по мені стрельни, Корешу — і це кепсько скінчиться!"
loc_broker_female_a__friendly_fire_from_ogryn_to_broker_01,"Годі, Колодо!"
loc_broker_female_a__friendly_fire_from_ogryn_to_broker_02,"Що, доводиш щось, Колодо?"
loc_broker_female_a__friendly_fire_from_ogryn_to_broker_03,"Гей! Чого ТИ в мене стріляєш, Оґрине?"
loc_broker_female_a__friendly_fire_from_ogryn_to_broker_04,Який дурень дав тому Оґринові зброю?
loc_broker_female_a__friendly_fire_from_ogryn_to_broker_05,Я люблю Оґринів — правда — але ти мені вже на нерви дієш!
loc_broker_female_a__friendly_fire_from_psyker_to_broker_01,"Годі, Дьорґаний!"
loc_broker_female_a__friendly_fire_from_psyker_to_broker_02,"Ти ж у мене стріляєш, Комісарів ти капелюх!"
loc_broker_female_a__friendly_fire_from_psyker_to_broker_03,"Мені набридло, що ти в мене палиш, Псайкере!"
loc_broker_female_a__friendly_fire_from_psyker_to_broker_04,Псайкере! Припини по мені стріляти! Прямо паскуда зараз!
loc_broker_female_a__friendly_fire_from_psyker_to_broker_05,"Ще раз мене зачепиш, Дьорґаний..."
loc_broker_female_a__friendly_fire_from_veteran_to_broker_01,Гей! Рубако! Знайди когось іншого!
loc_broker_female_a__friendly_fire_from_veteran_to_broker_02,"Рубака? Це ж у мене ти стріляєш, дуболоме!"
loc_broker_female_a__friendly_fire_from_veteran_to_broker_03,"А, от воно як, так, Рубака?"
loc_broker_female_a__friendly_fire_from_veteran_to_broker_04,"Годі, Ветеране!"
loc_broker_female_a__friendly_fire_from_veteran_to_broker_05,"Ще раз вистрілиш — і я тебе продірявлю, Ветеране!"
loc_broker_female_a__friendly_fire_from_zealot_to_broker_01,Язикатий? Припини це негайно!
loc_broker_female_a__friendly_fire_from_zealot_to_broker_02,"Ти п’яний чи просто гівнюк, Язикатий?"
loc_broker_female_a__friendly_fire_from_zealot_to_broker_03,Ей! Бузувіре! У мене й так гниляки луплять!
loc_broker_female_a__friendly_fire_from_zealot_to_broker_04,"Годі, Бузувіре! Я на твоєму боці. Поки що."
loc_broker_female_a__friendly_fire_from_zealot_to_broker_05,"Досить, Язикатий! Мені не подобається ловити кулі!"
loc_broker_female_a__guidance_correct_path_01,Сюди!
loc_broker_female_a__guidance_correct_path_02,Сюди!
loc_broker_female_a__guidance_correct_path_03,Йдемо сюди!
loc_broker_female_a__guidance_correct_path_04,"Схоже, це правильний шлях!"
loc_broker_female_a__guidance_correct_path_05,"Сюди, чуваки!"
loc_broker_female_a__guidance_correct_path_drop_01,"Квиток в один бік, осьо тут!"
loc_broker_female_a__guidance_correct_path_drop_02,Після цього шляху назад не буде!
loc_broker_female_a__guidance_correct_path_drop_03,Йдемо ... далі вороття не буде...
loc_broker_female_a__guidance_correct_path_drop_04,"Наступний стрибок — тільки вниз, без повернення."
loc_broker_female_a__guidance_correct_path_drop_05,"Далі стрибок в один кінець, чуваки!"
loc_broker_female_a__guidance_correct_path_up_01,Вгору!
loc_broker_female_a__guidance_correct_path_up_02,Піднімаємось!
loc_broker_female_a__guidance_correct_path_up_03,Вперед і вгору!
loc_broker_female_a__guidance_correct_path_up_04,"Вгору, чуваки!"
loc_broker_female_a__guidance_correct_path_up_05,Краще дертись угору!
loc_broker_female_a__guidance_starting_area_01,"Діло закрутилось. Зробимо так, щоб мами пишались, га?"
loc_broker_female_a__guidance_starting_area_02,Поїхали. В когось є гарні передчуття?
loc_broker_female_a__guidance_starting_area_03,Ще один чудовий денечок під Шпилями.
loc_broker_female_a__guidance_starting_area_04,"Всевидюще ""Я"" кличе, а ми робимо вигляд, що слухаємось, так?"
loc_broker_female_a__guidance_starting_area_05,"Час зробити те, чого ""гарні хлопчики"" не вміють."
loc_broker_female_a__hacking_auspex_mutter_a_01,Бісова штука!
loc_broker_female_a__hacking_auspex_mutter_a_02,"Ти вже почнеш працювати, чи як?"
loc_broker_female_a__head_shot_01,Прямо в пику!
loc_broker_female_a__head_shot_02,Оце вже ти хизуєшся!
loc_broker_female_a__head_shot_03,"Це вже не відсмієш, га?"
loc_broker_female_a__head_shot_04,Від цього залишиться шрам!
loc_broker_female_a__head_shot_05,Оух... Паскудно!
loc_broker_female_a__heal_start_01,[Напружено] Зачекайте... я підліковуюсь...
loc_broker_female_a__heal_start_02,[Напружено] Оце має мене ще трохи протримати...
loc_broker_female_a__heal_start_03,"[Напружено] Краще. Не ідеально, але краще..."
loc_broker_female_a__heal_start_04,[Напружено] Гарно... ага...
loc_broker_female_a__heal_start_05,"[Напружено] Прикрийте, я латаюся."
loc_broker_female_a__heard_enemy_chaos_hound_01,Схоже на Чумну Гончу!
loc_broker_female_a__heard_enemy_chaos_hound_02,Тут нишпорить Гонча!
loc_broker_female_a__heard_enemy_chaos_hound_03,Маємо Чумну Гончу!
loc_broker_female_a__heard_enemy_chaos_hound_04,Чуєте? Чумна Гонча!
loc_broker_female_a__heard_enemy_chaos_hound_05,Зброю до бою! Не хочете стати собачим кормом!
loc_broker_female_a__heard_enemy_chaos_spawn_01,Та щоб мене! М’ясний мішок!
loc_broker_female_a__heard_enemy_chaos_spawn_02,М’ясний мішок! Зараз буде м’ясорубка!
loc_broker_female_a__heard_enemy_chaos_spawn_03,"Увага, друзі! М’ясний мішок!"
loc_broker_female_a__heard_enemy_daemonhost_01,Поруч Демононосій!
loc_broker_female_a__heard_enemy_daemonhost_02,Демононосій. Розбуркаєте — самі і розбирайтесь.
loc_broker_female_a__heard_enemy_daemonhost_03,Свята Месселіно... Щось тут не те...
loc_broker_female_a__heard_enemy_monster_generic_01,"Що за трясця? Воно здоровенне, це точно!"
loc_broker_female_a__heard_enemy_monster_generic_02,Щось велике й гидке!
loc_broker_female_a__heard_enemy_monster_generic_03,"По звуку якась мерзота, що б це не було!"
loc_broker_female_a__heard_enemy_plague_ogryn_01,Чумний Оґрин! Оце влипли!
loc_broker_female_a__heard_enemy_plague_ogryn_02,Чумний Оґрин? Саме цього тут бракувало!
loc_broker_female_a__heard_enemy_plague_ogryn_03,"Ей, кабанюро! Хочеш скуштувати свинцю?"
loc_broker_female_a__heard_horde_ambush_01,Засідка!
loc_broker_female_a__heard_horde_ambush_02,Засідка!... Який вдалий день.
loc_broker_female_a__heard_horde_ambush_03,Підлий напад!
loc_broker_female_a__heard_horde_ambush_04,ПО-ЇХА-ЛИ!
loc_broker_female_a__heard_horde_ambush_05,Ми вляпались у засідку!
loc_broker_female_a__heard_horde_vector_01,Йдуть гниляки!
loc_broker_female_a__heard_horde_vector_02,Гниляки вилізли погратись!
loc_broker_female_a__heard_horde_vector_03,Хтось замовляв засідку?
loc_broker_female_a__heard_horde_vector_04,"О, дивись! Друзі знайшлись!"
loc_broker_female_a__heard_horde_vector_05,Вони не в захваті від нас!
loc_broker_female_a__info_door_open_01,Двері навстіж!
loc_broker_female_a__info_door_open_02,Двері відчинені! Красота!
loc_broker_female_a__info_event_almost_done_01,Майже вийшло!
loc_broker_female_a__info_event_almost_done_02,Ще трохи!
loc_broker_female_a__info_event_almost_done_03,Чудово! Майже закінчили!
loc_broker_female_a__info_event_almost_done_04,Ще недовго!
loc_broker_female_a__info_event_almost_done_05,Майже... Майже...
loc_broker_female_a__info_event_det_pack_a_01,Підривний заряд на місці!
loc_broker_female_a__info_event_det_pack_a_02,Ставлю заряд!
loc_broker_female_a__info_event_det_pack_b_01,Люблю добрий великий вибух!
loc_broker_female_a__info_event_det_pack_b_02,Бережіть пальці. Ще згодяться.
loc_broker_female_a__info_event_one_down_01,Один готовий!
loc_broker_female_a__info_event_one_down_02,Перший крок зроблено! Чудово!
loc_broker_female_a__info_event_one_down_03,Є один!
loc_broker_female_a__info_event_one_down_04,"Один є, але це не кінець!"
loc_broker_female_a__info_event_one_down_05,"Початок покладено, чуваки!"
loc_broker_female_a__info_extraction_response_01,"Не дочекаюсь, коли звідси звалимо."
loc_broker_female_a__info_extraction_response_02,"Звалюймо звідси, га?"
loc_broker_female_a__knocked_down_1_01,Гниляки мене поклали!
loc_broker_female_a__knocked_down_1_02,Потрібна рука допомоги!
loc_broker_female_a__knocked_down_1_03,Шальна куля... Мене підбили!
loc_broker_female_a__knocked_down_1_04,"Мене підбили! Допоможіть, чуваки!"
loc_broker_female_a__knocked_down_1_05,"Хтось подасть руку, га?"
loc_broker_female_a__knocked_down_2_01,Ей! Я ще тут!
loc_broker_female_a__knocked_down_2_02,Допомагатимете чи як?
loc_broker_female_a__knocked_down_2_03,"Підніміть мене, шляк би його трафив!"
loc_broker_female_a__knocked_down_2_04,"Ей, виродки! ДОПОМОЖІТЬ!"
loc_broker_female_a__knocked_down_2_05,Кинете мене?
loc_broker_female_a__knocked_down_3_01,Ми на одному боці!
loc_broker_female_a__knocked_down_3_02,"Довго не протягну, чуваки!"
loc_broker_female_a__knocked_down_3_03,Здохну ж тут унизу...
loc_broker_female_a__knocked_down_3_04,Я тут унизу вже Крідом стаю...
loc_broker_female_a__knocked_down_3_05,"Де, к бісу, ваша командна робота?"
loc_broker_female_a__knocked_down_multiple_times_adamant_01,"У Щурика, схоже, виснажливий день!"
loc_broker_female_a__knocked_down_multiple_times_adamant_02,"Гарно спиться, Щурику?"
loc_broker_female_a__knocked_down_multiple_times_adamant_03,"Свята Месселіно, хіба Щурики не мали бути міцними?"
loc_broker_female_a__knocked_down_multiple_times_adamant_04,Арбітр впав. Цього разу просто залиште його.
loc_broker_female_a__knocked_down_multiple_times_broker_01,"Ти жалюгідний, Корешу."
loc_broker_female_a__knocked_down_multiple_times_broker_02,"Знову впав, Корешу? Прямо як Кадійська брама. "
loc_broker_female_a__knocked_down_multiple_times_broker_03,"Підводиш команду, Корешу!"
loc_broker_female_a__knocked_down_multiple_times_broker_04,"Зберись, Корешу!"
loc_broker_female_a__knocked_down_multiple_times_ogryn_01,"Щось у тебе день не задався, Колодо!"
loc_broker_female_a__knocked_down_multiple_times_ogryn_02,"У чому твоя проблема, Оґрине?"
loc_broker_female_a__knocked_down_multiple_times_ogryn_03,"Ти й справді постійно падаєш, Колодо."
loc_broker_female_a__knocked_down_multiple_times_ogryn_04,"Що, через власні ноги перечепився, Оґрине?"
loc_broker_female_a__knocked_down_multiple_times_psyker_01,"Схоже, Псайкер вирішив ще подрімати."
loc_broker_female_a__knocked_down_multiple_times_psyker_02,Псайкер знову впав. Яка... несподіванка.
loc_broker_female_a__knocked_down_multiple_times_psyker_03,Дьорґаний? Чого ти знову на землі?
loc_broker_female_a__knocked_down_multiple_times_psyker_04,Жодна сила на Атомі не втримає цього Псайкера на ногах!
loc_broker_female_a__knocked_down_multiple_times_veteran_01,"Чого ти ЗНОВУ на землі, Рубако?"
loc_broker_female_a__knocked_down_multiple_times_veteran_02,"Добре тобі спиться, Рубако?"
loc_broker_female_a__knocked_down_multiple_times_veteran_03,Ветеран знову впав. Типовий геройчик.
loc_broker_female_a__knocked_down_multiple_times_veteran_04,Гниляки ДУЖЕ вже люблять чіплятися до Ветерана!
loc_broker_female_a__knocked_down_multiple_times_zealot_01,"Не дуже ти з рівновагою дружиш, Язикатий?"
loc_broker_female_a__knocked_down_multiple_times_zealot_02,Язикатий знову від'їхав! Бовдур.
loc_broker_female_a__knocked_down_multiple_times_zealot_03,"Ще не бачила священника, що на ногах тримається."
loc_broker_female_a__knocked_down_multiple_times_zealot_04,"Це що, Бузувір ЗНОВУ впав?"
loc_broker_female_a__ladder_sighted_01,Драбина!
loc_broker_female_a__ladder_sighted_02,Драбина!
loc_broker_female_a__ladder_sighted_03,То драбина!
loc_broker_female_a__ladder_sighted_04,"Драбина, чуваки!"
loc_broker_female_a__ladder_sighted_05,Драбина! Прекрасно.
loc_broker_female_a__ledge_hanging_01,Ніхто мене не витягне?
loc_broker_female_a__ledge_hanging_02,"Без балачок. Просто підніміть, га?"
loc_broker_female_a__ledge_hanging_03,Я... зісковзую...
loc_broker_female_a__ledge_hanging_04,Навіть не думайте мене впустити!
loc_broker_female_a__ledge_hanging_05,Не лишайте мене тут висіти!
loc_broker_female_a__look_at_grenade_01,Граната!
loc_broker_female_a__look_at_grenade_02,Маємо гранату!
loc_broker_female_a__look_at_grenade_03,"Граната, чуваки!"
loc_broker_female_a__look_at_grenade_04,Хто там хапає ту гранату?
loc_broker_female_a__look_at_grenade_05,Хтось лишив гранату валятись...
loc_broker_female_a__look_at_healthstation_01,Медстанція!
loc_broker_female_a__look_at_healthstation_02,Прекрасно! Медстанція!
loc_broker_female_a__look_at_healthstation_03,Медстанція! Лікуємось!
loc_broker_female_a__look_at_healthstation_04,"Лікуймось, доки є шанс!"
loc_broker_female_a__look_at_healthstation_05,"Медстанція! Виходить, Месселіна нас любить."
loc_broker_female_a__luggable_mission_pick_up_01,[Напружено підіймає] Куди це тягти?
loc_broker_female_a__luggable_mission_pick_up_02,[Напруга підіймання] Ага. [Грюк] Діло нехитре... Куди несемо?
loc_broker_female_a__mission_raid_trapped_a_01,Чудово. Пастка.
loc_broker_female_a__mission_raid_trapped_a_02,Чудово. Ми вляпались у пастку!
loc_broker_female_a__mission_raid_trapped_b_01,І вокс не працює. Прекрасно.
loc_broker_female_a__mission_raid_trapped_b_02,Вокс мовчить. Нам кінець.
loc_broker_female_a__mission_rails_disable_skyfire_a_01,"Краще вимкнути ППО, га?"
loc_broker_female_a__mission_strain_crossroads_01,Тут легко заблудитись. Йди за нюхом.
loc_broker_female_a__monster_combo_attack_01,Клята тварюка збожеволіла!
loc_broker_female_a__monster_combo_attack_02,Геть від його кігтів!
loc_broker_female_a__monster_combo_attack_03,"Не стійте там, чуваки!"
loc_broker_female_a__monster_fight_start_reaction_01,Все одно вічно жити не хотіла!
loc_broker_female_a__monster_fight_start_reaction_02,Гаразд... Давай вже закінчимо це!
loc_broker_female_a__monster_fight_start_reaction_03,Та ти ще та потвора! Потанцюємо!
loc_broker_female_a__monster_fight_start_reaction_04,Бачила й гірше за це!
loc_broker_female_a__monster_fight_start_reaction_05,"От і шкодую, що вписалась у цю справу..."
loc_broker_female_a__need_rescue_01,"[Смикає пута] Ей, друзі! Допоможіть, га?"
loc_broker_female_a__need_rescue_02,"[Смикає пута] Звільнить хтось мене, чи як?"
loc_broker_female_a__need_rescue_03,"[Смикає пута] Давай же, пиріжечки. Не кидайте мене тут!"
loc_broker_female_a__need_rescue_04,[Смикає пута] Витягніть мене звідси!
loc_broker_female_a__need_rescue_05,"[Смикає пута] Давай, давай, давай... Звільніть!"
loc_broker_female_a__pinned_by_enemies_01,Ей! Мене затисли!
loc_broker_female_a__pinned_by_enemies_02,Трошки допомоги? Мене затисли!
loc_broker_female_a__pinned_by_enemies_03,"Підсобіть, чуваки! Мене притисли!"
loc_broker_female_a__pinned_by_enemies_04,Свята Месселіно! Мене притисли!
loc_broker_female_a__pinned_by_enemies_05,"Допоможіть! Мене, зараза, притисли!"
loc_broker_female_a__player_death_adamant_01,Вони підбили Арбітра!
loc_broker_female_a__player_death_adamant_02,Єдиний путній Щур-поборник — мертвий Щур-поборник!
loc_broker_female_a__player_death_adamant_03,За Щур-поборником ніхто не плаче.
loc_broker_female_a__player_death_adamant_04,Законоголовий здох? Заслужив.
loc_broker_female_a__player_death_broker_01,"Спочивай, Корешу. Ти бився гідно."
loc_broker_female_a__player_death_broker_02,Ще одні руки зі зброєю втрачено.
loc_broker_female_a__player_death_broker_03,Тримався добре. Більше й не попросиш.
loc_broker_female_a__player_death_broker_04,"Не бійся, виріжу твоє ім'я на стіні пам'яті."
loc_broker_female_a__player_death_ogryn_01,Колоді кінець. Бідолаха.
loc_broker_female_a__player_death_ogryn_02,"Відпочивай, Колодо. Ми закінчимо справу."
loc_broker_female_a__player_death_ogryn_03,"Дивно. Думала, Оґрин мене переживе."
loc_broker_female_a__player_death_ogryn_04,Що? Завалили Оґрина? ... Погано.
loc_broker_female_a__player_death_psyker_01,"Дьорґаний завмер. Схоже, надовго."
loc_broker_female_a__player_death_psyker_02,"Мінус Псайкер. І не знаю, радіти чи ні."
loc_broker_female_a__player_death_psyker_03,Псайкер мертвий! Колись усі помрем!
loc_broker_female_a__player_death_psyker_04,От і все для Дьорґаного. Принаймні не мене.
loc_broker_female_a__player_death_veteran_01,Ветерана завалили!
loc_broker_female_a__player_death_veteran_02,"Шкода Ветерана. Мабуть, ми наступні."
loc_broker_female_a__player_death_veteran_03,"У ветерана були яйця. Дивись, оно вони!"
loc_broker_female_a__player_death_veteran_04,Рубака приліг. Тепер бракуватиме рук.
loc_broker_female_a__player_death_zealot_01,Язикатий здох. Насолоджуємось тишею.
loc_broker_female_a__player_death_zealot_02,Язикатому кінець.
loc_broker_female_a__player_death_zealot_03,Ох. Бузувіру капут.
loc_broker_female_a__player_death_zealot_04,Язикатого з уже не піднімеш.
loc_broker_female_a__player_tip_armor_hit_generic_01,Дурбелик! Це ж броня!
loc_broker_female_a__player_tip_armor_hit_generic_02,Навіщо ти по броні лупиш?
loc_broker_female_a__player_tip_armor_hit_generic_03,Даремно витрачаєшся на ту броню!
loc_broker_female_a__player_tip_armor_hit_generic_04,Ти лише б'єш у броню!
loc_broker_female_a__player_tip_armor_hit_generic_05,Та броня надто товста. Спробуй шось інше!
loc_broker_female_a__quick_agnostic_enemy_kill_a_01,Дістала!
loc_broker_female_a__quick_agnostic_enemy_kill_a_02,Мертвий!
loc_broker_female_a__quick_agnostic_enemy_kill_a_03,Гниляк мінус!
loc_broker_female_a__quick_agnostic_enemy_kill_a_04,Мертвий гниляк!
loc_broker_female_a__quick_agnostic_enemy_kill_a_05,Не вставай!
loc_broker_female_a__quick_agnostic_enemy_kill_a_06,Ха! Нема!
loc_broker_female_a__quick_agnostic_enemy_kill_a_07,Раз і мертвий!
loc_broker_female_a__quick_agnostic_enemy_kill_a_08,Гниляка завалила!
loc_broker_female_a__reload_failed_out_of_ammo_01,Тьфу! Набої скінчились!
loc_broker_female_a__reload_failed_out_of_ammo_02,Без набоїв! Потрібні ще!
loc_broker_female_a__reload_failed_out_of_ammo_03,Кляті набої скінчились!
loc_broker_female_a__reload_failed_out_of_ammo_04,Свята Месселіно! Набої скінчились!
loc_broker_female_a__reload_failed_out_of_ammo_05,Паскуда! Ні кулі за душею!
loc_broker_female_a__reloading_01,Перезарядка!
loc_broker_female_a__reloading_02,Перезарядка!
loc_broker_female_a__reloading_03,"Прикрийте, я перезаряджаюсь!"
loc_broker_female_a__reloading_04,Увага! Перезаряжаюся!
loc_broker_female_a__reloading_05,Потрібно перезарядитись!
loc_broker_female_a__reloading_empty_01,Порожня зброя! Перезарядка!
loc_broker_female_a__reloading_empty_02,Ця клята зброя пуста! Перезарядка!
loc_broker_female_a__reloading_empty_03,"""Клац?"" [Ворчання] Час перезарядки."
loc_broker_female_a__reloading_empty_04,Набої в нуль. Перезарядка!
loc_broker_female_a__reloading_empty_05,"Пора вкласти ще патронів, га?"
loc_broker_female_a__respons_for_zealot_critical_health_01,Протримаєшся... Або ні.
loc_broker_female_a__respons_for_zealot_critical_health_02,"Подряпався, так?"
loc_broker_female_a__respons_for_zealot_critical_health_03,"Де твоя відвага, Язикатий?"
loc_broker_female_a__response_for_adamant_cover_me_01,"Повтори, Щур-поборнике, тебе погано чути! Чесно."
loc_broker_female_a__response_for_adamant_cover_me_02,Що за звук? Звучить... скигливо.
loc_broker_female_a__response_for_adamant_cover_me_03,Хтось чує це жалісне скавчання?
loc_broker_female_a__response_for_adamant_critical_health_01,"Ляж уже й здохни, га?"
loc_broker_female_a__response_for_adamant_critical_health_02,Ой бідолашка...
loc_broker_female_a__response_for_adamant_critical_health_03,"Та годі вже, а?"
loc_broker_female_a__response_for_adamant_disabled_by_chaos_hound_01,"Я думала, ти ЛЮБИШ собак."
loc_broker_female_a__response_for_adamant_disabled_by_chaos_hound_02,Живеш зі скаженими псами — здихаєш від їхніх щелеп!
loc_broker_female_a__response_for_adamant_disabled_by_chaos_hound_03,"Тепер ТИ знаєш, як воно!"
loc_broker_female_a__response_for_adamant_disabled_by_enemy_01,"А, значить, ЗАРАЗ я потрібна?"
loc_broker_female_a__response_for_adamant_disabled_by_enemy_02,"Попроси гарненько — МОЖЕ, допоможу!"
loc_broker_female_a__response_for_adamant_disabled_by_enemy_03,Та-та-та. Скільки ниття!
loc_broker_female_a__response_for_adamant_enemy_kill_monster_01,Працюєш непогано... інколи.
loc_broker_female_a__response_for_adamant_enemy_kill_monster_02,"Не була певна, що впораєшся."
loc_broker_female_a__response_for_adamant_enemy_kill_monster_03,"Попав, але виглядає як везіння."
loc_broker_female_a__response_for_adamant_knocked_down_3_01,"Де твоя терплячість, Щур-поборникику?"
loc_broker_female_a__response_for_adamant_knocked_down_3_02,"Може, наступного разу спробуєш «не падати»!"
loc_broker_female_a__response_for_adamant_knocked_down_3_03,"Ну й нужденний, га?"
loc_broker_female_a__response_for_adamant_ledge_hanging_01,Тримайся! Альтернатива гірша.
loc_broker_female_a__response_for_adamant_ledge_hanging_02,Мені байдуже — можеш і падати!
loc_broker_female_a__response_for_adamant_ledge_hanging_03,Що б ти не робив — тільки не падай! [Сміх]
loc_broker_female_a__response_for_adamant_seen_killstreak_broker_01,"Ну, зізнавайся: ти вражений!"
loc_broker_female_a__response_for_adamant_seen_killstreak_broker_02,"Я, мать його, найкраща!"
loc_broker_female_a__response_for_adamant_seen_killstreak_broker_03,Краще не ставай мені поперек дороги!
loc_broker_female_a__response_for_adamant_start_revive_broker_01,"[З болем] Ти?.. Ну, що ж, доводиться брати, що дають."
loc_broker_female_a__response_for_adamant_start_revive_broker_02,"[З болем] Знала, що кинеш мене лежати..."
loc_broker_female_a__response_for_adamant_start_revive_broker_03,"[З болем] Ну... Це ще той ельдарський ""приз""..."
loc_broker_female_a__response_for_broker_cover_me_01,Добре! Підсмажимо їх!
loc_broker_female_a__response_for_broker_cover_me_02,"Корешу, прикрив би мене, га?"
loc_broker_female_a__response_for_broker_cover_me_03,Дайте прикриття!
loc_broker_female_a__response_for_broker_critical_health_01,"Ага, виглядає не дуже."
loc_broker_female_a__response_for_broker_critical_health_02,"Добре тебе накрили, га?"
loc_broker_female_a__response_for_broker_critical_health_03,"Я так вважаю: якщо можеш скиглити, то можеш і битися!"
loc_broker_female_a__response_for_broker_disabled_by_chaos_hound_01,Заберіть цю шавку!
loc_broker_female_a__response_for_broker_disabled_by_chaos_hound_02,"Хто-небудь, розберіться з тим Гончаком!"
loc_broker_female_a__response_for_broker_disabled_by_chaos_hound_03,У мого Кореша проблеми з псом!
loc_broker_female_a__response_for_broker_disabled_by_enemy_01,Ми тебе не залишимо!
loc_broker_female_a__response_for_broker_disabled_by_enemy_02,"Сам у це вліз, еге ж?"
loc_broker_female_a__response_for_broker_disabled_by_enemy_03,"От лихо, от лихо. Нічого, розгриземо!"
loc_broker_female_a__response_for_broker_enemy_kill_monster_01,ОТ це робота!
loc_broker_female_a__response_for_broker_enemy_kill_monster_02,"Знала, що ти впораєшся!"
loc_broker_female_a__response_for_broker_enemy_kill_monster_03,"Я тобою пишаюся, старий мій Корешу!"
loc_broker_female_a__response_for_broker_knocked_down_3_01,"Усе діло в пріоритетах, еге ж?"
loc_broker_female_a__response_for_broker_knocked_down_3_02,"Май трохи терпіння, друже!"
loc_broker_female_a__response_for_broker_knocked_down_3_03,Підніміть його. Інакше він нам усі вуха прожужить!
loc_broker_female_a__response_for_broker_ledge_hanging_01,"Є тіло, якому треба трохи допомоги!"
loc_broker_female_a__response_for_broker_ledge_hanging_02,Ану піднімайся сюди! Зараз же!
loc_broker_female_a__response_for_broker_ledge_hanging_03,"Не можна ж їм так висіти, правда?"
loc_broker_female_a__response_for_broker_seen_killstreak_broker_01,"Подаю хороший приклад, друже!"
loc_broker_female_a__response_for_broker_seen_killstreak_broker_02,Ти заздриш! Воно й логічно!
loc_broker_female_a__response_for_broker_seen_killstreak_broker_03,Ага! Я вже ловлю кураж!
loc_broker_female_a__response_for_calling_for_help_01,"Ти не один, чувак!"
loc_broker_female_a__response_for_calling_for_help_02,Тримайся! Допомога йде!
loc_broker_female_a__response_for_calling_for_help_03,"А я думала, ти міцний!"
loc_broker_female_a__response_for_calling_for_help_04,"Краще бийся, а не ний!"
loc_broker_female_a__response_for_calling_for_help_05,Хто ближче? Витягайте їх уже!
loc_broker_female_a__response_for_critical_health_01,"Ага, виглядає дуже паскудно."
loc_broker_female_a__response_for_critical_health_02,Оце ти звеш пораненням? Ха!
loc_broker_female_a__response_for_critical_health_03,"Прикуси язика, гаразд? Я тут воюю."
loc_broker_female_a__response_for_enemy_kill_monster_01,"Не так вже й важко, правда?"
loc_broker_female_a__response_for_enemy_kill_monster_02,"Пишаюся вами, чуваки... ну, більшістю."
loc_broker_female_a__response_for_enemy_kill_monster_03,Добре. Рухаємось.
loc_broker_female_a__response_for_friendly_fire_from_broker_to_adamant_01,"То карайте! Побачимо, чи мені не байдуже!"
loc_broker_female_a__response_for_friendly_fire_from_broker_to_adamant_02,Заслужив!
loc_broker_female_a__response_for_friendly_fire_from_broker_to_adamant_03,Вибач! Не бачила тебе!
loc_broker_female_a__response_for_friendly_fire_from_broker_to_broker_01,Я не винна! Тут же просто божевільня!
loc_broker_female_a__response_for_friendly_fire_from_broker_to_broker_02,"Це одна з тих ""іти за течією"" ситуацій! Тож іди!"
loc_broker_female_a__response_for_friendly_fire_from_broker_to_broker_03,Досить скиглити! Це тільки подряпина!
loc_broker_female_a__response_for_friendly_fire_from_broker_to_ogryn_01,Це не я! Хіба я стала б тобі брехати?
loc_broker_female_a__response_for_friendly_fire_from_broker_to_ogryn_02,"Та годі! Б'юся об заклад, ти навіть не відчув!"
loc_broker_female_a__response_for_friendly_fire_from_broker_to_ogryn_03,"Не ображайся, Колодо. Це ж усе жартома!"
loc_broker_female_a__response_for_friendly_fire_from_broker_to_psyker_01,Ти б на що завгодно скаржився!
loc_broker_female_a__response_for_friendly_fire_from_broker_to_psyker_02,Та тебе ж ледь зачепило!
loc_broker_female_a__response_for_friendly_fire_from_broker_to_psyker_03,"Хочеш, щоб я спеціально в тебе цілилася?"
loc_broker_female_a__response_for_friendly_fire_from_broker_to_veteran_01,Хочеш трохи поплакати? Я не засуджуватиму.
loc_broker_female_a__response_for_friendly_fire_from_broker_to_veteran_02,МЕНІ. ВСЕ. ОДНО.
loc_broker_female_a__response_for_friendly_fire_from_broker_to_veteran_03,"Примхи війни, Рубако. Звикай!"
loc_broker_female_a__response_for_friendly_fire_from_broker_to_zealot_01,Залиш! Я увійшла в раж!
loc_broker_female_a__response_for_friendly_fire_from_broker_to_zealot_02,"У тебе марення, ти знаєш?"
loc_broker_female_a__response_for_friendly_fire_from_broker_to_zealot_03,"Припини ловити всі мої кулі, га?"
loc_broker_female_a__response_for_heard_horde_vector_01,Час для тепленького тертіумського привіту!
loc_broker_female_a__response_for_heard_horde_vector_02,"Нехай відчують нашу ""увагу""!"
loc_broker_female_a__response_for_heard_horde_vector_03,Чого їм тепер треба?
loc_broker_female_a__response_for_heard_horde_vector_04,"Разом, друзі! Викладаємось на повну!"
loc_broker_female_a__response_for_info_incoming_enemies_01,"Покажемо, з чого ми зроблені!"
loc_broker_female_a__response_for_info_incoming_enemies_02,"А я вже думала, буде нудно!"
loc_broker_female_a__response_for_info_incoming_enemies_03,"Ну й що? Не хотів же нудьгувати, правда?"
loc_broker_female_a__response_for_info_incoming_enemies_04,"Тримаймося купи! У нас є зуби, а в них — нічого!"
loc_broker_female_a__response_for_info_incoming_enemies_05,Цього разу вони надто багато відкусили!
loc_broker_female_a__response_for_ogryn_cover_me_01,"Займемось, Колодо!"
loc_broker_female_a__response_for_ogryn_cover_me_02,Голову нижче! Має допомогти!
loc_broker_female_a__response_for_ogryn_cover_me_03,"Я ж не всюди одразу, правда?"
loc_broker_female_a__response_for_ogryn_critical_health_01,Аби ти не починав тут включати Лемана Расса!
loc_broker_female_a__response_for_ogryn_critical_health_02,"Сподіваюсь, не почнеш нити, Колодо!"
loc_broker_female_a__response_for_ogryn_critical_health_03,"Ліки тебе підлатають, Колодо. Повір."
loc_broker_female_a__response_for_ogryn_disabled_by_chaos_hound_01,"Тебе там гарно їдять, Колодо!"
loc_broker_female_a__response_for_ogryn_disabled_by_chaos_hound_02,Краще вибийте зуби тому Гончаку!
loc_broker_female_a__response_for_ogryn_disabled_by_chaos_hound_03,ТЕРПІТИ не можу тих Гончаків!
loc_broker_female_a__response_for_ogryn_disabled_by_enemy_01,Велетню потрібна допомога!
loc_broker_female_a__response_for_ogryn_disabled_by_enemy_02,Хтось може допомогти Колоді?
loc_broker_female_a__response_for_ogryn_disabled_by_enemy_03,"Чую! Подивимось, що можна зробити!"
loc_broker_female_a__response_for_ogryn_enemy_kill_monster_01,"Не рівня він тобі, га?"
loc_broker_female_a__response_for_ogryn_enemy_kill_monster_02,"Сподіваюсь, ти не почнеш понтуватись?"
loc_broker_female_a__response_for_ogryn_enemy_kill_monster_03,"Ти валиш добряче, Колодо. Не посперечаєшся."
loc_broker_female_a__response_for_ogryn_knocked_down_3_01,Йому потрібна допомога!
loc_broker_female_a__response_for_ogryn_knocked_down_3_02,Треба підняти Колоду на ноги!
loc_broker_female_a__response_for_ogryn_knocked_down_3_03,Який гармидер!
loc_broker_female_a__response_for_ogryn_ledge_hanging_01,"Наступного разу дивись, куди свої ласти сунеш!"
loc_broker_female_a__response_for_ogryn_ledge_hanging_02,Там у тебе біда — це точно!
loc_broker_female_a__response_for_ogryn_ledge_hanging_03,"Спину зірву, поки тебе витягну!"
loc_broker_female_a__response_for_ogryn_seen_killstreak_broker_01,Я найкраща!
loc_broker_female_a__response_for_ogryn_seen_killstreak_broker_02,Дивись за мною. Може чогось навчишся?
loc_broker_female_a__response_for_ogryn_seen_killstreak_broker_03,Я для цього народилась. Ага!
loc_broker_female_a__response_for_ogryn_start_revive_broker_01,"[З болем] Ти хороший хлопак, Колодо."
loc_broker_female_a__response_for_ogryn_start_revive_broker_02,[З болем] Я ціную допомогу.
loc_broker_female_a__response_for_ogryn_start_revive_broker_03,[Болюче] Завжди любив Оґринів.
loc_broker_female_a__response_for_pinned_by_enemies_adamant_01,Вибач! Не чую!
loc_broker_female_a__response_for_pinned_by_enemies_adamant_02,"Та ну, упораєшся!"
loc_broker_female_a__response_for_pinned_by_enemies_adamant_03,Що? Не почула через весь той гармидар!
loc_broker_female_a__response_for_pinned_by_enemies_broker_01,Зрозуміла!
loc_broker_female_a__response_for_pinned_by_enemies_broker_02,Зрозуміла! Допомога вже йде!
loc_broker_female_a__response_for_pinned_by_enemies_broker_03,Тримайся! Ми їх відженемо!
loc_broker_female_a__response_for_pinned_by_enemies_ogryn_01,"Без паніки, Колодо! Допомога в дорозі!"
loc_broker_female_a__response_for_pinned_by_enemies_ogryn_02,Почула!
loc_broker_female_a__response_for_pinned_by_enemies_ogryn_03,Оґрину не завадить допомога!
loc_broker_female_a__response_for_pinned_by_enemies_psyker_01,"Ага, виглядає жорстко!"
loc_broker_female_a__response_for_pinned_by_enemies_psyker_02,Виживеш. Може.
loc_broker_female_a__response_for_pinned_by_enemies_psyker_03,І що? В усіх проблеми!
loc_broker_female_a__response_for_pinned_by_enemies_veteran_01,"Розслабся, Рубака!"
loc_broker_female_a__response_for_pinned_by_enemies_veteran_02,Знову включив Леман Расса? І не соромно.
loc_broker_female_a__response_for_pinned_by_enemies_veteran_03,"Ветерану трохи ""любові"" треба!"
loc_broker_female_a__response_for_pinned_by_enemies_zealot_01,"Може, час молитись, га?"
loc_broker_female_a__response_for_pinned_by_enemies_zealot_02,Тобі б трохи того... «божественного втручання».
loc_broker_female_a__response_for_pinned_by_enemies_zealot_03,"Цікаво, чого вони так люблять по тобі стріляти?"
loc_broker_female_a__response_for_psyker_cover_me_01,Чула! Старайся не ловити кулі!
loc_broker_female_a__response_for_psyker_cover_me_02,Подумай про щось заспокійливе!
loc_broker_female_a__response_for_psyker_cover_me_03,"Хтось є, щоб прикрити Дьорґаного?"
loc_broker_female_a__response_for_psyker_critical_health_01,"Гадаю, краще підлікуйся, Дьорґаний."
loc_broker_female_a__response_for_psyker_critical_health_02,Скиглення тебе не полагодить.
loc_broker_female_a__response_for_psyker_critical_health_03,І чого ваш рід вічно скиглить.
loc_broker_female_a__response_for_psyker_disabled_by_chaos_hound_01,Краще заваліть того Гончака!
loc_broker_female_a__response_for_psyker_disabled_by_chaos_hound_02,Він просто «дружити» хоче!
loc_broker_female_a__response_for_psyker_disabled_by_chaos_hound_03,"Вальніть ту шавку, чуваки!"
loc_broker_female_a__response_for_psyker_disabled_by_enemy_01,"Справді не твій день, еге ж?"
loc_broker_female_a__response_for_psyker_disabled_by_enemy_02,"Стільки включав тут Леман Расса, і все дарма!"
loc_broker_female_a__response_for_psyker_disabled_by_enemy_03,Наш у халепі. Хтось поруч?
loc_broker_female_a__response_for_psyker_enemy_kill_monster_01,"Змушена визнати, твоя робота мене тішить."
loc_broker_female_a__response_for_psyker_enemy_kill_monster_02,Скоро буде ще один.
loc_broker_female_a__response_for_psyker_enemy_kill_monster_03,"Не надто весело вийшло, еге?"
loc_broker_female_a__response_for_psyker_knocked_down_3_01,"Що, серйозно? Ти все ще лежиш?"
loc_broker_female_a__response_for_psyker_knocked_down_3_02,"Хтось допоможіть Дьорґаному, поки я не розізлилась."
loc_broker_female_a__response_for_psyker_knocked_down_3_03,"Дмухни — і розсиплеться, той псайкер."
loc_broker_female_a__response_for_psyker_ledge_hanging_01,Та заспокійся! Не лишимо тебе висіти!
loc_broker_female_a__response_for_psyker_ledge_hanging_02,Тримайся. Головне — не відпускай.
loc_broker_female_a__response_for_psyker_ledge_hanging_03,Дьорґаний вирішив зайти згори. Ха!
loc_broker_female_a__response_for_psyker_seen_killstreak_broker_01,З досконалістю не посперечаєшся!
loc_broker_female_a__response_for_psyker_seen_killstreak_broker_02,Чистий талант! Оце те що ти бачиш!
loc_broker_female_a__response_for_psyker_seen_killstreak_broker_03,"Є причина, чому я всім потрібна!"
loc_broker_female_a__response_for_psyker_start_revive_broker_01,[З болем] Це не найкращий мій момент.
loc_broker_female_a__response_for_psyker_start_revive_broker_02,[З болем] Дякую за допомогу.
loc_broker_female_a__response_for_psyker_start_revive_broker_03,"[З болем] Ну... це несподіваний поворот, як то кажуть..."
loc_broker_female_a__response_for_seen_netgunner_flee_01,Не дайте їй утекти!
loc_broker_female_a__response_for_seen_netgunner_flee_02,Чого чекаєте? Вбийте її!
loc_broker_female_a__response_for_veteran_cover_me_01,"Чую тебе, Рубака!"
loc_broker_female_a__response_for_veteran_cover_me_02,Ветеран просить підсобити!
loc_broker_female_a__response_for_veteran_cover_me_03,Хтось може прикрити Ветерана!
loc_broker_female_a__response_for_veteran_critical_health_01,"Краще підлікуйся, Рубака."
loc_broker_female_a__response_for_veteran_critical_health_02,"І де ж твоя «міцність», Рубака?"
loc_broker_female_a__response_for_veteran_critical_health_03,Прям як показушник — скиглити через подряпину.
loc_broker_female_a__response_for_veteran_disabled_by_chaos_hound_01,Ото ГОЛОДНИЙ гончак!
loc_broker_female_a__response_for_veteran_disabled_by_chaos_hound_02,У Рубаки проблеми з собацюрою!
loc_broker_female_a__response_for_veteran_disabled_by_chaos_hound_03,"Б'юсь об заклад, ти для нього — ласий шматок!"
loc_broker_female_a__response_for_veteran_disabled_by_enemy_01,Хтось допоможе?
loc_broker_female_a__response_for_veteran_disabled_by_enemy_02,"Ага, кину все й побіжу виручати!"
loc_broker_female_a__response_for_veteran_disabled_by_enemy_03,Зачекай! Я зайнята!
loc_broker_female_a__response_for_veteran_enemy_kill_monster_01,Ось чому я кличу тебе «Рубака»!
loc_broker_female_a__response_for_veteran_enemy_kill_monster_02,Ей! Ми ж теж допомагали!
loc_broker_female_a__response_for_veteran_enemy_kill_monster_03,"Давайте сподіватись, що нового такого більше не буде."
loc_broker_female_a__response_for_veteran_knocked_down_3_01,"Може не помітив, але ми трохи зайняті!"
loc_broker_female_a__response_for_veteran_knocked_down_3_02,"Тримайся, друже, ми в курсі!"
loc_broker_female_a__response_for_veteran_knocked_down_3_03,Рубака знову приліг. От Комісарський Кашкет.
loc_broker_female_a__response_for_veteran_ledge_hanging_01,Що ТИ там робиш?
loc_broker_female_a__response_for_veteran_ledge_hanging_02,А вас не вчать триматись подалі від урвищ?
loc_broker_female_a__response_for_veteran_ledge_hanging_03,"Дивись під ноги, Комісарський Кашкете!"
loc_broker_female_a__response_for_veteran_seen_killstreak_broker_01,"Тут бійка у канаві, і це моя канава!"
loc_broker_female_a__response_for_veteran_seen_killstreak_broker_02,НЕ ЧУЮ ТЕБЕ. ЗАНАДТО ЗАЙНЯТА ВБИВСТВОМ!
loc_broker_female_a__response_for_veteran_seen_killstreak_broker_03,"Просто задаю планку, Рубако!"
loc_broker_female_a__response_for_veteran_start_revive_broker_01,[Біль] Вдячна... Час відплати...
loc_broker_female_a__response_for_veteran_start_revive_broker_02,[Біль] Я в боргу.
loc_broker_female_a__response_for_veteran_start_revive_broker_03,"[Біль] Дякую, Рубако. Думала, кінець мені."
loc_broker_female_a__response_for_zealot_cover_me_01,"Ага, почули!"
loc_broker_female_a__response_for_zealot_cover_me_02,"Голову вниз, рот — на замок!"
loc_broker_female_a__response_for_zealot_cover_me_03,"[Зітхання] Хтось близько, щоб допомогти?"
loc_broker_female_a__response_for_zealot_disabled_by_chaos_hound_01,Оце? І ти не можеш із ЦИМ впоратись?
loc_broker_female_a__response_for_zealot_disabled_by_chaos_hound_02,"Там зубів — хоч відбавляй, це точно!"
loc_broker_female_a__response_for_zealot_disabled_by_chaos_hound_03,Пика вся в смердючій слині!
loc_broker_female_a__response_for_zealot_disabled_by_enemy_01,Ага. Виглядає не дуже.
loc_broker_female_a__response_for_zealot_disabled_by_enemy_02,"От ти й влип, друже."
loc_broker_female_a__response_for_zealot_disabled_by_enemy_03,Та яка ж це купа лайна!
loc_broker_female_a__response_for_zealot_enemy_kill_monster_01,"Важко було. Сподіваймося, не встане."
loc_broker_female_a__response_for_zealot_enemy_kill_monster_02,"Гарна робота, Язикатий."
loc_broker_female_a__response_for_zealot_enemy_kill_monster_03,"На Бузувіра завжди можна покластися, коли треба брудно вбити."
loc_broker_female_a__response_for_zealot_knocked_down_3_01,Ти не єдина наша проблема!
loc_broker_female_a__response_for_zealot_knocked_down_3_02,Хтось підніміть Язикатого — хоча б щоб замовк!
loc_broker_female_a__response_for_zealot_knocked_down_3_03,"Підніміть того Язикатого, га? Спокою не буде, поки не піднімемо."
loc_broker_female_a__response_for_zealot_ledge_hanging_01,Тільки не дивись униз!
loc_broker_female_a__response_for_zealot_ledge_hanging_02,Тримайся як можеш довше!
loc_broker_female_a__response_for_zealot_ledge_hanging_03,Того Язикатого треба витягнути!
loc_broker_female_a__response_for_zealot_seen_killstreak_broker_01,Не збрешу: руки в тебе з того місця з якого требе!
loc_broker_female_a__response_for_zealot_seen_killstreak_broker_02,"Ти непоганий, я краща. Запам’ятай!"
loc_broker_female_a__response_for_zealot_seen_killstreak_broker_03,Талант до м’ясорубки не іржавіє!
loc_broker_female_a__response_for_zealot_start_revive_broker_01,[З болем] Я ще не все. От побачите.
loc_broker_female_a__response_for_zealot_start_revive_broker_02,[Біль] Спасибі. Валятись не дуже весело.
loc_broker_female_a__response_for_zealot_start_revive_broker_03,[З болем] Так. Час відплати...
loc_broker_female_a__response_rechargable_for_look_at_healthstation_01,Десь поряд має бути батарея.
loc_broker_female_a__response_rechargable_for_look_at_healthstation_02,"Найдіть батарею, гаразд?"
loc_broker_female_a__response_to_hacking_fix_decode_01,Другосортний техно-хлам...
loc_broker_female_a__response_to_hacking_fix_decode_02,Краще розібратись із тією фігнею.
loc_broker_female_a__seen_enemy_beast_of_nurgle_01,"Звір Нурґла! Ото ж потвора, га?"
loc_broker_female_a__seen_enemy_beast_of_nurgle_02,"О, чудово. Звір Нурґла."
loc_broker_female_a__seen_enemy_beast_of_nurgle_03,Звір Нурґла! Це НЕ ДОБРЕ!
loc_broker_female_a__seen_enemy_berserker_01,"Ну що, Берсерку, показуй, що вмієш!"
loc_broker_female_a__seen_enemy_berserker_02,Берсерк вирвався!
loc_broker_female_a__seen_enemy_berserker_03,Берсерк вийшов погратись!
loc_broker_female_a__seen_enemy_berserker_04,"Прикрий свій писок, Берсерку?"
loc_broker_female_a__seen_enemy_berserker_05,Берсерк! Вибити йому зуби!
loc_broker_female_a__seen_enemy_bulwark_01,Щитоносець!
loc_broker_female_a__seen_enemy_bulwark_02,"Агов, Щитоносцю!"
loc_broker_female_a__seen_enemy_bulwark_03,Той Щитоносець — здоровань!
loc_broker_female_a__seen_enemy_bulwark_04,Хтось приберіть того Щитоносця!
loc_broker_female_a__seen_enemy_bulwark_05,Щит великий — мізки малі!
loc_broker_female_a__seen_enemy_daemonhost_01,Обережно!... Демононосій...
loc_broker_female_a__seen_enemy_daemonhost_02,Тихо! ... Тут Демононосій...
loc_broker_female_a__seen_enemy_daemonhost_03,Стій... То Демононосій...
loc_broker_female_a__seen_enemy_daemonhost_04,"Месселіно, вбережи нас... Це Демононосій..."
loc_broker_female_a__seen_enemy_executor_01,Трощитель!
loc_broker_female_a__seen_enemy_executor_02,"Прийшов ""привітатись"", Трощителю?"
loc_broker_female_a__seen_enemy_executor_03,Трощитель пішов в атаку!
loc_broker_female_a__seen_enemy_executor_04,"Вбийте тому Трощителю по черепу, а?"
loc_broker_female_a__seen_enemy_executor_05,"Заваліть того Трощителя, га?"
loc_broker_female_a__seen_enemy_grenadier_01,Маємо Бомбера!
loc_broker_female_a__seen_enemy_grenadier_02,Бомбер на підході!
loc_broker_female_a__seen_enemy_grenadier_03,Убийте того Бомбера!
loc_broker_female_a__seen_enemy_grenadier_04,"Чогось хочеш, Бомбер?"
loc_broker_female_a__seen_enemy_grenadier_05,Ей! Приберіть того Бомбера!
loc_broker_female_a__seen_enemy_group_assaulting_01,Ще одна зграя сміливців!
loc_broker_female_a__seen_enemy_group_assaulting_02,Вони йдуть!
loc_broker_female_a__seen_enemy_group_assaulting_03,Гниляки самі просяться на ножа!
loc_broker_female_a__seen_enemy_group_assaulting_04,Гниляки! Ціла зграя!
loc_broker_female_a__seen_enemy_group_assaulting_05,"Схоже, вистачить на всіх!"
loc_broker_female_a__seen_enemy_group_far_range_shooting_behind_cover_01,Вони в укритті! Доведеться зближуватися!
loc_broker_female_a__seen_enemy_group_far_range_shooting_behind_cover_02,Гниляки в укритті! Притисніть їх!
loc_broker_female_a__seen_enemy_group_far_range_shooting_behind_cover_03,В укриття поперлись? Це шахрайство!
loc_broker_female_a__seen_enemy_group_far_range_shooting_behind_cover_04,"В укритті, значить? Не допоможе!"
loc_broker_female_a__seen_enemy_group_far_range_shooting_behind_cover_05,Гниляки в укритті! Час ножової!
loc_broker_female_a__seen_enemy_heavy_gunner_01,Вкотити тому Кулеметнику!
loc_broker_female_a__seen_enemy_heavy_gunner_02,Розкладається важкий Кулеметник!
loc_broker_female_a__seen_enemy_heavy_gunner_03,Голови вниз! Там важкий Кулеметник!
loc_broker_female_a__seen_enemy_heavy_gunner_04,Приберіть того важкого Кулеметника!
loc_broker_female_a__seen_enemy_heavy_gunner_05,Хтось зніміть того Кулеметника!
loc_broker_female_a__seen_enemy_houndmaster_a_01,Обережно! Ватажок Зграї!
loc_broker_female_a__seen_enemy_houndmaster_a_02,У нас Ватажок Зграї!
loc_broker_female_a__seen_enemy_houndmaster_a_03,Гей! Схоже на Ватажка Зграї!
loc_broker_female_a__seen_enemy_houndmaster_a_04,Собачий Бос! Завалити його!
loc_broker_female_a__seen_enemy_houndmaster_a_05,Прибрати Боса Собак!
loc_broker_female_a__seen_enemy_mutant_charger_01,Маємо злого мутня!
loc_broker_female_a__seen_enemy_mutant_charger_02,Чули? Іде мутень!
loc_broker_female_a__seen_enemy_mutant_charger_03,Краще прибити того мутня!
loc_broker_female_a__seen_enemy_mutant_charger_04,Мутень преться!
loc_broker_female_a__seen_enemy_mutant_charger_05,Та мутень напрошується на прочухан!
loc_broker_female_a__seen_enemy_poxwalker_bomber_01,Обережно! Вибухач!
loc_broker_female_a__seen_enemy_poxwalker_bomber_02,Чумовибухач! Назад!
loc_broker_female_a__seen_enemy_poxwalker_bomber_03,Чумовибухач! Штовхни його і відскакуй!
loc_broker_female_a__seen_enemy_poxwalker_bomber_04,Бачиш того Вибухача?
loc_broker_female_a__seen_enemy_poxwalker_bomber_05,"Ей, Чумовибухач! Тебе ніхто не любить!"
loc_broker_female_a__seen_enemy_scab_flamer_a_01,Палій! Зараз буде гаряче!
loc_broker_female_a__seen_enemy_scab_flamer_a_02,Смажник! Відходьте!
loc_broker_female_a__seen_enemy_scab_flamer_a_03,Підходить Палій!
loc_broker_female_a__seen_enemy_scab_flamer_a_04,Йде гаряча штучка!
loc_broker_female_a__seen_enemy_scab_flamer_a_05,Палій! Приберіть його!
loc_broker_female_a__seen_enemy_shocktrooper_01,Дробостріл! Його треба покласти!
loc_broker_female_a__seen_enemy_shocktrooper_02,Хтось приберіть Дробостріла!
loc_broker_female_a__seen_enemy_shocktrooper_03,Убийте Дробостріла!
loc_broker_female_a__seen_enemy_shocktrooper_04,Вибийте Дробострілу зуби!
loc_broker_female_a__seen_enemy_shocktrooper_05,"Пильнуйте, народ: Дробостріл!"
loc_broker_female_a__seen_enemy_sniper_01,Є Снайпер!
loc_broker_female_a__seen_enemy_sniper_02,Тут Снайпер!
loc_broker_female_a__seen_enemy_sniper_03,Снайпер! Покласти його!
loc_broker_female_a__seen_enemy_sniper_04,Приберіть того Снайпера!
loc_broker_female_a__seen_enemy_sniper_05,Снайпера треба зняти!
loc_broker_female_a__seen_netgunner_01,Ловець лазить!
loc_broker_female_a__seen_netgunner_02,Ловець шукає легку здобич!
loc_broker_female_a__seen_netgunner_03,"Ей, Ловцю! Звали уже звідси, га?"
loc_broker_female_a__seen_netgunner_04,"Іди сюди, Ловцю! Будемо чесно битись!"
loc_broker_female_a__seen_netgunner_05,Хтось зніміть Ловця!
loc_broker_female_a__seen_netgunner_flee_01,"О, дивіться: Ловець біжить!"
loc_broker_female_a__seen_netgunner_flee_02,Ловець струхнув!
loc_broker_female_a__smart_tag_stimm_concentration_a_01,Стим Концентрації!
loc_broker_female_a__smart_tag_stimm_concentration_a_02,Стим Концентрації!
loc_broker_female_a__smart_tag_stimm_health_a_01,Мед-Стим!
loc_broker_female_a__smart_tag_stimm_health_a_02,Мед-Стим!
loc_broker_female_a__smart_tag_stimm_power_a_01,Бойовий Стим!
loc_broker_female_a__smart_tag_stimm_power_a_02,Бойовий Стим!
loc_broker_female_a__smart_tag_stimm_speed_a_01,Стим Прудкості!
loc_broker_female_a__smart_tag_stimm_speed_a_02,Стим Прудкості!
loc_broker_female_a__smart_tag_vo_enemy_berserker_01,Берсерк!
loc_broker_female_a__smart_tag_vo_enemy_berserker_02,Берсерк!
loc_broker_female_a__smart_tag_vo_enemy_chaos_hound_01,Гонча!
loc_broker_female_a__smart_tag_vo_enemy_chaos_hound_02,Гонча!
loc_broker_female_a__smart_tag_vo_enemy_chaos_mutant_charger_01,Мутень!
loc_broker_female_a__smart_tag_vo_enemy_chaos_mutant_charger_02,Мутень!
loc_broker_female_a__smart_tag_vo_enemy_chaos_ogryn_armored_executor_01,Крушитель!
loc_broker_female_a__smart_tag_vo_enemy_chaos_ogryn_armored_executor_02,Крушитель!
loc_broker_female_a__smart_tag_vo_enemy_chaos_ogryn_bulwark_01,Щитоносець!
loc_broker_female_a__smart_tag_vo_enemy_chaos_ogryn_bulwark_02,Щитоносець!
loc_broker_female_a__smart_tag_vo_enemy_chaos_ogryn_heavy_gunner_01,Жнець!
loc_broker_female_a__smart_tag_vo_enemy_chaos_ogryn_heavy_gunner_02,Жнець!
loc_broker_female_a__smart_tag_vo_enemy_chaos_poxwalker_bomber_01,Чумовибухач!
loc_broker_female_a__smart_tag_vo_enemy_chaos_poxwalker_bomber_02,Чумовибухач!
loc_broker_female_a__smart_tag_vo_enemy_chaos_spawn_01,М’ясний мішок!
loc_broker_female_a__smart_tag_vo_enemy_chaos_spawn_02,М’ясний мішок!
loc_broker_female_a__smart_tag_vo_enemy_daemonhost_witch_01,Демононосій!
loc_broker_female_a__smart_tag_vo_enemy_daemonhost_witch_02,Демононосій!
loc_broker_female_a__smart_tag_vo_enemy_houndmaster_a_01,Ватажок Зграї!
loc_broker_female_a__smart_tag_vo_enemy_houndmaster_a_02,Ватажок Зграї!
loc_broker_female_a__smart_tag_vo_enemy_netgunner_01,Ловець!
loc_broker_female_a__smart_tag_vo_enemy_netgunner_02,Ловець!
loc_broker_female_a__smart_tag_vo_enemy_plague_ogryn_01,Чумний Оґрин!
loc_broker_female_a__smart_tag_vo_enemy_plague_ogryn_02,Чумний Оґрин!
loc_broker_female_a__smart_tag_vo_enemy_scab_flamer_a_01,Палій!
loc_broker_female_a__smart_tag_vo_enemy_scab_flamer_a_02,Палій!
loc_broker_female_a__smart_tag_vo_enemy_traitor_executor_01,Трощитель!
loc_broker_female_a__smart_tag_vo_enemy_traitor_executor_02,Трощитель!
loc_broker_female_a__smart_tag_vo_enemy_traitor_grenadier_01,Бомбер!
loc_broker_female_a__smart_tag_vo_enemy_traitor_grenadier_02,Бомбер!
loc_broker_female_a__smart_tag_vo_enemy_traitor_gunner_01,Кулеметник!
loc_broker_female_a__smart_tag_vo_enemy_traitor_gunner_02,Кулеметник!
loc_broker_female_a__smart_tag_vo_enemy_traitor_scout_shocktrooper_01,Дробостріл!
loc_broker_female_a__smart_tag_vo_enemy_traitor_scout_shocktrooper_02,Дробостріл!
loc_broker_female_a__smart_tag_vo_enemy_traitor_sniper_01,Снайпер!
loc_broker_female_a__smart_tag_vo_enemy_traitor_sniper_02,Снайпер!
loc_broker_female_a__smart_tag_vo_pickup_ammo_01,Набої!
loc_broker_female_a__smart_tag_vo_pickup_ammo_02,Набої!
loc_broker_female_a__smart_tag_vo_pickup_battery_01,Батарея!
loc_broker_female_a__smart_tag_vo_pickup_battery_02,Батарея!
loc_broker_female_a__smart_tag_vo_pickup_container_01,Вакуумна капсула!
loc_broker_female_a__smart_tag_vo_pickup_container_02,Вакуумна капсула!
loc_broker_female_a__smart_tag_vo_pickup_control_rod_01,Кріонічний стрижень!
loc_broker_female_a__smart_tag_vo_pickup_control_rod_02,Кріонічний стрижень!
loc_broker_female_a__smart_tag_vo_pickup_deployed_ammo_crate_01,Ящик з набоями!
loc_broker_female_a__smart_tag_vo_pickup_deployed_ammo_crate_02,Ящик з набоями!
loc_broker_female_a__smart_tag_vo_pickup_deployed_medical_crate_01,Медпак на землі!
loc_broker_female_a__smart_tag_vo_pickup_deployed_medical_crate_02,Медпак на землі!
loc_broker_female_a__smart_tag_vo_pickup_forge_metal_01,Пласталь!
loc_broker_female_a__smart_tag_vo_pickup_forge_metal_02,Пласталь!
loc_broker_female_a__smart_tag_vo_pickup_health_booster_01,Медстим!
loc_broker_female_a__smart_tag_vo_pickup_health_booster_02,Медстим!
loc_broker_female_a__smart_tag_vo_pickup_medical_crate_01,Аптечка!
loc_broker_female_a__smart_tag_vo_pickup_medical_crate_02,Аптечка!
loc_broker_female_a__smart_tag_vo_pickup_platinum_01,Діамантин!
loc_broker_female_a__smart_tag_vo_pickup_platinum_02,Діамантин!
loc_broker_female_a__smart_tag_vo_pickup_side_mission_consumable_01,Реліквія!
loc_broker_female_a__smart_tag_vo_pickup_side_mission_consumable_02,Реліквія!
loc_broker_female_a__smart_tag_vo_pickup_side_mission_grimoire_01,Ґримуар!
loc_broker_female_a__smart_tag_vo_pickup_side_mission_grimoire_02,Ґримуар!
loc_broker_female_a__smart_tag_vo_pickup_side_mission_tome_01,Писання!
loc_broker_female_a__smart_tag_vo_pickup_side_mission_tome_02,Писання!
loc_broker_female_a__smart_tag_vo_small_grenade_01,Граната!
loc_broker_female_a__smart_tag_vo_small_grenade_02,Граната!
loc_broker_female_a__smart_tag_vo_station_health_01,Медстанція!
loc_broker_female_a__smart_tag_vo_station_health_02,Медстанція!
loc_broker_female_a__smart_tag_vo_station_health_without_battery_01,Потрібна батарея!
loc_broker_female_a__smart_tag_vo_station_health_without_battery_02,Потрібна батарея!
loc_broker_female_a__stairs_sighted_01,Сходи!
loc_broker_female_a__stairs_sighted_02,Сходи!
loc_broker_female_a__stairs_sighted_03,Маємо сходи!
loc_broker_female_a__stairs_sighted_04,Бачу сходи!
loc_broker_female_a__stairs_sighted_05,Є сходи! Прекрасно!
loc_broker_female_a__surrounded_01,"Зброю напоготові, чуваки! Гниляки всюди!"
loc_broker_female_a__surrounded_02,Гниляки з усіх боків!
loc_broker_female_a__surrounded_03,Вони паскуда усюди!
loc_broker_female_a__surrounded_04,Завели цілу купу нових «друзів»!
loc_broker_female_a__surrounded_05,Гниляки пруть звідусіль!
loc_broker_female_a__surrounded_response_01,Чим більше — тим веселіше!
loc_broker_female_a__surrounded_response_02,Тікати нікуди — то стійте й бийтесь!
loc_broker_female_a__surrounded_response_03,Поїхали! Тільки не здохніть мені тут!
loc_broker_female_a__surrounded_response_04,[Сміх] ОТО тепер бій!
loc_broker_female_a__surrounded_response_05,Цілей — море! Діліться!
loc_broker_female_a__warning_exploding_barrel_01,Бережіться бочки!
loc_broker_female_a__warning_exploding_barrel_02,"Бочка ""закипає""!"
loc_broker_female_a__warning_exploding_barrel_03,Бочка зараз лусне!
loc_broker_female_a__warning_exploding_barrel_04,Бочка вибухає!
loc_broker_female_b__ability_01_a_01,Легкі цілі!
loc_broker_female_b__ability_01_a_02,"О, вам зараз прилетить!"
loc_broker_female_b__ability_01_a_03,Є по кому працювати!
loc_broker_female_b__ability_01_a_04,"Бігом звідси, гниляки!"
loc_broker_female_b__ability_01_a_05,Куль вистачить на всіх!
loc_broker_female_b__ability_01_a_06,[Сміх] Хто перший здохне?
loc_broker_female_b__ability_01_a_07,Кулі для кожного!
loc_broker_female_b__ability_01_a_08,Час на різанину!
loc_broker_female_b__ability_02_a_01,Я побережу тебе!
loc_broker_female_b__ability_02_a_02,Відбивайся! Слабо?
loc_broker_female_b__ability_02_a_03,Пора влізти по самі вуха!
loc_broker_female_b__ability_02_a_04,Віч-на-віч!
loc_broker_female_b__ability_02_a_05,Мене не спинити!
loc_broker_female_b__ability_02_a_06,Дивись і вчись!
loc_broker_female_b__ability_02_a_07,Зараз будемо ламати кістки!
loc_broker_female_b__ability_02_a_08,Давай! Спробуй утекти!
loc_broker_female_b__ability_03_a_01,Час стимів!
loc_broker_female_b__ability_03_a_02,"Стимміться, народ!"
loc_broker_female_b__ability_03_a_03,Задіюю стимми!
loc_broker_female_b__ability_03_a_04,Стимми! Підходь і бери!
loc_broker_female_b__ability_03_a_05,Пора урізноманітнити!
loc_broker_female_b__ability_03_a_06,Як щодо трохи стимів?
loc_broker_female_b__ability_03_a_07,Є стимми для вас!
loc_broker_female_b__ability_03_a_08,Стимми! Не марнуйте!
loc_broker_female_b__alerted_2_enemy_daemonhost_01,Безтолковий пиложере! Тепер нам кришка!
loc_broker_female_b__alerted_2_enemy_daemonhost_02,Нехай би воно спало!
loc_broker_female_b__alerted_enemy_daemonhost_01,Не чіпати!
loc_broker_female_b__alerted_enemy_daemonhost_02,Навіть не смійте!
loc_broker_female_b__alerted_enemy_daemonhost_03,Не будіть ту тварюку!
loc_broker_female_b__alerted_enemy_daemonhost_04,Розбудите — самі розгрібайте.
loc_broker_female_b__almost_there_01,Майже дістались!
loc_broker_female_b__almost_there_02,"Рухай, клятими ногами!"
loc_broker_female_b__almost_there_03,Ти взагалі коли-небудь рухаєшся з ціллю?
loc_broker_female_b__almost_there_04,Ну ж бо! Жвавіше!
loc_broker_female_b__almost_there_05,Скоро кінець.
loc_broker_female_b__asset_unnatural_dark_a_01,Світла майже нема.
loc_broker_female_b__asset_unnatural_dark_a_02,Тут темнішає.
loc_broker_female_b__asset_unnatural_dark_b_01,У темряві добре полювати.
loc_broker_female_b__asset_unnatural_dark_b_02,Мені байдуже.
loc_broker_female_b__away_from_squad_01,Погана ідея ходити самій...
loc_broker_female_b__away_from_squad_02,Самій ходити небезпечно.
loc_broker_female_b__away_from_squad_03,"Як так сталося, що ми розділилися?"
loc_broker_female_b__away_from_squad_04,Наодинці? Погана ідея.
loc_broker_female_b__away_from_squad_05,Я сама. [Рик]
loc_broker_female_b__blitz_01_a_01,Хлопушка!
loc_broker_female_b__blitz_01_a_02,Хлопушка!
loc_broker_female_b__blitz_01_a_03,Хлопушкапішла!
loc_broker_female_b__blitz_01_a_04,Кидаю пітарду!
loc_broker_female_b__blitz_01_a_05,Пітарда пішла!
loc_broker_female_b__blitz_01_a_06,Пітарда в польоті!
loc_broker_female_b__blitz_01_a_07,"Миттєве прикриття, тримайте!"
loc_broker_female_b__blitz_01_a_08,Сліплю гниляків!
loc_broker_female_b__blitz_02_a_01,Відійдіть. Подалі. Назад!
loc_broker_female_b__blitz_02_a_02,Вибуховий сюрприз!
loc_broker_female_b__blitz_02_a_03,Час зрівняти рахунок!
loc_broker_female_b__blitz_02_a_04,Усе стає краще з ракетами!
loc_broker_female_b__blitz_02_a_05,Провітрюю приміщення!
loc_broker_female_b__blitz_02_a_06,"Є саме те, що треба!"
loc_broker_female_b__blitz_02_a_07,Час на шоу!
loc_broker_female_b__blitz_02_a_08,Пора навести лад в цьому бардаку!
loc_broker_female_b__blitz_03_a_01,Хімбомба!
loc_broker_female_b__blitz_03_a_02,Хімбомба!
loc_broker_female_b__blitz_03_a_03,Хімбомба пішла!
loc_broker_female_b__blitz_03_a_04,Хімія! Люблю це!
loc_broker_female_b__blitz_03_a_05,Увага! Хімбомба!
loc_broker_female_b__blitz_03_a_06,Кидаю хімбомбу!
loc_broker_female_b__blitz_03_a_07,Хімбомба пішла!
loc_broker_female_b__blitz_03_a_08,Ловіть: хімбомба!
loc_broker_female_b__broker_bonding_conversation_07_b_01,Я свою роботу роблю. ДЕХТО з нас просто не любить випендрюватися.
loc_broker_female_b__broker_bonding_conversation_07_d_01,Моє слово — закон. Не те щоб ти про таке знав.
loc_broker_female_b__broker_bonding_conversation_08_b_01,Не можу сказати.
loc_broker_female_b__broker_bonding_conversation_08_d_01,"Знаю. Просто не можу сказати, ясно?"
loc_broker_female_b__broker_bonding_conversation_09_b_01,"У мене їх повно. Але за те, щоб ділитися, треба доплачувати."
loc_broker_female_b__broker_bonding_conversation_09_d_01,Тобі не по кишені.
loc_broker_female_b__broker_bonding_conversation_10_a_01,"Не відставай, га?"
loc_broker_female_b__broker_bonding_conversation_10_c_01,Це спірне питання.
loc_broker_female_b__broker_bonding_conversation_11_a_01,От що цікаво: хто платить Гнилякам.
loc_broker_female_b__broker_bonding_conversation_11_c_01,"Навіть не знаю, що гірше: бути божевільним чи бідним."
loc_broker_female_b__broker_bonding_conversation_12_a_01,Ніколи мені тут не подобалося.
loc_broker_female_b__broker_bonding_conversation_12_c_01,Просто я не сентиментальна.
loc_broker_female_b__broker_bonding_conversation_31_b_01,Тут не заперечую. Аби ти не став тягарем.
loc_broker_female_b__broker_bonding_conversation_31_d_01,Дехто пізно починає.
loc_broker_female_b__broker_bonding_conversation_32_b_01,"Якщо й було, ти ніколи не дізнаєшся."
loc_broker_female_b__broker_bonding_conversation_32_d_01,Найміцніша.
loc_broker_female_b__broker_bonding_conversation_33_b_01,"Якщо я помру, то хочу бачити постріл, який мене довбане."
loc_broker_female_b__broker_bonding_conversation_33_d_01,І добре.
loc_broker_female_b__broker_bonding_conversation_34_a_01,"Зосередься! Не хочу тут помирати через те, що ти розслабився."
loc_broker_female_b__broker_bonding_conversation_34_c_01,«Мило» — це не аргумент у справах.
loc_broker_female_b__broker_bonding_conversation_35_a_01,Ми збираємось тут цілий день копатись?
loc_broker_female_b__broker_bonding_conversation_35_c_01,"З таким темпом, як у тебе, мені простіше було б труп за собою тягати."
loc_broker_female_b__broker_bonding_conversation_36_a_01,Сюди б щось важче з озброєння.
loc_broker_female_b__broker_bonding_conversation_36_c_01,Я не нервую.
loc_broker_female_b__broker_bonding_conversation_61_b_01,"Мені, звісно, байдуже, але чому ти так кажеш?"
loc_broker_female_b__broker_bonding_conversation_61_d_01,Неважливо. Твоїх маніакальних посмішок вистачить на нас обох.
loc_broker_female_b__broker_bonding_conversation_62_b_01,Дякую. Мені і так нормально.
loc_broker_female_b__broker_bonding_conversation_62_d_01,Твоє «краще» мені не потрібне.
loc_broker_female_b__broker_bonding_conversation_63_b_01,Ти коли-небудь стримуєшся?
loc_broker_female_b__broker_bonding_conversation_63_d_01,Я щось таке й думала.
loc_broker_female_b__broker_bonding_conversation_64_a_01,Заспокойся. Ти накосячиш — нас усіх приб'ють.
loc_broker_female_b__broker_bonding_conversation_64_c_01,Ти нас усіх угробиш.
loc_broker_female_b__broker_bonding_conversation_65_a_01,"Ти ніколи не зупиняєшся, м?"
loc_broker_female_b__broker_bonding_conversation_65_c_01,"Гарний спосіб, щоб тобі мізки вибили."
loc_broker_female_b__broker_bonding_conversation_66_a_01,"Намагайся пам'ятати, що я на твоєму боці."
loc_broker_female_b__broker_bonding_conversation_66_c_01,"Краще б не треба. Якщо я тут помру, то не сама."
loc_broker_female_b__broker_bonding_conversation_67_b_01,Просто тримайся поруч. Не будемо їм полегшувати завдання.
loc_broker_female_b__broker_bonding_conversation_67_d_01,Помирати — це не весело.
loc_broker_female_b__broker_bonding_conversation_68_b_01,Що? Чому?
loc_broker_female_b__broker_bonding_conversation_68_d_01,У тебе проблеми.
loc_broker_female_b__broker_bonding_conversation_69_b_01,"Ти маєш на увазі, що всіх нас уб'єш. Ти ж не дуже перебираєш цілями."
loc_broker_female_b__broker_bonding_conversation_69_d_01,Це точно працює.
loc_broker_female_b__broker_bonding_conversation_70_a_01,"Не знаю, звідки в тебе енергія."
loc_broker_female_b__broker_bonding_conversation_70_c_01,Ні. Це не для мене.
loc_broker_female_b__broker_bonding_conversation_71_a_01,"Ніколи не бачила, щоб хтось так тринькав набої, як ти."
loc_broker_female_b__broker_bonding_conversation_71_c_01,"Так, але в потрібний час."
loc_broker_female_b__broker_bonding_conversation_72_a_01,Треба було тебе під замком залишити!
loc_broker_female_b__broker_bonding_conversation_72_c_01,Просто не плутайся під ногами.
loc_broker_female_b__broker_female_b_adamant_bonding_conversation_01_a_01,Щось ти не дуже говіркий.
loc_broker_female_b__broker_female_b_adamant_bonding_conversation_01_c_01,Я? Копіювати Щурика? Навряд чи.
loc_broker_female_b__broker_female_b_adamant_bonding_conversation_02_a_01,Тертіуму краще без Щуриків.
loc_broker_female_b__broker_female_b_adamant_bonding_conversation_02_c_01,"Хочеш звалити? Я не проти, дякую."
loc_broker_female_b__broker_female_b_adamant_bonding_conversation_03_a_01,"Просто дай мені привід, Щурику. Ну ж бо."
loc_broker_female_b__broker_female_b_adamant_bonding_conversation_03_c_01,"Ти мене боїшся, так?"
loc_broker_female_b__broker_female_b_adamant_bonding_conversation_04_b_01,Я не довіряю жодному Щурику.
loc_broker_female_b__broker_female_b_adamant_bonding_conversation_04_d_01,"Чого? А втім, неважливо. Мені байдуже."
loc_broker_female_b__broker_female_b_adamant_bonding_conversation_05_b_01,Я так не думаю.
loc_broker_female_b__broker_female_b_adamant_bonding_conversation_05_d_01,Серце розривається. Бу-гу-гу.
loc_broker_female_b__broker_female_b_adamant_bonding_conversation_06_b_01,Не я. Хіба що заплатиш.
loc_broker_female_b__broker_female_b_adamant_bonding_conversation_06_d_01,Я й не очікувала.
loc_broker_female_b__broker_female_b_adamant_bonding_conversation_07_a_01,"Знаєш, живою мене не візьмеш?"
loc_broker_female_b__broker_female_b_adamant_bonding_conversation_07_c_01,Стій... ти щойно пожартувала?
loc_broker_female_b__broker_female_b_adamant_bonding_conversation_08_a_01,"Ти мені тут не потрібен, Щур-поборнике."
loc_broker_female_b__broker_female_b_adamant_bonding_conversation_08_c_01,"Ах. Не знаю, чим я це заслужила."
loc_broker_female_b__broker_female_b_adamant_bonding_conversation_09_a_01,"Я за тобою слідкую, Щур-поборнике."
loc_broker_female_b__broker_female_b_adamant_bonding_conversation_09_c_01,Краще не кліпай. Щось пропустиш.
loc_broker_female_b__broker_female_b_adamant_bonding_conversation_10_b_01,Е? За що?
loc_broker_female_b__broker_female_b_adamant_bonding_conversation_10_d_01,Ясно. Це просто клята геніальність.
loc_broker_female_b__broker_female_b_adamant_bonding_conversation_11_b_01,Ясно. І навіщо тобі це?
loc_broker_female_b__broker_female_b_adamant_bonding_conversation_11_d_01,Продовжуй так думати.
loc_broker_female_b__broker_female_b_adamant_bonding_conversation_12_b_01,"Це що, занепокоєння в твоєму голосі?"
loc_broker_female_b__broker_female_b_adamant_bonding_conversation_12_d_01,Мило. Дуже мило.
loc_broker_female_b__broker_female_b_adamant_bonding_conversation_13_a_01,"Будь там, де я тебе бачу."
loc_broker_female_b__broker_female_b_adamant_bonding_conversation_13_c_01,Я не виконую наказів Щуриків.
loc_broker_female_b__broker_female_b_adamant_bonding_conversation_14_a_01,Ти все відстаєш. Спати хочеш?
loc_broker_female_b__broker_female_b_adamant_bonding_conversation_14_c_01,Тоді чому ти хропів?
loc_broker_female_b__broker_female_b_adamant_bonding_conversation_15_a_01,Твоя вбивча псина витріщається на мене.
loc_broker_female_b__broker_female_b_adamant_bonding_conversation_15_c_01,Я нічого не кажу. Ясно?
loc_broker_female_b__broker_female_b_adamant_bonding_conversation_16_b_01,Типовий Щур-поборник. Завжди корчиш із себе Леман Расса.
loc_broker_female_b__broker_female_b_adamant_bonding_conversation_16_d_01,Як скажеш.
loc_broker_female_b__broker_female_b_adamant_bonding_conversation_17_b_01,Ага. Дивлюсь на тебе — те саме думаю.
loc_broker_female_b__broker_female_b_adamant_bonding_conversation_17_d_01,Я теж так думала.
loc_broker_female_b__broker_female_b_adamant_bonding_conversation_18_b_01,"Сподіваюся, це зміниться. Немає вбивств — немає зарплати."
loc_broker_female_b__broker_female_b_adamant_bonding_conversation_18_d_01,Ага? Ніби твій «обов'язок» чимось кращий.
loc_broker_female_b__broker_female_b_adamant_bonding_conversation_19_a_01,"Я просто знаю, що ти вистрілиш мені в спину."
loc_broker_female_b__broker_female_b_adamant_bonding_conversation_19_c_01,Тобто ти цього не зробиш?
loc_broker_female_b__broker_female_b_adamant_bonding_conversation_20_a_01,Я навчилася ніколи не повертатися спиною до Щурика.
loc_broker_female_b__broker_female_b_adamant_bonding_conversation_20_c_01,"Можеш розраховувати на те, що я не здамся без бою."
loc_broker_female_b__broker_female_b_adamant_bonding_conversation_21_a_01,"До Гниляків просто не доходить, так?"
loc_broker_female_b__broker_female_b_adamant_bonding_conversation_21_c_01,"Гей! Я навчилася достатньо, щоб вижити."
loc_broker_female_b__broker_female_b_adamant_bonding_conversation_22_b_01,Незабаром вони зрозуміють.
loc_broker_female_b__broker_female_b_adamant_bonding_conversation_22_d_01,"Лише практичність. Ніщо так не вчить, як постріл у живіт."
loc_broker_female_b__broker_female_b_adamant_bonding_conversation_23_b_01,"На мить я подумала, що тобі не байдуже, жива я чи мертва."
loc_broker_female_b__broker_female_b_adamant_bonding_conversation_23_d_01,Хіба не так?
loc_broker_female_b__broker_female_b_adamant_bonding_conversation_24_b_01,"Нас усе одно, швидше за все, розчавлять. Нас трохи менше."
loc_broker_female_b__broker_female_b_adamant_bonding_conversation_24_d_01,"Ми ж не можемо цього допустити, правда?"
loc_broker_female_b__broker_female_b_adamant_bonding_conversation_25_a_01,"Ти вже занадто зла, навіть як для Щур-поборника."
loc_broker_female_b__broker_female_b_adamant_bonding_conversation_25_c_01,Жорстка... і дуже тупоголова.
loc_broker_female_b__broker_female_b_adamant_bonding_conversation_26_a_01,Зізнайся: тобі подобається вбивати.
loc_broker_female_b__broker_female_b_adamant_bonding_conversation_26_c_01,Це «так»?
loc_broker_female_b__broker_female_b_adamant_bonding_conversation_27_a_01,Ти не краща за мене.
loc_broker_female_b__broker_female_b_adamant_bonding_conversation_27_c_01,Ти все одно покидьок. Просто в уніформі.
loc_broker_female_b__broker_female_b_adamant_bonding_conversation_28_b_01,"Я б’юся, бо мені платять."
loc_broker_female_b__broker_female_b_adamant_bonding_conversation_28_d_01,"Не знаю, що тобі сказати."
loc_broker_female_b__broker_female_b_adamant_bonding_conversation_29_b_01,"І я цим пишаюсь. Значить, виживаю."
loc_broker_female_b__broker_female_b_adamant_bonding_conversation_29_d_01,Погрози при собі залиш.
loc_broker_female_b__broker_female_b_adamant_bonding_conversation_30_b_01,"Може, але до тебе ще далеко, Щур-поборнике."
loc_broker_female_b__broker_female_b_adamant_bonding_conversation_30_d_01,Та ні. Тобі є що доводити.
loc_broker_female_b__broker_female_b_adamant_bonding_conversation_31_a_01,"Ти ж не хочеш тут бути, так?"
loc_broker_female_b__broker_female_b_adamant_bonding_conversation_31_c_01,Тоді чому б тобі просто не піти?
loc_broker_female_b__broker_female_b_adamant_bonding_conversation_32_a_01,"Припини дивитися на мене так, ніби вирішуєш, куди всадити кулю."
loc_broker_female_b__broker_female_b_adamant_bonding_conversation_32_c_01,"О, як це заспокоює."
loc_broker_female_b__broker_female_b_adamant_bonding_conversation_33_a_01,"Просто пам'ятай, що я на твоєму боці."
loc_broker_female_b__broker_female_b_adamant_bonding_conversation_33_c_01,Мені вистачить.
loc_broker_female_b__broker_female_b_adamant_bonding_conversation_34_b_01,Не в цьому житті.
loc_broker_female_b__broker_female_b_adamant_bonding_conversation_34_d_01,Тоді я їх теж не виконуватиму.
loc_broker_female_b__broker_female_b_adamant_bonding_conversation_35_b_01,"То ми тепер загадуємо бажання, так? Ну, хай щастить."
loc_broker_female_b__broker_female_b_adamant_bonding_conversation_35_d_01,Завжди так.
loc_broker_female_b__broker_female_b_adamant_bonding_conversation_36_b_01,"І це добре. Значить, мені не доведеться терпіти твоє скиглення."
loc_broker_female_b__broker_female_b_adamant_bonding_conversation_36_d_01,Бачиш? Знову ти за своє.
loc_broker_female_b__broker_female_b_ogryn_bonding_conversation_01_a_01,"Ти там у порядку, Колодо?"
loc_broker_female_b__broker_female_b_ogryn_bonding_conversation_01_c_01,Точно? Ти ж стікаєш кров'ю.
loc_broker_female_b__broker_female_b_ogryn_bonding_conversation_02_a_01,"Не впевнена, що ти правильно цілишся."
loc_broker_female_b__broker_female_b_ogryn_bonding_conversation_02_c_01,"Не чекай, що вони віддячать тим самим."
loc_broker_female_b__broker_female_b_ogryn_bonding_conversation_03_a_01,Нам за це мало платять.
loc_broker_female_b__broker_female_b_ogryn_bonding_conversation_03_c_01,"Ти ж це серйозно, так?"
loc_broker_female_b__broker_female_b_ogryn_bonding_conversation_04_b_01,"Можу спробувати, але ж пальці Оґрина..."
loc_broker_female_b__broker_female_b_ogryn_bonding_conversation_04_d_01,Зі стрілецькою справою — так собі.
loc_broker_female_b__broker_female_b_ogryn_bonding_conversation_05_b_01,Тільки якщо ти повний психопат.
loc_broker_female_b__broker_female_b_ogryn_bonding_conversation_05_d_01,"Не впевнена, що це так працює."
loc_broker_female_b__broker_female_b_ogryn_bonding_conversation_06_b_01,"Ти досить вправний, звісно. Але найкращий? Навряд."
loc_broker_female_b__broker_female_b_ogryn_bonding_conversation_06_d_01,Для початку маєш бути кращим за мене.
loc_broker_female_b__broker_female_b_ogryn_bonding_conversation_07_a_01,Чому ти завжди такий похмурий?
loc_broker_female_b__broker_female_b_ogryn_bonding_conversation_07_c_01,Як тобі може бути нудно? Гниляки намагаються нас убити!
loc_broker_female_b__broker_female_b_ogryn_bonding_conversation_08_a_01,"Прикриєш мене, Колодо?"
loc_broker_female_b__broker_female_b_ogryn_bonding_conversation_08_c_01,Я мала на увазі «прикрийте вогнем».
loc_broker_female_b__broker_female_b_ogryn_bonding_conversation_09_a_01,"Не найкмітливіший, так, Колодо?"
loc_broker_female_b__broker_female_b_ogryn_bonding_conversation_09_c_01,Кожен у чомусь сильний.
loc_broker_female_b__broker_female_b_ogryn_bonding_conversation_10_b_01,Зараз? Хіба ми не трохи зайняті для цього?
loc_broker_female_b__broker_female_b_ogryn_bonding_conversation_10_d_01,Зате Гниляків повно. Даю тобі право першого пострілу.
loc_broker_female_b__broker_female_b_ogryn_bonding_conversation_11_b_01,Ага? Чому це?
loc_broker_female_b__broker_female_b_ogryn_bonding_conversation_11_d_01,"Що ж, ще одна моторошна думка в скарбничку."
loc_broker_female_b__broker_female_b_ogryn_bonding_conversation_12_b_01,"Мені подобається, як ти думаєш, Колодо!"
loc_broker_female_b__broker_female_b_ogryn_bonding_conversation_12_d_01,"Якщо ти так хочеш, то звичайно."
loc_broker_female_b__broker_female_b_ogryn_bonding_conversation_13_a_01,"Тримайся ближче, Колодо!"
loc_broker_female_b__broker_female_b_ogryn_bonding_conversation_13_c_01,"Можливо, мені доведеться використати тебе як укриття."
loc_broker_female_b__broker_female_b_ogryn_bonding_conversation_14_a_01,"Насичений день! Такі дні я люблю закінчувати квартою сивухи. Ти зі мною, Колодо?"
loc_broker_female_b__broker_female_b_ogryn_bonding_conversation_14_c_01,"Ага, ель такий густий, що його можна жувати."
loc_broker_female_b__broker_female_b_ogryn_bonding_conversation_15_a_01,Ти там не відходь нікуди.
loc_broker_female_b__broker_female_b_ogryn_bonding_conversation_15_c_01,"[Зітхання] Добре. Просто тримайся біля мене, га?"
loc_broker_female_b__broker_female_b_ogryn_bonding_conversation_16_b_01,Ти ЗНОВУ голодний?
loc_broker_female_b__broker_female_b_ogryn_bonding_conversation_16_d_01,"Тоді треба тебе підгодувати, га?"
loc_broker_female_b__broker_female_b_ogryn_bonding_conversation_17_b_01,Намагайся на мене не наступити.
loc_broker_female_b__broker_female_b_ogryn_bonding_conversation_17_d_01,[Зітхання]
loc_broker_female_b__broker_female_b_ogryn_bonding_conversation_18_b_01,Дуже схоже на те. Ти не дуже ухиляєшся.
loc_broker_female_b__broker_female_b_ogryn_bonding_conversation_18_d_01,"А тепер ще й голова болить. Бачиш, як воно працює?"
loc_broker_female_b__broker_female_b_ogryn_bonding_conversation_19_a_01,Ти мене не лякаєш.
loc_broker_female_b__broker_female_b_ogryn_bonding_conversation_19_c_01,"Для цього потрібно щось більше, ніж гарчання."
loc_broker_female_b__broker_female_b_ogryn_bonding_conversation_20_a_01,"Не дуже ти командний гравець, так?"
loc_broker_female_b__broker_female_b_ogryn_bonding_conversation_20_c_01,"Але ти ж усе одно вб'єш кількох Гниляків, правда?"
loc_broker_female_b__broker_female_b_ogryn_bonding_conversation_21_a_01,Гниляки сьогодні жваві.
loc_broker_female_b__broker_female_b_ogryn_bonding_conversation_21_c_01,"Бачу, ти філософ."
loc_broker_female_b__broker_female_b_ogryn_bonding_conversation_22_b_01,"Проблеми, Колодо?"
loc_broker_female_b__broker_female_b_ogryn_bonding_conversation_22_d_01,Ага. Зовсім неспортивно.
loc_broker_female_b__broker_female_b_ogryn_bonding_conversation_23_b_01,"Шкода, адже ти такий милий."
loc_broker_female_b__broker_female_b_ogryn_bonding_conversation_23_d_01,"Упевнена, я б не наважилася."
loc_broker_female_b__broker_female_b_ogryn_bonding_conversation_24_b_01,Ти завжди злий.
loc_broker_female_b__broker_female_b_ogryn_bonding_conversation_24_d_01,Я в це ні на секунду не вірю.
loc_broker_female_b__broker_female_b_psyker_bonding_conversation_01_a_01,Ти не створений для цього.
loc_broker_female_b__broker_female_b_psyker_bonding_conversation_01_c_01,"Тільки не дай мені померти, зрозуміло?"
loc_broker_female_b__broker_female_b_psyker_bonding_conversation_02_a_01,Псайкери завжди погано кінчають.
loc_broker_female_b__broker_female_b_psyker_bonding_conversation_02_c_01,"О, це СМЕРТЕЛЬНО заспокоює."
loc_broker_female_b__broker_female_b_psyker_bonding_conversation_03_a_01,"Можеш не здригатися щоразу, як я натискаю на гачок?"
loc_broker_female_b__broker_female_b_psyker_bonding_conversation_03_c_01,Будеш здригатися — точно прилетить у твій бік.
loc_broker_female_b__broker_female_b_psyker_bonding_conversation_04_b_01,Я щось пропустила? Хіба ти не робиш теж саме?
loc_broker_female_b__broker_female_b_psyker_bonding_conversation_04_d_01,Але ти все одно це робиш…
loc_broker_female_b__broker_female_b_psyker_bonding_conversation_05_b_01,Добре чути. Ти мене дратував від самого початку.
loc_broker_female_b__broker_female_b_psyker_bonding_conversation_05_d_01,Для початку можеш просто замовкнути.
loc_broker_female_b__broker_female_b_psyker_bonding_conversation_06_b_01,Ні. У них для цього не вистачає дисципліни.
loc_broker_female_b__broker_female_b_psyker_bonding_conversation_06_d_01,"Якщо це правда, то справи в них кепські."
loc_broker_female_b__broker_female_b_psyker_bonding_conversation_07_a_01,Ти спробуєш зосередитися?
loc_broker_female_b__broker_female_b_psyker_bonding_conversation_07_c_01,Ніщо не вбиває швидше за це.
loc_broker_female_b__broker_female_b_psyker_bonding_conversation_08_a_01,Трохи дисципліни — і з тобою все буде гаразд.
loc_broker_female_b__broker_female_b_psyker_bonding_conversation_08_c_01,І він усе одно відправив тебе сюди?
loc_broker_female_b__broker_female_b_psyker_bonding_conversation_09_a_01,"Ти ж не вибухнеш, га?"
loc_broker_female_b__broker_female_b_psyker_bonding_conversation_09_c_01,"Ти жартуєш, так?"
loc_broker_female_b__broker_female_b_psyker_bonding_conversation_10_b_01,"Я в цьому вправна. Немає нічого поганого в тому, щоб отримувати від цього задоволення."
loc_broker_female_b__broker_female_b_psyker_bonding_conversation_10_d_01,У мені немає нічого божевільного. Мені краще знати.
loc_broker_female_b__broker_female_b_psyker_bonding_conversation_11_b_01,Не я. Конклав мене прикриває.
loc_broker_female_b__broker_female_b_psyker_bonding_conversation_11_d_01,"Ага? Ну, гадаю, це буде цікавий день."
loc_broker_female_b__broker_female_b_psyker_bonding_conversation_12_b_01,"Не можу сказати, що не помітила."
loc_broker_female_b__broker_female_b_psyker_bonding_conversation_12_d_01,Ага. Байдуже.
loc_broker_female_b__broker_female_b_psyker_bonding_conversation_13_a_01,"Не дуже ти схожий на професійного бійця, так?"
loc_broker_female_b__broker_female_b_psyker_bonding_conversation_13_c_01,"Не думаю, що ти хотів би навчитися?"
loc_broker_female_b__broker_female_b_psyker_bonding_conversation_14_a_01,Зберися! Ти нас усіх угробиш!
loc_broker_female_b__broker_female_b_psyker_bonding_conversation_14_c_01,Не слухай його. Слухай МЕНЕ!
loc_broker_female_b__broker_female_b_psyker_bonding_conversation_15_a_01,"Ти нікчемний, знаєш?"
loc_broker_female_b__broker_female_b_psyker_bonding_conversation_15_c_01,Тоді на що ТИ здатний?
loc_broker_female_b__broker_female_b_psyker_bonding_conversation_16_b_01,"Не недооцінюй мене. Я вмію виживати, бачиш?"
loc_broker_female_b__broker_female_b_psyker_bonding_conversation_16_d_01,Я не питала.
loc_broker_female_b__broker_female_b_psyker_bonding_conversation_17_b_01,Краще не перейматися цим. Просто тримай очі розплющеними.
loc_broker_female_b__broker_female_b_psyker_bonding_conversation_17_d_01,[Стиха] Ніколи не треба було на це підписуватися...
loc_broker_female_b__broker_female_b_psyker_bonding_conversation_18_b_01,Бо може.
loc_broker_female_b__broker_female_b_psyker_bonding_conversation_18_d_01,"Станьте далі, будь ласка."
loc_broker_female_b__broker_female_b_psyker_bonding_conversation_19_a_01,Ти бачив себе? Чому ти взагалі тут?
loc_broker_female_b__broker_female_b_psyker_bonding_conversation_19_c_01,"Ага? Він безжальний, чи не так?"
loc_broker_female_b__broker_female_b_psyker_bonding_conversation_20_a_01,"Тобі треба заспокоїтися, інакше нас усіх прикінчать!"
loc_broker_female_b__broker_female_b_psyker_bonding_conversation_20_c_01,Ага. І більшість цього шуму створюєш саме ти!
loc_broker_female_b__broker_female_b_psyker_bonding_conversation_21_a_01,Псайкери не створені для такої роботи.
loc_broker_female_b__broker_female_b_psyker_bonding_conversation_21_c_01,"Не велика втіха, чи не так?"
loc_broker_female_b__broker_female_b_psyker_bonding_conversation_22_b_01,Він правий. За твою голову нагороди немає. Поки що.
loc_broker_female_b__broker_female_b_psyker_bonding_conversation_22_d_01,Усе завжди може змінитися.
loc_broker_female_b__broker_female_b_psyker_bonding_conversation_23_b_01,"Не можу сказати, що помітила. Тут унизу все смердить."
loc_broker_female_b__broker_female_b_psyker_bonding_conversation_23_d_01,"Треба визнати, я намагалася про них не думати."
loc_broker_female_b__broker_female_b_psyker_bonding_conversation_24_b_01,Я — так. За тебе не скажу.
loc_broker_female_b__broker_female_b_psyker_bonding_conversation_24_d_01,Краще не давай нам обом приводу це з'ясовувати.
loc_broker_female_b__broker_female_b_psyker_bonding_conversation_25_a_01,"Ти впевнений, що ми раніше не перетиналися?"
loc_broker_female_b__broker_female_b_psyker_bonding_conversation_25_c_01,"Ха! Немає такої камери, яка б мене втримала."
loc_broker_female_b__broker_female_b_psyker_bonding_conversation_26_a_01,"Поглянь на себе, колишній силовик, а я тут за власним бажанням."
loc_broker_female_b__broker_female_b_psyker_bonding_conversation_26_c_01,"Я, наприклад."
loc_broker_female_b__broker_female_b_psyker_bonding_conversation_27_a_01,"Ти себе стримуєш, чи не так?"
loc_broker_female_b__broker_female_b_psyker_bonding_conversation_27_c_01,Не знаю. Мені підходить.
loc_broker_female_b__broker_female_b_psyker_bonding_conversation_28_b_01,Не на мене дивись. Я й мої думки — це наша справа.
loc_broker_female_b__broker_female_b_psyker_bonding_conversation_28_d_01,"Такий уже світ, га?"
loc_broker_female_b__broker_female_b_psyker_bonding_conversation_29_b_01,"Я не можу запропонувати їм нічого, крім смерті."
loc_broker_female_b__broker_female_b_psyker_bonding_conversation_29_d_01,Не моя проблема.
loc_broker_female_b__broker_female_b_psyker_bonding_conversation_30_b_01,Кого хвилюють шпилі. Нічого цінного там немає.
loc_broker_female_b__broker_female_b_psyker_bonding_conversation_30_d_01,А. Слушна думка.
loc_broker_female_b__broker_female_b_psyker_bonding_conversation_31_a_01,Ти сам міг би стати мисливцем.
loc_broker_female_b__broker_female_b_psyker_bonding_conversation_31_c_01,Кожен у чомусь винен.
loc_broker_female_b__broker_female_b_psyker_bonding_conversation_32_a_01,Ти не маєш права мене судити.
loc_broker_female_b__broker_female_b_psyker_bonding_conversation_32_c_01,Нехай спробують. А поки що в мене є робота.
loc_broker_female_b__broker_female_b_psyker_bonding_conversation_33_a_01,Тиша довго не триматиметься.
loc_broker_female_b__broker_female_b_psyker_bonding_conversation_33_c_01,Більше трупів — більша виплата. Все просто.
loc_broker_female_b__broker_female_b_psyker_bonding_conversation_34_b_01,Мені платять. А задоволення — це таке.
loc_broker_female_b__broker_female_b_psyker_bonding_conversation_34_d_01,Тоді не морочи голову питаннями.
loc_broker_female_b__broker_female_b_psyker_bonding_conversation_35_b_01,"Ми зовсім не схожі. Інакше б Інквізиція з нами не працювала, чи не так?"
loc_broker_female_b__broker_female_b_psyker_bonding_conversation_35_d_01,Яка ж ти зануда.
loc_broker_female_b__broker_female_b_psyker_bonding_conversation_36_b_01,Не протримається. Якщо не боротись.
loc_broker_female_b__broker_female_b_psyker_bonding_conversation_36_d_01,"Ну... все одно нічого кращого нема, правда?"
loc_broker_female_b__broker_female_b_veteran_bonding_conversation_01_a_01,Я тут не щоб прикривати твої косяки.
loc_broker_female_b__broker_female_b_veteran_bonding_conversation_01_c_01,Тоді звідки ці шрами?
loc_broker_female_b__broker_female_b_veteran_bonding_conversation_02_a_01,Ти хоч намагаєшся цілитися?
loc_broker_female_b__broker_female_b_veteran_bonding_conversation_02_c_01,Тобі варто сказати про це Техножерцю.
loc_broker_female_b__broker_female_b_veteran_bonding_conversation_03_a_01,"Тримайся, і я триматимусь поруч."
loc_broker_female_b__broker_female_b_veteran_bonding_conversation_03_c_01,Ми всі різні.
loc_broker_female_b__broker_female_b_veteran_bonding_conversation_04_b_01,Домовилися.
loc_broker_female_b__broker_female_b_veteran_bonding_conversation_04_d_01,"Це не назавжди, тож бери максимум."
loc_broker_female_b__broker_female_b_veteran_bonding_conversation_05_b_01,Якби це було б легко — прислали б когось іншого.
loc_broker_female_b__broker_female_b_veteran_bonding_conversation_05_d_01,Не поспішай із висновками.
loc_broker_female_b__broker_female_b_veteran_bonding_conversation_06_b_01,"Легкого життя шукаєш, Рубака?"
loc_broker_female_b__broker_female_b_veteran_bonding_conversation_06_d_01,Ні. Життя не робить поблажок.
loc_broker_female_b__broker_female_b_veteran_bonding_conversation_13_a_01,Ти точно солдат?
loc_broker_female_b__broker_female_b_veteran_bonding_conversation_13_c_01,На біса тобі це?
loc_broker_female_b__broker_female_b_veteran_bonding_conversation_14_a_01,Тобі б краще не відставати.
loc_broker_female_b__broker_female_b_veteran_bonding_conversation_14_c_01,У тебе є репутація.
loc_broker_female_b__broker_female_b_veteran_bonding_conversation_15_a_01,Якщо гнильці відкрились — пробивайся.
loc_broker_female_b__broker_female_b_veteran_bonding_conversation_15_c_01,Надаю підтримку.
loc_broker_female_b__broker_female_b_veteran_bonding_conversation_16_b_01,Не буде якщо це від мене залежатиме. Мигнеш — пропустиш.
loc_broker_female_b__broker_female_b_veteran_bonding_conversation_16_d_01,А ти ні?
loc_broker_female_b__broker_female_b_veteran_bonding_conversation_17_b_01,У тебе багато друзів?
loc_broker_female_b__broker_female_b_veteran_bonding_conversation_17_d_01,Ага. Ти не помиляєшся.
loc_broker_female_b__broker_female_b_veteran_bonding_conversation_18_b_01,Мені плювати що він думає.
loc_broker_female_b__broker_female_b_veteran_bonding_conversation_18_d_01,Ха. Тягар лідерства.
loc_broker_female_b__broker_female_b_veteran_bonding_conversation_19_a_01,"Ти впевнений, що служив у Гвардії?"
loc_broker_female_b__broker_female_b_veteran_bonding_conversation_19_c_01,Знаючи тебе — увагу.
loc_broker_female_b__broker_female_b_veteran_bonding_conversation_20_a_01,"Б’єшся як гарматне м’ясо, але говориш як щось інше."
loc_broker_female_b__broker_female_b_veteran_bonding_conversation_20_c_01,"Занадто крутий для них, га?"
loc_broker_female_b__broker_female_b_veteran_bonding_conversation_21_a_01,Гниляки сьогодні жваві.
loc_broker_female_b__broker_female_b_veteran_bonding_conversation_21_c_01,Обережно з такими словами. Бувало й дивніше.
loc_broker_female_b__broker_female_b_veteran_bonding_conversation_22_b_01,Гниляки захопили найкращі місця. «Притулок Шейді». «Різник»...
loc_broker_female_b__broker_female_b_veteran_bonding_conversation_22_d_01,Звучить як план.
loc_broker_female_b__broker_female_b_veteran_bonding_conversation_23_b_01,Ризикую лише життям. Ніколи грошима.
loc_broker_female_b__broker_female_b_veteran_bonding_conversation_23_d_01,Ну... вдалого полювання.
loc_broker_female_b__broker_female_b_veteran_bonding_conversation_24_b_01,"Може, це просто затишшя. Тримай очі розплющеними."
loc_broker_female_b__broker_female_b_veteran_bonding_conversation_24_d_01,"Поки не перестане бути, а тоді нас усіх прикінчать."
loc_broker_female_b__broker_female_b_veteran_bonding_conversation_25_a_01,"Ти мені подобаєшся. Жодних дурниць, тільки вбивства."
loc_broker_female_b__broker_female_b_veteran_bonding_conversation_25_c_01,"І все ж, час від часу треба робити передишку, інакше з'їдеш з глузду."
loc_broker_female_b__broker_female_b_veteran_bonding_conversation_26_a_01,"Я тобі не подобаюсь, хм?"
loc_broker_female_b__broker_female_b_veteran_bonding_conversation_26_c_01,Навіть коли б’ємось на одному боці?
loc_broker_female_b__broker_female_b_veteran_bonding_conversation_27_a_01,Не вражає.
loc_broker_female_b__broker_female_b_veteran_bonding_conversation_27_c_01,"Ага. Дуже добре. Дуже стоїчно. Цікаво, що ти приховуєш."
loc_broker_female_b__broker_female_b_veteran_bonding_conversation_28_b_01,"Із задоволенням. Останнє, що мені потрібно, — це куля від тебе."
loc_broker_female_b__broker_female_b_veteran_bonding_conversation_28_d_01,"Слушна думка, але це не головна моя турбота."
loc_broker_female_b__broker_female_b_veteran_bonding_conversation_29_b_01,Як щодо невеликого вогневого прикриття? Це б допомогло.
loc_broker_female_b__broker_female_b_veteran_bonding_conversation_29_d_01,Дякую. Це паскудно щедро.
loc_broker_female_b__broker_female_b_veteran_bonding_conversation_30_b_01,"Не хвилюйся за мене, я завжди віддаю борги. Але я не планую скоро помирати."
loc_broker_female_b__broker_female_b_veteran_bonding_conversation_30_d_01,Ти справжній чарівник.
loc_broker_female_b__broker_female_b_zealot_bonding_conversation_01_a_01,"Ти справді думаєш, що ти якийсь особливий, так?"
loc_broker_female_b__broker_female_b_zealot_bonding_conversation_01_c_01,Ага. Завжди треба остерігатися саме скромників.
loc_broker_female_b__broker_female_b_zealot_bonding_conversation_02_a_01,Ніколи не мала багато часу на проповідників.
loc_broker_female_b__broker_female_b_zealot_bonding_conversation_02_c_01,А який сенс? Ми всі тут помремо.
loc_broker_female_b__broker_female_b_zealot_bonding_conversation_03_a_01,Ти недбалий боєць.
loc_broker_female_b__broker_female_b_zealot_bonding_conversation_03_c_01,То ось чому ти мені ледь голову не зніс? Мило.
loc_broker_female_b__broker_female_b_zealot_bonding_conversation_04_b_01,"Прибережи дихання, але стеж за кутами й тримай зброю напоготові."
loc_broker_female_b__broker_female_b_zealot_bonding_conversation_04_d_01,"Судячи з того, що я бачила досі, — ні."
loc_broker_female_b__broker_female_b_zealot_bonding_conversation_05_b_01,"Так завжди кажуть ті, кому немає чого цінувати."
loc_broker_female_b__broker_female_b_zealot_bonding_conversation_05_d_01,"Жодних шансів. Життя для того, щоб жити."
loc_broker_female_b__broker_female_b_zealot_bonding_conversation_06_b_01,"А якщо не вийде, ми про це ніколи не дізнаємося."
loc_broker_female_b__broker_female_b_zealot_bonding_conversation_06_d_01,"Єдине, що в мене є."
loc_broker_female_b__broker_female_b_zealot_bonding_conversation_07_a_01,Ти не кращий за мене.
loc_broker_female_b__broker_female_b_zealot_bonding_conversation_07_c_01,"Не словами, ні. Але це написано в тебе на обличчі."
loc_broker_female_b__broker_female_b_zealot_bonding_conversation_08_a_01,"Мабуть, тебе вбиває бути тут, унизу, з нами, покидьками."
loc_broker_female_b__broker_female_b_zealot_bonding_conversation_08_c_01,"Я так і знала! Ти тут тільки тому, що в тебе немає вибору."
loc_broker_female_b__broker_female_b_zealot_bonding_conversation_09_a_01,"Не попадайся мені, коли халтуриш."
loc_broker_female_b__broker_female_b_zealot_bonding_conversation_09_c_01,Гей! Я роблю свою частину. Просто я не випендрююся...
loc_broker_female_b__broker_female_b_zealot_bonding_conversation_10_b_01,"Мені не потрібно, щоб ти мені це казав."
loc_broker_female_b__broker_female_b_zealot_bonding_conversation_10_d_01,Тоді тобі потрібні нові очі.
loc_broker_female_b__broker_female_b_zealot_bonding_conversation_11_b_01,"Кумедно чути, як ти говориш про точність."
loc_broker_female_b__broker_female_b_zealot_bonding_conversation_11_d_01,"Тільки те, що я бачила, як ти цілишся."
loc_broker_female_b__broker_female_b_zealot_bonding_conversation_12_b_01,"Я ніколи. Не можна заробити, якщо ховаєшся."
loc_broker_female_b__broker_female_b_zealot_bonding_conversation_12_d_01,Ага. Що б там тобі не допомагало пережити день.
loc_broker_female_b__broker_female_b_zealot_bonding_conversation_13_a_01,"Гей! Полегше, Язикатий. Залиш трохи і іншим!"
loc_broker_female_b__broker_female_b_zealot_bonding_conversation_13_c_01,"Головне — не забудь, що я на твоєму боці."
loc_broker_female_b__broker_female_b_zealot_bonding_conversation_14_a_01,Краще б за це добре заплатили в кінці.
loc_broker_female_b__broker_female_b_zealot_bonding_conversation_14_c_01,Я вбиваю. Мені платять. Так це працює.
loc_broker_female_b__broker_female_b_zealot_bonding_conversation_15_a_01,Ти б добре вписався в Картелі.
loc_broker_female_b__broker_female_b_zealot_bonding_conversation_15_c_01,"Я думала, що ти радше войовничий, упертий і повен вад."
loc_broker_female_b__broker_female_b_zealot_bonding_conversation_16_b_01,"Ха! Милосердя коштує додатково, і не думаю, що хтось за це платить."
loc_broker_female_b__broker_female_b_zealot_bonding_conversation_16_d_01,"Поглянь на нас, погоджуємося в чомусь."
loc_broker_female_b__broker_female_b_zealot_bonding_conversation_17_b_01,"Твій вибір. Хочеш трохи подрімати, вперед."
loc_broker_female_b__broker_female_b_zealot_bonding_conversation_17_d_01,Я цього не казала.
loc_broker_female_b__broker_female_b_zealot_bonding_conversation_18_b_01,"І ганьба ТОБІ за те, що змушуєш мене працювати безкоштовно, зменшуючи мій заробіток."
loc_broker_female_b__broker_female_b_zealot_bonding_conversation_18_d_01,"Їхні нікчемні монети — ніщо порівняно з тим, що Картель відкладає для мене."
loc_broker_female_b__broker_female_b_zealot_bonding_conversation_19_a_01,"Ти той ще маніяк, ге?"
loc_broker_female_b__broker_female_b_zealot_bonding_conversation_19_c_01,"Забагато слів, щоб сказати «так»."
loc_broker_female_b__broker_female_b_zealot_bonding_conversation_20_a_01,"Мушу визнати: б’єшся так, наче тобі платять."
loc_broker_female_b__broker_female_b_zealot_bonding_conversation_20_c_01,"Можеш здохнути, перш ніж отримаєш."
loc_broker_female_b__broker_female_b_zealot_bonding_conversation_21_a_01,"Якби не знала краще, подумала б, що ти смерті прагнеш."
loc_broker_female_b__broker_female_b_zealot_bonding_conversation_21_c_01,Як він відволічеться — зловиш страшного ляща.
loc_broker_female_b__broker_female_b_zealot_bonding_conversation_22_b_01,Пристрасть тебе вб'є.
loc_broker_female_b__broker_female_b_zealot_bonding_conversation_22_d_01,"Поки я ще дихаю, так."
loc_broker_female_b__broker_female_b_zealot_bonding_conversation_23_b_01,Не треба тобі таких бажань.
loc_broker_female_b__broker_female_b_zealot_bonding_conversation_23_d_01,Ні. Але куль на всіх не вистачить.
loc_broker_female_b__broker_female_b_zealot_bonding_conversation_24_b_01,"Так, але я не отримаю грошей, поки робота не буде виконана."
loc_broker_female_b__broker_female_b_zealot_bonding_conversation_24_d_01,Ні. Вони гратимуть чесно. Або я їх змушу.
loc_broker_female_b__broker_female_b_zealot_bonding_conversation_25_a_01,Ти не вписуєшся тут.
loc_broker_female_b__broker_female_b_zealot_bonding_conversation_25_c_01,Будь чесним: ти б краще «вибивав» зізнання з якогось дворянина.
loc_broker_female_b__broker_female_b_zealot_bonding_conversation_26_a_01,"Будь чемним, і, можливо, я поговорю з Конклавом. Введу тебе в долю."
loc_broker_female_b__broker_female_b_zealot_bonding_conversation_26_c_01,"Праведники помирають бідними, ось що я кажу."
loc_broker_female_b__broker_female_b_zealot_bonding_conversation_27_a_01,"Тримай голову нижче, бо відстрілять!"
loc_broker_female_b__broker_female_b_zealot_bonding_conversation_27_c_01,"Як хочеш, але потім скажу: «Я ж попереджала»."
loc_broker_female_b__broker_female_b_zealot_bonding_conversation_28_b_01,У кожного свій спосіб пережити це.
loc_broker_female_b__broker_female_b_zealot_bonding_conversation_28_d_01,"Я спробую згадати про це, коли буду жити як королева."
loc_broker_female_b__broker_female_b_zealot_bonding_conversation_29_b_01,"Після того, як він тобі всипав по вінця, в нього навряд чи щось лишилось."
loc_broker_female_b__broker_female_b_zealot_bonding_conversation_29_d_01,Ага. Інакше ніяк.
loc_broker_female_b__broker_female_b_zealot_bonding_conversation_30_b_01,"Скромний, правда?"
loc_broker_female_b__broker_female_b_zealot_bonding_conversation_30_d_01,Як скажеш.
loc_broker_female_b__broker_female_b_zealot_bonding_conversation_31_a_01,Тут ніколи не бракує мішеней.
loc_broker_female_b__broker_female_b_zealot_bonding_conversation_31_c_01,"Добре, що в мене є рішення: прямо між очей."
loc_broker_female_b__broker_female_b_zealot_bonding_conversation_32_a_01,"Ти мені подобаєшся: зверху пристойний, а всередині — справжній психопат."
loc_broker_female_b__broker_female_b_zealot_bonding_conversation_32_c_01,"Я не скаржилася. Одне задоволення дивитися, як ти працюєш."
loc_broker_female_b__broker_female_b_zealot_bonding_conversation_33_a_01,"Коли це все закінчиться, я буду забезпечена на все життя."
loc_broker_female_b__broker_female_b_zealot_bonding_conversation_33_c_01,"Тобі не зрозуміти. У нас тут, унизу, свій кодекс."
loc_broker_female_b__broker_female_b_zealot_bonding_conversation_34_b_01,"Я б із задоволенням, але воно не завжди сюди доходить."
loc_broker_female_b__broker_female_b_zealot_bonding_conversation_34_d_01,"Не впевнена, що хочу осліпнути, насправді."
loc_broker_female_b__broker_female_b_zealot_bonding_conversation_35_b_01,Слова нічого не змінять.
loc_broker_female_b__broker_female_b_zealot_bonding_conversation_35_d_01,"Як на мене, це схоже на самоздійснюване пророцтво."
loc_broker_female_b__broker_female_b_zealot_bonding_conversation_36_b_01,"Мило з твого боку, але не думаю, що це твоя справа."
loc_broker_female_b__broker_female_b_zealot_bonding_conversation_36_d_01,"[Хмикає] Мені не потрібно ні те, ні інше."
loc_broker_female_b__broker_seen_killstreak_adamant_01,"Відриваєшся, Щур-поборникику?"
loc_broker_female_b__broker_seen_killstreak_adamant_02,"Увійшов у смак убивств, Щур-поборнике?"
loc_broker_female_b__broker_seen_killstreak_adamant_03,"Пригальмуй, Арбітре! Це не перегони!"
loc_broker_female_b__broker_seen_killstreak_adamant_04,Щур-поборник відзначився!
loc_broker_female_b__broker_seen_killstreak_broker_01,"Гарно ідеш, Корешу!"
loc_broker_female_b__broker_seen_killstreak_broker_02,"Повбивай їх усіх, Корешу!"
loc_broker_female_b__broker_seen_killstreak_broker_03,Оце справжній конклавський прибиральник натовпів!
loc_broker_female_b__broker_seen_killstreak_broker_04,Вбивства по-конклавськи!
loc_broker_female_b__broker_seen_killstreak_ogryn_01,Для різанини краще за всіх — Оґрин.
loc_broker_female_b__broker_seen_killstreak_ogryn_02,Колода пішов в рознос!
loc_broker_female_b__broker_seen_killstreak_ogryn_03,"Давай, Колода!"
loc_broker_female_b__broker_seen_killstreak_ogryn_04,"Подивіться, як того Оґрина пре!"
loc_broker_female_b__broker_seen_killstreak_psyker_01,Псайкер теж вміє вбивати. Хто б подумав.
loc_broker_female_b__broker_seen_killstreak_psyker_02,Дьорґаний хоче щось комусь довести.
loc_broker_female_b__broker_seen_killstreak_psyker_03,"Рахунки зводиш, Дьорґаний?"
loc_broker_female_b__broker_seen_killstreak_psyker_04,"Вони тобі винні, Псайкере?"
loc_broker_female_b__broker_seen_killstreak_veteran_01,Рубака там робить добрі справи.
loc_broker_female_b__broker_seen_killstreak_veteran_02,"Чудова робота, Ветеране."
loc_broker_female_b__broker_seen_killstreak_veteran_03,"Маєш хист, Ветеране."
loc_broker_female_b__broker_seen_killstreak_veteran_04,"Гарна робота, Ветеране."
loc_broker_female_b__broker_seen_killstreak_zealot_01,"Свята робота, Язикатий. Свята."
loc_broker_female_b__broker_seen_killstreak_zealot_02,"Ніщо не спиняє того Бузувіра, коли його пре!"
loc_broker_female_b__broker_seen_killstreak_zealot_03,"Гарна різанина, Бузувіре!"
loc_broker_female_b__broker_seen_killstreak_zealot_04,"Продовжуй сипати трупами, Язикатий!"
loc_broker_female_b__broker_start_revive_adamant_01,Ото вам і «залізна дисципліна» Щур-поборника.
loc_broker_female_b__broker_start_revive_adamant_02,"Це не значить, що ти мені подобаєшся."
loc_broker_female_b__broker_start_revive_adamant_03,"Рада, що я тут, га?"
loc_broker_female_b__broker_start_revive_adamant_04,Я це запам’ятаю.
loc_broker_female_b__broker_start_revive_adamant_05,"Як тобі виглядає Закон звідти, знизу?"
loc_broker_female_b__broker_start_revive_broker_01,"Не підводиш команду, га?"
loc_broker_female_b__broker_start_revive_broker_02,"Дивись, куди преш."
loc_broker_female_b__broker_start_revive_broker_03,"Гарно тебе піймали, га?"
loc_broker_female_b__broker_start_revive_broker_04,Так ОТ чому я вам потрібна.
loc_broker_female_b__broker_start_revive_broker_05,"Ти ж не закінчив, правда?"
loc_broker_female_b__broker_start_revive_ogryn_01,"Вставай, парубче."
loc_broker_female_b__broker_start_revive_ogryn_02,"А ти здоровило, знаєш?"
loc_broker_female_b__broker_start_revive_ogryn_03,Тут не час байдикувати.
loc_broker_female_b__broker_start_revive_ogryn_04,"Ще дихаєш, Колода?"
loc_broker_female_b__broker_start_revive_ogryn_05,"Не здаєшся, еге ж?"
loc_broker_female_b__broker_start_revive_psyker_01,"Вставай, Дьорґаний."
loc_broker_female_b__broker_start_revive_psyker_02,Бій на тебе чекає.
loc_broker_female_b__broker_start_revive_psyker_03,Я тебе не кину.
loc_broker_female_b__broker_start_revive_psyker_04,Ще дихаєш там внизу?
loc_broker_female_b__broker_start_revive_psyker_05,Це ще не кінець.
loc_broker_female_b__broker_start_revive_veteran_01,На ноги.
loc_broker_female_b__broker_start_revive_veteran_02,Ти ще не закінчив.
loc_broker_female_b__broker_start_revive_veteran_03,Вставай. Рушай.
loc_broker_female_b__broker_start_revive_veteran_04,Ото ти справжній солдат.
loc_broker_female_b__broker_start_revive_veteran_05,Бій ще не скінчився.
loc_broker_female_b__broker_start_revive_zealot_01,Імператор ще не скінчив із тобою.
loc_broker_female_b__broker_start_revive_zealot_02,Нехай ненависть тебе веде.
loc_broker_female_b__broker_start_revive_zealot_03,Ще лишилися святі справи.
loc_broker_female_b__broker_start_revive_zealot_04,Вставай. Ще не кінець.
loc_broker_female_b__broker_start_revive_zealot_05,Потрібна допомога?
loc_broker_female_b__calling_for_help_01,Потрібне підкріплення!
loc_broker_female_b__calling_for_help_02,Підсобіть мені!
loc_broker_female_b__calling_for_help_03,А командна робота де?
loc_broker_female_b__calling_for_help_04,Допоможіть!
loc_broker_female_b__calling_for_help_05,Нікчемний баласт! Допоможіть!
loc_broker_female_b__com_wheel_vo_enemy_over_here_01,Бачу ціль!
loc_broker_female_b__com_wheel_vo_enemy_over_here_02,Мішень у полі зору!
loc_broker_female_b__com_wheel_vo_enemy_over_here_03,Ціль визначена!
loc_broker_female_b__com_wheel_vo_follow_you_01,Прикриваю спину!
loc_broker_female_b__com_wheel_vo_follow_you_02,Я з вами!
loc_broker_female_b__com_wheel_vo_follow_you_03,Я за вами!
loc_broker_female_b__com_wheel_vo_for_the_emperor_01,За Конклав!
loc_broker_female_b__com_wheel_vo_for_the_emperor_02,За Атома!
loc_broker_female_b__com_wheel_vo_for_the_emperor_03,За волю!
loc_broker_female_b__com_wheel_vo_location_attention_01,Перевірити там!
loc_broker_female_b__com_wheel_vo_location_attention_02,Бачите оце?
loc_broker_female_b__com_wheel_vo_location_attention_03,Дивіться туди!
loc_broker_female_b__com_wheel_vo_location_ping_01,Ідіть туди!
loc_broker_female_b__com_wheel_vo_location_ping_02,Рушаймо туди!
loc_broker_female_b__com_wheel_vo_location_ping_03,За мною!
loc_broker_female_b__com_wheel_vo_my_pleasure_a_01,Мені підходить.
loc_broker_female_b__com_wheel_vo_my_pleasure_a_02,Безкоштовно.
loc_broker_female_b__com_wheel_vo_need_ammo_01,Потрібні набої!
loc_broker_female_b__com_wheel_vo_need_ammo_02,"Набої, швидко!"
loc_broker_female_b__com_wheel_vo_need_ammo_03,Мені б набоїв!
loc_broker_female_b__com_wheel_vo_need_health_01,Мені треба лікування!
loc_broker_female_b__com_wheel_vo_need_health_02,Сильно поранена!
loc_broker_female_b__com_wheel_vo_need_health_03,Я поранена. Потрібне лікування.
loc_broker_female_b__com_wheel_vo_need_that_01,Це моє!
loc_broker_female_b__com_wheel_vo_need_that_02,Моє!
loc_broker_female_b__com_wheel_vo_need_that_03,Мені це треба!
loc_broker_female_b__com_wheel_vo_no_01,Ні!
loc_broker_female_b__com_wheel_vo_no_02,Ні!
loc_broker_female_b__com_wheel_vo_no_03,Ні!
loc_broker_female_b__com_wheel_vo_take_this_a_01,Беріть це!
loc_broker_female_b__com_wheel_vo_take_this_a_02,Беріть!
loc_broker_female_b__com_wheel_vo_thank_you_01,Дякуючки.
loc_broker_female_b__com_wheel_vo_thank_you_02,Дякую.
loc_broker_female_b__com_wheel_vo_thank_you_03,Дякую.
loc_broker_female_b__com_wheel_vo_yes_01,Авжеж!
loc_broker_female_b__com_wheel_vo_yes_02,Як скажеш!
loc_broker_female_b__com_wheel_vo_yes_03,Так!
loc_broker_female_b__combat_monster_release_a_01,"[З огидою, з болем] Казала собі... більше так не буде..."
loc_broker_female_b__combat_monster_release_a_02,"[З огидою, з болем] Тхне... гірше, ніж... виглядає..."
loc_broker_female_b__combat_monster_release_a_03,"[З огидою, з болем] Паскудно... Дуже паскудно..."
loc_broker_female_b__combat_pause_limited_adamant_a_06_b_01,Не моя проблема.
loc_broker_female_b__combat_pause_limited_adamant_a_07_b_01,"Якщо заплатять, то без питань."
loc_broker_female_b__combat_pause_limited_adamant_a_09_b_01,Тільки якщо за це платять.
loc_broker_female_b__combat_pause_limited_adamant_a_14_b_01,Твій обов'язок. Не мій.
loc_broker_female_b__combat_pause_limited_adamant_b_02_b_01,А бездумна влада їх і плодить.
loc_broker_female_b__combat_pause_limited_adamant_b_06_b_01,У них є чисельна перевага. Тут немає ніякої таємниці.
loc_broker_female_b__combat_pause_limited_adamant_b_09_b_01,"Розбудіть мене, коли хтось прийде."
loc_broker_female_b__combat_pause_limited_adamant_b_13_b_01,"Хай витріщається скільки хоче, аби платили."
loc_broker_female_b__combat_pause_limited_adamant_c_02_b_01,Я НІКОЛИ не вагаюсь.
loc_broker_female_b__combat_pause_limited_adamant_c_06_b_01,Розумна порада. Прислухайся.
loc_broker_female_b__combat_pause_limited_adamant_c_12_b_01,Я нічого не пробачаю.
loc_broker_female_b__combat_pause_limited_adamant_c_13_b_01,Ага? І хто за це платить?
loc_broker_female_b__combat_pause_limited_broker_a_01_b_01,"Поки за це платять, я продовжуватиму вбивати."
loc_broker_female_b__combat_pause_limited_broker_a_02_b_01,Ніде не добре. Отакий от «прогрес».
loc_broker_female_b__combat_pause_limited_broker_a_03_b_01,"Кажуть, пів міста таке."
loc_broker_female_b__combat_pause_limited_broker_a_04_b_01,І так небезпечно. Тримай очі розплющеними.
loc_broker_female_b__combat_pause_limited_broker_a_05_b_01,"Ностальгія за старим добрим Тертіумом, так?"
loc_broker_female_b__combat_pause_limited_broker_a_06_b_01,"Гадаю, я знаю одне таке місце."
loc_broker_female_b__combat_pause_limited_broker_a_07_b_01,"Можливо. А може й ні. Я задоволена тим, що не знаю."
loc_broker_female_b__combat_pause_limited_broker_a_08_b_01,Вмощуємось. Буде довга тяганина.
loc_broker_female_b__combat_pause_limited_broker_a_09_b_01,Це не назавжди. Побачиш.
loc_broker_female_b__combat_pause_limited_broker_a_10_b_01,Тільки я стріляю влучно.
loc_broker_female_b__combat_pause_limited_broker_b_01_a_01,Є шанс навести лад у цьому Місті.
loc_broker_female_b__combat_pause_limited_broker_b_01_b_01,[Хмик] Хтось усе знову зіпсує.
loc_broker_female_b__combat_pause_limited_broker_b_02_a_01,Тут буде тісна робота. Готуйтеся забризкатись кров’ю.
loc_broker_female_b__combat_pause_limited_broker_b_02_b_01,Завжди так роблю.
loc_broker_female_b__combat_pause_limited_broker_b_03_a_01,"Роби що хочеш, тільки не ставай мені на заваді."
loc_broker_female_b__combat_pause_limited_broker_b_03_b_01,"І тобі те ж попередження, друже."
loc_broker_female_b__combat_pause_limited_broker_b_04_a_01,"Дивно. Думала, буде гірше."
loc_broker_female_b__combat_pause_limited_broker_b_04_b_00,"Буде, перш ніж це все скінчиться."
loc_broker_female_b__combat_pause_limited_broker_b_05_a_01,"Кажуть, я дорога. Та я того варта."
loc_broker_female_b__combat_pause_limited_broker_b_05_b_01,Тоді в нас є щось спільне.
loc_broker_female_b__combat_pause_limited_broker_b_06_a_01,"Ніколи не подобалось, як там, нагорі Вулика, всім «керується»."
loc_broker_female_b__combat_pause_limited_broker_b_06_b_01,"Немає сенсу ненавидіти те, що не можеш змінити."
loc_broker_female_b__combat_pause_limited_broker_b_07_a_01,Іноді хороше стається з поганими людьми.
loc_broker_female_b__combat_pause_limited_broker_b_07_b_01,Немає нікого абсолютно поганого. Хіба що Гниляки.
loc_broker_female_b__combat_pause_limited_broker_b_08_a_01,"Щоб повернути Місто до колишнього стану, знадобиться чимала вогнева міць."
loc_broker_female_b__combat_pause_limited_broker_b_08_b_01,Тоді заряджай і стріляй. Клієнт чекає.
loc_broker_female_b__combat_pause_limited_broker_b_09_a_01,"Не подобається, коли тут тихо. Пахне проблемами."
loc_broker_female_b__combat_pause_limited_broker_b_09_b_01,Чую тебе. Будь напоготові.
loc_broker_female_b__combat_pause_limited_broker_b_10_a_01,"Добрий день це добрий день. А цей, здається, буде з іншим."
loc_broker_female_b__combat_pause_limited_broker_b_10_b_01,Цілком згодна.
loc_broker_female_b__combat_pause_limited_broker_c_01_b_01,Я не хотіла. Це просто бізнес.
loc_broker_female_b__combat_pause_limited_broker_c_02_b_01,Звучить як план.
loc_broker_female_b__combat_pause_limited_broker_c_03_b_01,Це називається дисципліна. Спробуй.
loc_broker_female_b__combat_pause_limited_broker_c_04_b_01,"Не думаю, що в нас є час на твої забаганки."
loc_broker_female_b__combat_pause_limited_broker_c_05_b_01,Вони не варті моєї похвали.
loc_broker_female_b__combat_pause_limited_broker_c_06_b_01,"Ніхто не повинен отримувати задоволення від того, що робиш ти."
loc_broker_female_b__combat_pause_limited_broker_c_07_b_01,Не подобається отримувати ніж у спину? Дивно.
loc_broker_female_b__combat_pause_limited_broker_c_08_b_01,"Смерть прекрасна, якщо є винагорода за неї. В іншому випадку це просто непроплачена халтура."
loc_broker_female_b__combat_pause_limited_broker_c_09_b_01,На людей ти дієш саме так.
loc_broker_female_b__combat_pause_limited_broker_c_10_b_01,"Якщо вони тебе слухають, то самі винні в тому, що з ними станеться."
loc_broker_female_b__combat_pause_limited_ogryn_a_01_b_01,Поки ти не впадеш.
loc_broker_female_b__combat_pause_limited_ogryn_a_04_b_01,"Якщо тобі від цього стане краще, то так."
loc_broker_female_b__combat_pause_limited_ogryn_a_12_b_01,"Принаймні це чесно. Чим здається, тим і є."
loc_broker_female_b__combat_pause_limited_ogryn_a_17_b_01,Ти не помиляєшся.
loc_broker_female_b__combat_pause_limited_ogryn_b_01_b_01,Цяцьки мене не цікавлять.
loc_broker_female_b__combat_pause_limited_ogryn_b_05_b_01,"Коли ти молодець, то все молодець."
loc_broker_female_b__combat_pause_limited_ogryn_b_11_b_01,"Я б сказала, що вони навчаться, але... ні."
loc_broker_female_b__combat_pause_limited_ogryn_b_18_b_01,"Мені все одно, аби вони були мертві."
loc_broker_female_b__combat_pause_limited_ogryn_c_01_b_01,Платня є платня.
loc_broker_female_b__combat_pause_limited_ogryn_c_02_b_01,"Дай знати, якщо колись отримаєш."
loc_broker_female_b__combat_pause_limited_ogryn_c_05_b_01,Останнім часом ні.
loc_broker_female_b__combat_pause_limited_ogryn_c_18_b_01,Відпусти це. Воно тебе тільки стримує.
loc_broker_female_b__combat_pause_limited_ogryn_d_01_b_01,"Як вони могли? Вони не живуть достатньо довго, щоб навчитися."
loc_broker_female_b__combat_pause_limited_ogryn_d_07_b_01,Він прийде. Будь готовий.
loc_broker_female_b__combat_pause_limited_ogryn_d_12_b_01,"Звісно, трохи тиші не завадить."
loc_broker_female_b__combat_pause_limited_ogryn_d_17_b_01,"Поки платять, я буду битися."
loc_broker_female_b__combat_pause_limited_psyker_a_06_b_01,Я бачила й гірше. І краще теж.
loc_broker_female_b__combat_pause_limited_psyker_a_09_b_01,Тоді до чого стільки скиглення?
loc_broker_female_b__combat_pause_limited_psyker_a_13_b_01,Коли зупиниться серце або закінчаться гроші.
loc_broker_female_b__combat_pause_limited_psyker_a_14_b_01,"Він. Вгадай, хто з них робить усю роботу?"
loc_broker_female_b__combat_pause_limited_psyker_b_06_b_01,Твій уявний друг не помиляється.
loc_broker_female_b__combat_pause_limited_psyker_b_07_b_01,Тоді тобі й справді буде непереливки.
loc_broker_female_b__combat_pause_limited_psyker_b_13_b_01,Прибережи свої бажання. Ще можуть знадобитися.
loc_broker_female_b__combat_pause_limited_psyker_b_14_b_01,Можеш повторити? Я знаю кількох гідних кандидатів.
loc_broker_female_b__combat_pause_limited_psyker_c_07_b_01,Тебе звільнили. Лише дурень повернеться.
loc_broker_female_b__combat_pause_limited_psyker_c_09_b_01,"Як ти можеш, коли в усьому так помиляєшся?"
loc_broker_female_b__combat_pause_limited_psyker_c_13_b_01,Це точно.
loc_broker_female_b__combat_pause_limited_veteran_a_01_b_01,Ніхто. Вибір тут надто дорога розкіш.
loc_broker_female_b__combat_pause_limited_veteran_a_07_b_01,Це НІКОЛИ не закінчиться.
loc_broker_female_b__combat_pause_limited_veteran_a_16_b_01,Твоє минуле — ТВОЇ справи.
loc_broker_female_b__combat_pause_limited_veteran_a_17_b_01,І зламаний годинник двічі на день показує правильний час.
loc_broker_female_b__combat_pause_limited_veteran_b_04_b_01,"Якщо ти тут, щоб розважатися, то ти не за адресою."
loc_broker_female_b__combat_pause_limited_veteran_b_07_b_01,Не в цьому житті.
loc_broker_female_b__combat_pause_limited_veteran_b_12_b_01,Як скажеш.
loc_broker_female_b__combat_pause_limited_veteran_b_16_b_01,Ніколи не сумнівайся.
loc_broker_female_b__combat_pause_limited_veteran_c_01_b_01,Зберися. Ми це зробимо.
loc_broker_female_b__combat_pause_limited_veteran_c_04_b_01,"Справедливість коштує дорожче, ніж МИ можемо собі дозволити."
loc_broker_female_b__combat_pause_limited_veteran_c_12_b_01,Без претензій.
loc_broker_female_b__combat_pause_limited_veteran_c_17_b_01,Немає нікого кращого за мене.
loc_broker_female_b__combat_pause_limited_zealot_a_07_b_01,Мене хвилює лише день платні.
loc_broker_female_b__combat_pause_limited_zealot_a_09_b_01,Це для мене нічого не значить.
loc_broker_female_b__combat_pause_limited_zealot_a_13_b_01,"У мене повно цілей, і навіть більше."
loc_broker_female_b__combat_pause_limited_zealot_a_14_b_01,Справедливість завжди була міфом.
loc_broker_female_b__combat_pause_limited_zealot_b_02_b_01,Головне — хай лишаються мертвими. Далі — як хочеш.
loc_broker_female_b__combat_pause_limited_zealot_b_07_b_01,Я за ТОБОЮ нікуди не піду.
loc_broker_female_b__combat_pause_limited_zealot_b_09_b_01,І ти точно зазнаєш поразки.
loc_broker_female_b__combat_pause_limited_zealot_b_14_b_01,"Крім міцного хребта, влучності та професіоналізму."
loc_broker_female_b__combat_pause_limited_zealot_c_02_b_01,Свою віру я вкладаю в вогневу міць.
loc_broker_female_b__combat_pause_limited_zealot_c_05_b_01,За це багато не купиш.
loc_broker_female_b__combat_pause_limited_zealot_c_08_b_01,"Або тому, що ТИ розслабився."
loc_broker_female_b__combat_pause_limited_zealot_c_12_b_01,"Судячи з усього, це твій звичайний стан."
loc_broker_female_b__combat_pause_one_liner_01,"Віддаю перевагу роботі наодинці. Доведи, що я помиляюсь."
loc_broker_female_b__combat_pause_one_liner_02,Ми в цьому разом. Якщо не підведеш.
loc_broker_female_b__combat_pause_one_liner_03,"Ти прикриваєш мене, я — тебе. Такі правила."
loc_broker_female_b__combat_pause_one_liner_04,"Наказів не приймаю, але прохання розгляну."
loc_broker_female_b__combat_pause_one_liner_05,Ну що ж... Давайте закінчимо справу.
loc_broker_female_b__combat_pause_quirk_abhuman_b_01,Нема часу на це.
loc_broker_female_b__combat_pause_quirk_accuracy_b_01,Завжди так. І надалі так буде.
loc_broker_female_b__combat_pause_quirk_adamant_a_trait_01_b_01,Обов'язок я залишаю іншим.
loc_broker_female_b__combat_pause_quirk_adamant_a_trait_02_b_01,Менше Щуриків? Не бачу проблеми.
loc_broker_female_b__combat_pause_quirk_adamant_a_trait_03_b_01,"Ймовірно, раніше ти був кращим."
loc_broker_female_b__combat_pause_quirk_adamant_a_trait_04_b_01,"Роби, що хочеш. Я буду заробляти на життя."
loc_broker_female_b__combat_pause_quirk_adamant_a_trait_05_b_01,Це ТВОЯ проблема. Не моя.
loc_broker_female_b__combat_pause_quirk_adamant_a_trait_06_b_01,"Якщо ти ще можеш щось відчувати на запах, то в тебе все добре."
loc_broker_female_b__combat_pause_quirk_adamant_a_trait_07_b_01,"Правоохоронці, Щурики... яка різниця?"
loc_broker_female_b__combat_pause_quirk_adamant_a_trait_08_b_01,Ти багато говориш. А битися так само можеш?
loc_broker_female_b__combat_pause_quirk_adamant_a_trait_09_b_01,Хороший Псайкер — мертвий Псайкер.
loc_broker_female_b__combat_pause_quirk_adamant_a_trait_10_b_01,"Закон Конклаву — це єдине, що має значення."
loc_broker_female_b__combat_pause_quirk_adamant_b_trait_01_b_01,"Хто відстав, той залишився позаду."
loc_broker_female_b__combat_pause_quirk_adamant_b_trait_02_b_01,Лекс не може врятувати Атому. МИ можемо.
loc_broker_female_b__combat_pause_quirk_adamant_b_trait_03_b_01,Мене ніколи не ламали.
loc_broker_female_b__combat_pause_quirk_adamant_b_trait_04_b_01,Таке життя фрілансера.
loc_broker_female_b__combat_pause_quirk_adamant_b_trait_05_b_01,"Питання в тому, чи я в безпеці поруч з ТОБОЮ?"
loc_broker_female_b__combat_pause_quirk_adamant_b_trait_06_b_01,Ага. Я теж тебе люблю.
loc_broker_female_b__combat_pause_quirk_adamant_b_trait_07_b_01,Не хотіла б бути тягарем.
loc_broker_female_b__combat_pause_quirk_adamant_b_trait_08_b_01,Бачила й краще. І гірше.
loc_broker_female_b__combat_pause_quirk_adamant_b_trait_09_b_01,"Просто ще один день унизу, в Місті."
loc_broker_female_b__combat_pause_quirk_adamant_b_trait_10_b_01,Майбутнє почекає. Живи тут і зараз.
loc_broker_female_b__combat_pause_quirk_adamant_c_trait_01_b_01,Погрозу прийнято.
loc_broker_female_b__combat_pause_quirk_adamant_c_trait_02_b_01,Добре мати союзників.
loc_broker_female_b__combat_pause_quirk_adamant_c_trait_03_b_01,"Я служу тому, хто краще платить."
loc_broker_female_b__combat_pause_quirk_adamant_c_trait_04_b_01,"«Мотивація» — не твоє покликання, га?"
loc_broker_female_b__combat_pause_quirk_adamant_c_trait_05_b_01,Я знаю свою справу. Не заважай мені.
loc_broker_female_b__combat_pause_quirk_adamant_c_trait_06_b_01,Скромність. Така недооцінена чеснота.
loc_broker_female_b__combat_pause_quirk_adamant_c_trait_07_b_01,Ще одна нісенітниця від Щурика.
loc_broker_female_b__combat_pause_quirk_adamant_c_trait_08_b_01,Мене починає втомлювати твій голос.
loc_broker_female_b__combat_pause_quirk_adamant_c_trait_09_b_01,Конклав усе владнає.
loc_broker_female_b__combat_pause_quirk_adamant_c_trait_10_b_01,Навзаєм.
loc_broker_female_b__combat_pause_quirk_ammo_b_01,Спробуй цілитись. Допомагає.
loc_broker_female_b__combat_pause_quirk_ammo_hog_a_01,І так набоїв кіт наплакав!
loc_broker_female_b__combat_pause_quirk_ammo_hog_b_01,Не бачила тут твого імені.
loc_broker_female_b__combat_pause_quirk_anger_b_01,Ти не один.
loc_broker_female_b__combat_pause_quirk_bad_feeling_b_01,"О, вічний оптиміст."
loc_broker_female_b__combat_pause_quirk_bone_ead_b_01,"Ти вже настільки кмітливий, наскільки треба."
loc_broker_female_b__combat_pause_quirk_bored_b_01,Насолоджуйся тишею. Довго не протриває.
loc_broker_female_b__combat_pause_quirk_broker_a_trait_01_b_01,Я волію триматися землі.
loc_broker_female_b__combat_pause_quirk_broker_a_trait_02_b_01,Не знаю щодо цього. З них виходить добра виплата.
loc_broker_female_b__combat_pause_quirk_broker_a_trait_03_b_01,Я забираю своє кожен бісів день.
loc_broker_female_b__combat_pause_quirk_broker_a_trait_04_b_01,Будь корисним — або всьому кінець.
loc_broker_female_b__combat_pause_quirk_broker_a_trait_05_b_01,Якщо платять — я в ділі.
loc_broker_female_b__combat_pause_quirk_broker_a_trait_06_b_01,Складне замовлення. Це буде коштувати.
loc_broker_female_b__combat_pause_quirk_broker_a_trait_07_b_01,Зате в них хороший арсенал. Це того варте.
loc_broker_female_b__combat_pause_quirk_broker_a_trait_08_b_01,"Я довіряю тому, хто платить."
loc_broker_female_b__combat_pause_quirk_broker_a_trait_09_b_01,Ти мариш.
loc_broker_female_b__combat_pause_quirk_broker_a_trait_10_b_01,Якщо це дасть мені роботу — я за.
loc_broker_female_b__combat_pause_quirk_broker_b_trait_01_a_01,"Карнавал уже не той, відколи заселились Гниляки."
loc_broker_female_b__combat_pause_quirk_broker_b_trait_01_b_01,Чорт забирай. Тепер ніде не знайти нормальної випивки.
loc_broker_female_b__combat_pause_quirk_broker_b_trait_02_a_01,"Дім Баркетт шукає рішал. Може, подамся."
loc_broker_female_b__combat_pause_quirk_broker_b_trait_02_b_01,Платять добре. Можна й самому вписатись.
loc_broker_female_b__combat_pause_quirk_broker_b_trait_03_a_01,Ти вправний. І трохи здорової конкуренції нікому не завадить.
loc_broker_female_b__combat_pause_quirk_broker_b_trait_03_b_01,Аби ти не зазіхав на мою частку.
loc_broker_female_b__combat_pause_quirk_broker_b_trait_04_a_01,Наші Роботодавці напружені. Щось назріває.
loc_broker_female_b__combat_pause_quirk_broker_b_trait_04_b_01,Нічого не змінюється.
loc_broker_female_b__combat_pause_quirk_broker_b_trait_05_a_01,Без сумніву: нас пасуть.
loc_broker_female_b__combat_pause_quirk_broker_b_trait_05_b_01,Чудово. Не доведеться шукати.
loc_broker_female_b__combat_pause_quirk_broker_b_trait_06_a_01,"Думаєш, це погано? У Глибинному Вулику ще гірше."
loc_broker_female_b__combat_pause_quirk_broker_b_trait_06_b_01,Я там бувала. Більше ніколи.
loc_broker_female_b__combat_pause_quirk_broker_b_trait_07_a_01,Гниляки тут глибоко вчепились.
loc_broker_female_b__combat_pause_quirk_broker_b_trait_07_b_01,"Не втримають. Для ""правильних"" людей це надто цінне."
loc_broker_female_b__combat_pause_quirk_broker_b_trait_08_a_01,"Конклав платить, бо я ДОВОДЖУ справи до кінця."
loc_broker_female_b__combat_pause_quirk_broker_b_trait_08_b_01,Певність нині — рідкісний товар.
loc_broker_female_b__combat_pause_quirk_broker_b_trait_09_a_01,"Картелі, вельможі, Всевидюще ""Око"". Всі вони йдуть до мене, бо я найкраща."
loc_broker_female_b__combat_pause_quirk_broker_b_trait_09_b_01,"Ти сам собі ім'я зробив, факт."
loc_broker_female_b__combat_pause_quirk_broker_b_trait_10_a_01,"Кличе Велика Порожнеча. Може, зазирну."
loc_broker_female_b__combat_pause_quirk_broker_b_trait_10_b_01,"Пустеля нічого не дає і забирає все, що маєш. Крапка."
loc_broker_female_b__combat_pause_quirk_broker_c_trait_01_b_01,Заспокойся. Ти мене відволікаєш.
loc_broker_female_b__combat_pause_quirk_broker_c_trait_02_b_01,"Добре, що погані новини помирають так само, як і хороші."
loc_broker_female_b__combat_pause_quirk_broker_c_trait_03_b_01,"Поки платять, я в нормі."
loc_broker_female_b__combat_pause_quirk_broker_c_trait_04_b_01,"Тортури, може, і весело, але не надійно."
loc_broker_female_b__combat_pause_quirk_broker_c_trait_05_b_01,"Ніхто цього не очікував, чи не так? Принаймні, ніхто не сказав, якщо й очікував."
loc_broker_female_b__combat_pause_quirk_broker_c_trait_06_b_01,Як скажеш.
loc_broker_female_b__combat_pause_quirk_broker_c_trait_07_b_01,Прибирати після твого кожного провтику. Кожного. Без винятку.
loc_broker_female_b__combat_pause_quirk_broker_c_trait_08_b_01,Що я можу сказати? Я мінімалістка.
loc_broker_female_b__combat_pause_quirk_broker_c_trait_09_b_01,Моє серце кров'ю обливається.
loc_broker_female_b__combat_pause_quirk_broker_c_trait_10_b_01,Будеш так продовжувати — залишишся сам.
loc_broker_female_b__combat_pause_quirk_bullets_tickle_b_01,Не роби з цього випробування.
loc_broker_female_b__combat_pause_quirk_cheerful_b_01,Терпимо... але ненадовго.
loc_broker_female_b__combat_pause_quirk_club_thump_b_01,"Що завгодно, аби лише зробити."
loc_broker_female_b__combat_pause_quirk_cold_b_01,"Якщо тобі холодно, значить, б'єшся недостатньо."
loc_broker_female_b__combat_pause_quirk_competence_b_01,"Шкода, що досі не вмієш нормально стріляти."
loc_broker_female_b__combat_pause_quirk_concerning_enforcers_b_01,Правоохоронцям вірити не можна. Крапка.
loc_broker_female_b__combat_pause_quirk_dead_already_b_01,Оце так підняття духу.
loc_broker_female_b__combat_pause_quirk_dead_b_01,Не зважай. Думай про нагальне.
loc_broker_female_b__combat_pause_quirk_deddog_b_01,Байки мене не цікавлять.
loc_broker_female_b__combat_pause_quirk_defend_b_01,Твоє життя — твоя справа.
loc_broker_female_b__combat_pause_quirk_desert_b_01,"Якщо втечеш — вони тебе позначать, я тебе знайду, і ти здохнеш."
loc_broker_female_b__combat_pause_quirk_disappointment_b_01,Усі інші ганяються за славою.
loc_broker_female_b__combat_pause_quirk_discipline_b_01,"Я робитиму те, що для мене найприродніше."
loc_broker_female_b__combat_pause_quirk_dislikes_grenades_b_01,Ефектний вхід — це добре.
loc_broker_female_b__combat_pause_quirk_doomed_b_01,Ти КОЛИСЬ усміхаєшся?
loc_broker_female_b__combat_pause_quirk_dream_b_01,Твої марення відволікають.
loc_broker_female_b__combat_pause_quirk_drink_b_01,Тримай ясну голову — довше проживеш.
loc_broker_female_b__combat_pause_quirk_emperor_b_01,Будемо сподіватися.
loc_broker_female_b__combat_pause_quirk_end_b_01,Може так. Може ні. Побачимо.
loc_broker_female_b__combat_pause_quirk_endless_b_01,Нехай лізуть. Більша платня буде.
loc_broker_female_b__combat_pause_quirk_endless_war_b_01,"Нарешті — щось, із чим я згодна."
loc_broker_female_b__combat_pause_quirk_expendable_b_01,Живими з цього життя не виходять.
loc_broker_female_b__combat_pause_quirk_feet_b_01,Як цікаво. Розкажи мені все.
loc_broker_female_b__combat_pause_quirk_flame_b_01,Натовпи легше контролювати — це правда.
loc_broker_female_b__combat_pause_quirk_forgetful_b_01,Просто вбивай. Решта владнається.
loc_broker_female_b__combat_pause_quirk_fractal_b_01,Історія старіша за Тертіум.
loc_broker_female_b__combat_pause_quirk_friends_b_01,Дружба тут дорого коштує.
loc_broker_female_b__combat_pause_quirk_glutton_b_01,"Ще одна річ, якої я не хотіла знати."
loc_broker_female_b__combat_pause_quirk_hates_goo_b_01,З цим не посперечаєшся.
loc_broker_female_b__combat_pause_quirk_hates_poxwalkers_b_01,Вони — ходячі мерці. Просто знищуй їх ноги.
loc_broker_female_b__combat_pause_quirk_health_hog_a_01,"Бачу, як марнуєш ті ліки!"
loc_broker_female_b__combat_pause_quirk_health_hog_b_01,Вони мені потрібні. Більше нічого не важливо.
loc_broker_female_b__combat_pause_quirk_heights_b_01,Могло бути й гірше. Завжди може.
loc_broker_female_b__combat_pause_quirk_homesick_b_01,Ти і Є твій дім. Звикай.
loc_broker_female_b__combat_pause_quirk_hymnal_b_01,Твоя легковажність почекає.
loc_broker_female_b__combat_pause_quirk_impatient_b_01,"Галасуйте і дал, і скоро матимемо гостей."
loc_broker_female_b__combat_pause_quirk_killing_stopped_b_01,Почекай. Бій уже на підході.
loc_broker_female_b__combat_pause_quirk_leader_b_01,Я ні за ким не ходжу.
loc_broker_female_b__combat_pause_quirk_local_knowledge_b_01,Полюбляєш «вишукане»? Не дивно.
loc_broker_female_b__combat_pause_quirk_lonely_b_01,"Твоя проблема, не моя."
loc_broker_female_b__combat_pause_quirk_merciless_b_01,Ніщо не обходиться дорожче за доброту.
loc_broker_female_b__combat_pause_quirk_messelina_b_01,"Говориш так, ніби це щось важить."
loc_broker_female_b__combat_pause_quirk_nicer_b_01,Ти небезпечний. Крапка.
loc_broker_female_b__combat_pause_quirk_nostalgia_b_01,Тяжкі часи й тяжке життя. Ніколи не змінюється.
loc_broker_female_b__combat_pause_quirk_ogryn_a_bigger_gun_b_01,Люблю гарні великі гармати.
loc_broker_female_b__combat_pause_quirk_ogryn_a_elevator_b_01,Що зробило тебе таким перебірливим?
loc_broker_female_b__combat_pause_quirk_ogryn_d_authority_b_01,Як скажеш.
loc_broker_female_b__combat_pause_quirk_ogryn_d_boss_b_01,Жити. Помирати. Це не твій вибір.
loc_broker_female_b__combat_pause_quirk_ogryn_d_chatty_b_01,Ти тут не головний.
loc_broker_female_b__combat_pause_quirk_ogryn_d_crowds_b_01,Не розслабляйся: жодних поблажок.
loc_broker_female_b__combat_pause_quirk_ogryn_d_kill_quick_b_01,Згодна. Кожне вбивство має значення.
loc_broker_female_b__combat_pause_quirk_ogryn_d_long_way_b_01,"Будемо рухатися — може, й виживемо."
loc_broker_female_b__combat_pause_quirk_ogryn_d_rannick_b_01,Він не гірший за інших.
loc_broker_female_b__combat_pause_quirk_ogryn_d_rebuild_b_01,"Якщо Конклав схвалить, то звичайно."
loc_broker_female_b__combat_pause_quirk_pilgrimage_b_01,"Приємно знати, що хтось стежить за моєю роботою."
loc_broker_female_b__combat_pause_quirk_pray_with_me_b_01,Роби як хочеш. Я — теж.
loc_broker_female_b__combat_pause_quirk_prayer_b_01,Просто рухаймось. Неприємності вже йдуть.
loc_broker_female_b__combat_pause_quirk_puny_b_01,Питай когось іншого.
loc_broker_female_b__combat_pause_quirk_rations_b_01,"Не так уже й погано, раз маєш сили скиглити."
loc_broker_female_b__combat_pause_quirk_reads_thoughts_b_01,"Думаєш, мені є діло?"
loc_broker_female_b__combat_pause_quirk_respect_b_01,"Ти справляєшся, Колода."
loc_broker_female_b__combat_pause_quirk_restore_b_01,Інакше й бути не може.
loc_broker_female_b__combat_pause_quirk_shore_leave_b_01,Нікуди ти не дінешся. Звикай.
loc_broker_female_b__combat_pause_quirk_sing_b_01,Не в цьому житті.
loc_broker_female_b__combat_pause_quirk_sleepy_b_01,Поспиш потім. Зараз б’ємось.
loc_broker_female_b__combat_pause_quirk_sniper_b_01,"Вони б’ються розумно, ми розумніше. І тому ми переможемо."
loc_broker_female_b__combat_pause_quirk_speed_b_01,Я з тобою!
loc_broker_female_b__combat_pause_quirk_stealth_b_01,"Придивись, з ким говориш."
loc_broker_female_b__combat_pause_quirk_stench_b_01,Тхне чесною працею.
loc_broker_female_b__combat_pause_quirk_tank_b_01,З тебе буде путня приманка.
loc_broker_female_b__combat_pause_quirk_tertium_splendour_b_01,Тут манер не треба.
loc_broker_female_b__combat_pause_quirk_togetherness_b_01,Музика для моїх вух.
loc_broker_female_b__combat_pause_quirk_traitor_b_01,Повір: у кожного своя ціна.
loc_broker_female_b__combat_pause_quirk_trial_b_01,Так усі торочать.
loc_broker_female_b__combat_pause_quirk_trinket_b_01,Не відволікайся від основного.
loc_broker_female_b__combat_pause_quirk_trust_b_01,Вір у платню. Вір у команду.
loc_broker_female_b__combat_pause_quirk_turncoat_b_01,"Я знаю, навіщо тут. А ти?"
loc_broker_female_b__combat_pause_quirk_veteran_a_professional_b_01,Жоден Гвардієць мене не перевершить.
loc_broker_female_b__combat_pause_quirk_victory_b_01,"Побачимо, що нам доля кине."
loc_broker_female_b__combat_pause_quirk_weapons_b_01,"Працює, значить підійде."
loc_broker_female_b__combat_pause_quirk_your_sins_b_01,Я гріхами не торгую. А ти роби як знаєш.
loc_broker_female_b__combat_pause_quirk_zealot_a_emperor_b_01,"Повторюй, повторюй. Я ще не бачу."
loc_broker_female_b__combat_pause_quirk_zealot_a_wounded_b_01,Гарну подряпину ж ти собі заробив.
loc_broker_female_b__come_back_to_squad_01,Ти! Труп! Ану назад!
loc_broker_female_b__come_back_to_squad_02,Без понтів! Назад до загону!
loc_broker_female_b__come_back_to_squad_03,Хочеш здохнути? Ану назад!
loc_broker_female_b__come_back_to_squad_04,Неси свою нікчемну сраку назад!
loc_broker_female_b__come_back_to_squad_05,Ти там здохнеш — і я не буду журитись.
loc_broker_female_b__conversation_beast_of_nurgle_weakpoint_a_01,Міцна тварюка!
loc_broker_female_b__conversation_beast_of_nurgle_weakpoint_a_02,Сильна падлюка! Є ідеї?
loc_broker_female_b__conversation_beast_of_nurgle_weakpoint_b_01,Ззаду слабший!
loc_broker_female_b__conversation_beast_of_nurgle_weakpoint_b_02,"Бийте ззаду, там слабке місце!"
loc_broker_female_b__conversation_beast_of_nurgle_weakpoint_c_01,Чую! Зробімо це.
loc_broker_female_b__conversation_beast_of_nurgle_weakpoint_c_02,Потрібна злагода. Пощастило нам.
loc_broker_female_b__conversation_combat_beast_of_nurgle_swallow_a_01,Воно ковтнуло його цілком!
loc_broker_female_b__conversation_combat_beast_of_nurgle_swallow_a_02,У нас тут голодна звірюка!
loc_broker_female_b__conversation_combat_beast_of_nurgle_swallow_b_01,"Ніякого смаку, тварюки!"
loc_broker_female_b__conversation_combat_beast_of_nurgle_swallow_b_02,"Б'юся об заклад, на смак вони — гидота."
loc_broker_female_b__conversation_combat_beast_of_nurgle_swallow_c_01,"Навалюйтесь! Розпоремо його, якщо доведеться!"
loc_broker_female_b__conversation_combat_beast_of_nurgle_swallow_c_02,Убийте його швидше! Поки їх не перетравило!
loc_broker_female_b__conversation_combat_chaos_spawn_a_01,М’ясний мішок розлютився!
loc_broker_female_b__conversation_combat_chaos_spawn_a_02,М’ясний мішок сказився!
loc_broker_female_b__conversation_combat_chaos_spawn_b_01,Байдуже! Лупи як слід — і буде діло!
loc_broker_female_b__conversation_combat_chaos_spawn_b_02,"Воно здохне! Просто треба навчити його, як це робиться!"
loc_broker_female_b__conversation_combat_chaos_spawn_c_01,"Ага, оце воно!"
loc_broker_female_b__conversation_combat_chaos_spawn_c_02,Мені аби платили — і норм.
loc_broker_female_b__conversation_combat_chaos_spawn_chew_a_01,"[З болем, борсаючись] Я не... твоя... їжа!"
loc_broker_female_b__conversation_combat_chaos_spawn_chew_a_02,[Крізь біль] Ніхто… мене… не з’їсть!
loc_broker_female_b__conversation_combat_chaos_spawn_chew_b_01,Розірвіть той М’ясний мішок!
loc_broker_female_b__conversation_combat_chaos_spawn_chew_b_02,Пиложери! По М’ясному мішку!
loc_broker_female_b__conversation_combat_chaos_spawn_chew_c_01,Я завжди любила виклики!
loc_broker_female_b__conversation_combat_chaos_spawn_chew_c_02,У цій роботі завжди є щось новеньке!
loc_broker_female_b__conversation_plague_ogryn_weakpoint_01_01,Одноокий не хоче здихати!
loc_broker_female_b__conversation_plague_ogryn_weakpoint_01_02,Потворне здоровило! І ще й міцне!
loc_broker_female_b__conversation_plague_ogryn_weakpoint_02_01,"Тоді вб’ємо у голову, доки дійде!"
loc_broker_female_b__conversation_plague_ogryn_weakpoint_02_02,Сумніваєшся? Цілься в голову!
loc_broker_female_b__conversation_plague_ogryn_weakpoint_03_01,З цим не посперечаєшся!
loc_broker_female_b__conversation_plague_ogryn_weakpoint_03_02,Коли правий — то правий!
loc_broker_female_b__cover_me_01,Прокидайся! Мені прикриття!
loc_broker_female_b__cover_me_02,Тут потрібне прикриття!
loc_broker_female_b__cover_me_03,По мені поливають!
loc_broker_female_b__cover_me_04,З мене зараз зроблять решето!
loc_broker_female_b__cover_me_05,"Прикрийте мене, чорт забирай!"
loc_broker_female_b__critical_health_01,[З болем] Забагато крові...
loc_broker_female_b__critical_health_02,"[З болем] Може, цю справу я не переживу..."
loc_broker_female_b__critical_health_03,[З болем] Ніхто не живе вічно...
loc_broker_female_b__critical_health_04,"[З болем] Схоже, мені кінець..."
loc_broker_female_b__critical_health_05,"[З болем] Тільки не віддайте їм мій труп, чуєте?"
loc_broker_female_b__disabled_by_chaos_hound_01,Зніміть це з мене!
loc_broker_female_b__disabled_by_chaos_hound_02,Забийте цього клятого Гончака!
loc_broker_female_b__disabled_by_chaos_hound_03,Ніколи не любила собак!
loc_broker_female_b__disabled_by_chaos_hound_04,"Ви що, сліпі? Допоможіть!"
loc_broker_female_b__disabled_by_chaos_hound_05,"Геть з мене, паршива шавко!"
loc_broker_female_b__disabled_by_enemy_01,Потрібна допомога!
loc_broker_female_b__disabled_by_enemy_02,"Допоможіть мені, трясця вашій матері!"
loc_broker_female_b__disabled_by_enemy_03,Мені потрібна допомога!
loc_broker_female_b__disabled_by_enemy_04,Оце мене впіймали!
loc_broker_female_b__disabled_by_enemy_05,Не можу вирватись!
loc_broker_female_b__enemy_kill_berserker_01,Берсерка знято!
loc_broker_female_b__enemy_kill_berserker_02,Берсерк мінус!
loc_broker_female_b__enemy_kill_berserker_03,Берсерк землю жує!
loc_broker_female_b__enemy_kill_berserker_04,Берсерка нема!
loc_broker_female_b__enemy_kill_berserker_05,"Балачок багато, яйця порожні."
loc_broker_female_b__enemy_kill_chaos_hound_01,Гончу убили!
loc_broker_female_b__enemy_kill_chaos_hound_02,З Гончою розібрались.
loc_broker_female_b__enemy_kill_chaos_hound_03,Гончій капець!
loc_broker_female_b__enemy_kill_chaos_hound_04,Гончаку кінець!
loc_broker_female_b__enemy_kill_chaos_hound_05,Більше не виє!
loc_broker_female_b__enemy_kill_daemonhost_01,Демононосія завалили!
loc_broker_female_b__enemy_kill_daemonhost_02,Оце так історія…
loc_broker_female_b__enemy_kill_daemonhost_03,Одного Демононосія на життя вистачить…
loc_broker_female_b__enemy_kill_grenadier_01,Бомбера знято!
loc_broker_female_b__enemy_kill_grenadier_02,З Бомбером розібралися.
loc_broker_female_b__enemy_kill_grenadier_03,Бомбер землю жує!
loc_broker_female_b__enemy_kill_grenadier_04,Бомбера нема!
loc_broker_female_b__enemy_kill_grenadier_05,Від того Бомбера більше мороки не буде!
loc_broker_female_b__enemy_kill_houndmaster_a_01,Ватажок Зграї мертвий!
loc_broker_female_b__enemy_kill_houndmaster_a_02,Прибрали Ватажка Зграї!
loc_broker_female_b__enemy_kill_houndmaster_a_03,Ватажка Зграї більше немає!
loc_broker_female_b__enemy_kill_houndmaster_a_04,Мертвий Ватажок Зграї!
loc_broker_female_b__enemy_kill_houndmaster_a_05,Бос Собак був надто повільний.
loc_broker_female_b__enemy_kill_monster_01,"Ну… Кров заграла, чи не так?"
loc_broker_female_b__enemy_kill_monster_02,"Є за що жити, га?"
loc_broker_female_b__enemy_kill_monster_03,"Бачиш? Нічого складного, якщо мати холодну голову."
loc_broker_female_b__enemy_kill_monster_04,"Не скажу, що легко, але цілком реально."
loc_broker_female_b__enemy_kill_monster_05,Не здавайся — і буде толк.
loc_broker_female_b__enemy_kill_mutant_charger_01,Мутня покладено!
loc_broker_female_b__enemy_kill_mutant_charger_02,Мутень — і слід простив!
loc_broker_female_b__enemy_kill_mutant_charger_03,Мутня знято!
loc_broker_female_b__enemy_kill_mutant_charger_04,Мутня покладено!
loc_broker_female_b__enemy_kill_mutant_charger_05,Сила — добре. Вміння — краще.
loc_broker_female_b__enemy_kill_netgunner_01,Ловця ми прибрали!
loc_broker_female_b__enemy_kill_netgunner_02,З Ловцем покінчено!
loc_broker_female_b__enemy_kill_netgunner_03,Ловця нема!
loc_broker_female_b__enemy_kill_netgunner_04,Ловець землю жує!
loc_broker_female_b__enemy_kill_netgunner_05,Наступного разу бери справжню пушку.
loc_broker_female_b__enemy_kill_poxwalker_bomber_01,Знову морока!
loc_broker_female_b__enemy_kill_poxwalker_bomber_02,Вибухач роздувся!
loc_broker_female_b__enemy_kill_poxwalker_bomber_03,Чумовибухача загасили!
loc_broker_female_b__enemy_kill_poxwalker_bomber_04,Вибухуна розмазало!
loc_broker_female_b__enemy_kill_poxwalker_bomber_05,Запах надовго лишиться.
loc_broker_female_b__enemy_kill_scab_flamer_a_01,Палія знято!
loc_broker_female_b__enemy_kill_scab_flamer_a_02,Палій мертвий!
loc_broker_female_b__enemy_kill_scab_flamer_a_03,Палій землю жує!
loc_broker_female_b__enemy_kill_scab_flamer_a_04,Палія вибили!
loc_broker_female_b__enemy_kill_scab_flamer_a_05,"Палій здох, вогонь затушили!"
loc_broker_female_b__enemy_kill_sniper_01,Мені премія: убито снайпера.
loc_broker_female_b__enemy_kill_sniper_02,Снайперу кінець!
loc_broker_female_b__enemy_kill_sniper_03,Звалив снайпера!
loc_broker_female_b__enemy_kill_sniper_04,Снайпера вже нема!
loc_broker_female_b__enemy_kill_sniper_05,Снайпер ліг!
loc_broker_female_b__enemy_near_death_monster_01,Так! Йому кінець!
loc_broker_female_b__enemy_near_death_monster_02,Воно слабшає!
loc_broker_female_b__enemy_near_death_monster_03,Добре йому пече! Так тримати!
loc_broker_female_b__enemy_near_death_monster_04,"Тисніть, доки не здохне!"
loc_broker_female_b__enemy_near_death_monster_05,А ви боялись! Ха.
loc_broker_female_b__event_demolition_first_corruptor_destroyed_a_01,Бридота. Добре що здохла.
loc_broker_female_b__event_demolition_first_corruptor_destroyed_a_02,А це вже непоганий початок.
loc_broker_female_b__event_demolition_first_corruptor_destroyed_a_03,"Намарудили, зате вид — що треба."
loc_broker_female_b__event_fortification_beacon_deployed_01,Сигнал пішов! Тепер чекаємо.
loc_broker_female_b__event_fortification_beacon_deployed_02,Маяк працює! Сіли й тримаємся!
loc_broker_female_b__event_fortification_skyfire_disabled_01,ППО вимкнено!
loc_broker_female_b__event_fortification_skyfire_disabled_02,Більше ніякого ППО.
loc_broker_female_b__event_kill_target_damaged_01,Болить!
loc_broker_female_b__event_kill_target_damaged_02,Ламайте їх!
loc_broker_female_b__event_kill_target_destroyed_a_01,[Плює] От і добре.
loc_broker_female_b__event_kill_target_destroyed_a_02,[Спльовує] Перейдеш дорогу кращим… завжди програєш.
loc_broker_female_b__event_kill_target_heavy_damage_a_01,Бийте їх ще! І іще!
loc_broker_female_b__event_kill_target_heavy_damage_a_02,Чого ти не здихаєш?
loc_broker_female_b__event_scan_first_target_scanned_01,Сканування зараза готове.
loc_broker_female_b__event_scan_first_target_scanned_02,"Скан завершено, все чисто."
loc_broker_female_b__event_survive_almost_done_01,Не зупиняємось — працюємо!
loc_broker_female_b__event_survive_almost_done_02,У них кров закінчиться — рано чи пізно!
loc_broker_female_b__event_survive_keep_coming_a_01,"Трупів тьма, а платні — кіт наплакав."
loc_broker_female_b__event_survive_keep_coming_a_02,Рознесіть їх на шмаття. Зрозуміють натяк!
loc_broker_female_b__found_ammo_adamant_low_on_ammo_01,"Набої, Арбітре!"
loc_broker_female_b__found_ammo_adamant_low_on_ammo_02,"Тут набої, Щур-поборник!"
loc_broker_female_b__found_ammo_adamant_low_on_ammo_03,"Підзаряджайся, Арбітре!"
loc_broker_female_b__found_ammo_adamant_low_on_ammo_04,"Перезаряджайся, Щур-поборник!"
loc_broker_female_b__found_ammo_broker_low_on_ammo_01,"Набої, Корешу!"
loc_broker_female_b__found_ammo_broker_low_on_ammo_02,"Набої тут, Корешу!"
loc_broker_female_b__found_ammo_broker_low_on_ammo_03,"Заряджайся, Корешу!"
loc_broker_female_b__found_ammo_broker_low_on_ammo_04,"Порожні стволи ніц не варті, Корешу!"
loc_broker_female_b__found_ammo_ogryn_low_on_ammo_01,"Набої, Колода!"
loc_broker_female_b__found_ammo_ogryn_low_on_ammo_02,"Набої для тебе, Оґрине!"
loc_broker_female_b__found_ammo_ogryn_low_on_ammo_03,Оґрине? Набої!
loc_broker_female_b__found_ammo_ogryn_low_on_ammo_04,"Підзаряджайся, Колода!"
loc_broker_female_b__found_ammo_psyker_low_on_ammo_01,"Набої, Псайкере!"
loc_broker_female_b__found_ammo_psyker_low_on_ammo_02,"Тут набої, Дьорґаний!"
loc_broker_female_b__found_ammo_psyker_low_on_ammo_03,Дьорґаний? Маємо набої!
loc_broker_female_b__found_ammo_psyker_low_on_ammo_04,"Підзаряджайся, Псайкере!"
loc_broker_female_b__found_ammo_veteran_low_on_ammo_01,"Тут набої, Рубака!"
loc_broker_female_b__found_ammo_veteran_low_on_ammo_02,"Є набої, Ветеране!"
loc_broker_female_b__found_ammo_veteran_low_on_ammo_03,Ветеране? Тут набої!
loc_broker_female_b__found_ammo_veteran_low_on_ammo_04,"Забереш ці набої, Ветеране?"
loc_broker_female_b__found_ammo_zealot_low_on_ammo_01,"Тут набої, Бузувіре!"
loc_broker_female_b__found_ammo_zealot_low_on_ammo_02,"Ось твої набої, Язикатий!"
loc_broker_female_b__found_ammo_zealot_low_on_ammo_03,Язикатий? Набої тут!
loc_broker_female_b__found_ammo_zealot_low_on_ammo_04,"Потрібні ці набої, Язикатий?"
loc_broker_female_b__found_health_booster_adamant_low_on_health_01,"Аптечка, Арбітре!"
loc_broker_female_b__found_health_booster_adamant_low_on_health_02,"Досить корчити героя — лікуйся, Щур-поборник!"
loc_broker_female_b__found_health_booster_adamant_low_on_health_03,"Аптека тут, Щур-поборник!"
loc_broker_female_b__found_health_booster_adamant_low_on_health_04,"Будеш бинтуватись, Арбітре?"
loc_broker_female_b__found_health_booster_broker_low_on_health_01,"Аптека тут, Корешу!"
loc_broker_female_b__found_health_booster_broker_low_on_health_02,"Лікуйся, Корешу!"
loc_broker_female_b__found_health_booster_broker_low_on_health_03,"Медстанція! Бачиш, Корешу?"
loc_broker_female_b__found_health_booster_broker_low_on_health_04,"Залікуй-но рани, Корешу!"
loc_broker_female_b__found_health_booster_low_on_health_01,[Полегшено зітхає] Краще…
loc_broker_female_b__found_health_booster_low_on_health_02,[Полегшено зітхає] Можна битися далі…
loc_broker_female_b__found_health_booster_low_on_health_03,"[З полегшенням] Саме те, що треба..."
loc_broker_female_b__found_health_booster_low_on_health_04,[Полегшено зітхає] Підлатана. Готова битися.
loc_broker_female_b__found_health_booster_ogryn_low_on_health_01,"Аптечка, Оґрине!"
loc_broker_female_b__found_health_booster_ogryn_low_on_health_02,"Аптека тут, Колода!"
loc_broker_female_b__found_health_booster_ogryn_low_on_health_03,Колода? Лікуйся!
loc_broker_female_b__found_health_booster_ogryn_low_on_health_04,"Підліковуйся, Оґрине!"
loc_broker_female_b__found_health_booster_psyker_low_on_health_01,"Аптека, Дьорґаний!"
loc_broker_female_b__found_health_booster_psyker_low_on_health_02,"Аптечка тут, Псайкере!"
loc_broker_female_b__found_health_booster_psyker_low_on_health_03,Псайкере? Аптечка!
loc_broker_female_b__found_health_booster_psyker_low_on_health_04,"Схоже на аптечку, Дьорґаний!"
loc_broker_female_b__found_health_booster_veteran_low_on_health_01,"Аптека, Рубака!"
loc_broker_female_b__found_health_booster_veteran_low_on_health_02,"Тут аптечка, Рубака!"
loc_broker_female_b__found_health_booster_veteran_low_on_health_03,Ветеране? Тут аптечка.
loc_broker_female_b__found_health_booster_veteran_low_on_health_04,Ветеране? Аптечка!
loc_broker_female_b__found_health_booster_zealot_low_on_health_01,"Аптечка, Бузувіре!"
loc_broker_female_b__found_health_booster_zealot_low_on_health_02,"Аптечкатут, Бузувіре!"
loc_broker_female_b__found_health_booster_zealot_low_on_health_03,Язикатий? Тут аптечка.
loc_broker_female_b__found_health_booster_zealot_low_on_health_04,Бузувіре? Аптечка!
loc_broker_female_b__friendly_fire_from_adamant_to_broker_01,"Ти за кого граєш, Щурику!"
loc_broker_female_b__friendly_fire_from_adamant_to_broker_02,Щурику! Досить!
loc_broker_female_b__friendly_fire_from_adamant_to_broker_03,"Годі в мене стріляти, Арбітре!"
loc_broker_female_b__friendly_fire_from_adamant_to_broker_04,"Я не Гниляк, Щурику!"
loc_broker_female_b__friendly_fire_from_adamant_to_broker_05,"Зав'язуй, Арбітре!"
loc_broker_female_b__friendly_fire_from_broker_to_broker_01,"Та за шо, Корешу?"
loc_broker_female_b__friendly_fire_from_broker_to_broker_02,"Я тобі справді не подобаюся, га, Корешу?"
loc_broker_female_b__friendly_fire_from_broker_to_broker_03,Корешу! Годі!
loc_broker_female_b__friendly_fire_from_broker_to_broker_04,"Я не Гниляк, Корешу!"
loc_broker_female_b__friendly_fire_from_broker_to_broker_05,"Прибережи це для гниляків, Корешу!"
loc_broker_female_b__friendly_fire_from_ogryn_to_broker_01,"Годі, Колодо!"
loc_broker_female_b__friendly_fire_from_ogryn_to_broker_02,"Припини в мене стріляти, Оґрине!"
loc_broker_female_b__friendly_fire_from_ogryn_to_broker_03,Оґрине? Це ж я!
loc_broker_female_b__friendly_fire_from_ogryn_to_broker_04,"Я тобі не мішень для тренувань, Оґрине!"
loc_broker_female_b__friendly_fire_from_ogryn_to_broker_05,Колодо! Я не твій ворог!
loc_broker_female_b__friendly_fire_from_psyker_to_broker_01,"Дьорґаний! Очі розплющ, цілься прямо!"
loc_broker_female_b__friendly_fire_from_psyker_to_broker_02,Псайкере! Ще раз у мене влучиш…
loc_broker_female_b__friendly_fire_from_psyker_to_broker_03,"Ти щойно в мене вистрелив, Псайкере?"
loc_broker_female_b__friendly_fire_from_psyker_to_broker_04,"Ти в МЕНЕ стріляєш, Псайкере!"
loc_broker_female_b__friendly_fire_from_psyker_to_broker_05,"Це по мені ти палиш, Дьорґаний!"
loc_broker_female_b__friendly_fire_from_veteran_to_broker_01,"Рубака! Це я, йолопе!"
loc_broker_female_b__friendly_fire_from_veteran_to_broker_02,"Годі в мене шмаляти, Рубако!"
loc_broker_female_b__friendly_fire_from_veteran_to_broker_03,"Мені що, забрати в тебе цю зброю, Ветеране?"
loc_broker_female_b__friendly_fire_from_veteran_to_broker_04,"Стріляй прямо, Ветеране!"
loc_broker_female_b__friendly_fire_from_veteran_to_broker_05,"Стріляєш у спину, Рубако?"
loc_broker_female_b__friendly_fire_from_zealot_to_broker_01,Язикатий! Я ж на твоєму боці!
loc_broker_female_b__friendly_fire_from_zealot_to_broker_02,Бузувіре! Прибережи це для ворога!
loc_broker_female_b__friendly_fire_from_zealot_to_broker_03,"Опусти зброю, Бузувіре!"
loc_broker_female_b__friendly_fire_from_zealot_to_broker_04,"ПРИПИНИ СТРІЛЯТИ В МЕНЕ, БУЗУВІРЕ!"
loc_broker_female_b__friendly_fire_from_zealot_to_broker_05,"У що ти, власне, цілишся, Язикатий?"
loc_broker_female_b__guidance_correct_path_01,Йдемо он туди!
loc_broker_female_b__guidance_correct_path_02,Оце наш слід!
loc_broker_female_b__guidance_correct_path_03,Сюди!
loc_broker_female_b__guidance_correct_path_04,Стежка кличе.
loc_broker_female_b__guidance_correct_path_05,"Сюди, пиложери."
loc_broker_female_b__guidance_correct_path_drop_01,Назад цим шляхом не повернемось.
loc_broker_female_b__guidance_correct_path_drop_02,Далі — тільки вперед.
loc_broker_female_b__guidance_correct_path_drop_03,Назад шляху нема.
loc_broker_female_b__guidance_correct_path_drop_04,Не повертаємось. Не зараз.
loc_broker_female_b__guidance_correct_path_drop_05,Завжди вперед — через живих і мертвих.
loc_broker_female_b__guidance_correct_path_up_01,Вгору!
loc_broker_female_b__guidance_correct_path_up_02,Шлях веде вгору!
loc_broker_female_b__guidance_correct_path_up_03,Рухаємось вгору.
loc_broker_female_b__guidance_correct_path_up_04,Йдемо вгору.
loc_broker_female_b__guidance_correct_path_up_05,Ліземо далі.
loc_broker_female_b__guidance_starting_area_01,Якщо я кажу не чіпати - не чіпайте. Зрозуміло?
loc_broker_female_b__guidance_starting_area_02,Між нами вся різниця: я свою роботу люблю.
loc_broker_female_b__guidance_starting_area_03,Краще розрахувати сили. Полювання може затягнутися.
loc_broker_female_b__guidance_starting_area_04,Зібрались! Я не збираюсь подихати через вашу лінь!
loc_broker_female_b__guidance_starting_area_05,"Зробимо діло — хоч би шторм, хоч би пекло."
loc_broker_female_b__hacking_auspex_mutter_a_01,Ніколи ці штуки не любила…
loc_broker_female_b__hacking_auspex_mutter_a_02,Ненавиджу техніку…
loc_broker_female_b__head_shot_01,Точний постріл!
loc_broker_female_b__head_shot_02,Непогано. Навіть дуже.
loc_broker_female_b__head_shot_03,Це вже не забудеш.
loc_broker_female_b__head_shot_04,"Так тримати — може, кимось і станете."
loc_broker_female_b__head_shot_05,Бачила й краще... але не часто.
loc_broker_female_b__heal_start_01,[Напружено] Повільно діє…
loc_broker_female_b__heal_start_02,[Напружено] Оце воно…
loc_broker_female_b__heal_start_03,[Напружено] Сьогодні не здохну…
loc_broker_female_b__heal_start_04,[Напружено] Помаленьку. Без відключки…
loc_broker_female_b__heal_start_05,"[Напружено] Болить рівно настільки, щоб жити…"
loc_broker_female_b__heard_enemy_chaos_hound_01,Гончак нишпорить!
loc_broker_female_b__heard_enemy_chaos_hound_02,Нова мішень: Гончі!
loc_broker_female_b__heard_enemy_chaos_hound_03,Приручіть ту Гончу!
loc_broker_female_b__heard_enemy_chaos_hound_04,Вбийте Гончу!
loc_broker_female_b__heard_enemy_chaos_hound_05,Зніміть ту Гончу!
loc_broker_female_b__heard_enemy_chaos_spawn_01,М’ясний мішок! Пора додати темпу!
loc_broker_female_b__heard_enemy_chaos_spawn_02,М’ясний мішок вийшов на полювання!
loc_broker_female_b__heard_enemy_chaos_spawn_03,М’ясний мішок! Ну що ми потягнем його?
loc_broker_female_b__heard_enemy_daemonhost_01,"Клянусь Великим Пустим, це Демононосій!"
loc_broker_female_b__heard_enemy_daemonhost_02,Демононосій! Я в це не лізу.
loc_broker_female_b__heard_enemy_daemonhost_03,Демононосій! Тримайся осторонь!
loc_broker_female_b__heard_enemy_monster_generic_01,Оце нам гарно заплатять!
loc_broker_female_b__heard_enemy_monster_generic_02,Нам за це мало платять!
loc_broker_female_b__heard_enemy_monster_generic_03,І що це в нас тут таке?
loc_broker_female_b__heard_enemy_plague_ogryn_01,Чумний Оґрин! І ще й потвора яка!
loc_broker_female_b__heard_enemy_plague_ogryn_02,"Схоже, маємо Чумного Оґрина!"
loc_broker_female_b__heard_enemy_plague_ogryn_03,Вони мають Чумного Оґрина!
loc_broker_female_b__heard_horde_ambush_01,"Засідка! Бийся, якщо хочеш вижити!"
loc_broker_female_b__heard_horde_ambush_02,Засідка! Піднімаємо шум!
loc_broker_female_b__heard_horde_ambush_03,Самі вляпались!
loc_broker_female_b__heard_horde_ambush_04,Мали б здогадатися!
loc_broker_female_b__heard_horde_ambush_05,Гниляки нас підловили!
loc_broker_female_b__heard_horde_vector_01,На підході! Заряджайся й стій напоготові!
loc_broker_female_b__heard_horde_vector_02,"Схоже, хтось вирішив зіпсувати нам вечірку!"
loc_broker_female_b__heard_horde_vector_03,"Дехто не знає, коли зупинитись!"
loc_broker_female_b__heard_horde_vector_04,Зараз стане гаряче!
loc_broker_female_b__heard_horde_vector_05,Йдуть гниляки!
loc_broker_female_b__info_door_open_01,Двері зламані!
loc_broker_female_b__info_door_open_02,Двері навстіж! Вирушаємо!
loc_broker_female_b__info_event_almost_done_01,Майже прийшли!
loc_broker_female_b__info_event_almost_done_02,Довго не затягнеться!
loc_broker_female_b__info_event_almost_done_03,Ми на вірному шляху!
loc_broker_female_b__info_event_almost_done_04,Майже все!
loc_broker_female_b__info_event_almost_done_05,Так тримати!
loc_broker_female_b__info_event_det_pack_a_01,Заряд встановлено!
loc_broker_female_b__info_event_det_pack_a_02,Готуйтесь. Заряд на місці.
loc_broker_female_b__info_event_det_pack_b_01,"Сподіваюсь, ти все налаштував як слід."
loc_broker_female_b__info_event_det_pack_b_02,Наче ти вмієш це запускати.
loc_broker_female_b__info_event_one_down_01,Вибухівку запалено.
loc_broker_female_b__info_event_one_down_02,Перша кров.
loc_broker_female_b__info_event_one_down_03,Перший крок зроблено.
loc_broker_female_b__info_event_one_down_04,Гарний початок.
loc_broker_female_b__info_event_one_down_05,Запустили процес.
loc_broker_female_b__info_extraction_response_01,Час звалювати.
loc_broker_female_b__info_extraction_response_02,Нема сенсу тут стирчати.
loc_broker_female_b__knocked_down_1_01,Мене підбилиі! Підніміть мене!
loc_broker_female_b__knocked_down_1_02,Тому Гниляку пощастило!
loc_broker_female_b__knocked_down_1_03,Навіть не помітила…
loc_broker_female_b__knocked_down_1_04,Гарно мене підбили. Потрібна допомога!
loc_broker_female_b__knocked_down_1_05,"Підійдете, га?"
loc_broker_female_b__knocked_down_2_01,Ви про мене забули?
loc_broker_female_b__knocked_down_2_02,Я все ще чекаю!
loc_broker_female_b__knocked_down_2_03,Я починаю ЗЛИТИСЬ.
loc_broker_female_b__knocked_down_2_04,Де моя допомога?
loc_broker_female_b__knocked_down_2_05,Без мене ви не виграєте!
loc_broker_female_b__knocked_down_3_01,ПІДІЙМІТЬ МЕНЕ! ЗАРАЗ ЖЕ!
loc_broker_female_b__knocked_down_3_02,Навіть не думайте кинути мене!
loc_broker_female_b__knocked_down_3_03,Своїх не кидають!
loc_broker_female_b__knocked_down_3_04,Мертва я вам не допоможу!
loc_broker_female_b__knocked_down_3_05,Майте хоч сміливість добити мене самі!
loc_broker_female_b__knocked_down_multiple_times_adamant_01,Невтомний Закон? Ха.
loc_broker_female_b__knocked_down_multiple_times_adamant_02,"З того Арбітра толку, як із баласта."
loc_broker_female_b__knocked_down_multiple_times_adamant_03,"В пилюці, де тобі й місце."
loc_broker_female_b__knocked_down_multiple_times_adamant_04,"Подобається там, пиложере?"
loc_broker_female_b__knocked_down_multiple_times_broker_01,А ти хіба не з найкращих у Конклаві?
loc_broker_female_b__knocked_down_multiple_times_broker_02,"Тобі до вподоби багнюка, га, Корешу?"
loc_broker_female_b__knocked_down_multiple_times_broker_03,Підводиш команду...
loc_broker_female_b__knocked_down_multiple_times_broker_04,Годі по землі качатися.
loc_broker_female_b__knocked_down_multiple_times_ogryn_01,"Що тепер, Колода?"
loc_broker_female_b__knocked_down_multiple_times_ogryn_02,Оґрин зліг. Знову.
loc_broker_female_b__knocked_down_multiple_times_ogryn_03,Гниляки нашого Оґрина не люблять.
loc_broker_female_b__knocked_down_multiple_times_ogryn_04,"Знову дострибався, Колодо?"
loc_broker_female_b__knocked_down_multiple_times_psyker_01,"Що ти там робиш, Дьорґаний?"
loc_broker_female_b__knocked_down_multiple_times_psyker_02,Той Псайкер вічно на землі.
loc_broker_female_b__knocked_down_multiple_times_psyker_03,"Знову, Дьорґаний? Серйозно?"
loc_broker_female_b__knocked_down_multiple_times_psyker_04,"Ти мене розчарував, Псайкере."
loc_broker_female_b__knocked_down_multiple_times_veteran_01,Деякі без упину валяться.
loc_broker_female_b__knocked_down_multiple_times_veteran_02,"Знову впав, Ветеране? Ха."
loc_broker_female_b__knocked_down_multiple_times_veteran_03,"Ніяк не втримаєшся на ногах, га?"
loc_broker_female_b__knocked_down_multiple_times_veteran_04,"Перестань падати, Рубака."
loc_broker_female_b__knocked_down_multiple_times_zealot_01,"Знову впав, Язикатий?"
loc_broker_female_b__knocked_down_multiple_times_zealot_02,"Може, перестанеш падати, Бузувіре?"
loc_broker_female_b__knocked_down_multiple_times_zealot_03,"Знову тебе підбили, Бузувіре?"
loc_broker_female_b__knocked_down_multiple_times_zealot_04,"Перестань валятися, Язикатий."
loc_broker_female_b__ladder_sighted_01,Драбина!
loc_broker_female_b__ladder_sighted_02,Драбина!
loc_broker_female_b__ladder_sighted_03,Маємо драбину.
loc_broker_female_b__ladder_sighted_04,Йдемо драбиною?
loc_broker_female_b__ladder_sighted_05,Он там драбина!
loc_broker_female_b__ledge_hanging_01,Оце так халепа!
loc_broker_female_b__ledge_hanging_02,Не так я це планувала!
loc_broker_female_b__ledge_hanging_03,Витягнете мене?
loc_broker_female_b__ledge_hanging_04,Не хочу летіти донизу!
loc_broker_female_b__ledge_hanging_05,"Ого, височенько!"
loc_broker_female_b__look_at_grenade_01,Граната!
loc_broker_female_b__look_at_grenade_02,Є граната!
loc_broker_female_b__look_at_grenade_03,Візьміть гранату!
loc_broker_female_b__look_at_grenade_04,Кому з вас гранату?
loc_broker_female_b__look_at_grenade_05,Граната там зовсім самотня.
loc_broker_female_b__look_at_healthstation_01,Тут є аптечка!
loc_broker_female_b__look_at_healthstation_02,Медстанція тут!
loc_broker_female_b__look_at_healthstation_03,"О, та це ж медстанція."
loc_broker_female_b__look_at_healthstation_04,Працююча медстанція? Нам щастить.
loc_broker_female_b__look_at_healthstation_05,Медстанція? Оце поворот!
loc_broker_female_b__luggable_mission_pick_up_01,"[Напруга] Важче, ніж здається…"
loc_broker_female_b__luggable_mission_pick_up_02,[Напруга] І як мене вплутали таскати це?
loc_broker_female_b__mission_raid_trapped_a_01,Пастка? Для різноманіття.
loc_broker_female_b__mission_raid_trapped_a_02,"Схоже, ми вляпались."
loc_broker_female_b__mission_raid_trapped_b_01,На воксі — тиша. Ми самі.
loc_broker_female_b__mission_raid_trapped_b_02,І вокси здохли. Веселуха попереду.
loc_broker_female_b__mission_rails_disable_skyfire_a_01,Зайвим не буде притушити ППО.
loc_broker_female_b__mission_strain_crossroads_01,Це місце завжди було лабіринтом.
loc_broker_female_b__monster_combo_attack_01,Не стовбичте!
loc_broker_female_b__monster_combo_attack_02,Воно преться прямо на нас!
loc_broker_female_b__monster_combo_attack_03,Відступити! РУХАЙМОСЬ!
loc_broker_female_b__monster_fight_start_reaction_01,Діставайте важку артилерію!
loc_broker_female_b__monster_fight_start_reaction_02,"Один приманює, решта ріже!"
loc_broker_female_b__monster_fight_start_reaction_03,Якщо лізе на тебе — відкочи!
loc_broker_female_b__monster_fight_start_reaction_04,План є?
loc_broker_female_b__monster_fight_start_reaction_05,"Звалюємо його разом! Чули, пиложери?"
loc_broker_female_b__need_rescue_01,[Смикає пута] Та йдіть СЮДИ вже!
loc_broker_female_b__need_rescue_02,[Смикає пута] Витягніть мене звідси!
loc_broker_female_b__need_rescue_03,[Смикає пута] Зніміть з мене пута! Я можу битися!
loc_broker_female_b__need_rescue_04,[Смикає пута] Тільки не вздумайте мене тут кинути!
loc_broker_female_b__need_rescue_05,[Смикає пута] ЧОГО ви ЧЕКАЄТЕ?
loc_broker_female_b__pinned_by_enemies_01,Притисли! Прикрийте!
loc_broker_female_b__pinned_by_enemies_02,Мене прижали! Робіть щось!
loc_broker_female_b__pinned_by_enemies_03,Гниляки мене притисли!
loc_broker_female_b__pinned_by_enemies_04,По мені палять! Розберіться!
loc_broker_female_b__pinned_by_enemies_05,Я під вогнем! Чого чекаєте?
loc_broker_female_b__player_death_adamant_01,Без сліз по Щур-поборнику.
loc_broker_female_b__player_death_adamant_02,Арбітр здох? Не шкода.
loc_broker_female_b__player_death_adamant_03,Оце вам і вічний Закон.
loc_broker_female_b__player_death_adamant_04,Сторожі Закону міцні горішки — міцно мруть.
loc_broker_female_b__player_death_broker_01,"Відпочинь, Корешу. Заслужив."
loc_broker_female_b__player_death_broker_02,Ще один мертвий Кореш. Таке життя.
loc_broker_female_b__player_death_broker_03,Ми втратили стрільця.
loc_broker_female_b__player_death_broker_04,Мінус один ствол. Збираємось.
loc_broker_female_b__player_death_ogryn_01,Оґрин вибув.
loc_broker_female_b__player_death_ogryn_02,Більше нема Оґрина.
loc_broker_female_b__player_death_ogryn_03,Колода всьо. Б’ємось далі.
loc_broker_female_b__player_death_ogryn_04,"Колода помер, б’ючись. Могло бути гірше."
loc_broker_female_b__player_death_psyker_01,Псайкер мертвий.
loc_broker_female_b__player_death_psyker_02,Тому Псайкеру вже не помогти.
loc_broker_female_b__player_death_psyker_03,Дьорґанийнарешті стих.
loc_broker_female_b__player_death_psyker_04,Втратили Псайкера.
loc_broker_female_b__player_death_veteran_01,Ветеран всьо. А бій — ні.
loc_broker_female_b__player_death_veteran_02,"Щасливої дороги, Ветеране."
loc_broker_female_b__player_death_veteran_03,"Бувай, Рубако."
loc_broker_female_b__player_death_veteran_04,Всім колись час.
loc_broker_female_b__player_death_zealot_01,Бузувір вибув назавжди.
loc_broker_female_b__player_death_zealot_02,Бузувір вибув. Прощайтесь.
loc_broker_female_b__player_death_zealot_03,Язикатий мертвий!
loc_broker_female_b__player_death_zealot_04,Язикатий від’їхав. Не підіймайте.
loc_broker_female_b__player_tip_armor_hit_generic_01,"Не гати по броні, пиложере!"
loc_broker_female_b__player_tip_armor_hit_generic_02,Ти б’єш у броню!
loc_broker_female_b__player_tip_armor_hit_generic_03,Та броня надто товста!
loc_broker_female_b__player_tip_armor_hit_generic_04,"Ага. Стріляй їм у найміцніше. Спрацює, ага."
loc_broker_female_b__player_tip_armor_hit_generic_05,"Та це ж броня! ... Господи, ну що за йолопи..."
loc_broker_female_b__quick_agnostic_enemy_kill_a_01,Мішень знята.
loc_broker_female_b__quick_agnostic_enemy_kill_a_02,Ціль нейтралізована.
loc_broker_female_b__quick_agnostic_enemy_kill_a_03,Ціль вбито.
loc_broker_female_b__quick_agnostic_enemy_kill_a_04,Виплата.
loc_broker_female_b__quick_agnostic_enemy_kill_a_05,Ціль мінус.
loc_broker_female_b__quick_agnostic_enemy_kill_a_06,Ще одну ціль знято.
loc_broker_female_b__quick_agnostic_enemy_kill_a_07,Мішень покладено.
loc_broker_female_b__quick_agnostic_enemy_kill_a_08,Нагорода оформлена.
loc_broker_female_b__reload_failed_out_of_ammo_01,"Без набоїв? Значить, ідем в рукопаш."
loc_broker_female_b__reload_failed_out_of_ammo_02,"Гукніть, як побачите набої!"
loc_broker_female_b__reload_failed_out_of_ammo_03,"Мені треба ще набоїв, пиложери!"
loc_broker_female_b__reload_failed_out_of_ammo_04,Знайдіть мені набої — буду винна!
loc_broker_female_b__reload_failed_out_of_ammo_05,Не можу перезаряджатись! Нема набоїв!
loc_broker_female_b__reloading_01,Перезарядка!
loc_broker_female_b__reloading_02,Перезарядка! Виживайте як знаєте!
loc_broker_female_b__reloading_03,Я перезаряджаюся!
loc_broker_female_b__reloading_04,Знаряддя ремесла теж годувати треба.
loc_broker_female_b__reloading_05,Треба перезарядити!
loc_broker_female_b__reloading_empty_01,Зброю треба «нагодувати».
loc_broker_female_b__reloading_empty_02,Перезаряджаюсь. Прикрийте.
loc_broker_female_b__reloading_empty_03,Зброя остигла. Розігріваю.
loc_broker_female_b__reloading_empty_04,Порожньо… Перезаряджаюсь.
loc_broker_female_b__reloading_empty_05,Знову порожньо. День гарячий.
loc_broker_female_b__respons_for_zealot_critical_health_01,Або продовжуйте битись або відставайте.
loc_broker_female_b__respons_for_zealot_critical_health_02,Виглядаєш так собі.
loc_broker_female_b__respons_for_zealot_critical_health_03,Паршива рана. Довго не протягнеш.
loc_broker_female_b__response_for_adamant_cover_me_01,Даруй! Не чую!
loc_broker_female_b__response_for_adamant_cover_me_02,Сам і розгрібай!
loc_broker_female_b__response_for_adamant_cover_me_03,Сховайся за Законом!
loc_broker_female_b__response_for_adamant_critical_health_01,"Зробиш мені послугу — здохни, га?"
loc_broker_female_b__response_for_adamant_critical_health_02,Болить? І добре.
loc_broker_female_b__response_for_adamant_critical_health_03,Зібратись!
loc_broker_female_b__response_for_adamant_disabled_by_chaos_hound_01,ТА собака тебе не любить.
loc_broker_female_b__response_for_adamant_disabled_by_chaos_hound_02,"Ти з тваринами ладиш, ага."
loc_broker_female_b__response_for_adamant_disabled_by_chaos_hound_03,Він просто «дружить».
loc_broker_female_b__response_for_adamant_disabled_by_enemy_01,Щур-поборник влип!
loc_broker_female_b__response_for_adamant_disabled_by_enemy_02,Щур-поборник кличе на допомогу!
loc_broker_female_b__response_for_adamant_disabled_by_enemy_03,Хтось поруч? Підсобіть!
loc_broker_female_b__response_for_adamant_enemy_kill_monster_01,"Мабуть, ти не тільки язиком вмієш молоти."
loc_broker_female_b__response_for_adamant_enemy_kill_monster_02,"Не думала, що впораєшся."
loc_broker_female_b__response_for_adamant_enemy_kill_monster_03,"Довго ж ти, га?"
loc_broker_female_b__response_for_adamant_knocked_down_3_01,Щур-поборник зара помре!
loc_broker_female_b__response_for_adamant_knocked_down_3_02,Якщо піднімати Щур-поборника — то саме зараз!
loc_broker_female_b__response_for_adamant_knocked_down_3_03,Не здохни мені тут!
loc_broker_female_b__response_for_adamant_ledge_hanging_01,Підніміть Щур-поборника!
loc_broker_female_b__response_for_adamant_ledge_hanging_02,Не лишаймо Щур-поборника висіти!
loc_broker_female_b__response_for_adamant_ledge_hanging_03,"Зараз буде короткий, різкий шок!"
loc_broker_female_b__response_for_adamant_seen_killstreak_broker_01,Лиш не лізьте під ноги.
loc_broker_female_b__response_for_adamant_seen_killstreak_broker_02,Я це роблю не заради твоєї оцінки.
loc_broker_female_b__response_for_adamant_seen_killstreak_broker_03,"Щоб убивати, треба відданість. Ви повинні це знати."
loc_broker_female_b__response_for_adamant_start_revive_broker_01,"[З болем] То ми ж друзі, га?"
loc_broker_female_b__response_for_adamant_start_revive_broker_02,"[З болем] Спільний ворог, спільна мета, ага?"
loc_broker_female_b__response_for_adamant_start_revive_broker_03,[З болем] Навіть. Не. Звук.
loc_broker_female_b__response_for_broker_cover_me_01,Вогонь на прикриття! Зараз!
loc_broker_female_b__response_for_broker_cover_me_02,Дайте їм прикриття!
loc_broker_female_b__response_for_broker_cover_me_03,Їм потрібне прикриття!
loc_broker_female_b__response_for_broker_critical_health_01,"Якщо воно тебе не вб’є, то зробить міцнішим."
loc_broker_female_b__response_for_broker_critical_health_02,Підлатайся і не ний.
loc_broker_female_b__response_for_broker_critical_health_03,"Говорити ще можеш, га?"
loc_broker_female_b__response_for_broker_disabled_by_chaos_hound_01,Що ти там робиш унизу?
loc_broker_female_b__response_for_broker_disabled_by_chaos_hound_02,Паскудство!
loc_broker_female_b__response_for_broker_disabled_by_chaos_hound_03,"Схоже, болить."
loc_broker_female_b__response_for_broker_disabled_by_enemy_01,Поверніть його до бою!
loc_broker_female_b__response_for_broker_disabled_by_enemy_02,"Нам потрібно, щоб вони билися!"
loc_broker_female_b__response_for_broker_disabled_by_enemy_03,Вони не можуть там валятись!
loc_broker_female_b__response_for_broker_enemy_kill_monster_01,Забрав мій фраг!
loc_broker_female_b__response_for_broker_enemy_kill_monster_02,Добре билися — добре виграли!
loc_broker_female_b__response_for_broker_enemy_kill_monster_03,"Паскуда. Добре, що здохла."
loc_broker_female_b__response_for_broker_knocked_down_3_01,Тримайся!
loc_broker_female_b__response_for_broker_knocked_down_3_02,Майже біля тебе!
loc_broker_female_b__response_for_broker_knocked_down_3_03,Просто чекаю слушної нагоди!
loc_broker_female_b__response_for_broker_ledge_hanging_01,Ти попав.
loc_broker_female_b__response_for_broker_ledge_hanging_02,Зі мною б такого не сталося.
loc_broker_female_b__response_for_broker_ledge_hanging_03,Крок не туди — і клопіт.
loc_broker_female_b__response_for_broker_seen_killstreak_broker_01,Від тебе — це комплімент.
loc_broker_female_b__response_for_broker_seen_killstreak_broker_02,"Щоб впізнати бійця, треба бути бійцем."
loc_broker_female_b__response_for_broker_seen_killstreak_broker_03,Знаю свою справу.
loc_broker_female_b__response_for_calling_for_help_01,Чекай своєї черги!
loc_broker_female_b__response_for_calling_for_help_02,Чую тебе!
loc_broker_female_b__response_for_calling_for_help_03,"Тут трошечки шумно, якщо що!"
loc_broker_female_b__response_for_calling_for_help_04,Не ти один з проблемами!
loc_broker_female_b__response_for_calling_for_help_05,"Будемо з тобою, як зможемо!"
loc_broker_female_b__response_for_critical_health_01,"Зберися, або тут і здохнеш!"
loc_broker_female_b__response_for_critical_health_02,Ти ні на що не здатен! … Борись!
loc_broker_female_b__response_for_critical_health_03,Якщо вже помирати — то б'ючись!
loc_broker_female_b__response_for_enemy_kill_monster_01,Візьму собі сувенір. На пам’ять.
loc_broker_female_b__response_for_enemy_kill_monster_02,"Говориш так, наче не я все зробила."
loc_broker_female_b__response_for_enemy_kill_monster_03,Рухаймося. Це не останній.
loc_broker_female_b__response_for_friendly_fire_from_broker_to_adamant_01,Твої проблеми — не мої проблеми.
loc_broker_female_b__response_for_friendly_fire_from_broker_to_adamant_02,Чергова брехня Щурика.
loc_broker_female_b__response_for_friendly_fire_from_broker_to_adamant_03,"Думаєш, мені є діло?"
loc_broker_female_b__response_for_friendly_fire_from_broker_to_broker_01,Ти заліз не на ту лінію вогню.
loc_broker_female_b__response_for_friendly_fire_from_broker_to_broker_02,Я тут на перемогу граю. А ти що?
loc_broker_female_b__response_for_friendly_fire_from_broker_to_broker_03,"Ага. Звісно, винна я, хто ж іще."
loc_broker_female_b__response_for_friendly_fire_from_broker_to_ogryn_01,"Тримайся осторонь, і нічого не станеться!"
loc_broker_female_b__response_for_friendly_fire_from_broker_to_ogryn_02,Забирайся з мого довбаного шляху!
loc_broker_female_b__response_for_friendly_fire_from_broker_to_ogryn_03,"Ти займаєш забагато місця, Колодо!"
loc_broker_female_b__response_for_friendly_fire_from_broker_to_psyker_01,Будеш скиглити чи битися?
loc_broker_female_b__response_for_friendly_fire_from_broker_to_psyker_02,"Продовжуй молоти язиком, і я зроблю це знову."
loc_broker_female_b__response_for_friendly_fire_from_broker_to_psyker_03,У тебе марення.
loc_broker_female_b__response_for_friendly_fire_from_broker_to_veteran_01,Я ніколи не промахуюсь.
loc_broker_female_b__response_for_friendly_fire_from_broker_to_veteran_02,Забирайся з бісової дороги!
loc_broker_female_b__response_for_friendly_fire_from_broker_to_veteran_03,Не читай мені нотацій!
loc_broker_female_b__response_for_friendly_fire_from_broker_to_zealot_01,Геть звідси!
loc_broker_female_b__response_for_friendly_fire_from_broker_to_zealot_02,Йди діставай когось іншого!
loc_broker_female_b__response_for_friendly_fire_from_broker_to_zealot_03,"Я влучаю лише туди, куди цілюся."
loc_broker_female_b__response_for_heard_horde_vector_01,Їх остання помилка!
loc_broker_female_b__response_for_heard_horde_vector_02,"Ходячі мерці, всі до одного!"
loc_broker_female_b__response_for_heard_horde_vector_03,"Ми б не хотіли б нудьгувати, правда?"
loc_broker_female_b__response_for_heard_horde_vector_04,Це зекономить мені час на їх пошуки!
loc_broker_female_b__response_for_info_incoming_enemies_01,Без дисципліни. Не виграють.
loc_broker_female_b__response_for_info_incoming_enemies_02,Тримаємось. Ні кроку назад.
loc_broker_female_b__response_for_info_incoming_enemies_03,"Покажіть, з чого ви зроблені!"
loc_broker_female_b__response_for_info_incoming_enemies_04,Якщо ще дихаєте: БИЙТЕСЬ!
loc_broker_female_b__response_for_info_incoming_enemies_05,Я сьогодні не здохну. І точно не від них.
loc_broker_female_b__response_for_ogryn_cover_me_01,"Чую, Колодо!"
loc_broker_female_b__response_for_ogryn_cover_me_02,Колоді треба прикриття!
loc_broker_female_b__response_for_ogryn_cover_me_03,Прикрийте Оґрина!
loc_broker_female_b__response_for_ogryn_critical_health_01,Медстанція полатає.
loc_broker_female_b__response_for_ogryn_critical_health_02,"Думала, ти міцніший."
loc_broker_female_b__response_for_ogryn_critical_health_03,Це лише подряпина.
loc_broker_female_b__response_for_ogryn_disabled_by_chaos_hound_01,"Тебе гарно їдять, Колодо."
loc_broker_female_b__response_for_ogryn_disabled_by_chaos_hound_02,"Тримайся, Оґрине!"
loc_broker_female_b__response_for_ogryn_disabled_by_chaos_hound_03,"Допомога йде, Колодо!"
loc_broker_female_b__response_for_ogryn_disabled_by_enemy_01,Колодо в халепі!
loc_broker_female_b__response_for_ogryn_disabled_by_enemy_02,Ми потрібні Оґрину!
loc_broker_female_b__response_for_ogryn_disabled_by_enemy_03,До Оґрина!
loc_broker_female_b__response_for_ogryn_enemy_kill_monster_01,"Великань валить великаня, га?"
loc_broker_female_b__response_for_ogryn_enemy_kill_monster_02,"Гарна робота, Колодо."
loc_broker_female_b__response_for_ogryn_enemy_kill_monster_03,"Гарно ти його, га."
loc_broker_female_b__response_for_ogryn_knocked_down_3_01,Оґрин стікає кров’ю!
loc_broker_female_b__response_for_ogryn_knocked_down_3_02,Оґрин майже все!
loc_broker_female_b__response_for_ogryn_knocked_down_3_03,Останній шанс врятувати Колоду!
loc_broker_female_b__response_for_ogryn_ledge_hanging_01,Класне падіння.
loc_broker_female_b__response_for_ogryn_ledge_hanging_02,Не відпускайся.
loc_broker_female_b__response_for_ogryn_ledge_hanging_03,Тримайся! Йдемо до тебе!
loc_broker_female_b__response_for_ogryn_seen_killstreak_broker_01,"Я народилася, щоб вбивати."
loc_broker_female_b__response_for_ogryn_seen_killstreak_broker_02,Практика робить майстра.
loc_broker_female_b__response_for_ogryn_seen_killstreak_broker_03,Убивство — мистецтво. МОЄ мистецтво.
loc_broker_female_b__response_for_ogryn_start_revive_broker_01,"[З болем] Битися можу, ти не бійся."
loc_broker_female_b__response_for_ogryn_start_revive_broker_02,"[З болем] Молодець, Колодо."
loc_broker_female_b__response_for_ogryn_start_revive_broker_03,[З болем] Шляхетно з твого боку. Я не забуду.
loc_broker_female_b__response_for_pinned_by_enemies_adamant_01,Закон вас звільнить!
loc_broker_female_b__response_for_pinned_by_enemies_adamant_02,Ти хочеш МОЄЇ допомоги?
loc_broker_female_b__response_for_pinned_by_enemies_adamant_03,Щур-поборника притисли?
loc_broker_female_b__response_for_pinned_by_enemies_broker_01,Зроблю!
loc_broker_female_b__response_for_pinned_by_enemies_broker_02,Чули? Підсобіть!
loc_broker_female_b__response_for_pinned_by_enemies_broker_03,Краще підсобимо!
loc_broker_female_b__response_for_pinned_by_enemies_ogryn_01,Колоду поливають свинцем!
loc_broker_female_b__response_for_pinned_by_enemies_ogryn_02,Колода під вогнем!
loc_broker_female_b__response_for_pinned_by_enemies_ogryn_03,Хтось допоможіть Оґрину!
loc_broker_female_b__response_for_pinned_by_enemies_psyker_01,Ми потрібні Псайкеру!
loc_broker_female_b__response_for_pinned_by_enemies_psyker_02,Псайкер у біді!
loc_broker_female_b__response_for_pinned_by_enemies_psyker_03,Дьорґаний влип!
loc_broker_female_b__response_for_pinned_by_enemies_veteran_01,"Тримайся, Рубако."
loc_broker_female_b__response_for_pinned_by_enemies_veteran_02,Менше скигли — більше бийся.
loc_broker_female_b__response_for_pinned_by_enemies_veteran_03,Справишся!
loc_broker_female_b__response_for_pinned_by_enemies_zealot_01,Бузувіра притисли!
loc_broker_female_b__response_for_pinned_by_enemies_zealot_02,Бузувіру треба підмога!
loc_broker_female_b__response_for_pinned_by_enemies_zealot_03,Допоможіть Язикатому!
loc_broker_female_b__response_for_psyker_cover_me_01,Дайте Псайкеру прикриття!
loc_broker_female_b__response_for_psyker_cover_me_02,Псайкеру потрібне прикриття!
loc_broker_female_b__response_for_psyker_cover_me_03,"Чую тебе, Дьорґаний!"
loc_broker_female_b__response_for_psyker_critical_health_01,Підлікуйся або замовкни.
loc_broker_female_b__response_for_psyker_critical_health_02,Ниття не допоможе.
loc_broker_female_b__response_for_psyker_critical_health_03,Ми всі поранені.
loc_broker_female_b__response_for_psyker_disabled_by_chaos_hound_01,З тебе обіду мало.
loc_broker_female_b__response_for_psyker_disabled_by_chaos_hound_02,Його жре та шавка. Погано.
loc_broker_female_b__response_for_psyker_disabled_by_chaos_hound_03,"Ось що буває, коли тікаєш."
loc_broker_female_b__response_for_psyker_disabled_by_enemy_01,Чую!
loc_broker_female_b__response_for_psyker_disabled_by_enemy_02,Дьорґаного треба повернути у бій!
loc_broker_female_b__response_for_psyker_disabled_by_enemy_03,Піднімайте Дьорґаного! Швидко!
loc_broker_female_b__response_for_psyker_enemy_kill_monster_01,Вбиваєш добре.
loc_broker_female_b__response_for_psyker_enemy_kill_monster_02,Зізнаюсь: вражає.
loc_broker_female_b__response_for_psyker_enemy_kill_monster_03,Коли вже берешся — то берешся.
loc_broker_female_b__response_for_psyker_knocked_down_3_01,Останній шанс залишити Дьорґаного живим!
loc_broker_female_b__response_for_psyker_knocked_down_3_02,Сам винен.
loc_broker_female_b__response_for_psyker_knocked_down_3_03,Не подобається лежати? Тримайся на ногах.
loc_broker_female_b__response_for_psyker_ledge_hanging_01,Тримайся! Хтось уже йде.
loc_broker_female_b__response_for_psyker_ledge_hanging_02,"Послизнувся, га?"
loc_broker_female_b__response_for_psyker_ledge_hanging_03,"Це було падіння. Як не крути.е скажеш, що ні."
loc_broker_female_b__response_for_psyker_seen_killstreak_broker_01,Це не понти. Це норма.
loc_broker_female_b__response_for_psyker_seen_killstreak_broker_02,"Дивись, не переходь мені дорогу, Дьорґаний."
loc_broker_female_b__response_for_psyker_seen_killstreak_broker_03,Скіл є скіл. Досить уже.
loc_broker_female_b__response_for_psyker_start_revive_broker_01,[З болем] Тільки не лізь мені в голову.
loc_broker_female_b__response_for_psyker_start_revive_broker_02,"[З болем] Командна робота, так? Нарешті."
loc_broker_female_b__response_for_psyker_start_revive_broker_03,[З болем] Є рахунки до зведення.
loc_broker_female_b__response_for_seen_netgunner_flee_01,Валіть її!
loc_broker_female_b__response_for_seen_netgunner_flee_02,Не дайте їй втекти!
loc_broker_female_b__response_for_veteran_cover_me_01,Чую!
loc_broker_female_b__response_for_veteran_cover_me_02,Рубака просить прикриття!
loc_broker_female_b__response_for_veteran_cover_me_03,Прикрийте Ветерана!
loc_broker_female_b__response_for_veteran_critical_health_01,"Виглядаєш не дуже, Рубака."
loc_broker_female_b__response_for_veteran_critical_health_02,"Буде шрам, Ветеране."
loc_broker_female_b__response_for_veteran_critical_health_03,"Дивно, що ще дихаєш, Рубака."
loc_broker_female_b__response_for_veteran_disabled_by_chaos_hound_01,Цільтеся в Гончака!
loc_broker_female_b__response_for_veteran_disabled_by_chaos_hound_02,Збийте того Гончака!
loc_broker_female_b__response_for_veteran_disabled_by_chaos_hound_03,Невдалий момент для обіду.
loc_broker_female_b__response_for_veteran_disabled_by_enemy_01,Підніміть Рубаку!
loc_broker_female_b__response_for_veteran_disabled_by_enemy_02,Ветерана назад у бій!
loc_broker_female_b__response_for_veteran_disabled_by_enemy_03,Недобре виглядає.
loc_broker_female_b__response_for_veteran_enemy_kill_monster_01,Треба віддати належне: коли б’єшся — то б’єшся.
loc_broker_female_b__response_for_veteran_enemy_kill_monster_02,Ти не сам це провернув. Запам’ятай.
loc_broker_female_b__response_for_veteran_enemy_kill_monster_03,"Легко це в тебе виходить, Рубака."
loc_broker_female_b__response_for_veteran_knocked_down_3_01,Йдемо до тебе.
loc_broker_female_b__response_for_veteran_knocked_down_3_02,Я тут намагаюсь зосередитись.
loc_broker_female_b__response_for_veteran_knocked_down_3_03,Я. ЗАЙНЯТА.
loc_broker_female_b__response_for_veteran_ledge_hanging_01,Тільки не падай.
loc_broker_female_b__response_for_veteran_ledge_hanging_02,Неприємно вийшло.
loc_broker_female_b__response_for_veteran_ledge_hanging_03,Ти загнав себе в скрутне становище.
loc_broker_female_b__response_for_veteran_seen_killstreak_broker_01,Це моє покликання.
loc_broker_female_b__response_for_veteran_seen_killstreak_broker_02,Я найкраща. Запам’ятайте.
loc_broker_female_b__response_for_veteran_seen_killstreak_broker_03,Звичайний робочий день.
loc_broker_female_b__response_for_veteran_start_revive_broker_01,[З болем] Зараз відкриється друге дихання.
loc_broker_female_b__response_for_veteran_start_revive_broker_02,[З болем] Направляй мене куди стріляти.
loc_broker_female_b__response_for_veteran_start_revive_broker_03,[З болем] І не думай ні про що.
loc_broker_female_b__response_for_zealot_cover_me_01,Прикрийте Язикатого!
loc_broker_female_b__response_for_zealot_cover_me_02,Язикатий просить прикриття!
loc_broker_female_b__response_for_zealot_cover_me_03,Працюю над цим!
loc_broker_female_b__response_for_zealot_disabled_by_chaos_hound_01,Гидота.
loc_broker_female_b__response_for_zealot_disabled_by_chaos_hound_02,"Краще ти, ніж я."
loc_broker_female_b__response_for_zealot_disabled_by_chaos_hound_03,Треба було ухилятись.
loc_broker_female_b__response_for_zealot_disabled_by_enemy_01,Бачу тебе!
loc_broker_female_b__response_for_zealot_disabled_by_enemy_02,Доберемось!
loc_broker_female_b__response_for_zealot_disabled_by_enemy_03,Піднімайте Язикатого!
loc_broker_female_b__response_for_zealot_enemy_kill_monster_01,"Свята робота, Бузувіре. Свята."
loc_broker_female_b__response_for_zealot_enemy_kill_monster_02,Несу добру звістку — по одному трупу.
loc_broker_female_b__response_for_zealot_enemy_kill_monster_03,Гарного безладу наробив.
loc_broker_female_b__response_for_zealot_knocked_down_3_01,Я БАЧИЛА твою халепу.
loc_broker_female_b__response_for_zealot_knocked_down_3_02,Підніміть Язикатого — або заткніть його!
loc_broker_female_b__response_for_zealot_knocked_down_3_03,Можна не заважати? Я тут працюю.
loc_broker_female_b__response_for_zealot_ledge_hanging_01,Тримайся міцніше.
loc_broker_female_b__response_for_zealot_ledge_hanging_02,Довго падати прийдеться.
loc_broker_female_b__response_for_zealot_ledge_hanging_03,"Не туди звернув, га?"
loc_broker_female_b__response_for_zealot_seen_killstreak_broker_01,Це в мене виходить найкраще.
loc_broker_female_b__response_for_zealot_seen_killstreak_broker_02,Я вмію вражати.
loc_broker_female_b__response_for_zealot_seen_killstreak_broker_03,Перед тобою досвід у дії.
loc_broker_female_b__response_for_zealot_start_revive_broker_01,[З болем] Вдячна тобі.
loc_broker_female_b__response_for_zealot_start_revive_broker_02,"[З болем] Ще милі топати, так?"
loc_broker_female_b__response_for_zealot_start_revive_broker_03,"[З болем] Я в нормі, можу битися далі."
loc_broker_female_b__response_rechargable_for_look_at_healthstation_01,Є десь батарея?
loc_broker_female_b__response_rechargable_for_look_at_healthstation_02,Хтось бачив батарею?
loc_broker_female_b__response_to_hacking_fix_decode_01,Тій машині й так грош ціна.
loc_broker_female_b__response_to_hacking_fix_decode_02,Техно-штука накрилася!
loc_broker_female_b__seen_enemy_beast_of_nurgle_01,"Звір Нурґла! Сподіваюсь, готові!"
loc_broker_female_b__seen_enemy_beast_of_nurgle_02,Демон-звір! Оце бій!
loc_broker_female_b__seen_enemy_beast_of_nurgle_03,Звір Нурґла! Час відпрацьовувати!
loc_broker_female_b__seen_enemy_berserker_01,Маємо Берсерка! Час платити по рахункам!
loc_broker_female_b__seen_enemy_berserker_02,Ціль у полі зору: Берсерк!
loc_broker_female_b__seen_enemy_berserker_03,Берсерк! Ніякої дисципліни!
loc_broker_female_b__seen_enemy_berserker_04,Цілимось у Берсерка!
loc_broker_female_b__seen_enemy_berserker_05,"Берсерк! Кладіть його з далеку або чекайте, поки видихнеться!"
loc_broker_female_b__seen_enemy_bulwark_01,Щитоносець! Легкі гроші!
loc_broker_female_b__seen_enemy_bulwark_02,Ціль бачу: Щитоносець!
loc_broker_female_b__seen_enemy_bulwark_03,Щитоносець! Обійдіть його!
loc_broker_female_b__seen_enemy_bulwark_04,Геть того Щитоносця!
loc_broker_female_b__seen_enemy_bulwark_05,Щитоносець! Беріть з флангу!
loc_broker_female_b__seen_enemy_daemonhost_01,Демононосій помічений… Це не наша ціль…
loc_broker_female_b__seen_enemy_daemonhost_02,Тримаймось подалі від Демононосія…
loc_broker_female_b__seen_enemy_daemonhost_03,Тихо йдемо. Там Демононосій…
loc_broker_female_b__seen_enemy_daemonhost_04,Не будіть того Демононосія…
loc_broker_female_b__seen_enemy_executor_01,Трощитель! Не дай загнати себе в кут!
loc_broker_female_b__seen_enemy_executor_02,Мітка: Трощитель!
loc_broker_female_b__seen_enemy_executor_03,Цільтесь у Трощителя!
loc_broker_female_b__seen_enemy_executor_04,Трощитель! Труп на ніжках!
loc_broker_female_b__seen_enemy_executor_05,Трощитель! Він повільний — будьте швидші!
loc_broker_female_b__seen_enemy_grenadier_01,Хочу того Бомбера мертвим!
loc_broker_female_b__seen_enemy_grenadier_02,Ціль бачу: Бомбер!
loc_broker_female_b__seen_enemy_grenadier_03,Бомбер! Покладіть його!
loc_broker_female_b__seen_enemy_grenadier_04,Зніміть того Бомбера!
loc_broker_female_b__seen_enemy_grenadier_05,Бомбер! Зараз буде жорстко!
loc_broker_female_b__seen_enemy_group_assaulting_01,Цілі йдуть! Не лінуйся! 
loc_broker_female_b__seen_enemy_group_assaulting_02,Йдуть! Не підведіть!
loc_broker_female_b__seen_enemy_group_assaulting_03,Йдуть гниляки! Бийтесь по-справжньому!
loc_broker_female_b__seen_enemy_group_assaulting_04,У нас тут вечірка!
loc_broker_female_b__seen_enemy_group_assaulting_05,Свіжі цілі! Багато!
loc_broker_female_b__seen_enemy_group_far_range_shooting_behind_cover_01,Повзуть в укриття! Викурюйте!
loc_broker_female_b__seen_enemy_group_far_range_shooting_behind_cover_02,Гниляки в укритті! Зближатись і тиснути!
loc_broker_female_b__seen_enemy_group_far_range_shooting_behind_cover_03,"Засоромились, гниляки? Трохи укриття вас не врятує!"
loc_broker_female_b__seen_enemy_group_far_range_shooting_behind_cover_04,"В укриття, гниляки? Нічого не змінює!"
loc_broker_female_b__seen_enemy_group_far_range_shooting_behind_cover_05,Залягли!
loc_broker_female_b__seen_enemy_heavy_gunner_01,Кулеметник — пріоритет!
loc_broker_female_b__seen_enemy_heavy_gunner_02,Бачу нагороду: Кулеметник!
loc_broker_female_b__seen_enemy_heavy_gunner_03,Очі розплющили! Кулеметник рухається!
loc_broker_female_b__seen_enemy_heavy_gunner_04,"Хочу, щоб того Кулеметника прибрали!"
loc_broker_female_b__seen_enemy_heavy_gunner_05,Кулеметник! У сховок!
loc_broker_female_b__seen_enemy_houndmaster_a_01,Прибрати Ватажка Зграї!
loc_broker_female_b__seen_enemy_houndmaster_a_02,Ватажок Зграї! Завалити!
loc_broker_female_b__seen_enemy_houndmaster_a_03,Фокус на Ватажка Зграї!
loc_broker_female_b__seen_enemy_houndmaster_a_04,Нова ціль: Ватажок Зграї!
loc_broker_female_b__seen_enemy_houndmaster_a_05,Не любите псів? Приберіть Ватажка Зграї!
loc_broker_female_b__seen_enemy_mutant_charger_01,Мутень! І норовиста!
loc_broker_female_b__seen_enemy_mutant_charger_02,Ціль у полі зору: Мутень!
loc_broker_female_b__seen_enemy_mutant_charger_03,Мутень на прицілі!
loc_broker_female_b__seen_enemy_mutant_charger_04,Мутень шукає бійки!
loc_broker_female_b__seen_enemy_mutant_charger_05,Мутень! Потрібно постійно рухатись!
loc_broker_female_b__seen_enemy_poxwalker_bomber_01,Чумовибухач! Паскудно.
loc_broker_female_b__seen_enemy_poxwalker_bomber_02,Назад! Чумовибухач!
loc_broker_female_b__seen_enemy_poxwalker_bomber_03,Вибухач преться на нас!
loc_broker_female_b__seen_enemy_poxwalker_bomber_04,Маємo Чумовибухача!
loc_broker_female_b__seen_enemy_poxwalker_bomber_05,Чумовибухач! Штовхни й відскочи!
loc_broker_female_b__seen_enemy_scab_flamer_a_01,Нова ціль: Смажник!
loc_broker_female_b__seen_enemy_scab_flamer_a_02,Палій! Буде жарко!
loc_broker_female_b__seen_enemy_scab_flamer_a_03,Хочу мертвого Палія !
loc_broker_female_b__seen_enemy_scab_flamer_a_04,"Обережно, пиложери! Палій!"
loc_broker_female_b__seen_enemy_scab_flamer_a_05,Палій! Бачите — убивайте!
loc_broker_female_b__seen_enemy_shocktrooper_01,Нова ціль: Дробостріл!
loc_broker_female_b__seen_enemy_shocktrooper_02,Дробостріл! Покласти його!
loc_broker_female_b__seen_enemy_shocktrooper_03,Зніміть того Дробостріла!
loc_broker_female_b__seen_enemy_shocktrooper_04,Дробостріл рухається!
loc_broker_female_b__seen_enemy_shocktrooper_05,"Дробостріл! Або зближайся швидко, або ніяк!"
loc_broker_female_b__seen_enemy_sniper_01,Червоне! Снайпер!
loc_broker_female_b__seen_enemy_sniper_02,Зніміть того Снайпера!
loc_broker_female_b__seen_enemy_sniper_03,Стрілець цілиться!
loc_broker_female_b__seen_enemy_sniper_04,Нагорода в полі зору: Стрілець!
loc_broker_female_b__seen_enemy_sniper_05,Снайпер!
loc_broker_female_b__seen_netgunner_01,Нова мітка: Ловець!
loc_broker_female_b__seen_netgunner_02,Ловець полює на здобич!
loc_broker_female_b__seen_netgunner_03,Валіть Ловця!
loc_broker_female_b__seen_netgunner_04,Убийте Ловця! Конкуренція мені не до вподоби!
loc_broker_female_b__seen_netgunner_05,Ловець нишпорить! Не дайте себе впіймати!
loc_broker_female_b__seen_netgunner_flee_01,Ловець тікає!
loc_broker_female_b__seen_netgunner_flee_02,Ловець драпає!
loc_broker_female_b__smart_tag_stimm_concentration_a_01,Стим Концентрації!
loc_broker_female_b__smart_tag_stimm_concentration_a_02,Стим Концентрації!
loc_broker_female_b__smart_tag_stimm_health_a_01,Мед-стим!
loc_broker_female_b__smart_tag_stimm_health_a_02,Мед-Стим!
loc_broker_female_b__smart_tag_stimm_power_a_01,Бойовий Стим!
loc_broker_female_b__smart_tag_stimm_power_a_02,Бойовий Стим!
loc_broker_female_b__smart_tag_stimm_speed_a_01,Стим Прудкості!
loc_broker_female_b__smart_tag_stimm_speed_a_02,Стим швидкості!
loc_broker_female_b__smart_tag_vo_enemy_berserker_01,Берсерк!
loc_broker_female_b__smart_tag_vo_enemy_berserker_02,Берсерк!
loc_broker_female_b__smart_tag_vo_enemy_chaos_hound_01,Гонча!
loc_broker_female_b__smart_tag_vo_enemy_chaos_hound_02,Гонча!
loc_broker_female_b__smart_tag_vo_enemy_chaos_mutant_charger_01,Мутень!
loc_broker_female_b__smart_tag_vo_enemy_chaos_mutant_charger_02,Мутень!
loc_broker_female_b__smart_tag_vo_enemy_chaos_ogryn_armored_executor_01,Крушитель!
loc_broker_female_b__smart_tag_vo_enemy_chaos_ogryn_armored_executor_02,Крушитель!
loc_broker_female_b__smart_tag_vo_enemy_chaos_ogryn_bulwark_01,Щитоносець!
loc_broker_female_b__smart_tag_vo_enemy_chaos_ogryn_bulwark_02,Щитоносець!
loc_broker_female_b__smart_tag_vo_enemy_chaos_ogryn_heavy_gunner_01,Жнець!
loc_broker_female_b__smart_tag_vo_enemy_chaos_ogryn_heavy_gunner_02,Жнець!
loc_broker_female_b__smart_tag_vo_enemy_chaos_poxwalker_bomber_01,Чумовибухач!
loc_broker_female_b__smart_tag_vo_enemy_chaos_poxwalker_bomber_02,Чумовибухач!
loc_broker_female_b__smart_tag_vo_enemy_chaos_spawn_01,М’ясний мішок!
loc_broker_female_b__smart_tag_vo_enemy_chaos_spawn_02,М’ясний мішок!
loc_broker_female_b__smart_tag_vo_enemy_daemonhost_witch_01,Демононосій!
loc_broker_female_b__smart_tag_vo_enemy_daemonhost_witch_02,Демононосій!
loc_broker_female_b__smart_tag_vo_enemy_houndmaster_a_01,Ватажок Зграї!
loc_broker_female_b__smart_tag_vo_enemy_houndmaster_a_02,Ватажок Зграї!
loc_broker_female_b__smart_tag_vo_enemy_netgunner_01,Ловець!
loc_broker_female_b__smart_tag_vo_enemy_netgunner_02,Ловець!
loc_broker_female_b__smart_tag_vo_enemy_plague_ogryn_01,Чумний Оґрин!
loc_broker_female_b__smart_tag_vo_enemy_plague_ogryn_02,Чумний Оґрин!
loc_broker_female_b__smart_tag_vo_enemy_scab_flamer_a_01,Палій!
loc_broker_female_b__smart_tag_vo_enemy_scab_flamer_a_02,Палій!
loc_broker_female_b__smart_tag_vo_enemy_traitor_executor_01,Трощитель!
loc_broker_female_b__smart_tag_vo_enemy_traitor_executor_02,Трощитель!
loc_broker_female_b__smart_tag_vo_enemy_traitor_grenadier_01,Бомбер!
loc_broker_female_b__smart_tag_vo_enemy_traitor_grenadier_02,Бомбер!
loc_broker_female_b__smart_tag_vo_enemy_traitor_gunner_01,Кулеметник!
loc_broker_female_b__smart_tag_vo_enemy_traitor_gunner_02,Кулеметник!
loc_broker_female_b__smart_tag_vo_enemy_traitor_scout_shocktrooper_01,Дробостріл!
loc_broker_female_b__smart_tag_vo_enemy_traitor_scout_shocktrooper_02,Дробостріл!
loc_broker_female_b__smart_tag_vo_enemy_traitor_sniper_01,Снайпер!
loc_broker_female_b__smart_tag_vo_enemy_traitor_sniper_02,Снайпер!
loc_broker_female_b__smart_tag_vo_pickup_ammo_01,Набої!
loc_broker_female_b__smart_tag_vo_pickup_ammo_02,Набої!
loc_broker_female_b__smart_tag_vo_pickup_battery_01,Батарея!
loc_broker_female_b__smart_tag_vo_pickup_battery_02,Батарея!
loc_broker_female_b__smart_tag_vo_pickup_container_01,Вакуумна капсула!
loc_broker_female_b__smart_tag_vo_pickup_container_02,Вакуумна капсула!
loc_broker_female_b__smart_tag_vo_pickup_control_rod_01,Кріонічний стрижень!
loc_broker_female_b__smart_tag_vo_pickup_control_rod_02,Кріонічний стрижень!
loc_broker_female_b__smart_tag_vo_pickup_deployed_ammo_crate_01,Ящик з набоями!
loc_broker_female_b__smart_tag_vo_pickup_deployed_ammo_crate_02,Ящик з набоями!
loc_broker_female_b__smart_tag_vo_pickup_deployed_medical_crate_01,Медпак на землі!
loc_broker_female_b__smart_tag_vo_pickup_deployed_medical_crate_02,Медпак на земл!
loc_broker_female_b__smart_tag_vo_pickup_forge_metal_01,Пласталь!
loc_broker_female_b__smart_tag_vo_pickup_forge_metal_02,Пласталь!
loc_broker_female_b__smart_tag_vo_pickup_health_booster_01,Медстим!
loc_broker_female_b__smart_tag_vo_pickup_health_booster_02,Медстим!
loc_broker_female_b__smart_tag_vo_pickup_medical_crate_01,Аптечка!
loc_broker_female_b__smart_tag_vo_pickup_medical_crate_02,Аптечка!
loc_broker_female_b__smart_tag_vo_pickup_platinum_01,Діамантин!
loc_broker_female_b__smart_tag_vo_pickup_platinum_02,Діамантин!
loc_broker_female_b__smart_tag_vo_pickup_side_mission_consumable_01,Реліквія!
loc_broker_female_b__smart_tag_vo_pickup_side_mission_consumable_02,Реліквія!
loc_broker_female_b__smart_tag_vo_pickup_side_mission_grimoire_01,Ґримуар!
loc_broker_female_b__smart_tag_vo_pickup_side_mission_grimoire_02,Ґримуар!
loc_broker_female_b__smart_tag_vo_pickup_side_mission_tome_01,Писання!
loc_broker_female_b__smart_tag_vo_pickup_side_mission_tome_02,Писання!
loc_broker_female_b__smart_tag_vo_small_grenade_01,Граната!
loc_broker_female_b__smart_tag_vo_small_grenade_02,Граната!
loc_broker_female_b__smart_tag_vo_station_health_01,Медстанція!
loc_broker_female_b__smart_tag_vo_station_health_02,Медстанція!
loc_broker_female_b__smart_tag_vo_station_health_without_battery_01,Потрібна батарея!
loc_broker_female_b__smart_tag_vo_station_health_without_battery_02,Потрібна батарея!
loc_broker_female_b__stairs_sighted_01,Сходи!
loc_broker_female_b__stairs_sighted_02,Сходи!
loc_broker_female_b__stairs_sighted_03,Маємо сходи!
loc_broker_female_b__stairs_sighted_04,Бачите ті сходи?
loc_broker_female_b__stairs_sighted_05,Підемо сходами?
loc_broker_female_b__surrounded_01,Ці Гниляки скрізь!
loc_broker_female_b__surrounded_02,Нас загнали в клітку!
loc_broker_female_b__surrounded_03,Нас затискають!
loc_broker_female_b__surrounded_04,Цілі з усіх боків!
loc_broker_female_b__surrounded_05,Лізуть з усіх сторін!
loc_broker_female_b__surrounded_response_01,Тримай позицію!
loc_broker_female_b__surrounded_response_02,Зброю до рук! Час замурзатись в крові!
loc_broker_female_b__surrounded_response_03,"Командна робота, пиложери. Користуйтесь!"
loc_broker_female_b__surrounded_response_04,Разом стоїмо — живемо. Все просто.
loc_broker_female_b__surrounded_response_05,Щоб я вас за лінь не зловила.
loc_broker_female_b__warning_exploding_barrel_01,Бочка зараз бахне!
loc_broker_female_b__warning_exploding_barrel_02,Геть від тієї бочки!
loc_broker_female_b__warning_exploding_barrel_03,Бочка от-от рвоне!
loc_broker_female_b__warning_exploding_barrel_04,Бочка зараз рвоне!
loc_broker_female_c__ability_01_a_01,Ага-ага-ага-ага-ага! Хавай це!
loc_broker_female_c__ability_01_a_02,Скуштуй оце!
loc_broker_female_c__ability_01_a_03,"Голодні, гниляки? У мене якраз те, що треба!"
loc_broker_female_c__ability_01_a_04,Подарунки для всіх!
loc_broker_female_c__ability_01_a_05,Я щедра! А ви виглядаєте як любителі брати!
loc_broker_female_c__ability_01_a_06,А тепер найцікавіше!
loc_broker_female_c__ability_01_a_07,Знаю! Знаю! Знаю! ВІДКРИТИ ВОГОНЬ!
loc_broker_female_c__ability_01_a_08,Таке не пропускають!
loc_broker_female_c__ability_02_a_01,Покажіть-но свої селезінки!
loc_broker_female_c__ability_02_a_02,Давайте вас усіх повскриваємо?
loc_broker_female_c__ability_02_a_03,Нічого не відчуєш! ОБІ-ЦЯ-Ю!
loc_broker_female_c__ability_02_a_04,Зараз буде так ВЕСЕЛО!
loc_broker_female_c__ability_02_a_05,Крові по лікті!
loc_broker_female_c__ability_02_a_06,Не тікай! ДАВАЙ БУДЕМО ДРУЗЯМИ!
loc_broker_female_c__ability_02_a_07,Наріжу собі сувенірчиків!
loc_broker_female_c__ability_02_a_08,Кишки та шмаття ВСЮДИ!
loc_broker_female_c__ability_03_a_01,Хто хоче стимів?
loc_broker_female_c__ability_03_a_02,Стими! СЮДИ!
loc_broker_female_c__ability_03_a_03,"Не кажіть, що я вам нічого не даю!"
loc_broker_female_c__ability_03_a_04,"Гарні, смачненькі стими!"
loc_broker_female_c__ability_03_a_05,"Скуштуйте оце, кайфоломи!"
loc_broker_female_c__ability_03_a_06,"Я ж щедра, ага?"
loc_broker_female_c__ability_03_a_07,"Підстимлюйтесь, тупаки!"
loc_broker_female_c__ability_03_a_08,"Стими! Ви їх любите, я їх люблю!"
loc_broker_female_c__alerted_2_enemy_daemonhost_01,І все так гарно йшло!
loc_broker_female_c__alerted_2_enemy_daemonhost_02,Крові й нутрощів вистачить усім! [Сміх]
loc_broker_female_c__alerted_enemy_daemonhost_01,Назад!
loc_broker_female_c__alerted_enemy_daemonhost_02,Не будіть його!
loc_broker_female_c__alerted_enemy_daemonhost_03,"Нас тут поховають, чуєте?!"
loc_broker_female_c__alerted_enemy_daemonhost_04,Спить! Не чіпай!
loc_broker_female_c__almost_there_01,Недалеко!
loc_broker_female_c__almost_there_02,Можете рухатися швидше?
loc_broker_female_c__almost_there_03,"Ану, рушили!"
loc_broker_female_c__almost_there_04,Ходімо вже! Мені нудно!
loc_broker_female_c__almost_there_05,Майже на місці! Нарешті.
loc_broker_female_c__asset_unnatural_dark_a_01,Оооо… Темно скрізь…
loc_broker_female_c__asset_unnatural_dark_a_02,"Сподіваюсь, темряви не боїтесь, кайфоломи."
loc_broker_female_c__asset_unnatural_dark_b_01,Мені тут подобається.
loc_broker_female_c__asset_unnatural_dark_b_02,Нагадує дім.
loc_broker_female_c__away_from_squad_01,"Куди всі поділись, га?"
loc_broker_female_c__away_from_squad_02,Паскуди мене кинули.
loc_broker_female_c__away_from_squad_03,Дезертири! Кинули мене саму...
loc_broker_female_c__away_from_squad_04,Де вони? Самій вечірку не влаштуєш!
loc_broker_female_c__away_from_squad_05,Самотньо? Хе. НУДОТА!
loc_broker_female_c__blitz_01_a_01,Сліпуча хлопушка!
loc_broker_female_c__blitz_01_a_02,Сліпуча хлопушка!
loc_broker_female_c__blitz_01_a_03,Осліплю їх!
loc_broker_female_c__blitz_01_a_04,Кидаю сліпуху!
loc_broker_female_c__blitz_01_a_05,Сліплю їх!
loc_broker_female_c__blitz_01_a_06,Сліпуха пішла!
loc_broker_female_c__blitz_01_a_07,Сліплю гниляків!
loc_broker_female_c__blitz_01_a_08,Ось! Сліпуча хлопушка!
loc_broker_female_c__blitz_02_a_01,Кривава дискотека!
loc_broker_female_c__blitz_02_a_02,Спецвідправлення!
loc_broker_female_c__blitz_02_a_03,Вітання від Конклаву!
loc_broker_female_c__blitz_02_a_04,Кому цікаво!
loc_broker_female_c__blitz_02_a_05,Додамо перцю!
loc_broker_female_c__blitz_02_a_06,Час врубити музичку!
loc_broker_female_c__blitz_02_a_07,Без музики нема вечірки!
loc_broker_female_c__blitz_02_a_08,[сміх]
loc_broker_female_c__blitz_03_a_01,Хім-бомба!
loc_broker_female_c__blitz_03_a_02,Хімбомба!!
loc_broker_female_c__blitz_03_a_03,Доставка хімії!
loc_broker_female_c__blitz_03_a_04,Нашатир для гниляків!
loc_broker_female_c__blitz_03_a_05,Нюхай оце!
loc_broker_female_c__blitz_03_a_06,Смердюча бомба!
loc_broker_female_c__blitz_03_a_07,Смердить-смердить-смердить!
loc_broker_female_c__blitz_03_a_08,Легенепал пішов!
loc_broker_female_c__broker_bonding_conversation_19_a_01,Чого пика така кисла?
loc_broker_female_c__broker_bonding_conversation_19_c_01,"Ага! Чудово, еге ж?"
loc_broker_female_c__broker_bonding_conversation_20_a_01,"Здається, чудовий день для хорошої різанини!"
loc_broker_female_c__broker_bonding_conversation_20_c_01,Останнім часом ні!
loc_broker_female_c__broker_bonding_conversation_21_a_01,"Розслабся! Який сенс тут бути, якщо не розважатися?"
loc_broker_female_c__broker_bonding_conversation_21_c_01,Треба ж колись і пожити для себе!
loc_broker_female_c__broker_bonding_conversation_22_b_01,Я просто вільна душа. А ТИ заздриш!
loc_broker_female_c__broker_bonding_conversation_22_d_01,Визнай: ти в захваті від мене!
loc_broker_female_c__broker_bonding_conversation_23_b_01,Що нам треба більше вибухівки. НАБАГАТО більше вибухівки!
loc_broker_female_c__broker_bonding_conversation_23_d_01,"Ха! Говориш, як моя покійна матуся!"
loc_broker_female_c__broker_bonding_conversation_24_b_01,"Терпимо. Хоча мені скоро стане нудно, якщо нічого не почнеться!"
loc_broker_female_c__broker_bonding_conversation_24_d_01,Ти навіть не уявляєш.
loc_broker_female_c__broker_bonding_conversation_43_a_01,"Ми це зробимо, чи як?"
loc_broker_female_c__broker_bonding_conversation_43_c_01,"Ага, кайфоломи завжди так кажуть."
loc_broker_female_c__broker_bonding_conversation_44_a_01,"Ти мене підводиш! Давай, усміхнись ширше!"
loc_broker_female_c__broker_bonding_conversation_44_c_01,"Ага! Трупи, розруха, стріляні гільзи… але переважно трупи."
loc_broker_female_c__broker_bonding_conversation_45_a_01,Треба було почати працювати на Інквізицію багато років тому. Ми ідеально підходимо одне одному.
loc_broker_female_c__broker_bonding_conversation_45_c_01,"Я — джерело мудрості. Приклад, з якого можна вчитися!"
loc_broker_female_c__broker_bonding_conversation_46_b_01,"Просто роблю те, що природно. Спробував би!"
loc_broker_female_c__broker_bonding_conversation_46_d_01,НУДНО!
loc_broker_female_c__broker_bonding_conversation_47_b_01,Я не виконую наказів від кайфоломів!
loc_broker_female_c__broker_bonding_conversation_47_d_01,Так МАЙСТЕРНО! Я в захваті!
loc_broker_female_c__broker_bonding_conversation_48_b_01,Рада це чути! НЕНАВИДЖУ нудьгувати!
loc_broker_female_c__broker_bonding_conversation_48_d_01,Е? Про що ми там говорили?
loc_broker_female_c__broker_bonding_conversation_55_a_01,Не виглядаєш щасливим.
loc_broker_female_c__broker_bonding_conversation_55_c_01,"Що зробити, щоб ти всміхнувся?"
loc_broker_female_c__broker_bonding_conversation_56_a_01,"Виходьте, виходьте, виходьте! Я хочу погратися!"
loc_broker_female_c__broker_bonding_conversation_56_c_01,"Ага, але що для них халепа, те для МЕНЕ розвага."
loc_broker_female_c__broker_bonding_conversation_57_a_01,[Сміх]
loc_broker_female_c__broker_bonding_conversation_57_c_01,Просто передчуваю крики. Ага. [Здригання]
loc_broker_female_c__broker_bonding_conversation_58_b_01,"Це ж щоб користуватись, так?"
loc_broker_female_c__broker_bonding_conversation_58_d_01,Я тобі вже казала: не втручайся в мистецтво.
loc_broker_female_c__broker_bonding_conversation_59_b_01,Тут плани не працюють. Імпровізуй!
loc_broker_female_c__broker_bonding_conversation_59_d_01,Без ризику немає ніяких веселощів!
loc_broker_female_c__broker_bonding_conversation_60_b_01,"Дивись, у мене свій метод, гаразд?"
loc_broker_female_c__broker_bonding_conversation_60_d_01,"Ага, але тільки коли це смішно."
loc_broker_female_c__broker_bonding_conversation_67_a_01,Ага! Тепер є якийсь прогрес.
loc_broker_female_c__broker_bonding_conversation_67_c_01,«Просто тримайся поруч». Ти псуєш усі веселощі.
loc_broker_female_c__broker_bonding_conversation_68_a_01,"Стійте, стійте. Я хочу зібрати трохи зубів."
loc_broker_female_c__broker_bonding_conversation_68_c_01,"Просто тимчасова забаганка. Або зуби, або вуха. І те, і те добре для намиста."
loc_broker_female_c__broker_bonding_conversation_69_a_01,Нам потрібно більше вибухів! Це пожвавить ситуацію!
loc_broker_female_c__broker_bonding_conversation_69_c_01,"Я просто намагаюся, щоб ви всі не поснули!"
loc_broker_female_c__broker_bonding_conversation_70_b_01,"Це жага до життя, любий! Тобі варто спробувати."
loc_broker_female_c__broker_bonding_conversation_70_d_01,"Тобі ж гірше. Не дивно, що ти завжди такий похмурий."
loc_broker_female_c__broker_bonding_conversation_71_b_01,"Воно для того, щоб ним користуватися, любий."
loc_broker_female_c__broker_bonding_conversation_71_d_01,Коли тиснеш на гачок — ЦЕ і є слушний час!
loc_broker_female_c__broker_bonding_conversation_72_b_01,"Теж тебе люблю, любий!"
loc_broker_female_c__broker_bonding_conversation_72_d_01,Але з тобою так весело!
loc_broker_female_c__broker_female_c_adamant_bonding_conversation_01_a_01,Щось ти не виглядаєш щасливим!
loc_broker_female_c__broker_female_c_adamant_bonding_conversation_01_c_01,Тоді чого такий кислий?
loc_broker_female_c__broker_female_c_adamant_bonding_conversation_02_a_01,"Єдиний добрий Щурик — це той, якого розірвало на шматочки!"
loc_broker_female_c__broker_female_c_adamant_bonding_conversation_02_c_01,"Ага, правильно. Ховайся за Інквізицією. ТИ ТАКИЙ хоробрий!"
loc_broker_female_c__broker_female_c_adamant_bonding_conversation_03_a_01,"Ніколи не думала, що побачу, як Щурик чесно працює!"
loc_broker_female_c__broker_female_c_adamant_bonding_conversation_03_c_01,"Мені байдуже, що ти думаєш."
loc_broker_female_c__broker_female_c_adamant_bonding_conversation_04_b_01,Ага? МЕНІ БАЙДУЖЕ!
loc_broker_female_c__broker_female_c_adamant_bonding_conversation_04_d_01,І на це мені теж начхати!
loc_broker_female_c__broker_female_c_adamant_bonding_conversation_05_b_01,Не подобається — відвали!
loc_broker_female_c__broker_female_c_adamant_bonding_conversation_05_d_01,"Але це не заважає тобі скиглити, чи не так?"
loc_broker_female_c__broker_female_c_adamant_bonding_conversation_06_b_01,"Правда, трясця йому! Репутації того Щурика зараз буде капець."
loc_broker_female_c__broker_female_c_adamant_bonding_conversation_06_d_01,"Ха! Тебе це справді гризе, еге ж?"
loc_broker_female_c__broker_female_c_adamant_bonding_conversation_07_a_01,"Гей! Щурику! Якщо хочеш звалити, я нікому не скажу!"
loc_broker_female_c__broker_female_c_adamant_bonding_conversation_07_c_01,Шкода. Від тебе смердить просто жахливо.
loc_broker_female_c__broker_female_c_adamant_bonding_conversation_08_a_01,"Хочеш, щоб я тебе прикінчила, Щур-поборникику?"
loc_broker_female_c__broker_female_c_adamant_bonding_conversation_08_c_01,От халепа. Колись ти все таки скажеш «так».
loc_broker_female_c__broker_female_c_adamant_bonding_conversation_09_a_01,"Ти тепер на моїй території, Щурику. Виконуватимеш МОЇ накази!"
loc_broker_female_c__broker_female_c_adamant_bonding_conversation_09_c_01,Згода! Я прийду й переріжу тобі горлянку. Тільки не пручайся!
loc_broker_female_c__broker_female_c_adamant_bonding_conversation_10_b_01,"Пощада? Я такого ні для кого не роблю, ніколи!"
loc_broker_female_c__broker_female_c_adamant_bonding_conversation_10_d_01,Е? .. Що? .. Це нечесно!
loc_broker_female_c__broker_female_c_adamant_bonding_conversation_11_b_01,"О, дякую. А я й не думала, що Щурики роблять компліменти."
loc_broker_female_c__broker_female_c_adamant_bonding_conversation_11_d_01,Запізно! Назад слова не забереш!
loc_broker_female_c__broker_female_c_adamant_bonding_conversation_12_b_01,Ага. Так і буде. По шию в крові на кожному кроці.
loc_broker_female_c__broker_female_c_adamant_bonding_conversation_12_d_01,Тільки не треба мені тут совість вмикати!
loc_broker_female_c__broker_female_c_adamant_bonding_conversation_13_a_01,Ти мені не подобаєшся.
loc_broker_female_c__broker_female_c_adamant_bonding_conversation_13_c_01,Що? Справді?
loc_broker_female_c__broker_female_c_adamant_bonding_conversation_14_a_01,Перебирай своїми колодами! Я не хочу тут стирчати весь день!
loc_broker_female_c__broker_female_c_adamant_bonding_conversation_14_c_01,"Ти, мабуть, жартуєш!"
loc_broker_female_c__broker_female_c_adamant_bonding_conversation_15_a_01,"Я справді з нетерпінням чекаю, коли ти зловиш кулю!"
loc_broker_female_c__broker_female_c_adamant_bonding_conversation_15_c_01,З тобою не весело!
loc_broker_female_c__broker_female_c_adamant_bonding_conversation_16_b_01,"О, не можна опиратися старій жазі вбивства! Треба віддатися їй."
loc_broker_female_c__broker_female_c_adamant_bonding_conversation_16_d_01,Ага. У мене справжній хист.
loc_broker_female_c__broker_female_c_adamant_bonding_conversation_17_b_01,"Ага, але це означає, що Гнилякам теж може стати гірше!"
loc_broker_female_c__broker_female_c_adamant_bonding_conversation_17_d_01,Тоді треба вбивати їх ЩЕ ЖОРСТОКІШЕ!
loc_broker_female_c__broker_female_c_adamant_bonding_conversation_18_b_01,Яка маячня!
loc_broker_female_c__broker_female_c_adamant_bonding_conversation_18_d_01,"Я не розумію, бо це довбана нісенітниця!"
loc_broker_female_c__broker_female_c_adamant_bonding_conversation_19_a_01,Хотіла б я зараз поприбивати усіх Щуриків!
loc_broker_female_c__broker_female_c_adamant_bonding_conversation_19_c_01,Ага? Взагалі-то... так.
loc_broker_female_c__broker_female_c_adamant_bonding_conversation_20_a_01,Ти справді вмієш битися!
loc_broker_female_c__broker_female_c_adamant_bonding_conversation_20_c_01,"І все ж, у канаві ти довго не протягнеш. Ось де СПРАВЖНЄ виживання."
loc_broker_female_c__broker_female_c_adamant_bonding_conversation_21_a_01,"Байдуже, як сильно ти б'єшся. Ти — Щурик, а отже — вилупок!"
loc_broker_female_c__broker_female_c_adamant_bonding_conversation_21_c_01,Це не думка. Ти — довбаний нікчема!
loc_broker_female_c__broker_female_c_adamant_bonding_conversation_22_b_01,Е? Але ж тут УСЮДИ шматки тіл!
loc_broker_female_c__broker_female_c_adamant_bonding_conversation_22_d_01,Не мої! Я ЦЕ обожнюю!
loc_broker_female_c__broker_female_c_adamant_bonding_conversation_23_b_01,"Ой, я зараз почервонію!"
loc_broker_female_c__broker_female_c_adamant_bonding_conversation_23_d_01,"Ага, точно! Ха!"
loc_broker_female_c__broker_female_c_adamant_bonding_conversation_24_b_01,Не дивись на мене. У мене є алібі. Купа-купезна алібі.
loc_broker_female_c__broker_female_c_adamant_bonding_conversation_24_d_01,"Та ні... Ну, більшість ні... Принаймні, один... Але він уже мертвий."
loc_broker_female_c__broker_female_c_adamant_bonding_conversation_25_a_01,"Ти не такий крутий, як здаєшся!"
loc_broker_female_c__broker_female_c_adamant_bonding_conversation_25_c_01,"Дяка, може, так і зроблю."
loc_broker_female_c__broker_female_c_adamant_bonding_conversation_26_a_01,ТИ — справжній кайфолом.
loc_broker_female_c__broker_female_c_adamant_bonding_conversation_26_c_01,А ти хоч колись?
loc_broker_female_c__broker_female_c_adamant_bonding_conversation_27_a_01,Ти взагалі людина під тим шоломом?
loc_broker_female_c__broker_female_c_adamant_bonding_conversation_27_c_01,"Тоді ж нічого страшного, якщо відповіси, правда?"
loc_broker_female_c__broker_female_c_adamant_bonding_conversation_28_b_01,Та ні. Не думаю. Є друзі нагорі.
loc_broker_female_c__broker_female_c_adamant_bonding_conversation_28_d_01,"Гадаю, ми це з'ясуємо, чи не так?"
loc_broker_female_c__broker_female_c_adamant_bonding_conversation_29_b_01,Краще б ти говорила це Гнилякам.
loc_broker_female_c__broker_female_c_adamant_bonding_conversation_29_d_01,Щось я не відчуваю себе тут бажаною гостею...
loc_broker_female_c__broker_female_c_adamant_bonding_conversation_30_b_01,І це МЕНЕ вони називають божевільною.
loc_broker_female_c__broker_female_c_adamant_bonding_conversation_30_d_01,"Ага, гадаю, це, мабуть, правда."
loc_broker_female_c__broker_female_c_adamant_bonding_conversation_31_a_01,Я пів життя б'юся пліч-о-пліч зі Щуриками.
loc_broker_female_c__broker_female_c_adamant_bonding_conversation_31_c_01,Зачепила за живе? Біднятко ти моє!
loc_broker_female_c__broker_female_c_adamant_bonding_conversation_32_a_01,Щурику завжди дістається найкраще спорядження! Нечесно!
loc_broker_female_c__broker_female_c_adamant_bonding_conversation_32_c_01,Що? Ти це серйозно?
loc_broker_female_c__broker_female_c_adamant_bonding_conversation_33_a_01,"Якщо я займуся оцим всім ""розвідати попереду"", ви ж не прострелите мені спину, га?"
loc_broker_female_c__broker_female_c_adamant_bonding_conversation_33_c_01,Не могла б хоча б прикинутися?
loc_broker_female_c__broker_female_c_adamant_bonding_conversation_34_b_01,Безрадісна ти. Але хоч не боягузка.
loc_broker_female_c__broker_female_c_adamant_bonding_conversation_34_d_01,"Я пригадаю це, коли ти почнеш кликати на допомогу!"
loc_broker_female_c__broker_female_c_adamant_bonding_conversation_35_b_01,"Ага? Не стримуйся, люба. Кажи як є."
loc_broker_female_c__broker_female_c_adamant_bonding_conversation_35_d_01,"Ох, ЯКА шкода. [Сміється]"
loc_broker_female_c__broker_female_c_adamant_bonding_conversation_36_b_01,Тобто одна куля таки СПИНЯЄ Закон. Буду знати.
loc_broker_female_c__broker_female_c_adamant_bonding_conversation_36_d_01,Мені подобається! Перевіримо разом!
loc_broker_female_c__broker_female_c_ogryn_bonding_conversation_01_a_01,"Насолоджуєшся кривавою вечіркою, Колодо?"
loc_broker_female_c__broker_female_c_ogryn_bonding_conversation_01_c_01,Ще б пак! Усі ці крики!
loc_broker_female_c__broker_female_c_ogryn_bonding_conversation_02_a_01,І не придумала б собі кращого заняття!
loc_broker_female_c__broker_female_c_ogryn_bonding_conversation_02_c_01,"Ох, заздрю. Мабуть, кожне вбивство для тебе як перше!"
loc_broker_female_c__broker_female_c_ogryn_bonding_conversation_03_a_01,Ти досить кмітливий для Колоди!
loc_broker_female_c__broker_female_c_ogryn_bonding_conversation_03_c_01,"Ага, але м'язи є у всіх Оґринів."
loc_broker_female_c__broker_female_c_ogryn_bonding_conversation_04_b_01,"Я намагаюся догодити, Колодо. Треба ж, щоб Оґрин був задоволений."
loc_broker_female_c__broker_female_c_ogryn_bonding_conversation_04_d_01,"Ага, але я думаю, ти впораєшся."
loc_broker_female_c__broker_female_c_ogryn_bonding_conversation_05_b_01,"О, це буде добре."
loc_broker_female_c__broker_female_c_ogryn_bonding_conversation_05_d_01,"Тоді чому мені здається, що ти забув, що хотів сказати?"
loc_broker_female_c__broker_female_c_ogryn_bonding_conversation_06_b_01,"Ото так, Колодо! Дай їм жару!"
loc_broker_female_c__broker_female_c_ogryn_bonding_conversation_06_d_01,"О, я зворушена. Дякс!"
loc_broker_female_c__broker_female_c_ogryn_bonding_conversation_07_a_01,Ти капець який великий і потворний!
loc_broker_female_c__broker_female_c_ogryn_bonding_conversation_07_c_01,Нема чим пишатися!
loc_broker_female_c__broker_female_c_ogryn_bonding_conversation_08_a_01,"Ти ж любиш усе це, правда?"
loc_broker_female_c__broker_female_c_ogryn_bonding_conversation_08_c_01,"Навряд. Гниляки будуть лізти, і лізти, і лізти…"
loc_broker_female_c__broker_female_c_ogryn_bonding_conversation_09_a_01,"Давай, Колодо! В бій!"
loc_broker_female_c__broker_female_c_ogryn_bonding_conversation_09_c_01,"Та ні, не будь дурнем... Але я ДАЮ тобі право першого удару!"
loc_broker_female_c__broker_female_c_ogryn_bonding_conversation_10_b_01,Так? Думаєш?
loc_broker_female_c__broker_female_c_ogryn_bonding_conversation_10_d_01,О так. Без питань. Будь біля мене!
loc_broker_female_c__broker_female_c_ogryn_bonding_conversation_11_b_01,"Я люблю колоти й різати. Треба відчувати, як з них витікає життя, розумієш?"
loc_broker_female_c__broker_female_c_ogryn_bonding_conversation_11_d_01,"Не впевнена, що в тебе вистачить координації, але буде весело це з'ясувати!"
loc_broker_female_c__broker_female_c_ogryn_bonding_conversation_12_b_01,"Не слухай, що там ті Щурі-поборники верзуть."
loc_broker_female_c__broker_female_c_ogryn_bonding_conversation_12_d_01,"О? Рада за тебе, Колодо."
loc_broker_female_c__broker_female_c_ogryn_bonding_conversation_13_a_01,"Це що, я щойно чула, як у тебе в животі бурчить?"
loc_broker_female_c__broker_female_c_ogryn_bonding_conversation_13_c_01,Але ж ти жрав усю дорогу під час висадки.
loc_broker_female_c__broker_female_c_ogryn_bonding_conversation_14_a_01,"Тут чимось смердить, і це не Гниляки."
loc_broker_female_c__broker_female_c_ogryn_bonding_conversation_14_c_01,"Я й не казала, що це вони, Колодо. Але це ТИ, так?"
loc_broker_female_c__broker_female_c_ogryn_bonding_conversation_15_a_01,"Ти виглядаєш розгубленим, Колодо!"
loc_broker_female_c__broker_female_c_ogryn_bonding_conversation_15_c_01,"Не впевнена, що це добре."
loc_broker_female_c__broker_female_c_ogryn_bonding_conversation_16_b_01,Чого під ноги не дивишся?
loc_broker_female_c__broker_female_c_ogryn_bonding_conversation_16_d_01,"Ага, можу собі уявити."
loc_broker_female_c__broker_female_c_ogryn_bonding_conversation_17_b_01,Знайди собі свого! А цього я приберегла для когось особливого.
loc_broker_female_c__broker_female_c_ogryn_bonding_conversation_17_d_01,Я ще не вирішила. Я люблю спонтанність!
loc_broker_female_c__broker_female_c_ogryn_bonding_conversation_18_b_01,"Надовго їх не вистачить. Ми ж їх усіх прикінчимо, так?"
loc_broker_female_c__broker_female_c_ogryn_bonding_conversation_18_d_01,Оце мені вже до вподоби.
loc_broker_female_c__broker_female_c_ogryn_bonding_conversation_19_a_01,Давай! Не відставай!
loc_broker_female_c__broker_female_c_ogryn_bonding_conversation_19_c_01,А ти ж пропустиш найцікавіше!
loc_broker_female_c__broker_female_c_ogryn_bonding_conversation_20_a_01,"А от ТИ схожий на Оґрина, який знається на грудних клітках!"
loc_broker_female_c__broker_female_c_ogryn_bonding_conversation_20_c_01,"О-о-о. Ти з прямих, так? Ти мені ще більше подобаєшся."
loc_broker_female_c__broker_female_c_ogryn_bonding_conversation_21_a_01,"Готовий до невеликої командної роботи, Колодо?"
loc_broker_female_c__broker_female_c_ogryn_bonding_conversation_21_c_01,"Що забажаєш. Я капець яка щедра. То що, зробимо це, га?"
loc_broker_female_c__broker_female_c_ogryn_bonding_conversation_22_b_01,"Коли я так роблю, це не спрацьовує."
loc_broker_female_c__broker_female_c_ogryn_bonding_conversation_22_d_01,Харизма? У тебе? Та ти смієшся!
loc_broker_female_c__broker_female_c_ogryn_bonding_conversation_23_b_01,Смакую очікування. Трохи утримання корисно!
loc_broker_female_c__broker_female_c_ogryn_bonding_conversation_23_d_01,Навіть зараза не смій!
loc_broker_female_c__broker_female_c_ogryn_bonding_conversation_24_b_01,"Тільки не кажи, що тебе в сон хилить."
loc_broker_female_c__broker_female_c_ogryn_bonding_conversation_24_d_01,"Це, любий, мій коник. Дивись і вчися!"
loc_broker_female_c__broker_female_c_psyker_bonding_conversation_01_a_01,"Тримайся від мене подалі, хробак!"
loc_broker_female_c__broker_female_c_psyker_bonding_conversation_01_c_01,У тебе мерзенний писклявий голос. Від нього голова болить.
loc_broker_female_c__broker_female_c_psyker_bonding_conversation_02_a_01,Ти мене дратуєш!
loc_broker_female_c__broker_female_c_psyker_bonding_conversation_02_c_01,Ага? Зате в мене є СТИЛЬ!
loc_broker_female_c__broker_female_c_psyker_bonding_conversation_03_a_01,Ніколи не любила Псайкерів.
loc_broker_female_c__broker_female_c_psyker_bonding_conversation_03_c_01,"Та ні. Я не з тих, хто пробачає."
loc_broker_female_c__broker_female_c_psyker_bonding_conversation_04_b_01,"Я знаю, що ти мені зараз скажеш. Ти ж любиш слухати свій голос."
loc_broker_female_c__broker_female_c_psyker_bonding_conversation_04_d_01,"Для тебе все стане набагато гірше, якщо не заткнешся!"
loc_broker_female_c__broker_female_c_psyker_bonding_conversation_05_b_01,"Треба отримувати задоволення від роботи, інакше який сенс жити?"
loc_broker_female_c__broker_female_c_psyker_bonding_conversation_05_d_01,Ага. Правильно! Змушувати інших страждати.
loc_broker_female_c__broker_female_c_psyker_bonding_conversation_06_b_01,"Я не соромлюся того, хто я є! Треба ж пишатися, правда?"
loc_broker_female_c__broker_female_c_psyker_bonding_conversation_06_d_01,"З тобою це не спрацювало, так?"
loc_broker_female_c__broker_female_c_psyker_bonding_conversation_07_a_01,Я за тобою спостерігала! Ти постійно відстаєш!
loc_broker_female_c__broker_female_c_psyker_bonding_conversation_07_c_01,Найкращий спосіб вижити — це коли всі ІНШІ МЕРТВІ!
loc_broker_female_c__broker_female_c_psyker_bonding_conversation_08_a_01,"Ви, Псайкери, думаєте, що ви кращі за всіх!"
loc_broker_female_c__broker_female_c_psyker_bonding_conversation_08_c_01,"Отже, я права! Бо я краща за всіх, тому ТИ думаєш, що ти кращий за всіх."
loc_broker_female_c__broker_female_c_psyker_bonding_conversation_09_a_01,Ах ти ж підступна дрібна падлюка!
loc_broker_female_c__broker_female_c_psyker_bonding_conversation_09_c_01,"Не грайся зі мною. Ти ж знаєш, я не з доброти це роблю."
loc_broker_female_c__broker_female_c_psyker_bonding_conversation_10_b_01,"Любий, усе в мені захоплює. Мені просто пощастило."
loc_broker_female_c__broker_female_c_psyker_bonding_conversation_10_d_01,"Лотерея життя, от і все."
loc_broker_female_c__broker_female_c_psyker_bonding_conversation_11_b_01,"О, з цим ніщо не зрівняється! Це [здригається] неможливо описати."
loc_broker_female_c__broker_female_c_psyker_bonding_conversation_11_d_01,"Любий, я не погана. Я прекрасна!"
loc_broker_female_c__broker_female_c_psyker_bonding_conversation_12_b_01,"Ха! Тобі доведеться стати жорсткішим, якщо хочеш вижити тут!"
loc_broker_female_c__broker_female_c_psyker_bonding_conversation_12_d_01,Тримайся мене. Я тебе витягну!
loc_broker_female_c__broker_female_c_psyker_bonding_conversation_13_a_01,Ти знову розмовляєш сам із собою?
loc_broker_female_c__broker_female_c_psyker_bonding_conversation_13_c_01,"Слухай, не базікай з уявними людьми, гаразд? Мене це нервує."
loc_broker_female_c__broker_female_c_psyker_bonding_conversation_14_a_01,Немає нічого гіршого за впертого Гниляка! Чому вони просто не здохнуть?
loc_broker_female_c__broker_female_c_psyker_bonding_conversation_14_c_01,А хоч раз було інакше?
loc_broker_female_c__broker_female_c_psyker_bonding_conversation_15_a_01,"У тебе з головою не все гаразд, ти це знаєш?"
loc_broker_female_c__broker_female_c_psyker_bonding_conversation_15_c_01,"О так. Твій уявний голос каже, що я божевільна. Дуже переконливо."
loc_broker_female_c__broker_female_c_psyker_bonding_conversation_16_b_01,Ага? У мене є ідеальне вирішення: відірвати тобі голову!
loc_broker_female_c__broker_female_c_psyker_bonding_conversation_16_d_01,"Я буду поруч, якщо передумаєш!"
loc_broker_female_c__broker_female_c_psyker_bonding_conversation_17_b_01,"Гей! Знову сам із собою розмовляєш, кайфоломе?"
loc_broker_female_c__broker_female_c_psyker_bonding_conversation_17_d_01,"Ага, він знову завівся…"
loc_broker_female_c__broker_female_c_psyker_bonding_conversation_18_b_01,"О, яка радість. Тобто мені доведеться слухати твої балачки."
loc_broker_female_c__broker_female_c_psyker_bonding_conversation_18_d_01,Більшість людей глибоко помиляються.
loc_broker_female_c__broker_female_c_psyker_bonding_conversation_19_a_01,Чого ти так нервуєш?
loc_broker_female_c__broker_female_c_psyker_bonding_conversation_19_c_01,"Просто треба втерти це тобі в обличчя, от і все. Зробити цей запах ТВОЇМ!"
loc_broker_female_c__broker_female_c_psyker_bonding_conversation_20_a_01,"Я не розумію. Усі кажуть, що ти небезпечний, а вигляд у тебе, ніби от-от розплачешся."
loc_broker_female_c__broker_female_c_psyker_bonding_conversation_20_c_01,"Ага, я теж. Знаєш, як я з цим справляюся?"
loc_broker_female_c__broker_female_c_psyker_bonding_conversation_21_a_01,"У тебе виходить все краще, Дьорґаний."
loc_broker_female_c__broker_female_c_psyker_bonding_conversation_21_c_01,Залежить. Жити хочеш?
loc_broker_female_c__broker_female_c_psyker_bonding_conversation_22_b_01,Добре! Я ЖАХЛИВА!
loc_broker_female_c__broker_female_c_psyker_bonding_conversation_22_d_01,У тебе не все гаразд із головою!
loc_broker_female_c__broker_female_c_psyker_bonding_conversation_23_b_01,Та ні! Я занадто зайнята веселощами для цього!
loc_broker_female_c__broker_female_c_psyker_bonding_conversation_23_d_01,"О, любий. Треба це виправити."
loc_broker_female_c__broker_female_c_psyker_bonding_conversation_24_b_01,Звісно! Я приємна людина. Поки ти не кайфолом.
loc_broker_female_c__broker_female_c_psyker_bonding_conversation_24_d_01,"Важливо лише те, що зараз ти — ні!"
loc_broker_female_c__broker_female_c_psyker_bonding_conversation_25_a_01,"Погляньте на себе, пане Великий Правоохоронець, бігаєте зі злочинницею!"
loc_broker_female_c__broker_female_c_psyker_bonding_conversation_25_c_01,"[Перекривлюючи] Ви марнуєте час, намагаючись мене спровокувати."
loc_broker_female_c__broker_female_c_psyker_bonding_conversation_26_a_01,"Знаєш, скількох правоохоронців я розібрала на шматки за ці роки?"
loc_broker_female_c__broker_female_c_psyker_bonding_conversation_26_c_01,"Ага, вдавай холоднокровність. Я ЗНАЮ, що ти мене боїшся!"
loc_broker_female_c__broker_female_c_psyker_bonding_conversation_27_a_01,Ти б краще був обережним біля мене. Я можу просто перерізати тобі горло!
loc_broker_female_c__broker_female_c_psyker_bonding_conversation_27_c_01,Тому кровопивці на всіх начхати.
loc_broker_female_c__broker_female_c_psyker_bonding_conversation_28_b_01,"Гей! Ми не разом. Це я вас, кайфоломів, рятую!"
loc_broker_female_c__broker_female_c_psyker_bonding_conversation_28_d_01,МОЯ перемога. І не забувай про це!
loc_broker_female_c__broker_female_c_psyker_bonding_conversation_29_b_01,Можеш узяти своє спокутування й засунути його собі в…
loc_broker_female_c__broker_female_c_psyker_bonding_conversation_29_d_01,Краще повір у це!
loc_broker_female_c__broker_female_c_psyker_bonding_conversation_30_b_01,"Ну, любий... Не можна ж просити дівчину видавати всі свої секрети, правда?"
loc_broker_female_c__broker_female_c_psyker_bonding_conversation_30_d_01,Ага. Звісно. Хоч би ЩО це було.
loc_broker_female_c__broker_female_c_psyker_bonding_conversation_31_a_01,Дивитися на тебе — це як дивитися в дзеркало!
loc_broker_female_c__broker_female_c_psyker_bonding_conversation_31_c_01,"Ой, не сміши мене. Твоя душа така ж брудна, як і моя. Ти просто краще це приховуєш."
loc_broker_female_c__broker_female_c_psyker_bonding_conversation_32_a_01,Ти такий затиснутий. Це не здорово!
loc_broker_female_c__broker_female_c_psyker_bonding_conversation_32_c_01,"Як скажеш! Але я бачу порок, коли він переді мною!"
loc_broker_female_c__broker_female_c_psyker_bonding_conversation_33_a_01,Ти мені не подобаєшся!
loc_broker_female_c__broker_female_c_psyker_bonding_conversation_33_c_01,"Та ні! Мені просто не подобається твоє обличчя. Може, мені варто щось із цим зробити?"
loc_broker_female_c__broker_female_c_psyker_bonding_conversation_34_b_01,"Ага? Ну, любий, і кращі за тебе намагалися."
loc_broker_female_c__broker_female_c_psyker_bonding_conversation_34_d_01,Так завжди кажуть невдахи!
loc_broker_female_c__broker_female_c_psyker_bonding_conversation_35_b_01,"Звісно, любий. Як скажеш!"
loc_broker_female_c__broker_female_c_psyker_bonding_conversation_35_d_01,"Хочеш перевірити — будь-коли, спробуй!"
loc_broker_female_c__broker_female_c_psyker_bonding_conversation_36_b_01,"Ага, я ЗНАЛА, що ти погодишся. Подобається, що бачиш, так?"
loc_broker_female_c__broker_female_c_psyker_bonding_conversation_36_d_01,"Заперечення — це не здорово, любий. Тобі варто за цим слідкувати!"
loc_broker_female_c__broker_female_c_veteran_bonding_conversation_01_a_01,Я могла б стати солдаткою. Тільки... мені не подобається форма.
loc_broker_female_c__broker_female_c_veteran_bonding_conversation_01_c_01,"Хочеш щось сказати, кайфоломе?"
loc_broker_female_c__broker_female_c_veteran_bonding_conversation_02_a_01,У тебе похмурий вигляд. Що сталося?
loc_broker_female_c__broker_female_c_veteran_bonding_conversation_02_c_01,Навіщо тобі цього бажати?
loc_broker_female_c__broker_female_c_veteran_bonding_conversation_03_a_01,Бідний маленький солдатик. Завжди такий похмурий.
loc_broker_female_c__broker_female_c_veteran_bonding_conversation_03_c_01,Треба змінити точку зору… Немає нічого смішнішого за вирване очне яблуко.
loc_broker_female_c__broker_female_c_veteran_bonding_conversation_04_b_01,Оуууууу. Та ти просто заздриш.
loc_broker_female_c__broker_female_c_veteran_bonding_conversation_04_d_01,Ти ХОЧЕШ виглядати так само добре.
loc_broker_female_c__broker_female_c_veteran_bonding_conversation_05_b_01,"Тепер у ньому є стиль, ось що."
loc_broker_female_c__broker_female_c_veteran_bonding_conversation_05_d_01,"Я й не думала, що в тебе знайдеться відповідь!"
loc_broker_female_c__broker_female_c_veteran_bonding_conversation_06_b_01,Та ні. Я радше «новаторка вільного стилю».
loc_broker_female_c__broker_female_c_veteran_bonding_conversation_06_d_01,"Що я роблю все, що хочу, КОЛИ захочу."
loc_broker_female_c__broker_female_c_veteran_bonding_conversation_13_a_01,Ти і я — будемо корешами.
loc_broker_female_c__broker_female_c_veteran_bonding_conversation_13_c_01,"Ага. Сам вирішуй, як краще висловити свою кляту вдячність."
loc_broker_female_c__broker_female_c_veteran_bonding_conversation_14_a_01,Я чекала на це весь день!
loc_broker_female_c__broker_female_c_veteran_bonding_conversation_14_c_01,Ха! А ти похмурий!
loc_broker_female_c__broker_female_c_veteran_bonding_conversation_15_a_01,Готовий трохи повеселитися?
loc_broker_female_c__broker_female_c_veteran_bonding_conversation_15_c_01,Бачиш? Ти все зіпсував.
loc_broker_female_c__broker_female_c_veteran_bonding_conversation_16_b_01,"Ага? Може, я ХОЧУ, щоб ти нервував."
loc_broker_female_c__broker_female_c_veteran_bonding_conversation_16_d_01,Дякс.
loc_broker_female_c__broker_female_c_veteran_bonding_conversation_17_b_01,"Ой, бідолаха. Що ж я наробила?"
loc_broker_female_c__broker_female_c_veteran_bonding_conversation_17_d_01,З інстинктом не посперечаєшся.
loc_broker_female_c__broker_female_c_veteran_bonding_conversation_18_b_01,"Знаєш, це найприємніше, що мені коли-небудь говорили."
loc_broker_female_c__broker_female_c_veteran_bonding_conversation_18_d_01,Ага… Ой! Стривай. Що ти сказав?
loc_broker_female_c__broker_female_c_veteran_bonding_conversation_19_a_01,Ось ТИ — мій тип кайфолома.
loc_broker_female_c__broker_female_c_veteran_bonding_conversation_19_c_01,І в тебе є стиль.
loc_broker_female_c__broker_female_c_veteran_bonding_conversation_20_a_01,"Немає сенсу битися з Гниляками на відстані. Треба підібратися ближче, щоб по-справжньому ЦЕ ВІДЧУТИ!"
loc_broker_female_c__broker_female_c_veteran_bonding_conversation_20_c_01,"Ага, мабуть, у цьому є сенс. Може, спробую по-твоєму."
loc_broker_female_c__broker_female_c_veteran_bonding_conversation_21_a_01,"Кайфоломи з одного боку, кайфоломи з іншого…"
loc_broker_female_c__broker_female_c_veteran_bonding_conversation_21_c_01,Сказати легко. Довести — ось що важливо… але ти подаєш надії.
loc_broker_female_c__broker_female_c_veteran_bonding_conversation_22_b_01,"Решта твоїх, здається, так не думають."
loc_broker_female_c__broker_female_c_veteran_bonding_conversation_22_d_01,"Ага, ти не помиляєшся."
loc_broker_female_c__broker_female_c_veteran_bonding_conversation_23_b_01,"Любий, до мене завжди черга, щоб я їх підсмажила. У мене репутація."
loc_broker_female_c__broker_female_c_veteran_bonding_conversation_23_d_01,"Мені байдуже, чому вишикувалися ці доходяги. Як і ножу."
loc_broker_female_c__broker_female_c_veteran_bonding_conversation_24_b_01,"Егоїстичні ці доходяги. Знаєш, що нам треба зробити?"
loc_broker_female_c__broker_female_c_veteran_bonding_conversation_24_d_01,"Вгадав з першого разу, любий!"
loc_broker_female_c__broker_female_c_veteran_bonding_conversation_25_a_01,Чого ти такий серйозний?
loc_broker_female_c__broker_female_c_veteran_bonding_conversation_25_c_01,"А, ясно. Боïшся щось відчути. Ха!"
loc_broker_female_c__broker_female_c_veteran_bonding_conversation_26_a_01,Ти завжди в поганому гуморі.
loc_broker_female_c__broker_female_c_veteran_bonding_conversation_26_c_01,"Мило з твого боку, любий, але, гадаю, я впораюся."
loc_broker_female_c__broker_female_c_veteran_bonding_conversation_27_a_01,"Таких, як ти, повно, а я — одна."
loc_broker_female_c__broker_female_c_veteran_bonding_conversation_27_c_01,О-о-о... Ти просто набиваєш собі ціну.
loc_broker_female_c__broker_female_c_veteran_bonding_conversation_28_b_01,У тебе дивне уявлення про командну роботу.
loc_broker_female_c__broker_female_c_veteran_bonding_conversation_28_d_01,"І я буду тут стільки, скільки захочу!"
loc_broker_female_c__broker_female_c_veteran_bonding_conversation_29_b_01,"Так, сер, пане Солдате, сер! Ой, ні... стривай. Відвали!"
loc_broker_female_c__broker_female_c_veteran_bonding_conversation_29_d_01,"Єдина, яка варта уваги, любий."
loc_broker_female_c__broker_female_c_veteran_bonding_conversation_30_b_01,"Ну, тобі видніше."
loc_broker_female_c__broker_female_c_veteran_bonding_conversation_30_d_01,"Ага, навчений іти прямо під кулі!"
loc_broker_female_c__broker_female_c_zealot_bonding_conversation_01_a_01,"Знаєш, я думаю, ти такий, як я. Ти робиш це, щоб побачити, як згасає світло в їхніх маленьких очах…"
loc_broker_female_c__broker_female_c_zealot_bonding_conversation_01_c_01,"Тоді ти НЕ тремтиш від тих тихих стогонів, які вони видають, помираючи?"
loc_broker_female_c__broker_female_c_zealot_bonding_conversation_02_a_01,Я кажу: УБИЙМО ЇХ УСІХ! [Сміється]
loc_broker_female_c__broker_female_c_zealot_bonding_conversation_02_c_01,"Ага. Гадаю, це проти них... а ще те, що вони стоять у мене на шляху."
loc_broker_female_c__broker_female_c_zealot_bonding_conversation_03_a_01,Ми справді це робимо? Так? ТАК?
loc_broker_female_c__broker_female_c_zealot_bonding_conversation_03_c_01,Я просто не хочу даремно радіти. Це засмучує дівчину.
loc_broker_female_c__broker_female_c_zealot_bonding_conversation_04_b_01,Е? Що-що?
loc_broker_female_c__broker_female_c_zealot_bonding_conversation_04_d_01,"Тобі доведеться говорити повільніше, якщо хочеш, щоб я тебе зрозуміла, любий."
loc_broker_female_c__broker_female_c_zealot_bonding_conversation_05_b_01,Я?.. А що це означає?
loc_broker_female_c__broker_female_c_zealot_bonding_conversation_05_d_01,Ага? Тоді наступного разу так і кажи!
loc_broker_female_c__broker_female_c_zealot_bonding_conversation_06_b_01,"Але, любий, я не ХОЧУ спокути. Я просто хочу веселитися! І ЦЕ — найкращі веселощі!"
loc_broker_female_c__broker_female_c_zealot_bonding_conversation_06_d_01,Не буває вечірки без трупів. Або ножів. Або криків. [Сміється]
loc_broker_female_c__broker_female_c_zealot_bonding_conversation_07_a_01,"Імператор-те, Імператор-се. Хочеш порятунку — рятуй себе сам."
loc_broker_female_c__broker_female_c_zealot_bonding_conversation_07_c_01,Порізавши всіх Гниляків на дрібнесенькі шматочки! [Сміється]
loc_broker_female_c__broker_female_c_zealot_bonding_conversation_08_a_01,Ти занадто манірний. Тобі треба розслабитися. Забруднити руки!
loc_broker_female_c__broker_female_c_zealot_bonding_conversation_08_c_01,Ну… Коли ти востаннє по-справжньому запускав пальці комусь в очні яблука? Гарненько їх стискав?
loc_broker_female_c__broker_female_c_zealot_bonding_conversation_09_a_01,Так! Це буде гарний день. Я це відчуваю!
loc_broker_female_c__broker_female_c_zealot_bonding_conversation_09_c_01,"І забруднитися по лікті в крові, так?"
loc_broker_female_c__broker_female_c_zealot_bonding_conversation_10_b_01,"Якщо щось варто робити, то варто робити це, доки не почне нудити від смаку крові."
loc_broker_female_c__broker_female_c_zealot_bonding_conversation_10_d_01,"О, я вся в нутрощах!"
loc_broker_female_c__broker_female_c_zealot_bonding_conversation_11_b_01,"Ага. Веселіше, коли вони тікають. Запах паніки, розумієш?"
loc_broker_female_c__broker_female_c_zealot_bonding_conversation_11_d_01,"Це талант. Гадаю, я народилася щасливою."
loc_broker_female_c__broker_female_c_zealot_bonding_conversation_12_b_01,"Не знаю. Я чую стільки голосів. Ну, переважно криків."
loc_broker_female_c__broker_female_c_zealot_bonding_conversation_12_d_01,"Ага, але, можливо, інші його заглушили, розумієш?"
loc_broker_female_c__broker_female_c_zealot_bonding_conversation_13_a_01,Чому ти завжди такий невеселий?
loc_broker_female_c__broker_female_c_zealot_bonding_conversation_13_c_01,Просто треба розчинитися в криках. Мені завжди допомагає.
loc_broker_female_c__broker_female_c_zealot_bonding_conversation_14_a_01,"Ну ж бо, ну ж бо, НУ Ж БО! Я хочу когось убити!"
loc_broker_female_c__broker_female_c_zealot_bonding_conversation_14_c_01,"Ага, але без глядачів не весело!"
loc_broker_female_c__broker_female_c_zealot_bonding_conversation_15_a_01,"А от ТИ схожий на людину, яка любить трохи очищувального полум'я."
loc_broker_female_c__broker_female_c_zealot_bonding_conversation_15_c_01,Для мене вони вмирають зашвидко. Але запах горілої плоті це компенсує.
loc_broker_female_c__broker_female_c_zealot_bonding_conversation_16_b_01,"О так. Моїм улюбленцем був Проповідник Таніель. Він був добрим оповідачем, завжди збирав натовп. А ще він їв людей."
loc_broker_female_c__broker_female_c_zealot_bonding_conversation_16_d_01,"О, він робив це лише для шоу. Таніель навчив мене всьому, що я знала. Хай спочиває на Троні."
loc_broker_female_c__broker_female_c_zealot_bonding_conversation_17_b_01,"Я тут! Просто хотіла подивитися, чи залишилося в цього Гниляка бажання битися!"
loc_broker_female_c__broker_female_c_zealot_bonding_conversation_17_d_01,"Уже ні. Але він намагався, хай йому грець."
loc_broker_female_c__broker_female_c_zealot_bonding_conversation_18_b_01,"Просто рада, що жива, чи не так? Ось! Ось у чому вся суть!"
loc_broker_female_c__broker_female_c_zealot_bonding_conversation_18_d_01,"А мої батьки казали, що з мене нічого не вийде!"
loc_broker_female_c__broker_female_c_zealot_bonding_conversation_19_a_01,"О, як це мило, правда? Просто ми, дівчата, трохи розважаємося разом?"
loc_broker_female_c__broker_female_c_zealot_bonding_conversation_19_c_01,"Я знаю, але ж немає нічого іншого, чим би ти краще займалася, правда? Будь чес-ною!"
loc_broker_female_c__broker_female_c_zealot_bonding_conversation_20_a_01,Вони вмирають зашвидко! Це не весело!
loc_broker_female_c__broker_female_c_zealot_bonding_conversation_20_c_01,"Ага, але все одно страшенно нудно. Доведеться проявити креативність!"
loc_broker_female_c__broker_female_c_zealot_bonding_conversation_21_a_01,"Ці Гниляки мене не бояться! Вони що, не знають, хто я така?"
loc_broker_female_c__broker_female_c_zealot_bonding_conversation_21_c_01,"Я намагалася, але вони стікають кров'ю, перш ніж встигають передати."
loc_broker_female_c__broker_female_c_zealot_bonding_conversation_22_b_01,"Ага, але за мною він стежить найбільше! Я цікавіша за вас!"
loc_broker_female_c__broker_female_c_zealot_bonding_conversation_22_d_01,"Можливо, тому я набагато цікавіша!"
loc_broker_female_c__broker_female_c_zealot_bonding_conversation_23_b_01,"Бійка в канаві за недоїдки, ось що це! Ніколи не відпускає!"
loc_broker_female_c__broker_female_c_zealot_bonding_conversation_23_d_01,"Мило, чи не так?"
loc_broker_female_c__broker_female_c_zealot_bonding_conversation_24_b_01,"Та ні, у бідолашних Гниляків кишка тонка!"
loc_broker_female_c__broker_female_c_zealot_bonding_conversation_24_d_01,"Любий, ніхто не стоїть на місці, коли я приходжу по них!"
loc_broker_female_c__broker_female_c_zealot_bonding_conversation_25_a_01,"Мені подобаються великі, сильні чоловіки, впевнені в собі."
loc_broker_female_c__broker_female_c_zealot_bonding_conversation_25_c_01,Пані? О-о-о… Як вишукано.
loc_broker_female_c__broker_female_c_zealot_bonding_conversation_26_a_01,"Це навіює спогади! До того, як я приєдналася до Картелю... Блукала вулицями, здирала шкіру з інших претендентів…"
loc_broker_female_c__broker_female_c_zealot_bonding_conversation_26_c_01,"Найкращі! Знаєш, коли я по-справжньому зосереджуюся, я все ще відчуваю смак крові."
loc_broker_female_c__broker_female_c_zealot_bonding_conversation_27_a_01,Ти помолишся за мене? Я накоїв багато жахливих речей.
loc_broker_female_c__broker_female_c_zealot_bonding_conversation_27_c_01,"А якщо це було тому, що мені було нудно?"
loc_broker_female_c__broker_female_c_zealot_bonding_conversation_28_b_01,"Стримуватися? [Сміється] Ти мене зовсім не знаєш, так?"
loc_broker_female_c__broker_female_c_zealot_bonding_conversation_28_d_01,"Не хвилюйся, ми це скоро виправимо!"
loc_broker_female_c__broker_female_c_zealot_bonding_conversation_29_b_01,"Е? Вибач, що ти сказав? Я поринула у спогади про особливо хрипкий передсмертний крик."
loc_broker_female_c__broker_female_c_zealot_bonding_conversation_29_d_01,О-о-о. Дуже дякую. Я зворушена!
loc_broker_female_c__broker_female_c_zealot_bonding_conversation_30_b_01,Не знаю. Та байдуже. Коли вони мертві — різниці вже немає.
loc_broker_female_c__broker_female_c_zealot_bonding_conversation_30_d_01,Я повна сюрпризів. От побачиш!
loc_broker_female_c__broker_female_c_zealot_bonding_conversation_31_a_01,Давай! Випусти це назовні! Немає сенсу щось стримувати!
loc_broker_female_c__broker_female_c_zealot_bonding_conversation_31_c_01,Звучить як виправдання. Давай! Всип їм!
loc_broker_female_c__broker_female_c_zealot_bonding_conversation_32_a_01,Я могла б стати допитувачкою. Людям ПОДОБАЄТЬСЯ зі мною розмовляти.
loc_broker_female_c__broker_female_c_zealot_bonding_conversation_32_c_01,"О так. Ось чому треба по-справжньому ПРАЦЮВАТИ зі зламаними кістками та нігтями. Крихітні, забризкані кров'ю стежки до істини, як називав їх Проповідник Таніель."
loc_broker_female_c__broker_female_c_zealot_bonding_conversation_33_a_01,"Впевнений, що ми не можемо захопити одного з Гниляків для невеликого… розслідування?"
loc_broker_female_c__broker_female_c_zealot_bonding_conversation_33_c_01,"Ага. Але дівчина може мріяти, чи не так? Я ЛЮБЛЮ докопуватися до суті."
loc_broker_female_c__broker_female_c_zealot_bonding_conversation_34_b_01,"Немає нічого поганого в тому, щоб випустити пару. Або чиюсь селезінку, якщо є вибір."
loc_broker_female_c__broker_female_c_zealot_bonding_conversation_34_d_01,"Ефективніше? Ти що, не бачиш слід із трупів, який я залишаю?"
loc_broker_female_c__broker_female_c_zealot_bonding_conversation_35_b_01,Так і є… А де решта Гниляків?
loc_broker_female_c__broker_female_c_zealot_bonding_conversation_35_d_01,"Ага. І тепер я хочу когось убити. Дивно, так?"
loc_broker_female_c__broker_female_c_zealot_bonding_conversation_36_b_01,Ага! Подякуєш мені пізніше!
loc_broker_female_c__broker_female_c_zealot_bonding_conversation_36_d_01,"Можливо, але мій був найбільший!"
loc_broker_female_c__broker_seen_killstreak_adamant_01,Щур-поборники люблять вбивати!
loc_broker_female_c__broker_seen_killstreak_adamant_02,"Ти вбиваєш весь кайф, Щур-поборнике!"
loc_broker_female_c__broker_seen_killstreak_adamant_03,Цей Щур-поборник краде мої фраги!
loc_broker_female_c__broker_seen_killstreak_adamant_04,Гей! Щур-поборнике! Залиш і мені трохи!
loc_broker_female_c__broker_seen_killstreak_broker_01,"От так, Корешу! Оце я й мав на увазі!"
loc_broker_female_c__broker_seen_killstreak_broker_02,"Тебе поперло різати, Корешу!"
loc_broker_female_c__broker_seen_killstreak_broker_03,"Так тримати, Корешу! Покажи їм!"
loc_broker_female_c__broker_seen_killstreak_broker_04,"Давай, Корешу! Давай!"
loc_broker_female_c__broker_seen_killstreak_ogryn_01,"Ага! Ось так це робиться, Колодо!"
loc_broker_female_c__broker_seen_killstreak_ogryn_02,Гляньте! Оґрін прокинувся!
loc_broker_female_c__broker_seen_killstreak_ogryn_03,"Ти справжній кістколом, Колодо!"
loc_broker_female_c__broker_seen_killstreak_ogryn_04,"Дай їм жару, Колодо!"
loc_broker_female_c__broker_seen_killstreak_psyker_01,"Давай, Дьорґаний!"
loc_broker_female_c__broker_seen_killstreak_psyker_02,"Оце діло, Псайкере!"
loc_broker_female_c__broker_seen_killstreak_psyker_03,"Втягуєшся, Дьорґаний!"
loc_broker_female_c__broker_seen_killstreak_psyker_04,"Ріж їх, Псайкере!"
loc_broker_female_c__broker_seen_killstreak_veteran_01,"Вали їх, Вбивце!"
loc_broker_female_c__broker_seen_killstreak_veteran_02,"Ось тепер ти розійшовся, Рубако!"
loc_broker_female_c__broker_seen_killstreak_veteran_03,"Бачиш, що буває, коли розслабляєшся, Ветеране?"
loc_broker_female_c__broker_seen_killstreak_veteran_04,"Пишаюся тобою, Рубако!"
loc_broker_female_c__broker_seen_killstreak_zealot_01,Бузувір лізе в м'ясо!
loc_broker_female_c__broker_seen_killstreak_zealot_02,Язикатий забагато веселиться!
loc_broker_female_c__broker_seen_killstreak_zealot_03,"Так, Бузувіре! Розважайся!"
loc_broker_female_c__broker_seen_killstreak_zealot_04,Язикатий аж почервонів!
loc_broker_female_c__broker_start_revive_adamant_01,"Рухайся, Щур-поборнике."
loc_broker_female_c__broker_start_revive_adamant_02,"Невтомний Закон, га?"
loc_broker_female_c__broker_start_revive_adamant_03,"Не думала, що ти здасишся."
loc_broker_female_c__broker_start_revive_adamant_04,Ото лузер.
loc_broker_female_c__broker_start_revive_adamant_05,"Знав, що від тебе користі мало."
loc_broker_female_c__broker_start_revive_broker_01,Підйом.
loc_broker_female_c__broker_start_revive_broker_02,Ти не настільки слабкий.
loc_broker_female_c__broker_start_revive_broker_03,Не байдикуй.
loc_broker_female_c__broker_start_revive_broker_04,"Ти ще в ділі, га?"
loc_broker_female_c__broker_start_revive_broker_05,"Що ти, по-твоєму, робиш?"
loc_broker_female_c__broker_start_revive_ogryn_01,Тобі б менше жерти...
loc_broker_female_c__broker_start_revive_ogryn_02,Там тобі добряче прилетіло.
loc_broker_female_c__broker_start_revive_ogryn_03,Добре подрімав?
loc_broker_female_c__broker_start_revive_ogryn_04,"Туса ще не скінчилась, Колодо."
loc_broker_female_c__broker_start_revive_ogryn_05,Підіймай свою ледачу задницю.
loc_broker_female_c__broker_start_revive_psyker_01,"Не погано ідеш, Дьорґаний."
loc_broker_female_c__broker_start_revive_psyker_02,Гаразд. Підривайся.
loc_broker_female_c__broker_start_revive_psyker_03,Не сси. Я з тобою.
loc_broker_female_c__broker_start_revive_psyker_04,Що ти там на підлозі робиш?
loc_broker_female_c__broker_start_revive_psyker_05,Не нуди.
loc_broker_female_c__broker_start_revive_veteran_01,"Туса ще палає, Рубака."
loc_broker_female_c__broker_start_revive_veteran_02,Що ти там робиш на підлозі?
loc_broker_female_c__broker_start_revive_veteran_03,Не будь кайфоломом — будь Рубакою.
loc_broker_female_c__broker_start_revive_veteran_04,Здаєшся в на самому цікавому?
loc_broker_female_c__broker_start_revive_veteran_05,Ти ще не відстрілявся.
loc_broker_female_c__broker_start_revive_zealot_01,"Вечіка ще не закінчилась, Язикатий."
loc_broker_female_c__broker_start_revive_zealot_02,"З тобою важко. Обтяжений «метою», так?"
loc_broker_female_c__broker_start_revive_zealot_03,Ледачий малий кайфолом?
loc_broker_female_c__broker_start_revive_zealot_04,"Де твій запал, Язикатий?"
loc_broker_female_c__broker_start_revive_zealot_05,Не зважай. Просто шарю по твоїх кишенях.
loc_broker_female_c__calling_for_help_01,Допоможіть!
loc_broker_female_c__calling_for_help_02,Краще допоможи!
loc_broker_female_c__calling_for_help_03,Значить не хочете бути зі мною в добрих стосунках?
loc_broker_female_c__calling_for_help_04,"Гей! Допоможіть, ви там!"
loc_broker_female_c__calling_for_help_05,Будете допомагати чи дивитись?
loc_broker_female_c__com_wheel_vo_enemy_over_here_01,Ворог попереду!
loc_broker_female_c__com_wheel_vo_enemy_over_here_02,Ворога засікли!
loc_broker_female_c__com_wheel_vo_enemy_over_here_03,Ворог!
loc_broker_female_c__com_wheel_vo_follow_you_01,Пильную!
loc_broker_female_c__com_wheel_vo_follow_you_02,Я за вами!
loc_broker_female_c__com_wheel_vo_follow_you_03,Йду слідом!
loc_broker_female_c__com_wheel_vo_for_the_emperor_01,За Конклав!
loc_broker_female_c__com_wheel_vo_for_the_emperor_02,За Атому!
loc_broker_female_c__com_wheel_vo_for_the_emperor_03,За волю!
loc_broker_female_c__com_wheel_vo_location_attention_01,Перевірте там!
loc_broker_female_c__com_wheel_vo_location_attention_02,Бачиш те?
loc_broker_female_c__com_wheel_vo_location_attention_03,Гляньте туди!
loc_broker_female_c__com_wheel_vo_location_ping_01,Ідіть туди!
loc_broker_female_c__com_wheel_vo_location_ping_02,Давай туди!
loc_broker_female_c__com_wheel_vo_location_ping_03,За мною!
loc_broker_female_c__com_wheel_vo_my_pleasure_a_01,Прошу!
loc_broker_female_c__com_wheel_vo_my_pleasure_a_02,Хіба я не мила?
loc_broker_female_c__com_wheel_vo_need_ammo_01,Потрібні набої!
loc_broker_female_c__com_wheel_vo_need_ammo_02,"Набої, швидко!"
loc_broker_female_c__com_wheel_vo_need_ammo_03,Мені б набоїв!
loc_broker_female_c__com_wheel_vo_need_health_01,Мені потрібно лікування!
loc_broker_female_c__com_wheel_vo_need_health_02,Сильно болить!
loc_broker_female_c__com_wheel_vo_need_health_03,Я поранена. Потрібна аптечка.
loc_broker_female_c__com_wheel_vo_need_that_01,Це моє!
loc_broker_female_c__com_wheel_vo_need_that_02,Моє!
loc_broker_female_c__com_wheel_vo_need_that_03,Це треба мені!
loc_broker_female_c__com_wheel_vo_no_01,Ні!
loc_broker_female_c__com_wheel_vo_no_02,Ні!
loc_broker_female_c__com_wheel_vo_no_03,Ні!
loc_broker_female_c__com_wheel_vo_take_this_a_01,Візьми це!
loc_broker_female_c__com_wheel_vo_take_this_a_02,Бери!
loc_broker_female_c__com_wheel_vo_thank_you_01,Дякс.
loc_broker_female_c__com_wheel_vo_thank_you_02,Дякую.
loc_broker_female_c__com_wheel_vo_thank_you_03,Щиро дякую.
loc_broker_female_c__com_wheel_vo_yes_01,Авжеж!
loc_broker_female_c__com_wheel_vo_yes_02,Як скажеш!
loc_broker_female_c__com_wheel_vo_yes_03,Так!
loc_broker_female_c__combat_monster_release_a_01,"[З огидою, з болем] Ну... це був той ще досвід..."
loc_broker_female_c__combat_monster_release_a_02,"[З огидою, з болем] Ні-коли більше…"
loc_broker_female_c__combat_monster_release_a_03,"[З огидою, з болем] Смердюче… Дуже смердюче…"
loc_broker_female_c__combat_pause_limited_adamant_a_06_b_01,"Яка різниця? Головне, що стало цікаво!"
loc_broker_female_c__combat_pause_limited_adamant_a_07_b_01,"Я вам нічого не винна, кайфоломи!"
loc_broker_female_c__combat_pause_limited_adamant_a_09_b_01,"Я тут тільки заради гострих відчуттів, зрозуміло?"
loc_broker_female_c__combat_pause_limited_adamant_a_14_b_01,"Я не виконую твоїх наказів, Щурику!"
loc_broker_female_c__combat_pause_limited_adamant_b_02_b_01,"Похмурий ти кайфолом, еге ж?"
loc_broker_female_c__combat_pause_limited_adamant_b_06_b_01,"Добре, що я тут, щоб зрівняти шанси, так?"
loc_broker_female_c__combat_pause_limited_adamant_b_09_b_01,"Намагаєшся жартувати, Щурику?"
loc_broker_female_c__combat_pause_limited_adamant_b_14_b_01,"У житті є щось більше, ніж ефективність!"
loc_broker_female_c__combat_pause_limited_adamant_c_07_b_01,[Глузливо] Це Воля Закону. Жалюгідно!
loc_broker_female_c__combat_pause_limited_adamant_c_11_b_01,"Твій шлях самотній, бо ТИ НІКОМУ НЕ ПОДОБАЄШСЯ!"
loc_broker_female_c__combat_pause_limited_adamant_c_15_b_01,"Я завжди, кайфоломе. Це частина мого шарму!"
loc_broker_female_c__combat_pause_limited_adamant_c_19_b_01,А я що? Печінка для пересадки?
loc_broker_female_c__combat_pause_limited_broker_a_01_b_01,Але ми можемо залишити їхні ШМАТКИ? На пам'ять?
loc_broker_female_c__combat_pause_limited_broker_a_02_b_01,"Не так уже й погано… кілька кривавих плям, і буде як удома!"
loc_broker_female_c__combat_pause_limited_broker_a_03_b_01,Давай подякуємо їм. ОСОБИСТО.
loc_broker_female_c__combat_pause_limited_broker_a_04_b_01,Оооо. Глибокий Вулик. Миле минуле...
loc_broker_female_c__combat_pause_limited_broker_a_05_b_01,Не можна виділяти улюбленців серед трупів. Вони заздрять.
loc_broker_female_c__combat_pause_limited_broker_a_06_b_01,"Ага! Ті самі місця, де «можна все»."
loc_broker_female_c__combat_pause_limited_broker_a_07_b_01,А ще гірше — вони всі без почуття гумору! Жодного веселощів!
loc_broker_female_c__combat_pause_limited_broker_a_08_b_01,"Я завжди знала, що тобі сподобається різанина… коли розслабишся."
loc_broker_female_c__combat_pause_limited_broker_a_09_b_01,"Хтозна… Може, тобі ще й сподобається."
loc_broker_female_c__combat_pause_limited_broker_a_10_b_01,"Ага. Гадаю, в тобі якраз достатньо монстра, щоб тебе можна було полюбити."
loc_broker_female_c__combat_pause_limited_broker_b_01_b_01,Ну ти й підлиза.
loc_broker_female_c__combat_pause_limited_broker_b_02_b_01,О так! Моє улюблене!
loc_broker_female_c__combat_pause_limited_broker_b_03_b_01,Я не люблю інструкцій… чи погроз.
loc_broker_female_c__combat_pause_limited_broker_b_04_b_01,"Ставай гнучкішим, приймай зміни."
loc_broker_female_c__combat_pause_limited_broker_b_05_b_01,Ха! Я б це й ЗАДАРМА робила.
loc_broker_female_c__combat_pause_limited_broker_b_06_b_01,"Ага, купа дурних правил: не різати горлянки, не вирізати язики, ніяких випадкових убивств…"
loc_broker_female_c__combat_pause_limited_broker_b_07_b_01,"Мене більше цікавить, щоб погані речі траплялися з… ну… з УСІМА."
loc_broker_female_c__combat_pause_limited_broker_b_08_b_01,Зайвої вогневої підтримки не буває! [Сміх]
loc_broker_female_c__combat_pause_limited_broker_b_09_b_01,"Думала, ти мав бути міцним. Ха!"
loc_broker_female_c__combat_pause_limited_broker_b_10_b_01,"Ой, зберися! Ти мене ганьбиш!"
loc_broker_female_c__combat_pause_limited_broker_c_01_a_01,"[сміх] Не схоже, що тобі весело!"
loc_broker_female_c__combat_pause_limited_broker_c_01_b_01,"Жартуєш, так? Це ж БЛАЖЕНСТВО!"
loc_broker_female_c__combat_pause_limited_broker_c_02_a_01,"Мені подобається стиль цього культу, але між нами нічого не вийде. Їм усім доведеться здохнути."
loc_broker_female_c__combat_pause_limited_broker_c_02_b_01,"Ну, якщо НАПОЛЯГАЄШ."
loc_broker_female_c__combat_pause_limited_broker_c_03_a_01,Чого такий кислий? Чому не можеш розслабитися?
loc_broker_female_c__combat_pause_limited_broker_c_03_b_01,"Намагаюся вдавати мене Щурику, чи не так?"
loc_broker_female_c__combat_pause_limited_broker_c_04_a_01,"Я справді думаю, що ми втрачаємо можливість для хорошого, старомодного… добування правди."
loc_broker_female_c__combat_pause_limited_broker_c_04_b_01,Так! ТАК! Можна я допоможу?
loc_broker_female_c__combat_pause_limited_broker_c_05_a_01,Гниляки захопили все швидко. Цим варто захоплюватися.
loc_broker_female_c__combat_pause_limited_broker_c_05_b_01,"Ага, але ми їх здолаємо швидше, так?"
loc_broker_female_c__combat_pause_limited_broker_c_06_a_01,Гниляки не вміють розважатися. Таких тут багато.
loc_broker_female_c__combat_pause_limited_broker_c_06_b_01,Мені байдуже. Більше веселощів для нас із тобою!
loc_broker_female_c__combat_pause_limited_broker_c_07_a_01,"Ти якось дивно на мене дивишся. Можна подумати, що ти…"
loc_broker_female_c__combat_pause_limited_broker_c_07_b_01,"Насолода для душі, не інакше. Ти НЕЙМОВІРНИЙ!"
loc_broker_female_c__combat_pause_limited_broker_c_08_a_01,"Знаєш, смерть може бути гарною. Тобі просто потрібно… прийняти її."
loc_broker_female_c__combat_pause_limited_broker_c_08_b_01,Ага. Такі яскраві кольори. Такі живі крики. [Глибокий вдих] І цей запах…
loc_broker_female_c__combat_pause_limited_broker_c_09_a_01,Ці недолюдки посміхатись не вміють? Мрачні морди.
loc_broker_female_c__combat_pause_limited_broker_c_09_b_01,Ага! Купа клятих кайфоломів!
loc_broker_female_c__combat_pause_limited_broker_c_10_a_01,Гей! Гниляки! Виходьте! Я вас не скривджу. Обіцяю…
loc_broker_female_c__combat_pause_limited_broker_c_10_b_01,"Гучніше! Не думаю, що вони тебе почули!"
loc_broker_female_c__combat_pause_limited_ogryn_a_01_b_01,Хто сказав?
loc_broker_female_c__combat_pause_limited_ogryn_a_04_b_01,Яке це має значення?
loc_broker_female_c__combat_pause_limited_ogryn_a_16_b_01,[Передчутливе зітхання] О так… Щось із бризками!
loc_broker_female_c__combat_pause_limited_ogryn_a_17_b_01,"О, любий. Ти стараєшся, але я все одно найкраща!"
loc_broker_female_c__combat_pause_limited_ogryn_b_01_b_01,"За що? За те, що весь час плутаєшся під ногами?"
loc_broker_female_c__combat_pause_limited_ogryn_b_02_b_01,"Вбий їх як слід, і доведеться це робити лише раз."
loc_broker_female_c__combat_pause_limited_ogryn_b_18_b_01,"Ага, той предсмертний подих... [здригання] ніщо з цим не зрівняється!"
loc_broker_female_c__combat_pause_limited_ogryn_b_20_b_01,Не хвилюйся: ти почуєш крики!
loc_broker_female_c__combat_pause_limited_ogryn_c_02_b_01,"Шкода, що нам трапляється лише інший тип."
loc_broker_female_c__combat_pause_limited_ogryn_c_06_b_01,Ти огидна Колода.
loc_broker_female_c__combat_pause_limited_ogryn_c_10_b_01,"Я надаю перевагу людям. Невичерпний запас, і все таке."
loc_broker_female_c__combat_pause_limited_ogryn_c_14_b_01,"І ножі, і сережки, і трофеї…"
loc_broker_female_c__combat_pause_limited_ogryn_d_07_b_01,Тоді йди сюди. Я тобі дам!
loc_broker_female_c__combat_pause_limited_ogryn_d_12_b_01,Думаєш? Ти?
loc_broker_female_c__combat_pause_limited_ogryn_d_16_b_01,"Боюся? Я? Любий, ти мене зовсім не так зрозумів."
loc_broker_female_c__combat_pause_limited_ogryn_d_19_b_01,Заснеш — і я зроблю з твоїм обличчям щось невимовне.
loc_broker_female_c__combat_pause_limited_psyker_a_06_b_01,"Плюнь на дрібниці, Серденько."
loc_broker_female_c__combat_pause_limited_psyker_a_07_b_01,"Ей, Дьорґаний! Тримайся реальності, гаразд?"
loc_broker_female_c__combat_pause_limited_psyker_a_09_b_01,"Б’юся об заклад, усередині ти такий самий, як і я. Може, взяти ніж і перевірити?"
loc_broker_female_c__combat_pause_limited_psyker_a_13_b_01,"Цікаве питання. Зазвичай, коли в них уже не вистачає подиху, щоб кричати."
loc_broker_female_c__combat_pause_limited_psyker_a_14_b_01,"Ти виглядаєш нещасним. Хочеш, я допоможу тобі це пережити?"
loc_broker_female_c__combat_pause_limited_psyker_b_06_b_01,Ха! Це ж частина веселощів!
loc_broker_female_c__combat_pause_limited_psyker_b_07_b_01,Ти БІСИШ!
loc_broker_female_c__combat_pause_limited_psyker_b_13_b_01,"А я бажаю, щоб ТВОЯ ГОЛОВА ВИБУХНУЛА. Не всім же бути щасливими, так?"
loc_broker_female_c__combat_pause_limited_psyker_b_14_b_01,О-о-о! Навчи мене! Навчи мене!
loc_broker_female_c__combat_pause_limited_psyker_c_07_b_01,Як смішно. Я ТЕБЕ теж забула.
loc_broker_female_c__combat_pause_limited_psyker_c_11_b_01,"Ага, спогад на кожному розі. Крик, перерізана артерія… [Зітхає]"
loc_broker_female_c__combat_pause_limited_psyker_c_19_b_01,"Тобі ті цяцьки не потрібні, Серденько. Імпровізуй."
loc_broker_female_c__combat_pause_limited_veteran_a_04_b_01,"О, як це мило з твого боку."
loc_broker_female_c__combat_pause_limited_veteran_a_07_b_01,"Собі накази залиш, лаз-м’ясо!"
loc_broker_female_c__combat_pause_limited_veteran_a_12_b_01,"Ти СПОДІВАЄШСЯ, що не будуть."
loc_broker_female_c__combat_pause_limited_veteran_a_17_b_01,Я не аматорка. Я — дилетантка.
loc_broker_female_c__combat_pause_limited_veteran_b_01_b_01,Розслабся! Зараз почнеться найцікавіше!
loc_broker_female_c__combat_pause_limited_veteran_b_04_b_01,Ще ні. Але буде.
loc_broker_female_c__combat_pause_limited_veteran_b_17_b_01,"Хочеш, я тобі руки вкорочу?"
loc_broker_female_c__combat_pause_limited_veteran_c_01_b_01,Давай. Усміхнися! Тобі стане легше.
loc_broker_female_c__combat_pause_limited_veteran_c_05_b_01,Не бреши собі так.
loc_broker_female_c__combat_pause_limited_veteran_c_09_b_01,"Що? Кажеш, є інший спосіб?"
loc_broker_female_c__combat_pause_limited_veteran_c_17_b_01,"Серденько, тут нема нічого, що уб'є МЕНЕ."
loc_broker_female_c__combat_pause_limited_zealot_a_06_b_01,"О, тобі подобається біль, так? Ми з тобою ще гарно повеселимося."
loc_broker_female_c__combat_pause_limited_zealot_a_07_b_01,Та ні. Нічого не второпала.
loc_broker_female_c__combat_pause_limited_zealot_a_13_b_01,Я не люблю зосереджуватися. Від цього все стає рутиною.
loc_broker_female_c__combat_pause_limited_zealot_a_14_b_01,"Чесний бій — це той, у якому я перемагаю. Будь-якою ціною."
loc_broker_female_c__combat_pause_limited_zealot_b_02_b_01,Ага. Люблю їх підсмаженими.
loc_broker_female_c__combat_pause_limited_zealot_b_06_b_01,Твої слова сповнені дратівливої балаканини!
loc_broker_female_c__combat_pause_limited_zealot_b_13_b_01,Я нічого не боюся. Я змушую людей боятися.
loc_broker_female_c__combat_pause_limited_zealot_b_14_b_01,"Мені підходить, аби тільки руки по лікоть у крові були."
loc_broker_female_c__combat_pause_limited_zealot_c_03_b_01,"Ні. Страх — це МОЯ зброя. Хочеш, покажу?"
loc_broker_female_c__combat_pause_limited_zealot_c_07_b_01,Нечесно! Я хотіла ще з ними погратися!
loc_broker_female_c__combat_pause_limited_zealot_c_11_b_01,Що-що?
loc_broker_female_c__combat_pause_limited_zealot_c_19_b_01,Як собі хочеш. А я покажу їм їхні власні селезінки!
loc_broker_female_c__combat_pause_one_liner_01,"Ну що, кайфоломи! Робота чекає!"
loc_broker_female_c__combat_pause_one_liner_02,"Час зробити те, що лаз-м’ясо не може, га?"
loc_broker_female_c__combat_pause_one_liner_03,"Ну, побігли, майбутні герої!"
loc_broker_female_c__combat_pause_one_liner_04,Пам’ятаю це місце. Тоді було смітник — і зараз смітник.
loc_broker_female_c__combat_pause_one_liner_05,Назад до рутини!
loc_broker_female_c__combat_pause_quirk_abhuman_b_01,Я ОБОЖНЮЮ напівлюдей.
loc_broker_female_c__combat_pause_quirk_accuracy_b_01,Де твій СТИЛЬ?
loc_broker_female_c__combat_pause_quirk_adamant_a_trait_01_b_01,"Ага, любчику. Як скажеш."
loc_broker_female_c__combat_pause_quirk_adamant_a_trait_02_b_01,Тоді вали звідси й розбирайся з тим!
loc_broker_female_c__combat_pause_quirk_adamant_a_trait_03_b_01,"Ти ж просто бідолашний маленький Щурик, еге ж?"
loc_broker_female_c__combat_pause_quirk_adamant_a_trait_04_b_01,Ооо... Страшно.
loc_broker_female_c__combat_pause_quirk_adamant_a_trait_05_b_01,Не спрацює.
loc_broker_female_c__combat_pause_quirk_adamant_a_trait_06_b_01,"Я здивована, що ти взагалі щось нюхом чуєш, кайфоломе."
loc_broker_female_c__combat_pause_quirk_adamant_a_trait_07_b_01,"Доки мене не чіпаєте, мені байдуже."
loc_broker_female_c__combat_pause_quirk_adamant_a_trait_08_b_01,Залиште цей світ у спокої. МЕНІ тут ПОДОБАЄТЬСЯ.
loc_broker_female_c__combat_pause_quirk_adamant_a_trait_09_b_01,Хочеш кілька порад? У мене є декілька ідей.
loc_broker_female_c__combat_pause_quirk_adamant_a_trait_10_b_01,"Ага, звісно: у всьому винен найменший."
loc_broker_female_c__combat_pause_quirk_adamant_b_trait_01_b_01,Я не збираюся вмирати. Я житиму вічно!
loc_broker_female_c__combat_pause_quirk_adamant_b_trait_02_b_01,"Ага, ага, ага."
loc_broker_female_c__combat_pause_quirk_adamant_b_trait_03_b_01,Я не ламаюся. Я ламаю людей.
loc_broker_female_c__combat_pause_quirk_adamant_b_trait_04_b_01,"Доки ми розважаємося, яка проблема?"
loc_broker_female_c__combat_pause_quirk_adamant_b_trait_05_b_01,Я скоріше «заповзятлива вільна агентка».
loc_broker_female_c__combat_pause_quirk_adamant_b_trait_06_b_01,"А я думала, ми подружимося."
loc_broker_female_c__combat_pause_quirk_adamant_b_trait_07_b_01,"Я не боюся смерті. Вона тримає в тонусі, знаєш?"
loc_broker_female_c__combat_pause_quirk_adamant_b_trait_08_b_01,Ти звикнеш. Треба тільки зрізати кілька твоїх гострих кутів.
loc_broker_female_c__combat_pause_quirk_adamant_b_trait_09_b_01,"Тобі треба розслабитися. Знаєш, сприймати все, як є."
loc_broker_female_c__combat_pause_quirk_adamant_b_trait_10_b_01,Можеш про це не хвилюватися. Краще хвилюйся за МЕНЕ!
loc_broker_female_c__combat_pause_quirk_adamant_c_trait_01_b_01,Ага? Ось що ти знаєш!
loc_broker_female_c__combat_pause_quirk_adamant_c_trait_02_b_01,"Ти ніби брат, якого я ніколи не знала... і ще не порізала на шматки."
loc_broker_female_c__combat_pause_quirk_adamant_c_trait_03_b_01,Я? Це ти псуєш увесь настрій!
loc_broker_female_c__combat_pause_quirk_adamant_c_trait_04_b_01,Я завжди казала: поламані пальці сприяють чесності.
loc_broker_female_c__combat_pause_quirk_adamant_c_trait_05_b_01,"Ага. Шкода, що їм усім доведеться померти, еге ж? [Сміється]"
loc_broker_female_c__combat_pause_quirk_adamant_c_trait_06_b_01,Лекс. Лекс. Лекс. Лекс. Лекс. Лекс. [Сміється]
loc_broker_female_c__combat_pause_quirk_adamant_c_trait_07_b_01,"Зі стилем не посперечаєшся. Дай знати, коли він у тебе з'явиться."
loc_broker_female_c__combat_pause_quirk_adamant_c_trait_08_b_01,Та сама стара пісня.
loc_broker_female_c__combat_pause_quirk_adamant_c_trait_09_b_01,Щось ти не дуже щасливий. Хочеш чогось розслабитись?
loc_broker_female_c__combat_pause_quirk_adamant_c_trait_10_b_01,Ооо... А ми ж ТАК добре ладнали.
loc_broker_female_c__combat_pause_quirk_ammo_b_01,"І чому ж це, га?"
loc_broker_female_c__combat_pause_quirk_ammo_hog_a_01,"Ей, кайфоломе! Припини тягнути всі набої!"
loc_broker_female_c__combat_pause_quirk_ammo_hog_b_01,Ага? Хочеш за це побитися?
loc_broker_female_c__combat_pause_quirk_anger_b_01,А коли ти ні?
loc_broker_female_c__combat_pause_quirk_bad_feeling_b_01,"Проблеми попереду? Сонечко, ти про ПРОБЛЕМИ ще не знаєш."
loc_broker_female_c__combat_pause_quirk_bone_ead_b_01,Так! Я можу допомогти з «хірургією»! Тільки не рухайся…
loc_broker_female_c__combat_pause_quirk_bored_b_01,Так! Саме те що він сказав!
loc_broker_female_c__combat_pause_quirk_broker_a_trait_01_b_01,"Що? Ти думав, ми справді були в космосі? Це все трюки."
loc_broker_female_c__combat_pause_quirk_broker_a_trait_02_b_01,"Я кажу, вбиймо їх обох, про всяк випадок."
loc_broker_female_c__combat_pause_quirk_broker_a_trait_03_b_01,Ти ж відмовляєшся від найкращої частини!
loc_broker_female_c__combat_pause_quirk_broker_a_trait_04_b_01,Мені не те казали... Чи мені не варто було цього говорити?
loc_broker_female_c__combat_pause_quirk_broker_a_trait_05_b_01,"Ага, добре, шишка."
loc_broker_female_c__combat_pause_quirk_broker_a_trait_06_b_01,Треба приймати нове! Жити моментом!
loc_broker_female_c__combat_pause_quirk_broker_a_trait_07_b_01,Я постійно тобі повторюю: нема ніякого корабля. Лише гарні слова та психічні фантазії.
loc_broker_female_c__combat_pause_quirk_broker_a_trait_08_b_01,"О, я б тобі такого понарозказувала…"
loc_broker_female_c__combat_pause_quirk_broker_a_trait_09_b_01,"Він НУДНИЙ. «Так, сер, ні, сер, дозвольте зловити кулю за вас, сер?»"
loc_broker_female_c__combat_pause_quirk_broker_a_trait_10_b_01,Не. Моя. Проблема.
loc_broker_female_c__combat_pause_quirk_broker_b_trait_01_b_01,"Ага. Прикрили «Колючу Саллі», от і все."
loc_broker_female_c__combat_pause_quirk_broker_b_trait_02_b_01,"О, справді? Кращий за нас, так?"
loc_broker_female_c__combat_pause_quirk_broker_b_trait_03_b_01,Я не змагаюся. Я ПЕРЕМАГАЮ.
loc_broker_female_c__combat_pause_quirk_broker_b_trait_04_b_01,"І що? Нам не легше від цього, га?"
loc_broker_female_c__combat_pause_quirk_broker_b_trait_05_b_01,"Тааак... Оживляє, га?"
loc_broker_female_c__combat_pause_quirk_broker_b_trait_06_b_01,"Під цією маскою ти боягузливий паскудник, так?"
loc_broker_female_c__combat_pause_quirk_broker_b_trait_07_b_01,"Добре. Значить, нам не доведеться шукати бійку."
loc_broker_female_c__combat_pause_quirk_broker_b_trait_08_b_01,"Ага. Зрештою. Ти повільний, ось що я кажу."
loc_broker_female_c__combat_pause_quirk_broker_b_trait_09_b_01,"Ага, звісно."
loc_broker_female_c__combat_pause_quirk_broker_b_trait_10_b_01,"Там нема нічого вартого зусиль, але роби як знаєш."
loc_broker_female_c__combat_pause_quirk_broker_c_trait_01_a_01,Не будь таким пригніченим. Спробуй трохи повеселитися!
loc_broker_female_c__combat_pause_quirk_broker_c_trait_01_b_01,Я розважаюся! [Сміється]
loc_broker_female_c__combat_pause_quirk_broker_c_trait_02_a_01,"Арбітри, Правоохоронці, благородні доми... усі вони просто банди з гарними назвами. Але культ? От вони це справжнє лихо."
loc_broker_female_c__combat_pause_quirk_broker_c_trait_02_b_01,"Ага, але я — ЛИХО ГІРШЕ."
loc_broker_female_c__combat_pause_quirk_broker_c_trait_03_a_01,"Ви всі постійно такі серйозні. Можна подумати, що вам тут не до вподоби!"
loc_broker_female_c__combat_pause_quirk_broker_c_trait_03_b_01,Я? Це ти псуєш увесь настрій!
loc_broker_female_c__combat_pause_quirk_broker_c_trait_04_a_01,Нам варто одного з них взяти живим. Подумайте що вони можуть нам розпатякати… за належного заохочення. 
loc_broker_female_c__combat_pause_quirk_broker_c_trait_04_b_01,Я завжди казала: зламані пальці сприяють щирості.
loc_broker_female_c__combat_pause_quirk_broker_c_trait_05_a_01,"Кажи що хоч про гниляків, а захоплення вони вміють організувати."
loc_broker_female_c__combat_pause_quirk_broker_c_trait_05_b_01,"Ага. Шкода, що їм усім доведеться померти, еге ж? [Сміється]"
loc_broker_female_c__combat_pause_quirk_broker_c_trait_06_a_01,"Знаєш, у чому СПРАВЖНЯ біда з цими гниляками? З ними нудно."
loc_broker_female_c__combat_pause_quirk_broker_c_trait_06_b_01,"Ага. Не те щоб вони розривалися від радості, так?"
loc_broker_female_c__combat_pause_quirk_broker_c_trait_07_a_01,"Ми ще та пара! Я жорстокий, талановитий, неймовірно гарний, а ти—"
loc_broker_female_c__combat_pause_quirk_broker_c_trait_07_b_01,Просто милуюся краєвидом. Зі стилем не посперечаєшся.
loc_broker_female_c__combat_pause_quirk_broker_c_trait_08_a_01,Більше кайфуй від різанини. Де твоя майстерність?
loc_broker_female_c__combat_pause_quirk_broker_c_trait_08_b_01,Я бережу сили для чогось велетенського. На цю шваль талант не переводжу.
loc_broker_female_c__combat_pause_quirk_broker_c_trait_09_a_01,Ці гниляки виглядають нещасними. Не душею вони тут.
loc_broker_female_c__combat_pause_quirk_broker_c_trait_09_b_01,Єдиний спосіб перевірити — це розтрощити їм ребра й подивитися!
loc_broker_female_c__combat_pause_quirk_broker_c_trait_10_a_01,Гниляки! Сюди! У мене є дещо особливе — спеціально для вас!
loc_broker_female_c__combat_pause_quirk_broker_c_trait_10_b_01,"Це не спрацює. Вони порозумнішали відтоді, як я спробувала."
loc_broker_female_c__combat_pause_quirk_bullets_tickle_b_01,"Той, хто тебе покладе, може бути інший."
loc_broker_female_c__combat_pause_quirk_cheerful_b_01,Як закінчимо — влаштую вечірку. Яку...запам'ятають.
loc_broker_female_c__combat_pause_quirk_club_thump_b_01,"Люблю, коли світло гасне в очах, га?"
loc_broker_female_c__combat_pause_quirk_cold_b_01,Ти щось не дуже активний. Працюй!
loc_broker_female_c__combat_pause_quirk_competence_b_01,Ну це природно. Береш приклад з мене?
loc_broker_female_c__combat_pause_quirk_concerning_enforcers_b_01,А? Що це було?
loc_broker_female_c__combat_pause_quirk_dead_already_b_01,"А, ось тепер ти заговорив моєю мовою!"
loc_broker_female_c__combat_pause_quirk_dead_b_01,"Не всі ті грокси що гарчать, га?"
loc_broker_female_c__combat_pause_quirk_deddog_b_01,Він здох? Думаю здох.
loc_broker_female_c__combat_pause_quirk_defend_b_01,Я не твоє лаз-м’ясо!
loc_broker_female_c__combat_pause_quirk_desert_b_01,Уходимо? Тільки найцікавіше починається.
loc_broker_female_c__combat_pause_quirk_disappointment_b_01,Не будь кайфоломом!
loc_broker_female_c__combat_pause_quirk_discipline_b_01,Бийся як солдат — здохни як дурник.
loc_broker_female_c__combat_pause_quirk_dislikes_grenades_b_01,Трохи вогню — і життя заграло!
loc_broker_female_c__combat_pause_quirk_doomed_b_01,"Звучить, ніби обійми потрібні."
loc_broker_female_c__combat_pause_quirk_dream_b_01,Раз щасливий — яка проблема?
loc_broker_female_c__combat_pause_quirk_drink_b_01,"Крові кругом навалом, якщо приспічило."
loc_broker_female_c__combat_pause_quirk_emperor_b_01,Добре. Люблю глядачів!
loc_broker_female_c__combat_pause_quirk_end_b_01,Забери свої слова назад!
loc_broker_female_c__combat_pause_quirk_endless_b_01,"Не хотів би нудьгувати, правда?"
loc_broker_female_c__combat_pause_quirk_endless_war_b_01,Саме моя каторга!
loc_broker_female_c__combat_pause_quirk_expendable_b_01,Це ви гарматне м'ясо. Я — особлива.
loc_broker_female_c__combat_pause_quirk_feet_b_01,Могла б тобі пальці відрізати? Може допоможе.
loc_broker_female_c__combat_pause_quirk_flame_b_01,"Нічого так не заводить, як вогонь!"
loc_broker_female_c__combat_pause_quirk_forgetful_b_01,І я теж!
loc_broker_female_c__combat_pause_quirk_fractal_b_01,Знаю! Хіба не кайф?
loc_broker_female_c__combat_pause_quirk_friends_b_01,То ми друзі?… Тоді вб’ю тебе останнім.
loc_broker_female_c__combat_pause_quirk_glutton_b_01,"Голодним у бій не підеш, га?"
loc_broker_female_c__combat_pause_quirk_hates_goo_b_01,Хоча виглядає знайомо...
loc_broker_female_c__combat_pause_quirk_hates_poxwalkers_b_01,Навіть не посміхаються один одному. Огидна компанія.
loc_broker_female_c__combat_pause_quirk_health_hog_a_01,Навіщо жрала ліки? Через болючу рану?
loc_broker_female_c__combat_pause_quirk_health_hog_b_01,"Беру, що хочу, ясно?"
loc_broker_female_c__combat_pause_quirk_heights_b_01,"Може, ти вмієш літати? Ніколи про це не думав?"
loc_broker_female_c__combat_pause_quirk_homesick_b_01,Тоді відчепись і лиш мене в спокої!
loc_broker_female_c__combat_pause_quirk_hymnal_b_01,Ем… Ні.
loc_broker_female_c__combat_pause_quirk_impatient_b_01,Вони мене бояться. Іх можна зрозуміти.
loc_broker_female_c__combat_pause_quirk_killing_stopped_b_01,Так! Те що він сказав!
loc_broker_female_c__combat_pause_quirk_leader_b_01,"Спитай у того, хто накази слухає."
loc_broker_female_c__combat_pause_quirk_local_knowledge_b_01,"Звучить дуже, дуже, ДУЖЕ нудно."
loc_broker_female_c__combat_pause_quirk_lonely_b_01,Що значить «я не справжня»? Забери свої слова назад. ЗА-БЕ-РИ!
loc_broker_female_c__combat_pause_quirk_merciless_b_01,Мене ніхто «слабкодухою» не називав.
loc_broker_female_c__combat_pause_quirk_messelina_b_01,Я ще святою стану. От побачиш.
loc_broker_female_c__combat_pause_quirk_nicer_b_01,Комусь судячи з усього треба стати твердіше.
loc_broker_female_c__combat_pause_quirk_nostalgia_b_01,Великий Ті ще себе покаже. Повір.
loc_broker_female_c__combat_pause_quirk_ogryn_a_bigger_gun_b_01,"Слухай, найкраща пушка — мені. Тобі — те, що лишиться."
loc_broker_female_c__combat_pause_quirk_ogryn_a_elevator_b_01,"Ліфтів боїшся, Колодо?"
loc_broker_female_c__combat_pause_quirk_ogryn_d_authority_b_01,"Ооо. Будь ласка, не кривдьте мене, пане Великий Страшний Оґрине."
loc_broker_female_c__combat_pause_quirk_ogryn_d_boss_b_01,Я нікуди не йду.
loc_broker_female_c__combat_pause_quirk_ogryn_d_chatty_b_01,З тобою не весело.
loc_broker_female_c__combat_pause_quirk_ogryn_d_crowds_b_01,Точно! Немає нічого смачнішого за червоний туман!
loc_broker_female_c__combat_pause_quirk_ogryn_d_kill_quick_b_01,ЦЕ Тобі треба розслабитися!
loc_broker_female_c__combat_pause_quirk_ogryn_d_long_way_b_01,Ага. У мене ноги відваляться.
loc_broker_female_c__combat_pause_quirk_ogryn_d_rannick_b_01,Він мені вже більше подобається!
loc_broker_female_c__combat_pause_quirk_ogryn_d_rebuild_b_01,"Я? Я сподіваюся, ця війна НІКОЛИ не скінчиться."
loc_broker_female_c__combat_pause_quirk_pilgrimage_b_01,Оце воно все й окупає. Чесно.
loc_broker_female_c__combat_pause_quirk_pray_with_me_b_01,Коли все закінчимо. Не раніше.
loc_broker_female_c__combat_pause_quirk_prayer_b_01,Ти жартуєш?
loc_broker_female_c__combat_pause_quirk_puny_b_01,"Ти сильний, так… але в мене Є СТИЛЬ."
loc_broker_female_c__combat_pause_quirk_rations_b_01,Повір: тут краще нічого не їсти.
loc_broker_female_c__combat_pause_quirk_reads_thoughts_b_01,"Обережно в моїй голові ритися. Не знаєш, що знайдеш."
loc_broker_female_c__combat_pause_quirk_respect_b_01,"Нічого поганого в тому, щоб бути дурником."
loc_broker_female_c__combat_pause_quirk_restore_b_01,"Та ми ще не там, га?"
loc_broker_female_c__combat_pause_quirk_shore_leave_b_01,А ОЦЕ є веселуха!
loc_broker_female_c__combat_pause_quirk_sing_b_01,"Жодного шансу, лаз-м’ясо."
loc_broker_female_c__combat_pause_quirk_sleepy_b_01,"Я не понесу Колоду, ясно!"
loc_broker_female_c__combat_pause_quirk_sniper_b_01,Особисто я люблю різати їх горлянки. Вони це ненавидять.
loc_broker_female_c__combat_pause_quirk_speed_b_01,Що в тебе вселилось?
loc_broker_female_c__combat_pause_quirk_stealth_b_01,Не нуди! Голосніше й нахабніше!
loc_broker_female_c__combat_pause_quirk_stench_b_01,Нічого поганого в «фірмовому» душку.
loc_broker_female_c__combat_pause_quirk_tank_b_01,Я перша! Я перша!
loc_broker_female_c__combat_pause_quirk_tertium_splendour_b_01,І що? Яка різниця?
loc_broker_female_c__combat_pause_quirk_togetherness_b_01,Я І підтримую. Хочеш побачити як воно по іншому?
loc_broker_female_c__combat_pause_quirk_traitor_b_01,"Робимо те, що працює."
loc_broker_female_c__combat_pause_quirk_trial_b_01,"Менше скиглити, більше мститись!"
loc_broker_female_c__combat_pause_quirk_trinket_b_01,Ооо! Мародерство. Люблю.
loc_broker_female_c__combat_pause_quirk_trust_b_01,[Рик] Ось так ти звучиш. [Рик]
loc_broker_female_c__combat_pause_quirk_turncoat_b_01,"О, виклик? Поїхали!"
loc_broker_female_c__combat_pause_quirk_veteran_a_professional_b_01,"Хочеш щось довести, лаз-м’ясо?"
loc_broker_female_c__combat_pause_quirk_victory_b_01,Менше думай про «велику картину». Зосередься на вбивствах.
loc_broker_female_c__combat_pause_quirk_weapons_b_01,"Значить, працювала. На відміну від тебе."
loc_broker_female_c__combat_pause_quirk_your_sins_b_01,Попереджаю: я тут надовго…
loc_broker_female_c__combat_pause_quirk_zealot_a_emperor_b_01,"Не завадило б, щоб Він хоч раз допоміг, га?"
loc_broker_female_c__combat_pause_quirk_zealot_a_wounded_b_01,Перепочинь уже!
loc_broker_female_c__come_back_to_squad_01,Що з тобою? Набридло моя компанія?
loc_broker_female_c__come_back_to_squad_02,Тащи свою нікчемну дупу назад!
loc_broker_female_c__come_back_to_squad_03,Ей! Куди ти подався?
loc_broker_female_c__come_back_to_squad_04,"Ану назад, ти!"
loc_broker_female_c__come_back_to_squad_05,"Граєш соло, га? Ти труп!"
loc_broker_female_c__conversation_beast_of_nurgle_weakpoint_a_01,Смердить! Мені це не подобається!
loc_broker_female_c__conversation_beast_of_nurgle_weakpoint_a_02,Ця звірюка тхне! І не здихає!
loc_broker_female_c__conversation_beast_of_nurgle_weakpoint_b_01,Ззаду воно слабше!
loc_broker_female_c__conversation_beast_of_nurgle_weakpoint_b_02,Бий ззаду! Там слабке!
loc_broker_female_c__conversation_beast_of_nurgle_weakpoint_c_01,Домовилися!
loc_broker_female_c__conversation_beast_of_nurgle_weakpoint_c_02,Гарний план! Схвалюю!
loc_broker_female_c__conversation_combat_beast_of_nurgle_swallow_a_01,Звірюка перекусила кимось!
loc_broker_female_c__conversation_combat_beast_of_nurgle_swallow_a_02,Звірюка знайшла собі поїсти!
loc_broker_female_c__conversation_combat_beast_of_nurgle_swallow_b_01,Про смаки не сперечаються!
loc_broker_female_c__conversation_combat_beast_of_nurgle_swallow_b_02,"Бідолаха, мабуть, голодує!"
loc_broker_female_c__conversation_combat_beast_of_nurgle_swallow_c_01,"Прикінчіть його, та швидше!"
loc_broker_female_c__conversation_combat_beast_of_nurgle_swallow_c_02,Влаштуйте йому біль у животі! Негайно!
loc_broker_female_c__conversation_combat_chaos_spawn_a_01,"Яка злюка, да?"
loc_broker_female_c__conversation_combat_chaos_spawn_a_02,Велика купа м’язів і гонору!
loc_broker_female_c__conversation_combat_chaos_spawn_b_01,Все одно здохне! [Сміх]
loc_broker_female_c__conversation_combat_chaos_spawn_b_02,"Раз йому боляче, значить може здохнути!"
loc_broker_female_c__conversation_combat_chaos_spawn_c_01,Оце вже діло Убийте його!
loc_broker_female_c__conversation_combat_chaos_spawn_c_02,Ага! Заваліть ту погань!
loc_broker_female_c__conversation_combat_chaos_spawn_chew_a_01,"[З болем, борсаючись] Мені це... не... подобається!"
loc_broker_female_c__conversation_combat_chaos_spawn_chew_a_02,"[З болем, борсаючись] Відчепись від мене...!"
loc_broker_female_c__conversation_combat_chaos_spawn_chew_b_01,Завалити той м’ясний мішок!
loc_broker_female_c__conversation_combat_chaos_spawn_chew_b_02,Стріляйте в той М’ясний мішок! Вогонь!
loc_broker_female_c__conversation_combat_chaos_spawn_chew_c_01,Ага! Оце наказ по мені!
loc_broker_female_c__conversation_combat_chaos_spawn_chew_c_02,Змушу його пошкодувати!
loc_broker_female_c__conversation_plague_ogryn_weakpoint_01_01,Ця Колода не хоче помирати!
loc_broker_female_c__conversation_plague_ogryn_weakpoint_01_02,Ой-ой! Шось не валиться!
loc_broker_female_c__conversation_plague_ogryn_weakpoint_02_01,Тоді по пиці. Допомагає!
loc_broker_female_c__conversation_plague_ogryn_weakpoint_02_02,У голову цілься! Перевірено!
loc_broker_female_c__conversation_plague_ogryn_weakpoint_03_01,План норм!
loc_broker_female_c__conversation_plague_ogryn_weakpoint_03_02,План годиться!
loc_broker_female_c__cover_me_01,Прикрийте!
loc_broker_female_c__cover_me_02,По мені палять! І це не весело!
loc_broker_female_c__cover_me_03,Зробіть щось щоб по мені не стріляли!
loc_broker_female_c__cover_me_04,Прикриєте мене?
loc_broker_female_c__cover_me_05,Де моє кляте прикриття?
loc_broker_female_c__critical_health_01,[болісно] Нема болю — нема двіжу...
loc_broker_female_c__critical_health_02,[болісно] Наступна аптечка — моя...
loc_broker_female_c__critical_health_03,[болісно] Це вже... забагато... крові...
loc_broker_female_c__critical_health_04,[болісно] Ніхто не змушує мене... кровити...
loc_broker_female_c__critical_health_05,[З болем] Дуже кепсько...
loc_broker_female_c__disabled_by_chaos_hound_01,"Геть від мене, шавко!"
loc_broker_female_c__disabled_by_chaos_hound_02,Так не «дружать»!
loc_broker_female_c__disabled_by_chaos_hound_03,Зніміть з мене цю шавку!
loc_broker_female_c__disabled_by_chaos_hound_04,Відчепись!
loc_broker_female_c__disabled_by_chaos_hound_05,Гончак на мені!
loc_broker_female_c__disabled_by_enemy_01,Ану сюди допомогати!
loc_broker_female_c__disabled_by_enemy_02,Допоможете?
loc_broker_female_c__disabled_by_enemy_03,Не можу рухатись!
loc_broker_female_c__disabled_by_enemy_04,Витягніть мене з цього лайна!
loc_broker_female_c__disabled_by_enemy_05,Ей! Допоможіть!
loc_broker_female_c__enemy_kill_berserker_01,Берсерка прибито!
loc_broker_female_c__enemy_kill_berserker_02,Берсерку — кранти!
loc_broker_female_c__enemy_kill_berserker_03,Оце підсмажило Берсерка!
loc_broker_female_c__enemy_kill_berserker_04,Берсерк підсмажений!
loc_broker_female_c__enemy_kill_berserker_05,Мертвий Берсерк!
loc_broker_female_c__enemy_kill_chaos_hound_01,Гончу розмазало!
loc_broker_female_c__enemy_kill_chaos_hound_02,Підсмажили Псяру!
loc_broker_female_c__enemy_kill_chaos_hound_03,Гонча здохла!
loc_broker_female_c__enemy_kill_chaos_hound_04,Мінус одна Гонча!
loc_broker_female_c__enemy_kill_chaos_hound_05,Гончу прибили!
loc_broker_female_c__enemy_kill_daemonhost_01,А ви боялись! Ха!
loc_broker_female_c__enemy_kill_daemonhost_02,Демоноголовий не такий вже й страшний!
loc_broker_female_c__enemy_kill_daemonhost_03,"Думала, Демоноголові лютіші?"
loc_broker_female_c__enemy_kill_grenadier_01,Бомбера прибито намертво!
loc_broker_female_c__enemy_kill_grenadier_02,Бомбера розмазало!
loc_broker_female_c__enemy_kill_grenadier_03,Бомбера підсмажено!
loc_broker_female_c__enemy_kill_grenadier_04,"Бувай, Бомбер!"
loc_broker_female_c__enemy_kill_grenadier_05,Бомбер здох!
loc_broker_female_c__enemy_kill_houndmaster_a_01,Ватажок Зграї мертвий!
loc_broker_female_c__enemy_kill_houndmaster_a_02,Прибили Ватажка Зграї!
loc_broker_female_c__enemy_kill_houndmaster_a_03,Ватажка Зграї розмазало!
loc_broker_female_c__enemy_kill_houndmaster_a_04,Ватажка Зграї підсмажило!
loc_broker_female_c__enemy_kill_houndmaster_a_05,Бос Собак здох!
loc_broker_female_c__enemy_kill_monster_01,Непогано… як для розігріву.
loc_broker_female_c__enemy_kill_monster_02,Бачите? Нічого складного!
loc_broker_female_c__enemy_kill_monster_03,Бачили б ви свої пики! Га! А тепер воно здохло!
loc_broker_female_c__enemy_kill_monster_04,Можете уже не скиглити. Воно здохло!
loc_broker_female_c__enemy_kill_monster_05,"Ніщо не житиме, якщо я вирішу, що воно має здохнути!"
loc_broker_female_c__enemy_kill_mutant_charger_01,Мертва Мутень!
loc_broker_female_c__enemy_kill_mutant_charger_02,Мутня розмазало!
loc_broker_female_c__enemy_kill_mutant_charger_03,Мутень добре присмажена!
loc_broker_female_c__enemy_kill_mutant_charger_04,Мутень здохла!
loc_broker_female_c__enemy_kill_mutant_charger_05,Більше ніякої Мутяки!
loc_broker_female_c__enemy_kill_netgunner_01,Ловця прибито!
loc_broker_female_c__enemy_kill_netgunner_02,Прибили Ловця намертво!
loc_broker_female_c__enemy_kill_netgunner_03,Ловця поклали!
loc_broker_female_c__enemy_kill_netgunner_04,Мертвий Ловець!
loc_broker_female_c__enemy_kill_netgunner_05,"Бувай, Ловцю!"
loc_broker_female_c__enemy_kill_poxwalker_bomber_01,Гидота! [сміх]
loc_broker_female_c__enemy_kill_poxwalker_bomber_02,Вибухач луснув!
loc_broker_female_c__enemy_kill_poxwalker_bomber_03,Чумовибухач здох!
loc_broker_female_c__enemy_kill_poxwalker_bomber_04,"Бувай, Чумовибухачу!"
loc_broker_female_c__enemy_kill_poxwalker_bomber_05,Гівно таке! Ха!
loc_broker_female_c__enemy_kill_scab_flamer_a_01,Клятий Палій — труп!
loc_broker_female_c__enemy_kill_scab_flamer_a_02,Палія відправили вперед ногами!
loc_broker_female_c__enemy_kill_scab_flamer_a_03,Палій здох!
loc_broker_female_c__enemy_kill_scab_flamer_a_04,Мертвий Палій!
loc_broker_female_c__enemy_kill_scab_flamer_a_05,Ойсь! Палій мертвий!
loc_broker_female_c__enemy_kill_sniper_01,"Бувай, Снайпере!"
loc_broker_female_c__enemy_kill_sniper_02,Снайпера-кайфолома прибито!
loc_broker_female_c__enemy_kill_sniper_03,Прибили Снайпера!
loc_broker_female_c__enemy_kill_sniper_04,Снайпер мертвий-мертвий-мертвий-мертвий-мертвий!
loc_broker_female_c__enemy_kill_sniper_05,Снайпер? Ні. Нема.
loc_broker_female_c__enemy_near_death_monster_01,"Давай, потворо! Закінчуй!"
loc_broker_female_c__enemy_near_death_monster_02,"Тобі кінець, виродку!"
loc_broker_female_c__enemy_near_death_monster_03,Оце я втягуюсь!
loc_broker_female_c__enemy_near_death_monster_04,[сміх] Обожнюю свою роботу!
loc_broker_female_c__enemy_near_death_monster_05,Як воно ще живе?
loc_broker_female_c__event_demolition_first_corruptor_destroyed_a_01,Яке паскудне! Але мертве!
loc_broker_female_c__event_demolition_first_corruptor_destroyed_a_02,Скрізь слиз. І смердяка!
loc_broker_female_c__event_demolition_first_corruptor_destroyed_a_03,Не так вже й важко. Гидота дрібна.
loc_broker_female_c__event_fortification_beacon_deployed_01,Небо горить!
loc_broker_female_c__event_fortification_beacon_deployed_02,"Маяк горить! Сподіваюсь, нас бачать!"
loc_broker_female_c__event_fortification_skyfire_disabled_01,ППО розвалили!
loc_broker_female_c__event_fortification_skyfire_disabled_02,ППО гаплик!
loc_broker_female_c__event_kill_target_damaged_01,Давай! Закричи!
loc_broker_female_c__event_kill_target_damaged_02,Не кричить! Це не весело?
loc_broker_female_c__event_kill_target_destroyed_a_01,Хтось збережіть мені палець. Хочу сувенір!
loc_broker_female_c__event_kill_target_destroyed_a_02,Нічого особливого.
loc_broker_female_c__event_kill_target_heavy_damage_a_01,"Ага! Тобі кінець, Гниляку!"
loc_broker_female_c__event_kill_target_heavy_damage_a_02,Довго він не протягне!
loc_broker_female_c__event_scan_first_target_scanned_01,Скан-хрінь готова!
loc_broker_female_c__event_scan_first_target_scanned_02,Скан-ящик «пінькнув»!
loc_broker_female_c__event_survive_almost_done_01,"Здається, наші «гості» закінчуються!"
loc_broker_female_c__event_survive_almost_done_02,Такі веселощі — вічно не тривають!
loc_broker_female_c__event_survive_keep_coming_a_01,Ці паскуди не зупиняються!
loc_broker_female_c__event_survive_keep_coming_a_02,ОЦЕ вже моя вечірка!
loc_broker_female_c__found_ammo_adamant_low_on_ammo_01,"Тут набої, Щур-поборник!"
loc_broker_female_c__found_ammo_adamant_low_on_ammo_02,"Набої є, Щур-поборник?"
loc_broker_female_c__found_ammo_adamant_low_on_ammo_03,"Ось твої набої, Арбі!"
loc_broker_female_c__found_ammo_adamant_low_on_ammo_04,"Набої до рук, Арбі!"
loc_broker_female_c__found_ammo_broker_low_on_ammo_01,"Набої, Корешу!"
loc_broker_female_c__found_ammo_broker_low_on_ammo_02,"Ось твої набої, Корешу!"
loc_broker_female_c__found_ammo_broker_low_on_ammo_03,"Маю набої для тебе, Корешу!"
loc_broker_female_c__found_ammo_broker_low_on_ammo_04,Корешу! Набої!
loc_broker_female_c__found_ammo_ogryn_low_on_ammo_01,"Набої тут, Колодо!"
loc_broker_female_c__found_ammo_ogryn_low_on_ammo_02,"Набої, Оґрине!"
loc_broker_female_c__found_ammo_ogryn_low_on_ammo_03,"Патрони, Оґрине!"
loc_broker_female_c__found_ammo_ogryn_low_on_ammo_04,"Набої чекають, Колодо!"
loc_broker_female_c__found_ammo_psyker_low_on_ammo_01,"Набої тут, Дьорґаний!"
loc_broker_female_c__found_ammo_psyker_low_on_ammo_02,"Забирай ці набої, Дьорґаний!"
loc_broker_female_c__found_ammo_psyker_low_on_ammo_03,Псайкере? Набої!
loc_broker_female_c__found_ammo_psyker_low_on_ammo_04,"Набої, Псайкере!"
loc_broker_female_c__found_ammo_veteran_low_on_ammo_01,"Набої тут, Рубака!"
loc_broker_female_c__found_ammo_veteran_low_on_ammo_02,"Тут є гарні плюшки, Рубака!"
loc_broker_female_c__found_ammo_veteran_low_on_ammo_03,Ветеране? Набої чекають!
loc_broker_female_c__found_ammo_veteran_low_on_ammo_04,"Набої, Ветеране! Бачиш?"
loc_broker_female_c__found_ammo_zealot_low_on_ammo_01,"Набої тут, Бузувіре!"
loc_broker_female_c__found_ammo_zealot_low_on_ammo_02,"Набої з твоїм ім’ям, Бузувіре!"
loc_broker_female_c__found_ammo_zealot_low_on_ammo_03,Язикатий? Набої!
loc_broker_female_c__found_ammo_zealot_low_on_ammo_04,"Набої, Язикатий! Твої!"
loc_broker_female_c__found_health_booster_adamant_low_on_health_01,"Ліки, Арбіку!"
loc_broker_female_c__found_health_booster_adamant_low_on_health_02,"Ліки треба, Щур-поборник?"
loc_broker_female_c__found_health_booster_adamant_low_on_health_03,"Ліки тут, Щур-поборник!"
loc_broker_female_c__found_health_booster_adamant_low_on_health_04,"Візьмеш ліки, Арбіку?"
loc_broker_female_c__found_health_booster_broker_low_on_health_01,"Підлікуйся, Корешу!"
loc_broker_female_c__found_health_booster_broker_low_on_health_02,"Медикаменти тут, Корешу! Твої!"
loc_broker_female_c__found_health_booster_broker_low_on_health_03,"Береш ці ліки, Корешу?"
loc_broker_female_c__found_health_booster_broker_low_on_health_04,Корешу! Підлатайся!
loc_broker_female_c__found_health_booster_low_on_health_01,[Полегшено] Має зняти гостроту…
loc_broker_female_c__found_health_booster_low_on_health_02,[Полегшено] Оце мене вставило!
loc_broker_female_c__found_health_booster_low_on_health_03,[Полегшено] Вже краще!
loc_broker_female_c__found_health_booster_low_on_health_04,"[Полегшено] Ну що, хто наступний?"
loc_broker_female_c__found_health_booster_ogryn_low_on_health_01,"Підлікуйся, Колодо!"
loc_broker_female_c__found_health_booster_ogryn_low_on_health_02,"Час лікуватися, Колодо!"
loc_broker_female_c__found_health_booster_ogryn_low_on_health_03,"Ліки тут, Оґрине!"
loc_broker_female_c__found_health_booster_ogryn_low_on_health_04,"Ліки чекають, Оґрине!"
loc_broker_female_c__found_health_booster_psyker_low_on_health_01,"Дьорґаний, забирай ліки!"
loc_broker_female_c__found_health_booster_psyker_low_on_health_02,"Краще лікуйся, Псайкере!"
loc_broker_female_c__found_health_booster_psyker_low_on_health_03,"Мабуть, болить, Дьорґаний! Лікуйся!"
loc_broker_female_c__found_health_booster_psyker_low_on_health_04,"Ліки, Псайкере!"
loc_broker_female_c__found_health_booster_veteran_low_on_health_01,"Підлікуйся, Рубака!"
loc_broker_female_c__found_health_booster_veteran_low_on_health_02,"Час прибрати біль, Рубака!"
loc_broker_female_c__found_health_booster_veteran_low_on_health_03,"Тобі боляче, Рубако. Пора на ліки!"
loc_broker_female_c__found_health_booster_veteran_low_on_health_04,Ліки! Скажіть Ветерану!
loc_broker_female_c__found_health_booster_zealot_low_on_health_01,"Підлікуйся, Язикатий!"
loc_broker_female_c__found_health_booster_zealot_low_on_health_02,"Зганяй біль, Бузувіре!"
loc_broker_female_c__found_health_booster_zealot_low_on_health_03,"Погано виглядаєш, Бузувіре. Лікуйся!"
loc_broker_female_c__found_health_booster_zealot_low_on_health_04,"Ліки, Бузувіре!"
loc_broker_female_c__friendly_fire_from_adamant_to_broker_01,"На мене націлився, Арбітре?"
loc_broker_female_c__friendly_fire_from_adamant_to_broker_02,"Не по тим стріляєш, Щурику!"
loc_broker_female_c__friendly_fire_from_adamant_to_broker_03,"Це я, Щурику!"
loc_broker_female_c__friendly_fire_from_adamant_to_broker_04,"Ти по мені стріляєш, Щурику!"
loc_broker_female_c__friendly_fire_from_adamant_to_broker_05,"Забув, що я з тобою, Арбітре?"
loc_broker_female_c__friendly_fire_from_broker_to_broker_01,"Дивись, куди цілиш, Корешу!"
loc_broker_female_c__friendly_fire_from_broker_to_broker_02,"Дивись, у кого стріляєш, Корешу!"
loc_broker_female_c__friendly_fire_from_broker_to_broker_03,"Не туди стріляєш, Корешу!"
loc_broker_female_c__friendly_fire_from_broker_to_broker_04,"Не стріляй у мене, Корешу!"
loc_broker_female_c__friendly_fire_from_broker_to_broker_05,"Припини в мене стріляти, Корешу!"
loc_broker_female_c__friendly_fire_from_ogryn_to_broker_01,"Годі, Колодо!"
loc_broker_female_c__friendly_fire_from_ogryn_to_broker_02,Погана Колода! Годі в мене стріляти!
loc_broker_female_c__friendly_fire_from_ogryn_to_broker_03,"Ти в мене стріляєш, Колодо!"
loc_broker_female_c__friendly_fire_from_ogryn_to_broker_04,"Я не люблю, коли в мене стріляють, Оґрине!"
loc_broker_female_c__friendly_fire_from_ogryn_to_broker_05,"Хочеш, щоб я в тебе стріляла, Колодо?"
loc_broker_female_c__friendly_fire_from_psyker_to_broker_01,"Дивись, у кого цілишся, Дьорґаний!"
loc_broker_female_c__friendly_fire_from_psyker_to_broker_02,"Ти в мене вистрілив, Псайкере!"
loc_broker_female_c__friendly_fire_from_psyker_to_broker_03,Гей! Псайкере! Годі в мене стріляти!
loc_broker_female_c__friendly_fire_from_psyker_to_broker_04,Псайкере? Припини! Негайно!
loc_broker_female_c__friendly_fire_from_psyker_to_broker_05,"Гниляки, Дьорґаний! Не я!"
loc_broker_female_c__friendly_fire_from_veteran_to_broker_01,"Вистріли ще раз, Рубако, і я вирву тобі легені!"
loc_broker_female_c__friendly_fire_from_veteran_to_broker_02,"Стріляєш у мене, Рубако? Сміливий крок."
loc_broker_female_c__friendly_fire_from_veteran_to_broker_03,"Надсилаєш мені повідомлення, Ветеране?"
loc_broker_female_c__friendly_fire_from_veteran_to_broker_04,"Якщо збираєшся в мене стріляти, Рубако, то роби це влучно!"
loc_broker_female_c__friendly_fire_from_veteran_to_broker_05,"Досить! Припини в мене стріляти, Рубако!"
loc_broker_female_c__friendly_fire_from_zealot_to_broker_01,Язикатий! Слідкуй куди палиш!
loc_broker_female_c__friendly_fire_from_zealot_to_broker_02,"Чого я вся в дірках, Язикатий?"
loc_broker_female_c__friendly_fire_from_zealot_to_broker_03,"Ти щойно мене підстрелив, Бузувіре?"
loc_broker_female_c__friendly_fire_from_zealot_to_broker_04,"Тобі не варто стріляти в мене, Бузувіре!"
loc_broker_female_c__friendly_fire_from_zealot_to_broker_05,"Цілься в ГНИЛЯКІВ, Бузувіре!"
loc_broker_female_c__guidance_correct_path_01,"Сюди, кайфоломи!"
loc_broker_female_c__guidance_correct_path_02,"Ану, жвавіше! Сюди!"
loc_broker_female_c__guidance_correct_path_03,Сюди!
loc_broker_female_c__guidance_correct_path_04,"Схоже, нам сюди!"
loc_broker_female_c__guidance_correct_path_05,Йдемо сюди!
loc_broker_female_c__guidance_correct_path_drop_01,"Схоже, ми йдемо вниз!"
loc_broker_female_c__guidance_correct_path_drop_02,Вниз ідемо.
loc_broker_female_c__guidance_correct_path_drop_03,Цим шляхом уже не повернемось!
loc_broker_female_c__guidance_correct_path_drop_04,Після цього дороги назад нема!
loc_broker_female_c__guidance_correct_path_drop_05,Назад дороги нема!
loc_broker_female_c__guidance_correct_path_up_01,Вгору!
loc_broker_female_c__guidance_correct_path_up_02,Підіймаємось!
loc_broker_female_c__guidance_correct_path_up_03,Треба лізти!
loc_broker_female_c__guidance_correct_path_up_04,Треба піднятись!
loc_broker_female_c__guidance_correct_path_up_05,"Вгору, кайфоломи!"
loc_broker_female_c__guidance_starting_area_01,Чого такі кислі? Буде весело!
loc_broker_female_c__guidance_starting_area_02,Чого ви такі повільні! Хочу уже перейти до найцікавішого!
loc_broker_female_c__guidance_starting_area_03,Завжди приємно пройтись по Великій Ті.
loc_broker_female_c__guidance_starting_area_04,"Шоу починається. Сподіваюсь, поважні пани дивляться!"
loc_broker_female_c__guidance_starting_area_05,Пора вбивати! Заради цього ми тут!
loc_broker_female_c__hacking_auspex_mutter_a_01,Зараз розірву цю штуку…
loc_broker_female_c__hacking_auspex_mutter_a_02,"Ну ж бо… Працюй… Для мене, будь ласочка?"
loc_broker_female_c__head_shot_01,Нахизувався? Тепер я!
loc_broker_female_c__head_shot_02,Дивись — без голови!
loc_broker_female_c__head_shot_03,Сумніваєшся — бий у пику!
loc_broker_female_c__head_shot_04,Що? Усмішка не сподобалась?
loc_broker_female_c__head_shot_05,Давай у голову — не помилишся!
loc_broker_female_c__heal_start_01,[Напружено] Прикрий… лікуюсь…
loc_broker_female_c__heal_start_02,[Напружено] Лікуюсь!
loc_broker_female_c__heal_start_03,[Напружено] Беру собі ліки!
loc_broker_female_c__heal_start_04,[Напружено] Оце воно…
loc_broker_female_c__heal_start_05,[Напружено] Ага… ВЖЕ КРАЩЕ!
loc_broker_female_c__heard_enemy_chaos_hound_01,Чумна Гонча лізе на вечірку!
loc_broker_female_c__heard_enemy_chaos_hound_02,Прибийте цю Гончу!
loc_broker_female_c__heard_enemy_chaos_hound_03,Чумна Гонча шукає поживу!
loc_broker_female_c__heard_enemy_chaos_hound_04,Поганa псина! Тобі тут не місце!
loc_broker_female_c__heard_enemy_chaos_hound_05,Маємо слиняву тварюку!
loc_broker_female_c__heard_enemy_chaos_spawn_01,М’ясний мішок! Ото гидота!
loc_broker_female_c__heard_enemy_chaos_spawn_02,"М’ясний мішок! Схоже, буде непросто!"
loc_broker_female_c__heard_enemy_chaos_spawn_03,"Готуйтеся, кайфоломи! Це М’ясний мішок!"
loc_broker_female_c__heard_enemy_daemonhost_01,Демононосій поруч!
loc_broker_female_c__heard_enemy_daemonhost_02,"Бачили того Демононосія, га?"
loc_broker_female_c__heard_enemy_daemonhost_03,"Ну і виродок, еге ж?"
loc_broker_female_c__heard_enemy_monster_generic_01,Великий і бридкий! Як я люблю!
loc_broker_female_c__heard_enemy_monster_generic_02,Хто це прийшов зіпсувати мені вечірку?
loc_broker_female_c__heard_enemy_monster_generic_03,Поглянь на це! Чур мій!
loc_broker_female_c__heard_enemy_plague_ogryn_01,Чумний Оґрин! Буде весело!
loc_broker_female_c__heard_enemy_plague_ogryn_02,Ой-ой! Чумний Оґрин!
loc_broker_female_c__heard_enemy_plague_ogryn_03,Велика стара Груда гною прийшла побавитися!
loc_broker_female_c__heard_horde_ambush_01,Ще непрохані гості!
loc_broker_female_c__heard_horde_ambush_02,Гниляки вийшли погратися!
loc_broker_female_c__heard_horde_ambush_03,Засідка! [сміх]
loc_broker_female_c__heard_horde_ambush_04,"Це ж, у біса, засідка! [сміх]"
loc_broker_female_c__heard_horde_ambush_05,Так і знала щось чула!
loc_broker_female_c__heard_horde_vector_01,Нам «теплий прийом»!
loc_broker_female_c__heard_horde_vector_02,Скільки усміхнених морд!
loc_broker_female_c__heard_horde_vector_03,Маємо гостей! Круто!
loc_broker_female_c__heard_horde_vector_04,Ще «друзі»! Давайте по черзі!
loc_broker_female_c__heard_horde_vector_05,"Схоже, зараз буде весело!"
loc_broker_female_c__info_door_open_01,Двері тріснули!
loc_broker_female_c__info_door_open_02,Двері відкриті! Пішли!
loc_broker_female_c__info_event_almost_done_01,Майже готово!
loc_broker_female_c__info_event_almost_done_02,Майже розрулили!
loc_broker_female_c__info_event_almost_done_03,"Закінчуйте уже, мені нудно!"
loc_broker_female_c__info_event_almost_done_04,Ще трішечки!
loc_broker_female_c__info_event_almost_done_05,Майже вийшло!
loc_broker_female_c__info_event_det_pack_a_01,"Сподіваюсь, роблю це правильно."
loc_broker_female_c__info_event_det_pack_a_02,"Яка там частина «бабахає», га?"
loc_broker_female_c__info_event_det_pack_b_01,Ей! Дайте спробувати!
loc_broker_female_c__info_event_det_pack_b_02,Я теж хочу спробувати!
loc_broker_female_c__info_event_one_down_01,Оце початок!
loc_broker_female_c__info_event_one_down_02,Що значить «ми тільки почали»?
loc_broker_female_c__info_event_one_down_03,Один готовий!
loc_broker_female_c__info_event_one_down_04,Першу частину виконано!
loc_broker_female_c__info_event_one_down_05,Стартували!
loc_broker_female_c__info_extraction_response_01,Ми вже йдемо? Нудні ви!
loc_broker_female_c__info_extraction_response_02,Ще п’ять хвилиночок? Ну будь ласка?
loc_broker_female_c__knocked_down_1_01,"Привіт, земле!"
loc_broker_female_c__knocked_down_1_02,Що я взагалі роблю на підлозі?
loc_broker_female_c__knocked_down_1_03,Паршиві паскуди мене поклали!
loc_broker_female_c__knocked_down_1_04,Нечесно!... Підніміть мене!
loc_broker_female_c__knocked_down_1_05,Я лежу!
loc_broker_female_c__knocked_down_2_01,Дуже боляче!
loc_broker_female_c__knocked_down_2_02,Не смійте мене тут кидати!
loc_broker_female_c__knocked_down_2_03,Ей! Про мене забули?
loc_broker_female_c__knocked_down_2_04,Де моя допомога?
loc_broker_female_c__knocked_down_2_05,"Підніміть мене, паскуди!"
loc_broker_female_c__knocked_down_3_01,Довго не протягну!
loc_broker_female_c__knocked_down_3_02,"Я ще тут, між іншим!"
loc_broker_female_c__knocked_down_3_03,Я здохну — наступні ви!
loc_broker_female_c__knocked_down_3_04,"Мене тут приб’ють, якщо не встигнете!"
loc_broker_female_c__knocked_down_3_05,"Не вірю... Схоже, я й справді сконаю..."
loc_broker_female_c__knocked_down_multiple_times_adamant_01,Той Щур-поборник — мертвий вантаж!
loc_broker_female_c__knocked_down_multiple_times_adamant_02,Навіщо ми тягнемо цього Щур-поборника?
loc_broker_female_c__knocked_down_multiple_times_adamant_03,Той Арбітрик все звалює на нас!
loc_broker_female_c__knocked_down_multiple_times_adamant_04,"Вічно лежить, той кадр."
loc_broker_female_c__knocked_down_multiple_times_broker_01,"Що ти там робиш, Корешу?"
loc_broker_female_c__knocked_down_multiple_times_broker_02,"Там внизу приємно, Корешу?"
loc_broker_female_c__knocked_down_multiple_times_broker_03,ЩО ти робиш?
loc_broker_female_c__knocked_down_multiple_times_broker_04,Треба б допомогти моєму Корешу.
loc_broker_female_c__knocked_down_multiple_times_ogryn_01,"Ти — нікчемна колода, Колодо!"
loc_broker_female_c__knocked_down_multiple_times_ogryn_02,"Знову на землі, хлопче?"
loc_broker_female_c__knocked_down_multiple_times_ogryn_03,Колодо знову звалився!
loc_broker_female_c__knocked_down_multiple_times_ogryn_04,Оґрин знову дрімає!
loc_broker_female_c__knocked_down_multiple_times_psyker_01,"Йой, Псайкер знову ліг."
loc_broker_female_c__knocked_down_multiple_times_psyker_02,"Оцей Псайкер — чокнута паскуда, га?"
loc_broker_female_c__knocked_down_multiple_times_psyker_03,Дьорґаний?… Не вірю.
loc_broker_female_c__knocked_down_multiple_times_psyker_04,"Що ти витворяєш, Дьорґаний?"
loc_broker_female_c__knocked_down_multiple_times_veteran_01,"Рубако, змучився?"
loc_broker_female_c__knocked_down_multiple_times_veteran_02,Ветеран знов вирішив прилягти!
loc_broker_female_c__knocked_down_multiple_times_veteran_03,Рубака допригався. Як і казала.
loc_broker_female_c__knocked_down_multiple_times_veteran_04,Бідний сонний Ветеран.
loc_broker_female_c__knocked_down_multiple_times_zealot_01,"Що тепер, Язикатий?"
loc_broker_female_c__knocked_down_multiple_times_zealot_02,"Що, підлога занадто слизька, Бузувіре?"
loc_broker_female_c__knocked_down_multiple_times_zealot_03,"Знову гепнувся, Язикатий?"
loc_broker_female_c__knocked_down_multiple_times_zealot_04,Язикатий знову розлігся!
loc_broker_female_c__ladder_sighted_01,Сходи!
loc_broker_female_c__ladder_sighted_02,Сходи!
loc_broker_female_c__ladder_sighted_03,Он драбина!
loc_broker_female_c__ladder_sighted_04,"Сходи, там!"
loc_broker_female_c__ladder_sighted_05,"О, гля! Сходи!"
loc_broker_female_c__ledge_hanging_01,Не люблю висіти!
loc_broker_female_c__ledge_hanging_02,Підніміть мене!
loc_broker_female_c__ledge_hanging_03,"Ви що, сліпі? Допоможіть!"
loc_broker_female_c__ledge_hanging_04,Тільки не думайте мене кидати!
loc_broker_female_c__ledge_hanging_05,"Трохи допомоги, кайфоломи!"
loc_broker_female_c__look_at_grenade_01,Граната!
loc_broker_female_c__look_at_grenade_02,Я люблю гранати!
loc_broker_female_c__look_at_grenade_03,Ого! Граната!
loc_broker_female_c__look_at_grenade_04,Граната! Не марнуй!
loc_broker_female_c__look_at_grenade_05,Ага! Граната!
loc_broker_female_c__look_at_healthstation_01,Медстанція!
loc_broker_female_c__look_at_healthstation_02,Медстанція!
loc_broker_female_c__look_at_healthstation_03,Медстанція — якщо трусить!
loc_broker_female_c__look_at_healthstation_04,Медстанція! Кому підлататись?
loc_broker_female_c__look_at_healthstation_05,Маєм трохи ліків!
loc_broker_female_c__luggable_mission_pick_up_01,[Напруга] Тримаю… здається…
loc_broker_female_c__luggable_mission_pick_up_02,[Напруга] Воно… все… вислизає…
loc_broker_female_c__mission_raid_trapped_a_01,Це точно не пастка?
loc_broker_female_c__mission_raid_trapped_a_02,Самі вляпались у це!
loc_broker_female_c__mission_raid_trapped_b_01,І вокси здохли. Супер.
loc_broker_female_c__mission_raid_trapped_b_02,Вокс не працює. Ми самі!
loc_broker_female_c__mission_rails_disable_skyfire_a_01,"Може, вимкнемо те ППО?"
loc_broker_female_c__mission_strain_crossroads_01,"Не губіться, кайфоломи. Тут це легко."
loc_broker_female_c__monster_combo_attack_01,Рухай ногами!
loc_broker_female_c__monster_combo_attack_02,Ти йому подобаєшся!
loc_broker_female_c__monster_combo_attack_03,Ота штука поріже на стрічки!
loc_broker_female_c__monster_fight_start_reaction_01,Досить кислих мін! Убивайте!
loc_broker_female_c__monster_fight_start_reaction_02,Аууу… Вам сподобається!
loc_broker_female_c__monster_fight_start_reaction_03,Влаштуємо цій великій тварюці тертіумський прийом!
loc_broker_female_c__monster_fight_start_reaction_04,"Ну і що, що велике? Легша попасти!"
loc_broker_female_c__monster_fight_start_reaction_05,[сміх] Дайте мені його!
loc_broker_female_c__need_rescue_01,[Сіпає пута] Витягніть мене. НЕГАЙНО!
loc_broker_female_c__need_rescue_02,[Сіпає пута] Хочу ЗВІЛЬНИТИСЬ!
loc_broker_female_c__need_rescue_03,[смикає пута] Чого я досі зв’язана?
loc_broker_female_c__need_rescue_04,[Сіпає пута] Розріже хтось пута?
loc_broker_female_c__need_rescue_05,[Сіпає пута] Ану сюди! ЗАРАЗ!
loc_broker_female_c__pinned_by_enemies_01,Розстрілюють вщент!
loc_broker_female_c__pinned_by_enemies_02,Хто дозволив цим мерзотам стріляти у відповідь?
loc_broker_female_c__pinned_by_enemies_03,По мені палять! Не смішно!
loc_broker_female_c__pinned_by_enemies_04,Мене притисли!
loc_broker_female_c__pinned_by_enemies_05,"Ей, ви там! Я під вогнем!"
loc_broker_female_c__player_death_adamant_01,Щур-поборник здох? То й що.
loc_broker_female_c__player_death_adamant_02,Щур-поборника підсмажено!
loc_broker_female_c__player_death_adamant_03,Щур-поборника розмазало!
loc_broker_female_c__player_death_adamant_04,"Ой, йой. Арбітр мертвий."
loc_broker_female_c__player_death_broker_01,"Відпочинь, Корешу."
loc_broker_female_c__player_death_broker_02,"Ми пишаємося тобою, Корешу."
loc_broker_female_c__player_death_broker_03,Нам бракує одного ствола.
loc_broker_female_c__player_death_broker_04,Втратили стрільця.
loc_broker_female_c__player_death_ogryn_01,Бідна Колода.
loc_broker_female_c__player_death_ogryn_02,Колода приліг у грязюку!
loc_broker_female_c__player_death_ogryn_03,Оґрина розмазало!
loc_broker_female_c__player_death_ogryn_04,Оґрина засмажили.
loc_broker_female_c__player_death_psyker_01,Псайкера підсмажили!
loc_broker_female_c__player_death_psyker_02,Нашого Псайкера прибили!
loc_broker_female_c__player_death_psyker_03,Упс. Дьорґаний зник.
loc_broker_female_c__player_death_psyker_04,"Бувай, Дьорґаний."
loc_broker_female_c__player_death_veteran_01,Рубака втратив запал до вечірки!
loc_broker_female_c__player_death_veteran_02,Ветерана прибили!
loc_broker_female_c__player_death_veteran_03,Ветерана розмазали!
loc_broker_female_c__player_death_veteran_04,З Ветерана зробили фарш.
loc_broker_female_c__player_death_zealot_01,Бузувіра підсмажили!
loc_broker_female_c__player_death_zealot_02,Бузувіра прибили!
loc_broker_female_c__player_death_zealot_03,"Ну… Більше нема Язикатого, мабуть."
loc_broker_female_c__player_death_zealot_04,"Бувай, Язикатий!"
loc_broker_female_c__player_tip_armor_hit_generic_01,Чому цілиш у броню?
loc_broker_female_c__player_tip_armor_hit_generic_02,"Ти б'єш по броні, кайфоломе!"
loc_broker_female_c__player_tip_armor_hit_generic_03,"Це броня, кайфоломе!"
loc_broker_female_c__player_tip_armor_hit_generic_04,Це бісова броня!
loc_broker_female_c__player_tip_armor_hit_generic_05,"Лупи туди, де вони слабкі!"
loc_broker_female_c__quick_agnostic_enemy_kill_a_01,Підсмажила паскуду!
loc_broker_female_c__quick_agnostic_enemy_kill_a_02,Розмазано!
loc_broker_female_c__quick_agnostic_enemy_kill_a_03,Мертвий!
loc_broker_female_c__quick_agnostic_enemy_kill_a_04,Бувай!
loc_broker_female_c__quick_agnostic_enemy_kill_a_05,Упсі!
loc_broker_female_c__quick_agnostic_enemy_kill_a_06,Готово!
loc_broker_female_c__quick_agnostic_enemy_kill_a_07,[сміх] Труп!
loc_broker_female_c__quick_agnostic_enemy_kill_a_08,Паскуда здохла!
loc_broker_female_c__reload_failed_out_of_ammo_01,Куди поділись мої набої?
loc_broker_female_c__reload_failed_out_of_ammo_02,"Гей! Ви, мерзотники, крадете мої набої?"
loc_broker_female_c__reload_failed_out_of_ammo_03,"Порожньо? В сенсі, в мене порожньо?"
loc_broker_female_c__reload_failed_out_of_ammo_04,Пукалка пуста? Як весело!
loc_broker_female_c__reload_failed_out_of_ammo_05,Де мої кляті набої?
loc_broker_female_c__reloading_01,Перезаряджаюсь!
loc_broker_female_c__reloading_02,Перезаряджаю!
loc_broker_female_c__reloading_03,Годую свого вбивцю!
loc_broker_female_c__reloading_04,Треба перезарядити!
loc_broker_female_c__reloading_05,Треба перезарядитись!
loc_broker_female_c__reloading_empty_01,Моя убивалка порожня!
loc_broker_female_c__reloading_empty_02,Моя убивалка голодна!
loc_broker_female_c__reloading_empty_03,Порожньо? Знову? Краще перезарядитись!
loc_broker_female_c__reloading_empty_04,Зброя порожня! Заряджаю!
loc_broker_female_c__reloading_empty_05,Порожньо? Як завжди пощастило!
loc_broker_female_c__respons_for_zealot_critical_health_01,Молися дужче!
loc_broker_female_c__respons_for_zealot_critical_health_02,"Схоже, Імператор таки не з тобою."
loc_broker_female_c__respons_for_zealot_critical_health_03,Веселіше! Мучеників усі люблять!
loc_broker_female_c__response_for_adamant_cover_me_01,Не можу. Не хочу. Не буду. Обирай.
loc_broker_female_c__response_for_adamant_cover_me_02,Сам(а) себе прикрий!
loc_broker_female_c__response_for_adamant_cover_me_03,Злякався?
loc_broker_female_c__response_for_adamant_critical_health_01,Заткнись!
loc_broker_female_c__response_for_adamant_critical_health_02,Всім пофіг!
loc_broker_female_c__response_for_adamant_critical_health_03,Ох ти бідолаха!
loc_broker_female_c__response_for_adamant_disabled_by_chaos_hound_01,Мав би вже звикнути!
loc_broker_female_c__response_for_adamant_disabled_by_chaos_hound_02,Викрутишся!
loc_broker_female_c__response_for_adamant_disabled_by_chaos_hound_03,"Ти тільки й робиш, що скиглиш!"
loc_broker_female_c__response_for_adamant_disabled_by_enemy_01,"Ти хочеш сказати, що ТОБІ ПОТРІБНА я?"
loc_broker_female_c__response_for_adamant_disabled_by_enemy_02,От халепа...
loc_broker_female_c__response_for_adamant_disabled_by_enemy_03,"Підводиш команду, Щур-поборникику!"
loc_broker_female_c__response_for_adamant_enemy_kill_monster_01,Так ти вмієш битись. Я і не казала іншого.
loc_broker_female_c__response_for_adamant_enemy_kill_monster_02,Ага. Прям у захваті.
loc_broker_female_c__response_for_adamant_enemy_kill_monster_03,Похвали шукаєш? Ха!
loc_broker_female_c__response_for_adamant_knocked_down_3_01,Щур-поборник відкидає копита! Нам не байдуже?
loc_broker_female_c__response_for_adamant_knocked_down_3_02,Щур-поборнику кришка!
loc_broker_female_c__response_for_adamant_knocked_down_3_03,Арбітру кінець!
loc_broker_female_c__response_for_adamant_ledge_hanging_01,Давай! Падай!
loc_broker_female_c__response_for_adamant_ledge_hanging_02,Зараз гепнешся!
loc_broker_female_c__response_for_adamant_ledge_hanging_03,Падай! Падай! Падай! Падай!
loc_broker_female_c__response_for_adamant_seen_killstreak_broker_01,Я б і сама могла стати Щур-поборником!
loc_broker_female_c__response_for_adamant_seen_killstreak_broker_02,Тож не лізь під ноги!
loc_broker_female_c__response_for_adamant_seen_killstreak_broker_03,Оце? Та це ніщо!
loc_broker_female_c__response_for_adamant_start_revive_broker_01,[З болем] У яку гру ти граєш?
loc_broker_female_c__response_for_adamant_start_revive_broker_02,[З болем] Заслуговуєш довіру?
loc_broker_female_c__response_for_adamant_start_revive_broker_03,"[З болем] Це підстава, так?"
loc_broker_female_c__response_for_broker_cover_me_01,Прикрий мого Кореша!
loc_broker_female_c__response_for_broker_cover_me_02,Мій Кореш просить прикриття!
loc_broker_female_c__response_for_broker_cover_me_03,Хтось прикриє?
loc_broker_female_c__response_for_broker_critical_health_01,Тебе добряче пошматувало!
loc_broker_female_c__response_for_broker_critical_health_02,Ага. Виглядає погано.
loc_broker_female_c__response_for_broker_critical_health_03,Заклеюй рани й мовчи!
loc_broker_female_c__response_for_broker_disabled_by_chaos_hound_01,Хтось уб'є цього Гончака?
loc_broker_female_c__response_for_broker_disabled_by_chaos_hound_02,Того Гончака треба прибрати!
loc_broker_female_c__response_for_broker_disabled_by_chaos_hound_03,Не дайте тому Гончаку доїсти свою їжу!
loc_broker_female_c__response_for_broker_disabled_by_enemy_01,"Мерзенна справа, оця!"
loc_broker_female_c__response_for_broker_disabled_by_enemy_02,Сама винна!
loc_broker_female_c__response_for_broker_disabled_by_enemy_03,"Добре, добре! Я почула!"
loc_broker_female_c__response_for_broker_enemy_kill_monster_01,Ось так у Великій Ті це робиться.
loc_broker_female_c__response_for_broker_enemy_kill_monster_02,Оце вам тертіумська гостинність!
loc_broker_female_c__response_for_broker_enemy_kill_monster_03,"Ну ти й вичавив(ла) з цього що міг(ла), га?"
loc_broker_female_c__response_for_broker_knocked_down_3_01,"О, тільки не знову..."
loc_broker_female_c__response_for_broker_knocked_down_3_02,Припини мене затьмарювати!
loc_broker_female_c__response_for_broker_knocked_down_3_03,Тобі треба бути обережнішим!
loc_broker_female_c__response_for_broker_ledge_hanging_01,Хтось підійміть покидька!
loc_broker_female_c__response_for_broker_ledge_hanging_02,Хтось поруч?
loc_broker_female_c__response_for_broker_ledge_hanging_03,Хтось може туди дістатися?
loc_broker_female_c__response_for_broker_seen_killstreak_broker_01,Тепер твоя черга!
loc_broker_female_c__response_for_broker_seen_killstreak_broker_02,Отак воно й робиться!
loc_broker_female_c__response_for_broker_seen_killstreak_broker_03,Черговий день у Великій Ті!
loc_broker_female_c__response_for_calling_for_help_01,"Мені просто подобається, як ти скиглиш!"
loc_broker_female_c__response_for_calling_for_help_02,Але ж яке шоу влаштував(ла)!
loc_broker_female_c__response_for_calling_for_help_03,"Тримайся, кайфоломе!"
loc_broker_female_c__response_for_calling_for_help_04,Скигліїв ніхто не любить!
loc_broker_female_c__response_for_calling_for_help_05,Ще й обіймів теплих хочеш?
loc_broker_female_c__response_for_critical_health_01,Не кисни! Вічно не триватиме!
loc_broker_female_c__response_for_critical_health_02,Називаєш це ранами? Ха!
loc_broker_female_c__response_for_critical_health_03,Гнильці стали ніжними? І що?
loc_broker_female_c__response_for_enemy_kill_monster_01,Та-та-та. Час рухатись!
loc_broker_female_c__response_for_enemy_kill_monster_02,Чого хочеш? Спасибі? Поцілунок? Медаль?
loc_broker_female_c__response_for_enemy_kill_monster_03,"[Потворне ревище глузування] Ти здох, потворо. А я — ні! "
loc_broker_female_c__response_for_friendly_fire_from_broker_to_adamant_01,Мені байдуже!
loc_broker_female_c__response_for_friendly_fire_from_broker_to_adamant_02,І що? Ти ж дихаєш.
loc_broker_female_c__response_for_friendly_fire_from_broker_to_adamant_03,Ти це витримаєш!
loc_broker_female_c__response_for_friendly_fire_from_broker_to_broker_01,Вище носа!
loc_broker_female_c__response_for_friendly_fire_from_broker_to_broker_02,"Ти знав, на що підписувався!"
loc_broker_female_c__response_for_friendly_fire_from_broker_to_broker_03,Я просто граюся з тобою!
loc_broker_female_c__response_for_friendly_fire_from_broker_to_ogryn_01,"Та просто прийми це, Колодо!"
loc_broker_female_c__response_for_friendly_fire_from_broker_to_ogryn_02,Тобі ж насправді це подобається!
loc_broker_female_c__response_for_friendly_fire_from_broker_to_ogryn_03,Що? Я? Ніколи!
loc_broker_female_c__response_for_friendly_fire_from_broker_to_psyker_01,ОЙ!
loc_broker_female_c__response_for_friendly_fire_from_broker_to_psyker_02,[Сміється]
loc_broker_female_c__response_for_friendly_fire_from_broker_to_psyker_03,Очі перевір!
loc_broker_female_c__response_for_friendly_fire_from_broker_to_veteran_01,Просто змирися з цим!
loc_broker_female_c__response_for_friendly_fire_from_broker_to_veteran_02,Звикнеш!
loc_broker_female_c__response_for_friendly_fire_from_broker_to_veteran_03,Не варто паритись через дрібниці!
loc_broker_female_c__response_for_friendly_fire_from_broker_to_zealot_01,Моя помилка!
loc_broker_female_c__response_for_friendly_fire_from_broker_to_zealot_02,Мені ТАК шкода!
loc_broker_female_c__response_for_friendly_fire_from_broker_to_zealot_03,[Сміється]
loc_broker_female_c__response_for_heard_horde_vector_01,Не будьте кайфоломами! Насолоджуйтесь!
loc_broker_female_c__response_for_heard_horde_vector_02,Зустрінемо їх по-тертіумськи!
loc_broker_female_c__response_for_heard_horde_vector_03,Розслабся! Заради цього ми тут!
loc_broker_female_c__response_for_heard_horde_vector_04,[сміх]
loc_broker_female_c__response_for_info_incoming_enemies_01,Прибий їх усіх! Двічі!
loc_broker_female_c__response_for_info_incoming_enemies_02,Оце ми й до цікавого дійшли!
loc_broker_female_c__response_for_info_incoming_enemies_03,"Не крадіть мої фраги, ясно?"
loc_broker_female_c__response_for_info_incoming_enemies_04,Хай веселощі крутяться на повну!
loc_broker_female_c__response_for_info_incoming_enemies_05,"Ну й життя, га?"
loc_broker_female_c__response_for_ogryn_cover_me_01,Стань меншою мішенню!
loc_broker_female_c__response_for_ogryn_cover_me_02,Чув(ла) про «пригинайся»?
loc_broker_female_c__response_for_ogryn_cover_me_03,Опусти свою дурну башку!
loc_broker_female_c__response_for_ogryn_critical_health_01,Та це не справжня рана.
loc_broker_female_c__response_for_ogryn_critical_health_02,Не ний!
loc_broker_female_c__response_for_ogryn_critical_health_03,"Піднапрягайся, Колодо!"
loc_broker_female_c__response_for_ogryn_disabled_by_chaos_hound_01,Неприємно ...
loc_broker_female_c__response_for_ogryn_disabled_by_chaos_hound_02,"О, знайшло собі корм!"
loc_broker_female_c__response_for_ogryn_disabled_by_chaos_hound_03,"Воно думає, що ти їжа, Колодо!"
loc_broker_female_c__response_for_ogryn_disabled_by_enemy_01,Що з тобою сталося?
loc_broker_female_c__response_for_ogryn_disabled_by_enemy_02,Сам(а) вляпався(лась)!
loc_broker_female_c__response_for_ogryn_disabled_by_enemy_03,"Добре тебе прибило, га?"
loc_broker_female_c__response_for_ogryn_enemy_kill_monster_01,Ти показав(ла) цій штуці!
loc_broker_female_c__response_for_ogryn_enemy_kill_monster_02,"Гарна робота, Колодо!"
loc_broker_female_c__response_for_ogryn_enemy_kill_monster_03,"Ніхто так не гуляє, як Оґрин!"
loc_broker_female_c__response_for_ogryn_knocked_down_3_01,Колоді кінець!
loc_broker_female_c__response_for_ogryn_knocked_down_3_02,Ми потрібні Оґрину!
loc_broker_female_c__response_for_ogryn_knocked_down_3_03,Є в когось вільна рука?
loc_broker_female_c__response_for_ogryn_ledge_hanging_01,Виглядає незручно.
loc_broker_female_c__response_for_ogryn_ledge_hanging_02,"Висиш, так?"
loc_broker_female_c__response_for_ogryn_ledge_hanging_03,Стрибай! Слабо?
loc_broker_female_c__response_for_ogryn_seen_killstreak_broker_01,Люблю дивувати!
loc_broker_female_c__response_for_ogryn_seen_killstreak_broker_02,Вся справа в зап’ястях!
loc_broker_female_c__response_for_ogryn_seen_killstreak_broker_03,Що? Я й не помітив!
loc_broker_female_c__response_for_ogryn_start_revive_broker_01,"[З болем] Ага, я... норм..."
loc_broker_female_c__response_for_ogryn_start_revive_broker_02,[болісно] Без сміху... ясно?
loc_broker_female_c__response_for_ogryn_start_revive_broker_03,[З болем] Молодець...
loc_broker_female_c__response_for_pinned_by_enemies_adamant_01,"Схоже, вони все роблять правильно!"
loc_broker_female_c__response_for_pinned_by_enemies_adamant_02,У гнильців є смак!
loc_broker_female_c__response_for_pinned_by_enemies_adamant_03,І що? Болить?
loc_broker_female_c__response_for_pinned_by_enemies_broker_01,Зрозуміла!
loc_broker_female_c__response_for_pinned_by_enemies_broker_02,Ми щось придумаємо!
loc_broker_female_c__response_for_pinned_by_enemies_broker_03,Ти справді сам на це напросився!
loc_broker_female_c__response_for_pinned_by_enemies_ogryn_01,Присідай!
loc_broker_female_c__response_for_pinned_by_enemies_ogryn_02,"В укриття, добре?"
loc_broker_female_c__response_for_pinned_by_enemies_ogryn_03,Припини робити з себе мішень!
loc_broker_female_c__response_for_pinned_by_enemies_psyker_01,Відстрілюй їх!
loc_broker_female_c__response_for_pinned_by_enemies_psyker_02,"Відбивайся, Дьорґаний!"
loc_broker_female_c__response_for_pinned_by_enemies_psyker_03,Сам(а) не впораєшся?
loc_broker_female_c__response_for_pinned_by_enemies_veteran_01,Та заткнись! Набридаєш!
loc_broker_female_c__response_for_pinned_by_enemies_veteran_02,Не псуй настрій!
loc_broker_female_c__response_for_pinned_by_enemies_veteran_03,"Зберися, або замовкни... або здохни!"
loc_broker_female_c__response_for_pinned_by_enemies_zealot_01,Безхребетний! Ото хто ти!
loc_broker_female_c__response_for_pinned_by_enemies_zealot_02,Тихіше там! Я тут розважаюсь!
loc_broker_female_c__response_for_pinned_by_enemies_zealot_03,Що в тебе стріляють — не моя проблема!
loc_broker_female_c__response_for_psyker_cover_me_01,"Вибач, ти чогось хотів(ла)?"
loc_broker_female_c__response_for_psyker_cover_me_02,А? Голосніше!
loc_broker_female_c__response_for_psyker_cover_me_03,Зайнята! Дуже-дуже зайнята!
loc_broker_female_c__response_for_psyker_critical_health_01,Бідолашка маленька!
loc_broker_female_c__response_for_psyker_critical_health_02,Ага? І що?
loc_broker_female_c__response_for_psyker_critical_health_03,Біль — теж весело!
loc_broker_female_c__response_for_psyker_disabled_by_chaos_hound_01,Та тебе й жерти не варто!
loc_broker_female_c__response_for_psyker_disabled_by_chaos_hound_02,Мабуть це боляче!
loc_broker_female_c__response_for_psyker_disabled_by_chaos_hound_03,Воно ж просто грається!
loc_broker_female_c__response_for_psyker_disabled_by_enemy_01,Як же ти любиш скиглити!
loc_broker_female_c__response_for_psyker_disabled_by_enemy_02,Що знову?
loc_broker_female_c__response_for_psyker_disabled_by_enemy_03,Що?
loc_broker_female_c__response_for_psyker_enemy_kill_monster_01,"Трохи психопат, так?"
loc_broker_female_c__response_for_psyker_enemy_kill_monster_02,"Гарна робота. Гарна, кривава брудна робота."
loc_broker_female_c__response_for_psyker_enemy_kill_monster_03,"Заявляєш про себе, Дьорґаний!"
loc_broker_female_c__response_for_psyker_knocked_down_3_01,Втрачаємо Дьорґаного!
loc_broker_female_c__response_for_psyker_knocked_down_3_02,Що? Треба було сказати щось!
loc_broker_female_c__response_for_psyker_knocked_down_3_03,Не найкращий час бути тобою!
loc_broker_female_c__response_for_psyker_ledge_hanging_01,Падай! Що вже може піти гірше?
loc_broker_female_c__response_for_psyker_ledge_hanging_02,А відпускати не хочеш!
loc_broker_female_c__response_for_psyker_ledge_hanging_03,Падаєш? Ага. Так і є.
loc_broker_female_c__response_for_psyker_seen_killstreak_broker_01,"Ти НІКОЛИ не будеш таким добрим, як я."
loc_broker_female_c__response_for_psyker_seen_killstreak_broker_02,Я сила знищення самої природи!
loc_broker_female_c__response_for_psyker_seen_killstreak_broker_03,Ага! Хто хоче ще трохи? Га? А?
loc_broker_female_c__response_for_psyker_start_revive_broker_01,[Крізь біль] Не треба метушитися…
loc_broker_female_c__response_for_psyker_start_revive_broker_02,"[З болем] Ну, хіба це не несподіванка?"
loc_broker_female_c__response_for_psyker_start_revive_broker_03,"[болісно] Думала, мені кінець."
loc_broker_female_c__response_for_seen_netgunner_flee_01,Чому в неї досі є ноги тікати?
loc_broker_female_c__response_for_seen_netgunner_flee_02,І ти її просто відпустиш?
loc_broker_female_c__response_for_veteran_cover_me_01,Та перестань нити!
loc_broker_female_c__response_for_veteran_cover_me_02,Заткнись! Я тут вбиваю!
loc_broker_female_c__response_for_veteran_cover_me_03,[Сміх] Ти труп!
loc_broker_female_c__response_for_veteran_critical_health_01,"Ти тільки й робиш, що скиглиш!"
loc_broker_female_c__response_for_veteran_critical_health_02,Ніхто не слухає!
loc_broker_female_c__response_for_veteran_critical_health_03,Заткнешся?
loc_broker_female_c__response_for_veteran_disabled_by_chaos_hound_01,Хтось пристрельте пса!
loc_broker_female_c__response_for_veteran_disabled_by_chaos_hound_02,У Рубаки пес!
loc_broker_female_c__response_for_veteran_disabled_by_chaos_hound_03,Та він просто ластиться!
loc_broker_female_c__response_for_veteran_disabled_by_enemy_01,Рубаці потрібна допомога!
loc_broker_female_c__response_for_veteran_disabled_by_enemy_02,Рубака вляпався!
loc_broker_female_c__response_for_veteran_disabled_by_enemy_03,"Розслабився, га?"
loc_broker_female_c__response_for_veteran_enemy_kill_monster_01,"Закладаюся, тобі зайшло."
loc_broker_female_c__response_for_veteran_enemy_kill_monster_02,"Аж жити хочеться, га?"
loc_broker_female_c__response_for_veteran_enemy_kill_monster_03,"Мертвий якось меншим здається, га?"
loc_broker_female_c__response_for_veteran_knocked_down_3_01,Заткнись і здохни!
loc_broker_female_c__response_for_veteran_knocked_down_3_02,Що? Не чую тебе!
loc_broker_female_c__response_for_veteran_knocked_down_3_03,Треба було хоч пискнути!
loc_broker_female_c__response_for_veteran_ledge_hanging_01,Я так скажу: хай летять униз!
loc_broker_female_c__response_for_veteran_ledge_hanging_02,"О, допомога треба? Неочікувано."
loc_broker_female_c__response_for_veteran_ledge_hanging_03,"Ой, безцінний(а)..."
loc_broker_female_c__response_for_veteran_seen_killstreak_broker_01,Ось так я це роблю!
loc_broker_female_c__response_for_veteran_seen_killstreak_broker_02,"Подивись на мене, аж почервоніла!"
loc_broker_female_c__response_for_veteran_seen_killstreak_broker_03,Вражений?
loc_broker_female_c__response_for_veteran_start_revive_broker_01,[З болем] Я ж... майже не почала... вбивати...
loc_broker_female_c__response_for_veteran_start_revive_broker_02,[З болем] Просто не міг... дати мені піти...?
loc_broker_female_c__response_for_veteran_start_revive_broker_03,[болісно] Я норм... лиш мене... в спокої...
loc_broker_female_c__response_for_zealot_cover_me_01,Зайнята! Попроси когось іншого!
loc_broker_female_c__response_for_zealot_cover_me_02,Попроси допомоги у Імператора!
loc_broker_female_c__response_for_zealot_cover_me_03,Вибач! «Будь ласка» не сказала!
loc_broker_female_c__response_for_zealot_disabled_by_chaos_hound_01,Ти йому подобаєшся!
loc_broker_female_c__response_for_zealot_disabled_by_chaos_hound_02,Оце так «тваринна магнетика»!
loc_broker_female_c__response_for_zealot_disabled_by_chaos_hound_03,Виглядає не з приємних!
loc_broker_female_c__response_for_zealot_disabled_by_enemy_01,Просто мало стараєшся!
loc_broker_female_c__response_for_zealot_disabled_by_enemy_02,"Язикатому, схоже, треба допомога!"
loc_broker_female_c__response_for_zealot_disabled_by_enemy_03,Зі Зилотом треба по-материнськи поводитись!
loc_broker_female_c__response_for_zealot_enemy_kill_monster_01,"Оце ти врізалась, га?"
loc_broker_female_c__response_for_zealot_enemy_kill_monster_02,"Воно велике, а ти — зла."
loc_broker_female_c__response_for_zealot_enemy_kill_monster_03,Легше на душі стало?
loc_broker_female_c__response_for_zealot_knocked_down_3_01,Ігноруйте Бузувіра. Він уваги просить!
loc_broker_female_c__response_for_zealot_knocked_down_3_02,Ти ще живий(а)?
loc_broker_female_c__response_for_zealot_knocked_down_3_03,"Думала, ти вже давно дуба дав(ла)!"
loc_broker_female_c__response_for_zealot_ledge_hanging_01,Просто відпусти! І станеш вільним!
loc_broker_female_c__response_for_zealot_ledge_hanging_02,Глянь прямісінько вниз і подумай над своїми життєвими виборами!
loc_broker_female_c__response_for_zealot_ledge_hanging_03,Та ну… серйозно?
loc_broker_female_c__response_for_zealot_seen_killstreak_broker_01,Я завжди шукаю шанувальників!
loc_broker_female_c__response_for_zealot_seen_killstreak_broker_02,"Подобається те, що бачиш?"
loc_broker_female_c__response_for_zealot_seen_killstreak_broker_03,Мрієш бути таким же крутим!
loc_broker_female_c__response_for_zealot_start_revive_broker_01,[З болем] Тільки б не було... нотацій...
loc_broker_female_c__response_for_zealot_start_revive_broker_02,"[З болем] Ти ж... будеш мені цим дорікати, так?"
loc_broker_female_c__response_for_zealot_start_revive_broker_03,[З біллю] Ну хіба ж ти не… щасливе маленьке янголятко?
loc_broker_female_c__response_rechargable_for_look_at_healthstation_01,"Бачите батарею, кайфоломи?"
loc_broker_female_c__response_rechargable_for_look_at_healthstation_02,"Ви там батарею пошукайте, га?"
loc_broker_female_c__response_to_hacking_fix_decode_01,Ота допитувальна коробка не працює!
loc_broker_female_c__response_to_hacking_fix_decode_02,Нікчемна купа брухту!
loc_broker_female_c__seen_enemy_beast_of_nurgle_01,У нас Звір Нурґла! Оце вже бійка як слід!
loc_broker_female_c__seen_enemy_beast_of_nurgle_02,"Привіт, звірюко!"
loc_broker_female_c__seen_enemy_beast_of_nurgle_03,Беру Звіра Нурґла для себе! [Сміх]
loc_broker_female_c__seen_enemy_berserker_01,Маємо скаженого!
loc_broker_female_c__seen_enemy_berserker_02,"Здоров, Берсерку. Що нового?"
loc_broker_female_c__seen_enemy_berserker_03,Бачу Берсерка! Прибийте його намертво!
loc_broker_female_c__seen_enemy_berserker_04,Чого ТИ такий злий?
loc_broker_female_c__seen_enemy_berserker_05,Це Берсерк!
loc_broker_female_c__seen_enemy_bulwark_01,"Здоровенний Оґрин, здоровенний щит!"
loc_broker_female_c__seen_enemy_bulwark_02,Прибийте того щитового Оґрина!
loc_broker_female_c__seen_enemy_bulwark_03,"Гей, Щитовик! Давай сюди!"
loc_broker_female_c__seen_enemy_bulwark_04,"Йди-но сюди, Щитовик. Потанцюємо!"
loc_broker_female_c__seen_enemy_bulwark_05,"Щитовик! Він мій, чуєте?"
loc_broker_female_c__seen_enemy_daemonhost_01,Стривай... та це ж Демононосій...
loc_broker_female_c__seen_enemy_daemonhost_02,Тихше... Це Демононосій...
loc_broker_female_c__seen_enemy_daemonhost_03,Свята ж біда... Та це ж клятий Демононосій...
loc_broker_female_c__seen_enemy_daemonhost_04,Демононосій? Огидно.
loc_broker_female_c__seen_enemy_executor_01,"Здоров, Трощителю!"
loc_broker_female_c__seen_enemy_executor_02,Маємо Трощителя!
loc_broker_female_c__seen_enemy_executor_03,Здоровезна зброя — крихітний мозок!
loc_broker_female_c__seen_enemy_executor_04,Егей! Трощитель! Іди сюди!
loc_broker_female_c__seen_enemy_executor_05,"Трощитель. Ой, як страшно!"
loc_broker_female_c__seen_enemy_grenadier_01,Прибийте того бомбера!
loc_broker_female_c__seen_enemy_grenadier_02,Альо! Бомбер!
loc_broker_female_c__seen_enemy_grenadier_03,Бомбер! Прибийте паскуду намертво!
loc_broker_female_c__seen_enemy_grenadier_04,Бомбер! Зараз стане гаряче!
loc_broker_female_c__seen_enemy_grenadier_05,Ей! Бомбер! Хочеш оцього?
loc_broker_female_c__seen_enemy_group_assaulting_01,АГА! Вечірка почалась!
loc_broker_female_c__seen_enemy_group_assaulting_02,Оце вже справжня бійка!
loc_broker_female_c__seen_enemy_group_assaulting_03,Ось вони! Оце буде весело!
loc_broker_female_c__seen_enemy_group_assaulting_04,Починаємо? Ага? АГА?
loc_broker_female_c__seen_enemy_group_assaulting_05,"Глянь, хто тут «дружити» лізе! [сміх]"
loc_broker_female_c__seen_enemy_group_far_range_shooting_behind_cover_01,Паскуди окопались!
loc_broker_female_c__seen_enemy_group_far_range_shooting_behind_cover_02,Ховаються! Та ненадовго!
loc_broker_female_c__seen_enemy_group_far_range_shooting_behind_cover_03,Без метушні! Принесіть бій їм під ніс!
loc_broker_female_c__seen_enemy_group_far_range_shooting_behind_cover_04,"Думаєш, укриття тебе врятує?"
loc_broker_female_c__seen_enemy_group_far_range_shooting_behind_cover_05,"А, тобто тепер у схованки граємось?"
loc_broker_female_c__seen_enemy_heavy_gunner_01,Є Кулеметник!
loc_broker_female_c__seen_enemy_heavy_gunner_02,"Компенсуєш щось, Кулеметнику?"
loc_broker_female_c__seen_enemy_heavy_gunner_03,Кулеметник! Він мій!
loc_broker_female_c__seen_enemy_heavy_gunner_04,Кулеметник! Хто перший?
loc_broker_female_c__seen_enemy_heavy_gunner_05,Маємо клятого Кулеметника!
loc_broker_female_c__seen_enemy_houndmaster_a_01,Ой-йой! Ватажок Зграї!
loc_broker_female_c__seen_enemy_houndmaster_a_02,Бос псів ступає в гру!
loc_broker_female_c__seen_enemy_houndmaster_a_03,Глянь-но! Ватажок Зграї!
loc_broker_female_c__seen_enemy_houndmaster_a_04,У нас Ватажок Зграї!
loc_broker_female_c__seen_enemy_houndmaster_a_05,Ватажок Зграї йде веселитися!
loc_broker_female_c__seen_enemy_mutant_charger_01,Зацініть ту Мутня!
loc_broker_female_c__seen_enemy_mutant_charger_02,Мутень звучить незадоволено!
loc_broker_female_c__seen_enemy_mutant_charger_03,Мутень! Яка ж паскуда потворна!
loc_broker_female_c__seen_enemy_mutant_charger_04,"Хочеш оцього, Мутяко?"
loc_broker_female_c__seen_enemy_mutant_charger_05,"О, дивіться! Мутень!"
loc_broker_female_c__seen_enemy_poxwalker_bomber_01,Чумовибухач! Потворний гад!
loc_broker_female_c__seen_enemy_poxwalker_bomber_02,Маємо Чумовибухача!
loc_broker_female_c__seen_enemy_poxwalker_bomber_03,Чумний Бомбер!
loc_broker_female_c__seen_enemy_poxwalker_bomber_04,Чумовибухач! Хто його приб’є намертво?
loc_broker_female_c__seen_enemy_poxwalker_bomber_05,Гнійний мішок! Зараз буде соковито!
loc_broker_female_c__seen_enemy_scab_flamer_a_01,Ой-ой! Палій!
loc_broker_female_c__seen_enemy_scab_flamer_a_02,Прибийте того Палія!
loc_broker_female_c__seen_enemy_scab_flamer_a_03,Палія треба завалити!
loc_broker_female_c__seen_enemy_scab_flamer_a_04,Палій! Зараз буде гаряче!
loc_broker_female_c__seen_enemy_scab_flamer_a_05,Палій! Ага! [Сміх]
loc_broker_female_c__seen_enemy_shocktrooper_01,Дробостріл!
loc_broker_female_c__seen_enemy_shocktrooper_02,Дробостріл! Не вражає.
loc_broker_female_c__seen_enemy_shocktrooper_03,Маємо Дробостріла!
loc_broker_female_c__seen_enemy_shocktrooper_04,Гниляк з дробовиком!
loc_broker_female_c__seen_enemy_shocktrooper_05,Ой-ой! Дробостріл!
loc_broker_female_c__seen_enemy_sniper_01,Снайпер!
loc_broker_female_c__seen_enemy_sniper_02,Снайпер! Прибийте паскуду намертво!
loc_broker_female_c__seen_enemy_sniper_03,Снайпер полює!
loc_broker_female_c__seen_enemy_sniper_04,Снайпер!
loc_broker_female_c__seen_enemy_sniper_05,Гниляк-стрілець!
loc_broker_female_c__seen_netgunner_01,Ловець! Ага!
loc_broker_female_c__seen_netgunner_02,Гниляк із сіткостволом!
loc_broker_female_c__seen_netgunner_03,Прибийте того сіткометника намертво!
loc_broker_female_c__seen_netgunner_04,У нас Ловець!
loc_broker_female_c__seen_netgunner_05,Ой-ой! Ловець!
loc_broker_female_c__seen_netgunner_flee_01,Ловець дає драла!
loc_broker_female_c__seen_netgunner_flee_02,"Так і треба, сітокид! Тікай!"
loc_broker_female_c__smart_tag_stimm_concentration_a_01,Стим концентрації!
loc_broker_female_c__smart_tag_stimm_concentration_a_02,Стим концентрації!
loc_broker_female_c__smart_tag_stimm_health_a_01,Мед-Стим!
loc_broker_female_c__smart_tag_stimm_health_a_02,Мед-Стим!
loc_broker_female_c__smart_tag_stimm_power_a_01,Бойовий Стим!
loc_broker_female_c__smart_tag_stimm_power_a_02,Бойовий Стим!
loc_broker_female_c__smart_tag_stimm_speed_a_01,Стим прудкості!
loc_broker_female_c__smart_tag_stimm_speed_a_02,Стим прудкості!
loc_broker_female_c__smart_tag_vo_enemy_berserker_01,Берсерк!
loc_broker_female_c__smart_tag_vo_enemy_berserker_02,Берсерк!
loc_broker_female_c__smart_tag_vo_enemy_chaos_hound_01,Гонча!
loc_broker_female_c__smart_tag_vo_enemy_chaos_hound_02,Гонча!
loc_broker_female_c__smart_tag_vo_enemy_chaos_mutant_charger_01,Мутень!
loc_broker_female_c__smart_tag_vo_enemy_chaos_mutant_charger_02,Мутень!
loc_broker_female_c__smart_tag_vo_enemy_chaos_ogryn_armored_executor_01,Крушитель!
loc_broker_female_c__smart_tag_vo_enemy_chaos_ogryn_armored_executor_02,Крушитель!
loc_broker_female_c__smart_tag_vo_enemy_chaos_ogryn_bulwark_01,Щитоносець!
loc_broker_female_c__smart_tag_vo_enemy_chaos_ogryn_bulwark_02,Щитоносець!
loc_broker_female_c__smart_tag_vo_enemy_chaos_ogryn_heavy_gunner_01,Жнець!
loc_broker_female_c__smart_tag_vo_enemy_chaos_ogryn_heavy_gunner_02,Жнець!
loc_broker_female_c__smart_tag_vo_enemy_chaos_poxwalker_bomber_01,Чумовибухач!
loc_broker_female_c__smart_tag_vo_enemy_chaos_poxwalker_bomber_02,Чумовибухач!
loc_broker_female_c__smart_tag_vo_enemy_chaos_spawn_01,М’ясний мішок!
loc_broker_female_c__smart_tag_vo_enemy_chaos_spawn_02,М'ясний мішок!
loc_broker_female_c__smart_tag_vo_enemy_daemonhost_witch_01,Демононосій!
loc_broker_female_c__smart_tag_vo_enemy_daemonhost_witch_02,Демононосій!
loc_broker_female_c__smart_tag_vo_enemy_houndmaster_a_01,Ватажок Зграї!
loc_broker_female_c__smart_tag_vo_enemy_houndmaster_a_02,Ватажок Зграї!
loc_broker_female_c__smart_tag_vo_enemy_netgunner_01,Ловець!
loc_broker_female_c__smart_tag_vo_enemy_netgunner_02,Ловець!
loc_broker_female_c__smart_tag_vo_enemy_plague_ogryn_01,Чумний Оґрин!
loc_broker_female_c__smart_tag_vo_enemy_plague_ogryn_02,Чумний Оґрин!
loc_broker_female_c__smart_tag_vo_enemy_scab_flamer_a_01,Палій!
loc_broker_female_c__smart_tag_vo_enemy_scab_flamer_a_02,Палій!
loc_broker_female_c__smart_tag_vo_enemy_traitor_executor_01,Трощитель!
loc_broker_female_c__smart_tag_vo_enemy_traitor_executor_02,Трощитель!
loc_broker_female_c__smart_tag_vo_enemy_traitor_grenadier_01,Бомбер!
loc_broker_female_c__smart_tag_vo_enemy_traitor_grenadier_02,Бомбер!
loc_broker_female_c__smart_tag_vo_enemy_traitor_gunner_01,Кулеметник!
loc_broker_female_c__smart_tag_vo_enemy_traitor_gunner_02,Кулеметник!
loc_broker_female_c__smart_tag_vo_enemy_traitor_scout_shocktrooper_01,Дробостріл!
loc_broker_female_c__smart_tag_vo_enemy_traitor_scout_shocktrooper_02,Дробостріл!
loc_broker_female_c__smart_tag_vo_enemy_traitor_sniper_01,Снайпер!
loc_broker_female_c__smart_tag_vo_enemy_traitor_sniper_02,Снайпер!
loc_broker_female_c__smart_tag_vo_pickup_ammo_01,Набої!
loc_broker_female_c__smart_tag_vo_pickup_ammo_02,Набої!
loc_broker_female_c__smart_tag_vo_pickup_battery_01,Батарея!
loc_broker_female_c__smart_tag_vo_pickup_battery_02,Енергоосередок!
loc_broker_female_c__smart_tag_vo_pickup_container_01,Вакуумна капсула!
loc_broker_female_c__smart_tag_vo_pickup_container_02,Вакуумна капсула!
loc_broker_female_c__smart_tag_vo_pickup_control_rod_01,Кріонічний стрижень!
loc_broker_female_c__smart_tag_vo_pickup_control_rod_02,Кріонічний стрижень!
loc_broker_female_c__smart_tag_vo_pickup_deployed_ammo_crate_01,Ящик із набоями!
loc_broker_female_c__smart_tag_vo_pickup_deployed_ammo_crate_02,Ящик із набоями!
loc_broker_female_c__smart_tag_vo_pickup_deployed_medical_crate_01,Аптечку поставлено!
loc_broker_female_c__smart_tag_vo_pickup_deployed_medical_crate_02,Аптечку поставлено!
loc_broker_female_c__smart_tag_vo_pickup_forge_metal_01,Пласталь!
loc_broker_female_c__smart_tag_vo_pickup_forge_metal_02,Пласталь!
loc_broker_female_c__smart_tag_vo_pickup_health_booster_01,Медстим!
loc_broker_female_c__smart_tag_vo_pickup_health_booster_02,Медстим!
loc_broker_female_c__smart_tag_vo_pickup_medical_crate_01,Аптечка!
loc_broker_female_c__smart_tag_vo_pickup_medical_crate_02,Аптечка!
loc_broker_female_c__smart_tag_vo_pickup_platinum_01,Діамантин!
loc_broker_female_c__smart_tag_vo_pickup_platinum_02,Діамантин!
loc_broker_female_c__smart_tag_vo_pickup_side_mission_consumable_01,Реліквія!
loc_broker_female_c__smart_tag_vo_pickup_side_mission_consumable_02,Реліквія!
loc_broker_female_c__smart_tag_vo_pickup_side_mission_grimoire_01,Ґримуар!
loc_broker_female_c__smart_tag_vo_pickup_side_mission_grimoire_02,Ґримуар!
loc_broker_female_c__smart_tag_vo_pickup_side_mission_tome_01,Писання!
loc_broker_female_c__smart_tag_vo_pickup_side_mission_tome_02,Писання!
loc_broker_female_c__smart_tag_vo_small_grenade_01,Граната!
loc_broker_female_c__smart_tag_vo_small_grenade_02,Граната!
loc_broker_female_c__smart_tag_vo_station_health_01,Медстанція!
loc_broker_female_c__smart_tag_vo_station_health_02,Медстанція!
loc_broker_female_c__smart_tag_vo_station_health_without_battery_01,Потрібна батарея!
loc_broker_female_c__smart_tag_vo_station_health_without_battery_02,Потрібна батарея!
loc_broker_female_c__stairs_sighted_01,Сходи!
loc_broker_female_c__stairs_sighted_02,Сходи!
loc_broker_female_c__stairs_sighted_03,Схоже на сходи!
loc_broker_female_c__stairs_sighted_04,Маємо сходи!
loc_broker_female_c__stairs_sighted_05,Сходи! [Сміх]
loc_broker_female_c__surrounded_01,Гниляки всюди навколо!
loc_broker_female_c__surrounded_02,"Тут тіснувато, га?"
loc_broker_female_c__surrounded_03,Гниляки скрізь!
loc_broker_female_c__surrounded_04,"Ідіть сюди, гниляки! На всіх вистачить!"
loc_broker_female_c__surrounded_05,Вибору нема — тож валимо всіх підряд!
loc_broker_female_c__surrounded_response_01,Зараз буде М'ЯСОРУБКА!
loc_broker_female_c__surrounded_response_02,Оце ВЕЧІРКА!
loc_broker_female_c__surrounded_response_03,"Готові потанцювати, дрібні гниляки?"
loc_broker_female_c__surrounded_response_04,Ось заради чого ми тут!
loc_broker_female_c__surrounded_response_05,Ага! Оце буде що згадати!
loc_broker_female_c__warning_exploding_barrel_01,Бочка ЗАРАЗ БАХНЕ!
loc_broker_female_c__warning_exploding_barrel_02,Хтось стрельнув у бочку!
loc_broker_female_c__warning_exploding_barrel_03,Бочка ось-ось рване!
loc_broker_female_c__warning_exploding_barrel_04,Бум-бочка! [сміх]
loc_broker_male_a__ability_01_a_01,Коси та молися!
loc_broker_male_a__ability_01_a_02,Я приніс вдосталь для всіх!
loc_broker_male_a__ability_01_a_03,Повітря стане гарячим!
loc_broker_male_a__ability_01_a_04,Час на стріляцьке змагання!
loc_broker_male_a__ability_01_a_05,"Ну ж бо, гниляки: тягніть стволи!"
loc_broker_male_a__ability_01_a_06,[сміх] Як хижі рибки в бочці!
loc_broker_male_a__ability_01_a_07,Відкриваю вогонь!
loc_broker_male_a__ability_01_a_08,"Подивимось, як вони затанцюють!"
loc_broker_male_a__ability_02_a_01,Час лізти в м'ясо!
loc_broker_male_a__ability_02_a_02,Хто хоче скуштувати?
loc_broker_male_a__ability_02_a_03,Час відплати!
loc_broker_male_a__ability_02_a_04,Я насолоджусь цим!
loc_broker_male_a__ability_02_a_05,Ага! Погнали!
loc_broker_male_a__ability_02_a_06,"Ей, гниляки! Ідіть, заберіть!"
loc_broker_male_a__ability_02_a_07,Час вам усім подохнути!
loc_broker_male_a__ability_02_a_08,Гаразд! Хто перший?
loc_broker_male_a__ability_03_a_01,Стимимось!
loc_broker_male_a__ability_03_a_02,Беріть свої стими!
loc_broker_male_a__ability_03_a_03,Стимів вистачить на всіх!
loc_broker_male_a__ability_03_a_04,"Час для ходу, що змінює гру!"
loc_broker_male_a__ability_03_a_05,Візьми собі перевагу!
loc_broker_male_a__ability_03_a_06,Час стимів!
loc_broker_male_a__ability_03_a_07,Стимів для всіх!
loc_broker_male_a__ability_03_a_08,Стимів! Тільки найкращі!
loc_broker_male_a__alerted_2_enemy_daemonhost_01,Лайно собаче! Догралися!
loc_broker_male_a__alerted_2_enemy_daemonhost_02,"О, чудово! Саме те, що треба!"
loc_broker_male_a__alerted_enemy_daemonhost_01,Назад!
loc_broker_male_a__alerted_enemy_daemonhost_02,Не чіпайте!
loc_broker_male_a__alerted_enemy_daemonhost_03,"Нам що, мало проблем?"
loc_broker_male_a__alerted_enemy_daemonhost_04,Нехай спить!
loc_broker_male_a__almost_there_01,Майже прийшли!
loc_broker_male_a__almost_there_02,Ну ж бо! Що вас там тримає?
loc_broker_male_a__almost_there_03,"Прудкіше, га? Мені б випити."
loc_broker_male_a__almost_there_04,Ви все так повільно робите?
loc_broker_male_a__almost_there_05,"Майже закінчили, друзі!"
loc_broker_male_a__asset_unnatural_dark_a_01,"Темно тут, чи не так?"
loc_broker_male_a__asset_unnatural_dark_a_02,Світла нема. Тільки не наступіть на мене.
loc_broker_male_a__asset_unnatural_dark_b_01,Та я й так світло не любив.
loc_broker_male_a__asset_unnatural_dark_b_02,"Мені й не треба бачити, куди йду."
loc_broker_male_a__away_from_squad_01,"Схоже, звернув не туди..."
loc_broker_male_a__away_from_squad_02,Чого я сам?
loc_broker_male_a__away_from_squad_03,Самітником бути — нерозумно.
loc_broker_male_a__away_from_squad_04,Я ж не мав бути сам...
loc_broker_male_a__away_from_squad_05,Ех... Краще повернусь до зграї.
loc_broker_male_a__blitz_01_a_01,Сліпуча граната!
loc_broker_male_a__blitz_01_a_02,Сліпуча граната!
loc_broker_male_a__blitz_01_a_03,Жбурляю сліпучу гранату!
loc_broker_male_a__blitz_01_a_04,Зробімо це весело!
loc_broker_male_a__blitz_01_a_05,Сліпучу — пішла!
loc_broker_male_a__blitz_01_a_06,Лови сліпучу гранату!
loc_broker_male_a__blitz_01_a_07,Закидаю сліпучу!
loc_broker_male_a__blitz_01_a_08,Сліпуча пішла!
loc_broker_male_a__blitz_02_a_01,Отримаєш повну пику цього!
loc_broker_male_a__blitz_02_a_02,Маю для тебе подарунок!
loc_broker_male_a__blitz_02_a_03,Звожу вас у Бум-місто!
loc_broker_male_a__blitz_02_a_04,Вмикаю музичку!
loc_broker_male_a__blitz_02_a_05,Тук-тук!
loc_broker_male_a__blitz_02_a_06,Час голосно привітатись!
loc_broker_male_a__blitz_02_a_07,Ширше відкривай!
loc_broker_male_a__blitz_02_a_08,ПРЯМО. В. ПИКУ!
loc_broker_male_a__blitz_03_a_01,Хім-бомба!
loc_broker_male_a__blitz_03_a_02,Хавай оце!
loc_broker_male_a__blitz_03_a_03,Отримай дозу цього!
loc_broker_male_a__blitz_03_a_04,"Дихайте глибше, гниляки!"
loc_broker_male_a__blitz_03_a_05,Хімія пішла!
loc_broker_male_a__blitz_03_a_06,Хімсюрприз!
loc_broker_male_a__blitz_03_a_07,Хімія! Затримай подих!
loc_broker_male_a__blitz_03_a_08,Кидаю хім-бомбу!
loc_broker_male_a__broker_bonding_conversation_01_a_01,"В тобі немає вірності, ти тут тільки заради платні."
loc_broker_male_a__broker_bonding_conversation_01_c_01,І навіть не соромишся цього?
loc_broker_male_a__broker_bonding_conversation_02_a_01,Хочеш мені щось сказати?
loc_broker_male_a__broker_bonding_conversation_02_c_01,Тоді чого ти на мене витріщаєшся?
loc_broker_male_a__broker_bonding_conversation_03_a_01,"Радий, що підписався на це. Порушує рутину, знаєш?"
loc_broker_male_a__broker_bonding_conversation_03_c_01,"Добре, добре. Зіпсуй момент, чом би й ні?"
loc_broker_male_a__broker_bonding_conversation_04_b_01,Гей! Я вмію вбивати.
loc_broker_male_a__broker_bonding_conversation_04_d_01,"Це ж працює, так?"
loc_broker_male_a__broker_bonding_conversation_05_b_01,"Може, повиколюємо їм очі?"
loc_broker_male_a__broker_bonding_conversation_05_d_01,Більшість із них і так злі.
loc_broker_male_a__broker_bonding_conversation_06_b_01,І це добре?
loc_broker_male_a__broker_bonding_conversation_06_d_01,Це заспокоює.
loc_broker_male_a__broker_bonding_conversation_07_a_01,"Ти допоможеш, чи як?"
loc_broker_male_a__broker_bonding_conversation_07_c_01,"Ага, як скажеш."
loc_broker_male_a__broker_bonding_conversation_08_a_01,То... Хто платить краще? Всевидюче Я чи Конклав?
loc_broker_male_a__broker_bonding_conversation_08_c_01,Що? Ти не знаєш?
loc_broker_male_a__broker_bonding_conversation_09_a_01,"У твоїй душі не багато радості, так?"
loc_broker_male_a__broker_bonding_conversation_09_c_01,Наскільки більше?
loc_broker_male_a__broker_bonding_conversation_10_b_01,Не хвилюйся за мене. Я знаю свою справу.
loc_broker_male_a__broker_bonding_conversation_10_d_01,Годі вже. Ми всі в цьому разом.
loc_broker_male_a__broker_bonding_conversation_11_b_01,"Мабуть, ніхто. Вони всі божевільні."
loc_broker_male_a__broker_bonding_conversation_11_d_01,Божевільні. Ти завжди можеш перестати бути бідним.
loc_broker_male_a__broker_bonding_conversation_12_b_01,Тобі ніде не подобається.
loc_broker_male_a__broker_bonding_conversation_12_d_01,Називай речі своїми іменами: холоднокровність.
loc_broker_male_a__broker_bonding_conversation_13_b_01,"Я зроблю по-своєму, а ти роби по-своєму."
loc_broker_male_a__broker_bonding_conversation_13_d_01,Твоя допомога мені не потрібна.
loc_broker_male_a__broker_bonding_conversation_14_b_01,Навіть накази Конклаву?
loc_broker_male_a__broker_bonding_conversation_14_d_01,У нас із тобою різні визначення «дружнього».
loc_broker_male_a__broker_bonding_conversation_15_b_01,"Жити одним днем, так?"
loc_broker_male_a__broker_bonding_conversation_15_d_01,"Як на мене, саме вони й допомагають вижити."
loc_broker_male_a__broker_bonding_conversation_16_a_01,Ти псуєш нам усім репутацію.
loc_broker_male_a__broker_bonding_conversation_16_c_01,"Така репутація, як у тебе, мені не потрібна."
loc_broker_male_a__broker_bonding_conversation_17_a_01,Ти найгірший з найгірших. Знаєш це?
loc_broker_male_a__broker_bonding_conversation_17_c_01,Це не був комплімент.
loc_broker_male_a__broker_bonding_conversation_18_a_01,"Ти маніяк, ти знаєш?"
loc_broker_male_a__broker_bonding_conversation_18_c_01,"Гадаю, я бачив достатньо."
loc_broker_male_a__broker_bonding_conversation_19_b_01,"Ти бачив, що тут коїться?"
loc_broker_male_a__broker_bonding_conversation_19_d_01,"У тебе, дорогенька, серйозна проблема."
loc_broker_male_a__broker_bonding_conversation_20_b_01,А хіба колись було інакше?
loc_broker_male_a__broker_bonding_conversation_20_d_01,Великий сюрприз.
loc_broker_male_a__broker_bonding_conversation_21_b_01,Я й сам про це думав.
loc_broker_male_a__broker_bonding_conversation_21_d_01,Смерть мене турбує більше.
loc_broker_male_a__broker_bonding_conversation_22_a_01,"Ти божевільний, знаєш це?"
loc_broker_male_a__broker_bonding_conversation_22_c_01,Насправді ні.
loc_broker_male_a__broker_bonding_conversation_23_a_01,Про що ти там думаєш?
loc_broker_male_a__broker_bonding_conversation_23_c_01,"Я думаю, що це не дуже гарна ідея, коли ти поруч."
loc_broker_male_a__broker_bonding_conversation_24_a_01,"Як справи, божевільний?"
loc_broker_male_a__broker_bonding_conversation_24_c_01,"Справді. Важке життя, еге ж?"
loc_broker_male_a__broker_male_a_adamant_bonding_conversation_01_a_01,"Тримайся від мене подалі, Щурику."
loc_broker_male_a__broker_male_a_adamant_bonding_conversation_01_c_01,"Ага. Ти любиш свій обов'язок, чи не так?"
loc_broker_male_a__broker_male_a_adamant_bonding_conversation_02_a_01,Ніколи не довіряй Арбітру.
loc_broker_male_a__broker_male_a_adamant_bonding_conversation_02_c_01,"І все ж ти тут, працюєш із порушником закону."
loc_broker_male_a__broker_male_a_adamant_bonding_conversation_03_a_01,"Годі на мене витріщатися. Я знаю, що роблю."
loc_broker_male_a__broker_male_a_adamant_bonding_conversation_03_c_01,"Мабуть, дізнаєшся пізніше."
loc_broker_male_a__broker_male_a_adamant_bonding_conversation_04_b_01,"Ага, це мотивує."
loc_broker_male_a__broker_male_a_adamant_bonding_conversation_04_d_01,Якби ж мені дожити...
loc_broker_male_a__broker_male_a_adamant_bonding_conversation_05_b_01,"Що хочу, те й беру."
loc_broker_male_a__broker_male_a_adamant_bonding_conversation_05_d_01,"Тримайся того, що знаєш, — ось мій девіз."
loc_broker_male_a__broker_male_a_adamant_bonding_conversation_06_b_01,Твоєму Лексу не завадило б трохи потьмяніти.
loc_broker_male_a__broker_male_a_adamant_bonding_conversation_06_d_01,"Тоді й послухати не завадить, чи не так?"
loc_broker_male_a__broker_male_a_adamant_bonding_conversation_07_a_01,"Болить, Щур-поборнике?"
loc_broker_male_a__broker_male_a_adamant_bonding_conversation_07_c_01,Ти з цього весь кайф вибиваєш.
loc_broker_male_a__broker_male_a_adamant_bonding_conversation_08_a_01,"Ніколи тобі не довірятиму, Щурику."
loc_broker_male_a__broker_male_a_adamant_bonding_conversation_08_c_01,"Гадаєш, цього вистачить до кінця справи?"
loc_broker_male_a__broker_male_a_adamant_bonding_conversation_09_a_01,"Спостерігаєш за мною, Щурику? Подобається, що бачиш?"
loc_broker_male_a__broker_male_a_adamant_bonding_conversation_09_c_01,На яке питання?
loc_broker_male_a__broker_male_a_adamant_bonding_conversation_10_b_01,"Смішно, я збирався сказати те саме про тебе."
loc_broker_male_a__broker_male_a_adamant_bonding_conversation_10_d_01,"О? Дивись-но, визнаєш, що був неправий."
loc_broker_male_a__broker_male_a_adamant_bonding_conversation_11_b_01,Не сьогодні.
loc_broker_male_a__broker_male_a_adamant_bonding_conversation_11_d_01,Якщо тільки Гниляки не дістануть нас першими!
loc_broker_male_a__broker_male_a_adamant_bonding_conversation_12_b_01,"Може, ти недостатньо уважно дивишся."
loc_broker_male_a__broker_male_a_adamant_bonding_conversation_12_d_01,Це ти так кажеш.
loc_broker_male_a__broker_male_a_adamant_bonding_conversation_13_a_01,"Не схоже, що тобі хочеться в цю авантюру."
loc_broker_male_a__broker_male_a_adamant_bonding_conversation_13_c_01,Тоді навіщо морочитися?
loc_broker_male_a__broker_male_a_adamant_bonding_conversation_14_a_01,Нам такі тут не потрібні.
loc_broker_male_a__broker_male_a_adamant_bonding_conversation_14_c_01,У нас тут свої порядки.
loc_broker_male_a__broker_male_a_adamant_bonding_conversation_15_a_01,Ти не кращий за мене.
loc_broker_male_a__broker_male_a_adamant_bonding_conversation_15_c_01,"Мабуть, тому, що ти служиш Лексу?"
loc_broker_male_a__broker_male_a_adamant_bonding_conversation_16_b_01,Гей! Я не для цього підписався на цю справу!
loc_broker_male_a__broker_male_a_adamant_bonding_conversation_16_d_01,Ага. Я часто це чую.
loc_broker_male_a__broker_male_a_adamant_bonding_conversation_17_b_01,Ми знаємо. Чому ми знаємо? Бо ти не замовкаєш.
loc_broker_male_a__broker_male_a_adamant_bonding_conversation_17_d_01,Кляті Щурики...
loc_broker_male_a__broker_male_a_adamant_bonding_conversation_18_b_01,Буде пізніше. Значно пізніше.
loc_broker_male_a__broker_male_a_adamant_bonding_conversation_18_d_01,"Не парся, зроблю."
loc_broker_male_a__broker_male_a_adamant_bonding_conversation_19_a_01,"Готовий здохнути тут і зараз, Щур-поборнике?"
loc_broker_male_a__broker_male_a_adamant_bonding_conversation_19_c_01,Це «так» чи «ні»?
loc_broker_male_a__broker_male_a_adamant_bonding_conversation_20_a_01,Обережно. Ледь не всміхнувся.
loc_broker_male_a__broker_male_a_adamant_bonding_conversation_20_c_01,Радій дрібницям.
loc_broker_male_a__broker_male_a_adamant_bonding_conversation_21_a_01,"Ти вдаєш із себе крутого, але Конклав розірве тебе на шматки, якщо перейдеш їм дорогу."
loc_broker_male_a__broker_male_a_adamant_bonding_conversation_21_c_01,Показуй найгірше. Ми поховаємо їх у Глибокому Вулику.
loc_broker_male_a__broker_male_a_adamant_bonding_conversation_22_b_01,Це комплімент?
loc_broker_male_a__broker_male_a_adamant_bonding_conversation_22_d_01,Я так і знав.
loc_broker_male_a__broker_male_a_adamant_bonding_conversation_23_b_01,Хочеш мене судити? Спочатку доведеться зловити.
loc_broker_male_a__broker_male_a_adamant_bonding_conversation_23_d_01,Аби тільки ми розуміли один одного.
loc_broker_male_a__broker_male_a_adamant_bonding_conversation_24_b_01,Так? Не можу погодитись.
loc_broker_male_a__broker_male_a_adamant_bonding_conversation_24_d_01,Візьми свої слова назад!
loc_broker_male_a__broker_male_a_adamant_bonding_conversation_25_a_01,Ти не кращий за мене.
loc_broker_male_a__broker_male_a_adamant_bonding_conversation_25_c_01,А ти — виродок.
loc_broker_male_a__broker_male_a_adamant_bonding_conversation_26_a_01,"Тобі не приховати, хто ти є."
loc_broker_male_a__broker_male_a_adamant_bonding_conversation_26_c_01,Психопат. Найгірший з найгірших.
loc_broker_male_a__broker_male_a_adamant_bonding_conversation_27_a_01,У тебе взагалі друзі є?
loc_broker_male_a__broker_male_a_adamant_bonding_conversation_27_c_01,То це типу «ні»?
loc_broker_male_a__broker_male_a_adamant_bonding_conversation_28_b_01,І пишаюся цим.
loc_broker_male_a__broker_male_a_adamant_bonding_conversation_28_d_01,Не від твоїх рук.
loc_broker_male_a__broker_male_a_adamant_bonding_conversation_29_b_01,Надовго не вистачить!
loc_broker_male_a__broker_male_a_adamant_bonding_conversation_29_d_01,Так воліє КОНКЛАВ.
loc_broker_male_a__broker_male_a_adamant_bonding_conversation_30_b_01,"Річ у тім, що ти щойно зробив це ще більш спокусливим."
loc_broker_male_a__broker_male_a_adamant_bonding_conversation_30_d_01,"Можливо. Побачимо, як піде."
loc_broker_male_a__broker_male_a_adamant_bonding_conversation_31_a_01,Збираєшся вистрілити мені в спину?
loc_broker_male_a__broker_male_a_adamant_bonding_conversation_31_c_01,Звідки мені знати?
loc_broker_male_a__broker_male_a_adamant_bonding_conversation_32_a_01,"Не можеш змусити себе довіритись мені, так?"
loc_broker_male_a__broker_male_a_adamant_bonding_conversation_32_c_01,Справедливо. Я ж тобі теж не довіряю.
loc_broker_male_a__broker_male_a_adamant_bonding_conversation_33_a_01,Ей! Щур-поборнике! Ще не здох?
loc_broker_male_a__broker_male_a_adamant_bonding_conversation_33_c_01,Я точно ЩОСЬ відчуваю.
loc_broker_male_a__broker_male_a_adamant_bonding_conversation_34_b_01,Ага. Наказ Конклаву.
loc_broker_male_a__broker_male_a_adamant_bonding_conversation_34_d_01,Мрій далі.
loc_broker_male_a__broker_male_a_adamant_bonding_conversation_35_b_01,Хочеш щось із цим зробити? Бийся сильніше.
loc_broker_male_a__broker_male_a_adamant_bonding_conversation_35_d_01,"Ага, як скажеш."
loc_broker_male_a__broker_male_a_adamant_bonding_conversation_36_b_01,Ні. Я так не думаю.
loc_broker_male_a__broker_male_a_adamant_bonding_conversation_36_d_01,"Ти нікого не вразиш, знаєш."
loc_broker_male_a__broker_male_a_ogryn_bonding_conversation_01_a_01,"Ти ж здоровий хлопець, так?"
loc_broker_male_a__broker_male_a_ogryn_bonding_conversation_01_c_01,"Не впевнений, що це так."
loc_broker_male_a__broker_male_a_ogryn_bonding_conversation_02_a_01,Завжди добре мати поруч огріна.
loc_broker_male_a__broker_male_a_ogryn_bonding_conversation_02_c_01,Ну... поруч.
loc_broker_male_a__broker_male_a_ogryn_bonding_conversation_03_a_01,"Хочеш, щоб я замовив за тебе слівце перед Конклавом?"
loc_broker_male_a__broker_male_a_ogryn_bonding_conversation_03_c_01,Чому б тобі не дозволити мені вибрати для тебе гарненьке?
loc_broker_male_a__broker_male_a_ogryn_bonding_conversation_04_b_01,"Я їх теж не люблю, тож, гадаю, це справедливо."
loc_broker_male_a__broker_male_a_ogryn_bonding_conversation_04_d_01,Як кажеш.
loc_broker_male_a__broker_male_a_ogryn_bonding_conversation_05_b_01,Ага? Чому це?
loc_broker_male_a__broker_male_a_ogryn_bonding_conversation_05_d_01,"Поки ти завжди допомагаєш МЕНІ, я не бачу проблеми."
loc_broker_male_a__broker_male_a_ogryn_bonding_conversation_06_b_01,"А... Ні. Може, пізніше."
loc_broker_male_a__broker_male_a_ogryn_bonding_conversation_06_d_01,Я ризикну.
loc_broker_male_a__broker_male_a_ogryn_bonding_conversation_07_a_01,У тебе ще той характерець.
loc_broker_male_a__broker_male_a_ogryn_bonding_conversation_07_c_01,Бачиш? Тому тебе ніхто й не любить.
loc_broker_male_a__broker_male_a_ogryn_bonding_conversation_08_a_01,"Ти любиш бійку, га, Колодо?"
loc_broker_male_a__broker_male_a_ogryn_bonding_conversation_08_c_01,"Не зважай, попереду ще багато боїв."
loc_broker_male_a__broker_male_a_ogryn_bonding_conversation_09_a_01,З тебе вийшов би непоганий вибивака для Конклаву.
loc_broker_male_a__broker_male_a_ogryn_bonding_conversation_09_c_01,Що значить «ця фігня»?
loc_broker_male_a__broker_male_a_ogryn_bonding_conversation_10_b_01,"Порівняно з тобою, звісно."
loc_broker_male_a__broker_male_a_ogryn_bonding_conversation_10_d_01,"Як скажеш, Колодо."
loc_broker_male_a__broker_male_a_ogryn_bonding_conversation_11_b_01,Як нам тоді це зробити?
loc_broker_male_a__broker_male_a_ogryn_bonding_conversation_11_d_01,"Думаю, це можна влаштувати."
loc_broker_male_a__broker_male_a_ogryn_bonding_conversation_12_b_01,"Хочеш спробувати себе в Бійцівських Ямах? Гадаю, у тебе б вийшло."
loc_broker_male_a__broker_male_a_ogryn_bonding_conversation_12_d_01,Це дуже заохочується.
loc_broker_male_a__broker_male_a_ogryn_bonding_conversation_13_a_01,Сьогодні важкі бої!
loc_broker_male_a__broker_male_a_ogryn_bonding_conversation_13_c_01,"Це не змагання, Колодо."
loc_broker_male_a__broker_male_a_ogryn_bonding_conversation_14_a_01,"Тебе ніщо не зупиняє, так?"
loc_broker_male_a__broker_male_a_ogryn_bonding_conversation_14_c_01,То ти вже не голодний?
loc_broker_male_a__broker_male_a_ogryn_bonding_conversation_15_a_01,Ти досить міцний.
loc_broker_male_a__broker_male_a_ogryn_bonding_conversation_15_c_01,Справді? Хто тобі це сказав?
loc_broker_male_a__broker_male_a_ogryn_bonding_conversation_16_b_01,Добре знати.
loc_broker_male_a__broker_male_a_ogryn_bonding_conversation_16_d_01,"Впевнений, вони раді почути новини."
loc_broker_male_a__broker_male_a_ogryn_bonding_conversation_17_b_01,Не хвилюйся. Я тут орієнтуюся.
loc_broker_male_a__broker_male_a_ogryn_bonding_conversation_17_d_01,Ось це я люблю чути.
loc_broker_male_a__broker_male_a_ogryn_bonding_conversation_18_b_01,"Я б був обережний, поїдаючи Гниляків. Вони не виглядають здоровими."
loc_broker_male_a__broker_male_a_ogryn_bonding_conversation_18_d_01,Навіщо я взагалі витрачав слова?
loc_broker_male_a__broker_male_a_ogryn_bonding_conversation_19_a_01,"Ти знову не в гуморі, еге ж?"
loc_broker_male_a__broker_male_a_ogryn_bonding_conversation_19_c_01,Це не посмішка.
loc_broker_male_a__broker_male_a_ogryn_bonding_conversation_20_a_01,"Ти не такий веселий, як інші Оґрини."
loc_broker_male_a__broker_male_a_ogryn_bonding_conversation_20_c_01,"Не бачу, яке це має значення."
loc_broker_male_a__broker_male_a_ogryn_bonding_conversation_21_a_01,Ти колись працював на один із картелів?
loc_broker_male_a__broker_male_a_ogryn_bonding_conversation_21_c_01,Мені не почулося? Це обачність?
loc_broker_male_a__broker_male_a_ogryn_bonding_conversation_22_b_01,"Я ще не бачив, щоб ти НЕ влаштовував бардак."
loc_broker_male_a__broker_male_a_ogryn_bonding_conversation_22_d_01,Ти тепер цілишся? І коли це почалося?
loc_broker_male_a__broker_male_a_ogryn_bonding_conversation_23_b_01,"Тільки якщо будеш дивитися, куди йдеш. Ти мене ледь не розчавив!"
loc_broker_male_a__broker_male_a_ogryn_bonding_conversation_23_d_01,"Очевидно, ні."
loc_broker_male_a__broker_male_a_ogryn_bonding_conversation_24_b_01,Обережно. Не варто квапити власну смерть.
loc_broker_male_a__broker_male_a_ogryn_bonding_conversation_24_d_01,Справедливо.
loc_broker_male_a__broker_male_a_psyker_bonding_conversation_01_a_01,Чого ти такий знервований?
loc_broker_male_a__broker_male_a_psyker_bonding_conversation_01_c_01,Тобі доведеться стати жорсткішим.
loc_broker_male_a__broker_male_a_psyker_bonding_conversation_02_a_01,Про що ти думаєш?
loc_broker_male_a__broker_male_a_psyker_bonding_conversation_02_c_01,"Не сумуй. Я тут, з тобою."
loc_broker_male_a__broker_male_a_psyker_bonding_conversation_03_a_01,"Ти тримаєшся краще, ніж я очікував."
loc_broker_male_a__broker_male_a_psyker_bonding_conversation_03_c_01,Так і має бути. Нам з тобою треба триматися разом.
loc_broker_male_a__broker_male_a_psyker_bonding_conversation_04_b_01,"Я не збирався, але твоє ставлення робить це все більш спокусливим."
loc_broker_male_a__broker_male_a_psyker_bonding_conversation_04_d_01,"Заспокойся, Дьорґаний."
loc_broker_male_a__broker_male_a_psyker_bonding_conversation_05_b_01,"Вони є, що б там не думали аристократи."
loc_broker_male_a__broker_male_a_psyker_bonding_conversation_05_d_01,"Могло б бути й краще, визнаю."
loc_broker_male_a__broker_male_a_psyker_bonding_conversation_06_b_01,Атома — мій дім. Я не можу не битися за нього.
loc_broker_male_a__broker_male_a_psyker_bonding_conversation_06_d_01,"І я не просив. Ти що, не слухав?"
loc_broker_male_a__broker_male_a_psyker_bonding_conversation_07_a_01,"Дай знати, якщо шукатимеш щось особливе. Я можу дістати будь-що."
loc_broker_male_a__broker_male_a_psyker_bonding_conversation_07_c_01,Е... Ні.
loc_broker_male_a__broker_male_a_psyker_bonding_conversation_08_a_01,"Я не впевнений, що ти тут робиш."
loc_broker_male_a__broker_male_a_psyker_bonding_conversation_08_c_01,"Я думав, ти достатньо розумний, щоб утекти."
loc_broker_male_a__broker_male_a_psyker_bonding_conversation_09_a_01,"Як воно, бути Псайкером?"
loc_broker_male_a__broker_male_a_psyker_bonding_conversation_09_c_01,"Це трохи схоже на те, як тебе хапають Щури-поборники."
loc_broker_male_a__broker_male_a_psyker_bonding_conversation_10_b_01,Дуже люб'язно. І що це передбачає?
loc_broker_male_a__broker_male_a_psyker_bonding_conversation_10_d_01,"Мабуть, я пас."
loc_broker_male_a__broker_male_a_psyker_bonding_conversation_11_b_01,Справді? Бо я чув інше.
loc_broker_male_a__broker_male_a_psyker_bonding_conversation_11_d_01,Я все ще не відчуваю бажання підкорятися.
loc_broker_male_a__broker_male_a_psyker_bonding_conversation_12_b_01,Добре. Я клюнув. Чому?
loc_broker_male_a__broker_male_a_psyker_bonding_conversation_12_d_01,Я б'юся за свій дім. Нічого дивного в цьому немає.
loc_broker_male_a__broker_male_a_psyker_bonding_conversation_13_a_01,"Тобі хтось казав, що ти божевільний?"
loc_broker_male_a__broker_male_a_psyker_bonding_conversation_13_c_01,"Але ти справді такий? Божевільний, я маю на увазі?"
loc_broker_male_a__broker_male_a_psyker_bonding_conversation_14_a_01,"Я колись знав когось, схожого на тебе."
loc_broker_male_a__broker_male_a_psyker_bonding_conversation_14_c_01,Не зовсім. Вона жила в Потоці. Справжня головорізка. Їла стічних щурів.
loc_broker_male_a__broker_male_a_psyker_bonding_conversation_15_a_01,Переживемо це — Конклав віддячить. Житимемо як королі.
loc_broker_male_a__broker_male_a_psyker_bonding_conversation_15_c_01,Добре. А як хто ТИ б хотів жити?
loc_broker_male_a__broker_male_a_psyker_bonding_conversation_16_b_01,"Ну... Ні. Картелі ж конкурують, чи не так? За ресурси, територію і таке інше."
loc_broker_male_a__broker_male_a_psyker_bonding_conversation_16_d_01,"Це все частина ведення бізнесу, от і все."
loc_broker_male_a__broker_male_a_psyker_bonding_conversation_17_b_01,О? І що ж?
loc_broker_male_a__broker_male_a_psyker_bonding_conversation_17_d_01,"Просто граю тими картами, що мені роздали. Я не можу дозволити собі мораль."
loc_broker_male_a__broker_male_a_psyker_bonding_conversation_18_b_01,Ти про мене говориш?
loc_broker_male_a__broker_male_a_psyker_bonding_conversation_18_d_01,Тобі доведеться стати в чергу.
loc_broker_male_a__broker_male_a_psyker_bonding_conversation_19_a_01,"Гей, ти там у порядку?"
loc_broker_male_a__broker_male_a_psyker_bonding_conversation_19_c_01,Тоді що ти тут робиш?
loc_broker_male_a__broker_male_a_psyker_bonding_conversation_20_a_01,Можеш не стояти так близько. Ти мене нервуєш.
loc_broker_male_a__broker_male_a_psyker_bonding_conversation_20_c_01,Слід із трупів свідчить про інше.
loc_broker_male_a__broker_male_a_psyker_bonding_conversation_21_a_01,Перестань смикатися! Це відволікає!
loc_broker_male_a__broker_male_a_psyker_bonding_conversation_21_c_01,"Якщо воно в тебе стріляє, значить, воно реальне. Стріляй у відповідь!"
loc_broker_male_a__broker_male_a_psyker_bonding_conversation_22_b_01,"Ага. Чим глибше, тим похмуріше."
loc_broker_male_a__broker_male_a_psyker_bonding_conversation_22_d_01,"Перша розумна річ, яку я від тебе почув."
loc_broker_male_a__broker_male_a_psyker_bonding_conversation_23_b_01,Що це?
loc_broker_male_a__broker_male_a_psyker_bonding_conversation_23_d_01,Я більше ніколи не ставитиму тобі запитань.
loc_broker_male_a__broker_male_a_psyker_bonding_conversation_24_b_01,Інакше я б не приніс користі Конклаву.
loc_broker_male_a__broker_male_a_psyker_bonding_conversation_24_d_01,"Я подивлюся, що можна зробити."
loc_broker_male_a__broker_male_a_psyker_bonding_conversation_25_a_01,"Чи не бачив я тебе колись на патрулі, вище по шпилю звідси?"
loc_broker_male_a__broker_male_a_psyker_bonding_conversation_25_c_01,"То мені не варто різати тобі горлянку за те, що ти покидьок-правоохоронець?"
loc_broker_male_a__broker_male_a_psyker_bonding_conversation_26_a_01,Ти серйозний тип.
loc_broker_male_a__broker_male_a_psyker_bonding_conversation_26_c_01,"Це не була скарга, доки ти продовжуєш битися."
loc_broker_male_a__broker_male_a_psyker_bonding_conversation_27_a_01,"Ми з тобою... у нас же не буде проблем, так?"
loc_broker_male_a__broker_male_a_psyker_bonding_conversation_27_c_01,Я вже чув це раніше.
loc_broker_male_a__broker_male_a_psyker_bonding_conversation_28_b_01,"Залежить від злодія, гадаю."
loc_broker_male_a__broker_male_a_psyker_bonding_conversation_28_d_01,"Я не злодій, так? Стрілець, ось хто я."
loc_broker_male_a__broker_male_a_psyker_bonding_conversation_29_b_01,"Та ну? Мабуть, ночей не сплять."
loc_broker_male_a__broker_male_a_psyker_bonding_conversation_29_d_01,Чесність убиває.
loc_broker_male_a__broker_male_a_psyker_bonding_conversation_30_b_01,"Насолоджуйся, поки можеш. Не думаю, що Конклав терпітиме Всевидюче Я, коли це скінчиться."
loc_broker_male_a__broker_male_a_psyker_bonding_conversation_30_d_01,Ага. Буде цікаво.
loc_broker_male_a__broker_male_a_psyker_bonding_conversation_31_a_01,"Я впізнаю твій бойовий стиль. Ти був Магом, чи не так?"
loc_broker_male_a__broker_male_a_psyker_bonding_conversation_31_c_01,Це трохи розчаровує.
loc_broker_male_a__broker_male_a_psyker_bonding_conversation_32_a_01,"Ти холодна, як риба, так?"
loc_broker_male_a__broker_male_a_psyker_bonding_conversation_32_c_01,"Боїшся, що станеться, якщо трохи поживеш?"
loc_broker_male_a__broker_male_a_psyker_bonding_conversation_33_a_01,"Конклаву не сподобається, що я розмовляю з Псайкером."
loc_broker_male_a__broker_male_a_psyker_bonding_conversation_33_c_01,Вони дізнаються. Завжди дізнаються.
loc_broker_male_a__broker_male_a_psyker_bonding_conversation_34_b_01,"Бійка — це спосіб зрозуміти, що ти ще живий."
loc_broker_male_a__broker_male_a_psyker_bonding_conversation_34_d_01,"Можливо, але ти не зможеш шукати, якщо будеш мертвий, чи не так?"
loc_broker_male_a__broker_male_a_psyker_bonding_conversation_35_b_01,Навіщо ти це сказав?
loc_broker_male_a__broker_male_a_psyker_bonding_conversation_35_d_01,"Це не означає, що ти мусиш це говорити."
loc_broker_male_a__broker_male_a_psyker_bonding_conversation_36_b_01,Не треба мене плутати з Гниляками!
loc_broker_male_a__broker_male_a_psyker_bonding_conversation_36_d_01,"Трясця, правда! ... Гей, хвилиночку..."
loc_broker_male_a__broker_male_a_veteran_bonding_conversation_01_a_01,"Тобі треба розслабитися, інакше довго не протягнеш."
loc_broker_male_a__broker_male_a_veteran_bonding_conversation_01_c_01,"Роби, як знаєш... але ти зламаєшся, запам'ятай мої слова."
loc_broker_male_a__broker_male_a_veteran_bonding_conversation_02_a_01,"Ти був би корисніший Конклаву, ніж Гвардії."
loc_broker_male_a__broker_male_a_veteran_bonding_conversation_02_c_01,"Задирай носа, якщо хочеш, але ми не такі вже й різні."
loc_broker_male_a__broker_male_a_veteran_bonding_conversation_03_a_01,"Ти все ще б'єшся, ніби ти в Гвардії."
loc_broker_male_a__broker_male_a_veteran_bonding_conversation_03_c_01,Це не був комплімент. Тут тебе не прикриває взвод.
loc_broker_male_a__broker_male_a_veteran_bonding_conversation_04_b_01,Найкраще — підворітняне навчання.
loc_broker_male_a__broker_male_a_veteran_bonding_conversation_04_d_01,Ага. Десь так і є.
loc_broker_male_a__broker_male_a_veteran_bonding_conversation_05_b_01,"Якби ні, я б давно був мертвий."
loc_broker_male_a__broker_male_a_veteran_bonding_conversation_05_d_01,"Наприклад те, що ми обоє, ймовірно, тут здохнемо."
loc_broker_male_a__broker_male_a_veteran_bonding_conversation_06_b_01,"Я І Є хороший солдат. Просто інша армія, от і все."
loc_broker_male_a__broker_male_a_veteran_bonding_conversation_06_d_01,"Інакше мене б тут не було, так?"
loc_broker_male_a__broker_male_a_veteran_bonding_conversation_13_a_01,"Тож, як ти пішов з Гвардії?"
loc_broker_male_a__broker_male_a_veteran_bonding_conversation_13_c_01,Не зійшлися характерами?
loc_broker_male_a__broker_male_a_veteran_bonding_conversation_14_a_01,Конклаву знадобився б хтось на кшталт тебе.
loc_broker_male_a__broker_male_a_veteran_bonding_conversation_14_c_01,Шкода лише твоєї надмірної скромності.
loc_broker_male_a__broker_male_a_veteran_bonding_conversation_15_a_01,Ти там іще дихаєш?
loc_broker_male_a__broker_male_a_veteran_bonding_conversation_15_c_01,"А ти очікуєш, що будуть?"
loc_broker_male_a__broker_male_a_veteran_bonding_conversation_16_b_01,"Бувало, бавився."
loc_broker_male_a__broker_male_a_veteran_bonding_conversation_16_d_01,"А... то ось воно як, еге?"
loc_broker_male_a__broker_male_a_veteran_bonding_conversation_17_b_01,Далі точно бридкіше.
loc_broker_male_a__broker_male_a_veteran_bonding_conversation_17_d_01,"Світ такий, який він є. Немає сенсу бажати іншого."
loc_broker_male_a__broker_male_a_veteran_bonding_conversation_18_b_01,"Не сприймай це неправильно, але я в цьому сумніваюся."
loc_broker_male_a__broker_male_a_veteran_bonding_conversation_18_d_01,Можеш не сподіватись.
loc_broker_male_a__broker_male_a_veteran_bonding_conversation_19_a_01,Ти справжній маленький маніяк.
loc_broker_male_a__broker_male_a_veteran_bonding_conversation_19_c_01,"Я ніколи не казав, що це погано."
loc_broker_male_a__broker_male_a_veteran_bonding_conversation_20_a_01,"Може, трохи повільніше?"
loc_broker_male_a__broker_male_a_veteran_bonding_conversation_20_c_01,Ми ж маємо працювати командою!
loc_broker_male_a__broker_male_a_veteran_bonding_conversation_21_a_01,"І що ти за солдат був, взагалі?"
loc_broker_male_a__broker_male_a_veteran_bonding_conversation_21_c_01,"Б'юся об заклад, ти не з тих, хто виконує накази."
loc_broker_male_a__broker_male_a_veteran_bonding_conversation_22_b_01,Гучності тобі точно не бракує.
loc_broker_male_a__broker_male_a_veteran_bonding_conversation_22_d_01,Ти розберешся.
loc_broker_male_a__broker_male_a_veteran_bonding_conversation_23_b_01,"Я думав, ТИ будеш більш дисциплінованим."
loc_broker_male_a__broker_male_a_veteran_bonding_conversation_23_d_01,"Очевидно, нічого правдивого."
loc_broker_male_a__broker_male_a_veteran_bonding_conversation_24_b_01,"Може, пригальмуєш?"
loc_broker_male_a__broker_male_a_veteran_bonding_conversation_24_d_01,Тоді хоч довго не чекатиму.
loc_broker_male_a__broker_male_a_veteran_bonding_conversation_25_a_01,"Ти нелюд, знаєш?"
loc_broker_male_a__broker_male_a_veteran_bonding_conversation_25_c_01,Це було «так» чи «ні»?
loc_broker_male_a__broker_male_a_veteran_bonding_conversation_26_a_01,"Я тобі не подобаюся, так?"
loc_broker_male_a__broker_male_a_veteran_bonding_conversation_26_c_01,Це сумний спосіб жити.
loc_broker_male_a__broker_male_a_veteran_bonding_conversation_27_a_01,Ми на одному боці. Запам’ятай це.
loc_broker_male_a__broker_male_a_veteran_bonding_conversation_27_c_01,"Але ж ми б'ємося разом, чи не так?"
loc_broker_male_a__broker_male_a_veteran_bonding_conversation_28_b_01,"Веселий тип, чи не так?"
loc_broker_male_a__broker_male_a_veteran_bonding_conversation_28_d_01,І пишаюся цим!
loc_broker_male_a__broker_male_a_veteran_bonding_conversation_29_b_01,Мені нічого тобі доводити.
loc_broker_male_a__broker_male_a_veteran_bonding_conversation_29_d_01,Непогано.
loc_broker_male_a__broker_male_a_veteran_bonding_conversation_30_b_01,"Гадаю, у тебе не багато друзів."
loc_broker_male_a__broker_male_a_veteran_bonding_conversation_30_d_01,Можеш повторити.
loc_broker_male_a__broker_male_a_zealot_bonding_conversation_01_a_01,"Тебе не ображає, що ти б'єшся пліч-о-пліч зі злочинцем?"
loc_broker_male_a__broker_male_a_zealot_bonding_conversation_01_c_01,"Я бачу, що ми з тобою чудово порозуміємося."
loc_broker_male_a__broker_male_a_zealot_bonding_conversation_02_a_01,"Ти б'єшся, як людина, якій є що доводити!"
loc_broker_male_a__broker_male_a_zealot_bonding_conversation_02_c_01,"Просто будь обережний, коли розмахуєш. Ти вже двічі ледь не влучив у мене."
loc_broker_male_a__broker_male_a_zealot_bonding_conversation_03_a_01,"Ти добре вбиваєш, це я визнаю."
loc_broker_male_a__broker_male_a_zealot_bonding_conversation_03_c_01,Це ти так кажеш. Я розумію лише кожне друге твоє слово.
loc_broker_male_a__broker_male_a_zealot_bonding_conversation_04_b_01,Я б'юся передусім за себе і своїх.
loc_broker_male_a__broker_male_a_zealot_bonding_conversation_04_d_01,"Просто, щоб ми все прояснили."
loc_broker_male_a__broker_male_a_zealot_bonding_conversation_05_b_01,"Ага. Я завжди люблю бачити, куди йду."
loc_broker_male_a__broker_male_a_zealot_bonding_conversation_05_d_01,"І як це допоможе нам бачити, куди йти?"
loc_broker_male_a__broker_male_a_zealot_bonding_conversation_06_b_01,"Гадаю, я б волів дожити, щоб битися іншого дня."
loc_broker_male_a__broker_male_a_zealot_bonding_conversation_06_d_01,Тоді ти не проти йти першим.
loc_broker_male_a__broker_male_a_zealot_bonding_conversation_07_a_01,"Не можна звинуватити тебе в тому, що ти не вкладаєшся в це."
loc_broker_male_a__broker_male_a_zealot_bonding_conversation_07_c_01,Звучить незручно.
loc_broker_male_a__broker_male_a_zealot_bonding_conversation_08_a_01,Не відходь далеко! Там небезпечно!
loc_broker_male_a__broker_male_a_zealot_bonding_conversation_08_c_01,"Тобі не треба мені казати: я бачив, як ти б'єшся."
loc_broker_male_a__broker_male_a_zealot_bonding_conversation_09_a_01,"Тож, як тобі життя Під Шпилями?"
loc_broker_male_a__broker_male_a_zealot_bonding_conversation_09_c_01,Звучить як образа.
loc_broker_male_a__broker_male_a_zealot_bonding_conversation_10_b_01,"Ти не перший, хто так каже."
loc_broker_male_a__broker_male_a_zealot_bonding_conversation_10_d_01,"Ну, оце так поворот."
loc_broker_male_a__broker_male_a_zealot_bonding_conversation_11_b_01,Гей! У мені немає нічого простого.
loc_broker_male_a__broker_male_a_zealot_bonding_conversation_11_d_01,Я знаю собі ціну. В цьому немає нічого поганого.
loc_broker_male_a__broker_male_a_zealot_bonding_conversation_12_b_01,"Ага, але чи будемо ми цілими?"
loc_broker_male_a__broker_male_a_zealot_bonding_conversation_12_d_01,Чарівно.
loc_broker_male_a__broker_male_a_zealot_bonding_conversation_14_a_01,"Єретики сьогодні жваві, так?"
loc_broker_male_a__broker_male_a_zealot_bonding_conversation_14_c_01,"Саме так. Краще взятися до справи, еге?"
loc_broker_male_a__broker_male_a_zealot_bonding_conversation_15_a_01,"Хтось мав би сказати Всевидючому Я, що це довший шлях."
loc_broker_male_a__broker_male_a_zealot_bonding_conversation_15_c_01,"Ага, але вони не для таких, як ти."
loc_broker_male_a__broker_male_a_zealot_bonding_conversation_16_b_01,"Ти б здивувався, скільки вельможних типів мають брудні руки."
loc_broker_male_a__broker_male_a_zealot_bonding_conversation_16_d_01,Ага. Тертіум ніколи не змінюється.
loc_broker_male_a__broker_male_a_zealot_bonding_conversation_17_b_01,"Навіщо? Хто питає? Ти, Інквізиція... чи Щури-поборники?"
loc_broker_male_a__broker_male_a_zealot_bonding_conversation_17_d_01,Цікавість тут дорого коштує.
loc_broker_male_a__broker_male_a_zealot_bonding_conversation_18_b_01,Я бачив тебе за роботою. Для тебе це щоденна справа.
loc_broker_male_a__broker_male_a_zealot_bonding_conversation_18_d_01,І ти добре це робиш.
loc_broker_male_a__broker_male_a_zealot_bonding_conversation_19_a_01,Заспокойся вже! Нас усіх угробиш!
loc_broker_male_a__broker_male_a_zealot_bonding_conversation_19_c_01,"Авжеж, видовище."
loc_broker_male_a__broker_male_a_zealot_bonding_conversation_20_a_01,"А ти дикий, так?"
loc_broker_male_a__broker_male_a_zealot_bonding_conversation_20_c_01,"«Методичний» — ось слово, яке ти шукаєш."
loc_broker_male_a__broker_male_a_zealot_bonding_conversation_21_a_01,Не брехатиму: ти мене нервуєш.
loc_broker_male_a__broker_male_a_zealot_bonding_conversation_21_c_01,"Я так само небайдужий до стукоту серця, як і будь-хто з нас."
loc_broker_male_a__broker_male_a_zealot_bonding_conversation_22_b_01,Тільки коли мені трохи важко заснути.
loc_broker_male_a__broker_male_a_zealot_bonding_conversation_22_d_01,Достатньо для моїх потреб.
loc_broker_male_a__broker_male_a_zealot_bonding_conversation_23_b_01,"Наш? Я думав, він з тобою?"
loc_broker_male_a__broker_male_a_zealot_bonding_conversation_23_d_01,"Радій таємниці, ось моя порада."
loc_broker_male_a__broker_male_a_zealot_bonding_conversation_24_b_01,"Але це так. Від шпиля до глибин, ми підтримуємо роботу всього."
loc_broker_male_a__broker_male_a_zealot_bonding_conversation_24_d_01,Влада ніколи не приходить прямим шляхом.
loc_broker_male_a__broker_male_a_zealot_bonding_conversation_25_a_01,"Це важкий бій. Хтось їм сказав, що ми йдемо."
loc_broker_male_a__broker_male_a_zealot_bonding_conversation_25_c_01,Наче тебе не з тюремного корабля набрали.
loc_broker_male_a__broker_male_a_zealot_bonding_conversation_26_a_01,Можеш не так голосно? У мене вуха розриваються.
loc_broker_male_a__broker_male_a_zealot_bonding_conversation_26_c_01,"Для тебе, може, й так. Для нас решти — це тортури."
loc_broker_male_a__broker_male_a_zealot_bonding_conversation_27_a_01,"Я ненавиджу, коли в мене стріляють."
loc_broker_male_a__broker_male_a_zealot_bonding_conversation_27_c_01,Це не робить їх менш болючими.
loc_broker_male_a__broker_male_a_zealot_bonding_conversation_28_b_01,"Якщо я високо триматиму голову, її відстрілять."
loc_broker_male_a__broker_male_a_zealot_bonding_conversation_28_d_01,Але це триває довше...
loc_broker_male_a__broker_male_a_zealot_bonding_conversation_29_b_01,Я більше хвилююся за Конклав.
loc_broker_male_a__broker_male_a_zealot_bonding_conversation_29_d_01,"Анітрохи... але Конклав, трясця, значно ближче, ніж Терра."
loc_broker_male_a__broker_male_a_zealot_bonding_conversation_30_b_01,Ага. Іноді просто треба брати від життя все.
loc_broker_male_a__broker_male_a_zealot_bonding_conversation_30_d_01,"Ну... Треба або змиритися, або збожеволіти, так?"
loc_broker_male_a__broker_male_a_zealot_bonding_conversation_31_a_01,У цих єретиків немає шансів.
loc_broker_male_a__broker_male_a_zealot_bonding_conversation_31_c_01,"Я радше думав про те, що вони, кляті, цілитися не вміють."
loc_broker_male_a__broker_male_a_zealot_bonding_conversation_32_a_01,"Треба любити те, як швидко ти вв'язуєшся в бійку."
loc_broker_male_a__broker_male_a_zealot_bonding_conversation_32_c_01,Ага. Я бачив той божевільний блиск у твоїх очах.
loc_broker_male_a__broker_male_a_zealot_bonding_conversation_33_a_01,Попереду на нас чекатиме ще більше.
loc_broker_male_a__broker_male_a_zealot_bonding_conversation_33_c_01,Так? Зловиш достатньо куль і зупинишся назавжди.
loc_broker_male_a__broker_male_a_zealot_bonding_conversation_34_b_01,"Так мені казали... але ні, дякую."
loc_broker_male_a__broker_male_a_zealot_bonding_conversation_34_d_01,"Звісно, але я НЕНАВИДЖУ, коли мене повчають священики."
loc_broker_male_a__broker_male_a_zealot_bonding_conversation_35_b_01,"Чому ти подивився на мене, коли це сказав?"
loc_broker_male_a__broker_male_a_zealot_bonding_conversation_35_d_01,"Добре. Ти ж не хочеш, щоб ми посварилися."
loc_broker_male_a__broker_male_a_zealot_bonding_conversation_36_b_01,Не можна просто ходити й усе спалювати.
loc_broker_male_a__broker_male_a_zealot_bonding_conversation_36_d_01,"Як на мене, це більше схоже на манію."
loc_broker_male_a__broker_seen_killstreak_adamant_01,Щур-поборник женеться за підвищенням!
loc_broker_male_a__broker_seen_killstreak_adamant_02,"Ніколи не бачив, щоб Щур-поборник стримувався!"
loc_broker_male_a__broker_seen_killstreak_adamant_03,"Запінився, Арбітраторе?"
loc_broker_male_a__broker_seen_killstreak_adamant_04,Законоголовим завжди легко вбивати!
loc_broker_male_a__broker_seen_killstreak_broker_01,"От так, друже! Розчищай шлях!"
loc_broker_male_a__broker_seen_killstreak_broker_02,"Веселишся там, Корешу?"
loc_broker_male_a__broker_seen_killstreak_broker_03,"Сьогодні ти скажений, Корешу!"
loc_broker_male_a__broker_seen_killstreak_broker_04,"Ей, Корешу! Залиш щось і нам!"
loc_broker_male_a__broker_seen_killstreak_ogryn_01,"Давай, Колодо, мочи їх!"
loc_broker_male_a__broker_seen_killstreak_ogryn_02,Ось чому з огріном не варто сваритися!
loc_broker_male_a__broker_seen_killstreak_ogryn_03,"Красота, Колодо!"
loc_broker_male_a__broker_seen_killstreak_ogryn_04,"Так, Колодо! Ти їх робиш, як треба!"
loc_broker_male_a__broker_seen_killstreak_psyker_01,Ого-го. Дьорґаний вийшов убивати!
loc_broker_male_a__broker_seen_killstreak_psyker_02,"Намагаєшся щось довести, Дьорґаний?"
loc_broker_male_a__broker_seen_killstreak_psyker_03,"Як уже зірвешся, то на повну, е, Псайкере?"
loc_broker_male_a__broker_seen_killstreak_psyker_04,"Добре, що ти на моєму боці, Псайкере!"
loc_broker_male_a__broker_seen_killstreak_veteran_01,"Глянь, як той Рубака розійшовся!"
loc_broker_male_a__broker_seen_killstreak_veteran_02,Вбивця за ім’ям — і вбивця за суттю!
loc_broker_male_a__broker_seen_killstreak_veteran_03,"Оце так, Ветеране! Влаштуй їм пекло!"
loc_broker_male_a__broker_seen_killstreak_veteran_04,"Ти втрачав такий дар у Гвардії, Ветеране!"
loc_broker_male_a__broker_seen_killstreak_zealot_01,ТАК! Язикатий знову почав!
loc_broker_male_a__broker_seen_killstreak_zealot_02,"Глянь, як той Язикатий розійшовся!"
loc_broker_male_a__broker_seen_killstreak_zealot_03,Кращого за Бузувіра для гарної різанини не знайти!
loc_broker_male_a__broker_seen_killstreak_zealot_04,"Ей, Бузувіре! Що в тебе вселилось?"
loc_broker_male_a__broker_start_revive_adamant_01,Оце поворот?
loc_broker_male_a__broker_start_revive_adamant_02,"Мабуть, кипишиш від цього."
loc_broker_male_a__broker_start_revive_adamant_03,То де ж ваш «Закон ніколи не відпочиває»?
loc_broker_male_a__broker_start_revive_adamant_04,Що ми тут маємо?
loc_broker_male_a__broker_start_revive_adamant_05,Кортить лишити тебе внизу.
loc_broker_male_a__broker_start_revive_broker_01,"Підривайся, кореш."
loc_broker_male_a__broker_start_revive_broker_02,Не валяйся там цілий день.
loc_broker_male_a__broker_start_revive_broker_03,Тихо. Спо-кійно... Гарненько тобі прилетіло.
loc_broker_male_a__broker_start_revive_broker_04,"Бій чекає на тебе, дружбане."
loc_broker_male_a__broker_start_revive_broker_05,"Не будеш підводити команду, га?"
loc_broker_male_a__broker_start_revive_ogryn_01,"На ноги, Колодо."
loc_broker_male_a__broker_start_revive_ogryn_02,"Підводься й бийся, Колодо."
loc_broker_male_a__broker_start_revive_ogryn_03,Що це за сидяча робота.. Що ти жер?
loc_broker_male_a__broker_start_revive_ogryn_04,"Здається, щойно чув, як гниляк тебе обзивав."
loc_broker_male_a__broker_start_revive_ogryn_05,"Ще маєш запал, Оґріне?"
loc_broker_male_a__broker_start_revive_psyker_01,"Отримав добряче, га?"
loc_broker_male_a__broker_start_revive_psyker_02,"Схоже, тобі потрібна рука."
loc_broker_male_a__broker_start_revive_psyker_03,"Вставай, Дьорґаний."
loc_broker_male_a__broker_start_revive_psyker_04,"Я не той, хто каже, що Псайкери ледачі, але..."
loc_broker_male_a__broker_start_revive_psyker_05,"Давай, підводься. Мені не завадить будь-яка допомога."
loc_broker_male_a__broker_start_revive_veteran_01,"Спокійно, Рубако. Перепочинь."
loc_broker_male_a__broker_start_revive_veteran_02,"Тримайся, Вбивце. Я, може, й покидьок, але я на твоєму боці."
loc_broker_male_a__broker_start_revive_veteran_03,"Отримав там на горіхи, га?"
loc_broker_male_a__broker_start_revive_veteran_04,"Дивно, як ти ще дихаєш."
loc_broker_male_a__broker_start_revive_veteran_05,"Тримаймося разом, га? Інакше нам кінець."
loc_broker_male_a__broker_start_revive_zealot_01,"Жвавіше, Язикатий. На підлозі від тебе мало толку."
loc_broker_male_a__broker_start_revive_zealot_02,Оце вже ТИ бачив кращі дні.
loc_broker_male_a__broker_start_revive_zealot_03,"Не хотів би, щоб свята Месселіна побачила, як ти здаєшся, еге ж?"
loc_broker_male_a__broker_start_revive_zealot_04,Глянь на себе... прям Кадійська Брама...
loc_broker_male_a__broker_start_revive_zealot_05,"Не схоже, що там зручно..."
loc_broker_male_a__calling_for_help_01,Мені хтось допоможе?
loc_broker_male_a__calling_for_help_02,Мені тут потрібна допомога!
loc_broker_male_a__calling_for_help_03,"Гей, ледарі, сюди!"
loc_broker_male_a__calling_for_help_04,Де моє кляте підкріплення?
loc_broker_male_a__calling_for_help_05,"Підсобіть, а?"
loc_broker_male_a__com_wheel_vo_enemy_over_here_01,Ворог у полі зору!
loc_broker_male_a__com_wheel_vo_enemy_over_here_02,Ворог помічений!
loc_broker_male_a__com_wheel_vo_enemy_over_here_03,Ворог!
loc_broker_male_a__com_wheel_vo_follow_you_01,Прикриваю!
loc_broker_male_a__com_wheel_vo_follow_you_02,Я з тобою!
loc_broker_male_a__com_wheel_vo_follow_you_03,Йду за тобою!
loc_broker_male_a__com_wheel_vo_for_the_emperor_01,За Конклав!
loc_broker_male_a__com_wheel_vo_for_the_emperor_02,За Атому!
loc_broker_male_a__com_wheel_vo_for_the_emperor_03,За волю!
loc_broker_male_a__com_wheel_vo_location_attention_01,Перевірте там!
loc_broker_male_a__com_wheel_vo_location_attention_02,Бачите це?
loc_broker_male_a__com_wheel_vo_location_attention_03,Дивіться туди!
loc_broker_male_a__com_wheel_vo_location_ping_01,Ідіть туди!
loc_broker_male_a__com_wheel_vo_location_ping_02,Йдемо туди!
loc_broker_male_a__com_wheel_vo_location_ping_03,За мною!
loc_broker_male_a__com_wheel_vo_my_pleasure_a_01,Радий був.
loc_broker_male_a__com_wheel_vo_my_pleasure_a_02,Жодних проблем.
loc_broker_male_a__com_wheel_vo_need_ammo_01,Потрібні набої!
loc_broker_male_a__com_wheel_vo_need_ammo_02,"Набої, швидко!"
loc_broker_male_a__com_wheel_vo_need_ammo_03,Мені б трохи набоїв!
loc_broker_male_a__com_wheel_vo_need_health_01,Мені треба зцілитися!
loc_broker_male_a__com_wheel_vo_need_health_02,Мені дуже кепсько!
loc_broker_male_a__com_wheel_vo_need_health_03,Я поранений. Потрібне лікування.
loc_broker_male_a__com_wheel_vo_need_that_01,Це моє!
loc_broker_male_a__com_wheel_vo_need_that_02,Моє!
loc_broker_male_a__com_wheel_vo_need_that_03,Це треба мені!
loc_broker_male_a__com_wheel_vo_no_01,Ні!
loc_broker_male_a__com_wheel_vo_no_02,Ні!
loc_broker_male_a__com_wheel_vo_no_03,Ні!
loc_broker_male_a__com_wheel_vo_take_this_a_01,Беріть це!
loc_broker_male_a__com_wheel_vo_take_this_a_02,Беріть!
loc_broker_male_a__com_wheel_vo_thank_you_01,Дяка.
loc_broker_male_a__com_wheel_vo_thank_you_02,Дякую.
loc_broker_male_a__com_wheel_vo_thank_you_03,Дякую.
loc_broker_male_a__com_wheel_vo_yes_01,Авжеж!
loc_broker_male_a__com_wheel_vo_yes_02,Як скажеш!
loc_broker_male_a__com_wheel_vo_yes_03,Так!
loc_broker_male_a__combat_monster_release_a_01,"[бридливо, болісно] Ніколи... більше..."
loc_broker_male_a__combat_monster_release_a_02,"[З огидою, з болем] Ти бачив... що воно зробило...?"
loc_broker_male_a__combat_monster_release_a_03,"[З огидою, з болем] Занадто гострий для тебе... був, так?"
loc_broker_male_a__combat_pause_limited_adamant_a_02_b_01,Усі так кажуть... доки не почнеться стрілянина.
loc_broker_male_a__combat_pause_limited_adamant_a_05_b_01,Це ж просто легка ранкова прогулянка. Розслабся.
loc_broker_male_a__combat_pause_limited_adamant_a_13_b_01,Щурик говорить про точність? Тепер я чув усе.
loc_broker_male_a__combat_pause_limited_adamant_a_20_b_01,"Ага, але велика вогнева міць допомагає!"
loc_broker_male_a__combat_pause_limited_adamant_b_03_b_01,"Звісно, бісові, що так!"
loc_broker_male_a__combat_pause_limited_adamant_b_05_b_01,Гей! Досить цього «майже»!
loc_broker_male_a__combat_pause_limited_adamant_b_13_b_01,Тоді на твоєму місці я б хвилювався.
loc_broker_male_a__combat_pause_limited_adamant_b_17_b_01,Це не так уже й погано... коли звикаєш.
loc_broker_male_a__combat_pause_limited_adamant_c_04_b_01,"Тут не сперечаюсь, Щур-поборнике!"
loc_broker_male_a__combat_pause_limited_adamant_c_12_b_01,І де тут веселощі?
loc_broker_male_a__combat_pause_limited_adamant_c_16_b_01,"Гей! У нас є порядок, дуже дякую. Він просто відрізняється від вашого, от і все!"
loc_broker_male_a__combat_pause_limited_adamant_c_18_b_01,"Ага... Дякую, але ні."
loc_broker_male_a__combat_pause_limited_broker_a_01_a_01,Треба позбутися цих Гниляків.
loc_broker_male_a__combat_pause_limited_broker_a_01_b_02,"Ага. Назавжди, якщо впораємось."
loc_broker_male_a__combat_pause_limited_broker_a_02_a_01,Це місце вже не те.
loc_broker_male_a__combat_pause_limited_broker_a_02_b_01,"Ти правий. Чим швидше це скінчиться, тим краще."
loc_broker_male_a__combat_pause_limited_broker_a_03_a_01,Гниляки добряче тут нашкодили...
loc_broker_male_a__combat_pause_limited_broker_a_03_b_01,"Ага. Що скажеш, як ми їм теж влаштуємо?"
loc_broker_male_a__combat_pause_limited_broker_a_04_a_01,Тут не небезпечно. Не так як у Глибокому Вулику.
loc_broker_male_a__combat_pause_limited_broker_a_04_b_01,Ага. Від цих секторів у мене мурахи по шкірі.
loc_broker_male_a__combat_pause_limited_broker_a_05_a_01,"Ностальгія. Старі місця, старі пики... старі трупи..."
loc_broker_male_a__combat_pause_limited_broker_a_05_b_01,"Щасливі дні, еге ж? Краще не буває."
loc_broker_male_a__combat_pause_limited_broker_a_06_a_01,"Ніколи не любив Карнавал. Я за тихі рекреаційні заклади десь осторонь, знаєш?"
loc_broker_male_a__combat_pause_limited_broker_a_06_b_01,"Лише тому, що тебе з решти вигнали."
loc_broker_male_a__combat_pause_limited_broker_a_07_a_01,Не в захваті від цієї інквізиційної халепи. Вони всі м’якенькі.
loc_broker_male_a__combat_pause_limited_broker_a_07_b_01,Давай: скажи це Золі. Наважся.
loc_broker_male_a__combat_pause_limited_broker_a_08_a_01,Між нами — я б до цього звик.
loc_broker_male_a__combat_pause_limited_broker_a_08_b_01,"Розумію, про що ти."
loc_broker_male_a__combat_pause_limited_broker_a_09_a_01,Під Шпилями не мало б бути так. Терпіти не можу на це дивитись.
loc_broker_male_a__combat_pause_limited_broker_a_09_b_01,Ага. Чому б гнилякам не взятися за аристократів?
loc_broker_male_a__combat_pause_limited_broker_a_10_a_01,"Ми не такі вже й різні, ти і я."
loc_broker_male_a__combat_pause_limited_broker_a_10_b_01,Ніби дві кулі в одному клятому магазині.
loc_broker_male_a__combat_pause_limited_broker_b_01_b_01,Оце ти вже заговорив моєю мовою.
loc_broker_male_a__combat_pause_limited_broker_b_02_b_01,"Може, так і не буде, га?"
loc_broker_male_a__combat_pause_limited_broker_b_03_b_01,Чую тебе. Для нас обох роботи вистачить.
loc_broker_male_a__combat_pause_limited_broker_b_04_b_01,Хто там розбере під усім цим брудом?
loc_broker_male_a__combat_pause_limited_broker_b_05_b_01,"Гадаю, це твій шанс довести це, так?"
loc_broker_male_a__combat_pause_limited_broker_b_06_b_01,"Привілейована позиція, еге ж? Жодного тиску, щоб робити все як треба."
loc_broker_male_a__combat_pause_limited_broker_b_07_b_01,"Чиста правда. Інакше нас би не випустили, га?"
loc_broker_male_a__combat_pause_limited_broker_b_08_b_01,"Якщо так треба, значить, так треба."
loc_broker_male_a__combat_pause_limited_broker_b_09_b_01,І ми в цьому по самі вуха. Знову.
loc_broker_male_a__combat_pause_limited_broker_b_10_b_01,"Ти просто згусток веселощів, знаєш?"
loc_broker_male_a__combat_pause_limited_broker_c_01_b_01,Та ну? Отакої.
loc_broker_male_a__combat_pause_limited_broker_c_02_b_01,"Ну ми типу, тому і тут. Ти ж знаєш це, вірно?"
loc_broker_male_a__combat_pause_limited_broker_c_03_b_01,"Може, дехто з нас не такий вже й довбаний божевільний?"
loc_broker_male_a__combat_pause_limited_broker_c_04_b_01,"О ні, тільки не знову. Минулого разу ти влаштував справжній безлад."
loc_broker_male_a__combat_pause_limited_broker_c_05_b_01,Не дивно. Забагато зрадників до них приєдналося.
loc_broker_male_a__combat_pause_limited_broker_c_06_b_01,"І, я так думаю, в усьому цьому є щось спільне — ти."
loc_broker_male_a__combat_pause_limited_broker_c_07_b_01,"Мріяв, щоб тебе знову замкнули? Навіть не думай про таке."
loc_broker_male_a__combat_pause_limited_broker_c_08_b_01,"Я намагаюся вибирати. Не хочу скінчити, як ти."
loc_broker_male_a__combat_pause_limited_broker_c_09_b_01,"У більшості з них не вистачить зубів, щоб це спрацювало."
loc_broker_male_a__combat_pause_limited_broker_c_10_b_01,"Ти справді думаєш, що це спрацює? Знову?"
loc_broker_male_a__combat_pause_limited_ogryn_a_06_b_01,Тоді повторюй. Багато разів.
loc_broker_male_a__combat_pause_limited_ogryn_a_12_b_01,"Не думав, що ти сноб, Колодо."
loc_broker_male_a__combat_pause_limited_ogryn_a_15_b_01,"І це, друже, більша частина твоєї проблеми."
loc_broker_male_a__combat_pause_limited_ogryn_a_18_b_01,Та ні. Вони постійно божевільні.
loc_broker_male_a__combat_pause_limited_ogryn_b_08_b_01,"Просто бісове свято життя, Колодо!"
loc_broker_male_a__combat_pause_limited_ogryn_b_15_b_01,Перекинутись слівцем у Конклаві? Увіллєшся як рідний.
loc_broker_male_a__combat_pause_limited_ogryn_b_19_b_01,Тут не посперечаєшся.
loc_broker_male_a__combat_pause_limited_ogryn_c_04_b_01,Хто так не робить — робить неправильно.
loc_broker_male_a__combat_pause_limited_ogryn_c_08_b_01,У мене є деякі ідеї...
loc_broker_male_a__combat_pause_limited_ogryn_c_09_b_01,А ти звідки знаєш?
loc_broker_male_a__combat_pause_limited_ogryn_c_15_b_01,Благослови твою просту душу.
loc_broker_male_a__combat_pause_limited_ogryn_d_06_b_01,"Взагалі-то, так."
loc_broker_male_a__combat_pause_limited_ogryn_d_12_b_01,Ага. Я тобі вірю. Справді.
loc_broker_male_a__combat_pause_limited_ogryn_d_15_b_01,Ти весь якийсь кривий.
loc_broker_male_a__combat_pause_limited_ogryn_d_18_b_01,Сумніваюся. Гниляки все поцупили.
loc_broker_male_a__combat_pause_limited_psyker_a_03_b_01,Завжди можна. Чиста правда.
loc_broker_male_a__combat_pause_limited_psyker_a_05_b_01,"Тоді я — коштовний камінь, еге ж?"
loc_broker_male_a__combat_pause_limited_psyker_a_17_b_01,Це називається «фізичні вправи».
loc_broker_male_a__combat_pause_limited_psyker_a_19_b_01,"Тримайся ближче, песику. Може, дам тобі смаколик."
loc_broker_male_a__combat_pause_limited_psyker_b_03_b_01,Ти знову понісся?
loc_broker_male_a__combat_pause_limited_psyker_b_05_b_01,Може й так статися. Залежить від мого настрою.
loc_broker_male_a__combat_pause_limited_psyker_b_13_b_01,"А я б хотів, щоб ти замовк."
loc_broker_male_a__combat_pause_limited_psyker_b_19_b_01,"Солодунчику, ти тут чудово впишешся."
loc_broker_male_a__combat_pause_limited_psyker_c_05_b_01,"Ну, ось і дізнаємося."
loc_broker_male_a__combat_pause_limited_psyker_c_13_b_01,"Ага, дякую за це, сержанте Веселун."
loc_broker_male_a__combat_pause_limited_psyker_c_19_b_01,"Може, я їх економлю для чогось особливого?"
loc_broker_male_a__combat_pause_limited_veteran_a_03_b_01,Нарешті! Хтось шарить!
loc_broker_male_a__combat_pause_limited_veteran_a_04_b_01,Гей! Це моя фраза!
loc_broker_male_a__combat_pause_limited_veteran_a_11_b_01,Недбалий? Я? Ти смієшся.
loc_broker_male_a__combat_pause_limited_veteran_a_15_b_01,"Спробуй вижити Під Шпилями. Жодної пощади, від слова зовсім."
loc_broker_male_a__combat_pause_limited_veteran_b_03_b_01,Ага. Оце так підняття бойового духу.
loc_broker_male_a__combat_pause_limited_veteran_b_06_b_01,Оце так! Бачиш... ОТ ти мені подобаєшся!
loc_broker_male_a__combat_pause_limited_veteran_b_11_b_01,Гниляки просочуються скрізь.
loc_broker_male_a__combat_pause_limited_veteran_b_15_b_01,"Облиш, га? Це по моїй хаті гупаєш."
loc_broker_male_a__combat_pause_limited_veteran_c_03_b_01,"Я пас, дякую."
loc_broker_male_a__combat_pause_limited_veteran_c_04_b_01,Народжені в Тертіумі міцніші. Це не секрет.
loc_broker_male_a__combat_pause_limited_veteran_c_11_b_01,Тільки спробуй.
loc_broker_male_a__combat_pause_limited_zealot_a_02_b_01,"Але ми можемо почати з убивства плоті й крові, так?"
loc_broker_male_a__combat_pause_limited_zealot_a_13_b_01,Я ЛЮБЛЮ блукати темними місцями.
loc_broker_male_a__combat_pause_limited_zealot_a_17_b_01,Ага. Ти йди першим.
loc_broker_male_a__combat_pause_limited_zealot_a_19_b_01,Як кажеш.
loc_broker_male_a__combat_pause_limited_zealot_b_05_b_01,На той момент мені вже буде байдуже.
loc_broker_male_a__combat_pause_limited_zealot_b_13_b_01,У мене вистачає своїх переконань. І судимостей. Хе.
loc_broker_male_a__combat_pause_limited_zealot_b_17_b_01,"Ти маєш на увазі, що їх прикінчать, так?"
loc_broker_male_a__combat_pause_limited_zealot_c_04_b_01,Та ні. Оця рушниця — моя найкраща зброя.
loc_broker_male_a__combat_pause_limited_zealot_c_12_b_01,Продовжуй тримати мене в курсі.
loc_broker_male_a__combat_pause_limited_zealot_c_16_b_01,То він НАСПРАВДІ нас ненавидить?
loc_broker_male_a__combat_pause_limited_zealot_c_18_b_01,Що ще? Ти знущаєшся.
loc_broker_male_a__combat_pause_one_liner_01,"Встали й пішли: за Конклав, за святу Месселіну і за гарну розвагу!"
loc_broker_male_a__combat_pause_one_liner_02,"Оце життя, га? "
loc_broker_male_a__combat_pause_one_liner_03,"Подивись на мене — «поважний громадянин». Не думав, що доживу."
loc_broker_male_a__combat_pause_one_liner_04,Ніколи під Шпилями так гидко не було.
loc_broker_male_a__combat_pause_one_liner_05,"Схоже, гарний день, щоб заслужити прихильність Конклаву."
loc_broker_male_a__combat_pause_quirk_abhuman_b_01,Питай когось іншого.
loc_broker_male_a__combat_pause_quirk_accuracy_b_01,Ти вбиваєш кайф від УСЬОГО.
loc_broker_male_a__combat_pause_quirk_adamant_a_trait_01_b_01,"Гадаю, залишу це тобі."
loc_broker_male_a__combat_pause_quirk_adamant_a_trait_02_b_01,"Відплата, ось те слово."
loc_broker_male_a__combat_pause_quirk_adamant_a_trait_03_b_01,"Єдина школа, що важить — прямо у м'ясорубці."
loc_broker_male_a__combat_pause_quirk_adamant_a_trait_04_b_01,Тобі буде чим зайнятися.
loc_broker_male_a__combat_pause_quirk_adamant_a_trait_05_b_01,Ми з тобою бачимо досконалість дуже по-різному.
loc_broker_male_a__combat_pause_quirk_adamant_a_trait_06_b_01,"Це, мабуть, я. І що ти з цим зробиш?"
loc_broker_male_a__combat_pause_quirk_adamant_a_trait_07_b_01,Закоханий у себе. Але ви всі такі.
loc_broker_male_a__combat_pause_quirk_adamant_a_trait_08_b_01,Моє серце кров'ю обливається за тебе.
loc_broker_male_a__combat_pause_quirk_adamant_a_trait_09_b_01,"Щасливий на своїй роботі, еге ж?"
loc_broker_male_a__combat_pause_quirk_adamant_a_trait_10_b_01,Ага. Саме це й пішло не так.
loc_broker_male_a__combat_pause_quirk_adamant_b_trait_01_b_01,Небезпека робить усе цікавішим!
loc_broker_male_a__combat_pause_quirk_adamant_b_trait_02_b_01,Тут нема ніяких Законів.
loc_broker_male_a__combat_pause_quirk_adamant_b_trait_03_b_01,Звучить жорстко. А жорстких прикінчують.
loc_broker_male_a__combat_pause_quirk_adamant_b_trait_04_b_01,"Вершки завжди спливають нагору. Я маю на увазі, поглянь на мене!"
loc_broker_male_a__combat_pause_quirk_adamant_b_trait_05_b_01,Командна робота з тобою? Мрій далі.
loc_broker_male_a__combat_pause_quirk_adamant_b_trait_06_b_01,Якби ж тільки зарозумілість була бронею...
loc_broker_male_a__combat_pause_quirk_adamant_b_trait_07_b_01,"А я думав, ми стаємо друзями..."
loc_broker_male_a__combat_pause_quirk_adamant_b_trait_08_b_01,"Не так вже й погано, коли звикнеш."
loc_broker_male_a__combat_pause_quirk_adamant_b_trait_09_b_01,Хочеш удачі? Створи її сам.
loc_broker_male_a__combat_pause_quirk_adamant_b_trait_10_b_01,"Веселіше! Може, й не станеться!"
loc_broker_male_a__combat_pause_quirk_adamant_c_trait_01_b_01,"Командний гравець, це точно про тебе."
loc_broker_male_a__combat_pause_quirk_adamant_c_trait_02_b_01,Якраз збирався сказати тобі те саме.
loc_broker_male_a__combat_pause_quirk_adamant_c_trait_03_b_01,"Дякую, але я пас."
loc_broker_male_a__combat_pause_quirk_adamant_c_trait_04_b_01,"Я служу Конклаву, а не твоєму Закону."
loc_broker_male_a__combat_pause_quirk_adamant_c_trait_05_b_01,"Веселун, еге ж?"
loc_broker_male_a__combat_pause_quirk_adamant_c_trait_06_b_01,Це пояснює твій чарівний характер.
loc_broker_male_a__combat_pause_quirk_adamant_c_trait_07_b_01,Це погроза?
loc_broker_male_a__combat_pause_quirk_adamant_c_trait_08_b_01,Мені набридло слухати про Закон.
loc_broker_male_a__combat_pause_quirk_adamant_c_trait_09_b_01,Хоч раз ми зійшлися в думках.
loc_broker_male_a__combat_pause_quirk_adamant_c_trait_10_b_01,Ти мені ТЕЖ не подобаєшся.
loc_broker_male_a__combat_pause_quirk_ammo_b_01,"Так, винна зброя. Авжеж."
loc_broker_male_a__combat_pause_quirk_ammo_hog_a_01,Ей! Не цупить усі набої!
loc_broker_male_a__combat_pause_quirk_ammo_hog_b_01,Хто знайшов — той і взяв. 
loc_broker_male_a__combat_pause_quirk_anger_b_01,Лише щоб зганяв усе на гниляках — і ми квити.
loc_broker_male_a__combat_pause_quirk_bad_feeling_b_01,Нема сенсу скиглити. Просто бийся.
loc_broker_male_a__combat_pause_quirk_bone_ead_b_01,"І так норм, Колодо."
loc_broker_male_a__combat_pause_quirk_bored_b_01,"О, це ще не кінець!"
loc_broker_male_a__combat_pause_quirk_broker_a_trait_01_a_01,Бачив краєвид із Зорі?
loc_broker_male_a__combat_pause_quirk_broker_a_trait_01_b_01,Ага. Ніколи раніше не бачив Атому такою.
loc_broker_male_a__combat_pause_quirk_broker_a_trait_02_a_01,"Щур-поборники погані для бізнесу, але гниляки — гірше."
loc_broker_male_a__combat_pause_quirk_broker_a_trait_02_b_01,"Правда, трясця йому."
loc_broker_male_a__combat_pause_quirk_broker_a_trait_03_a_01,"Спершу приберемо гниляків, потім заберемо своє."
loc_broker_male_a__combat_pause_quirk_broker_a_trait_03_b_01,"Ага, такий план."
loc_broker_male_a__combat_pause_quirk_broker_a_trait_04_a_01,Я підіймаюсь. Конклав мене любить.
loc_broker_male_a__combat_pause_quirk_broker_a_trait_04_b_01,Ага... Поки не перестануть.
loc_broker_male_a__combat_pause_quirk_broker_a_trait_05_a_01,В мене попереду великі справи. І в тебе — якщо вправно граєш картами.
loc_broker_male_a__combat_pause_quirk_broker_a_trait_05_b_01,Я в ділі.
loc_broker_male_a__combat_pause_quirk_broker_a_trait_06_a_01,Ненавиджу це. Хочу щоб Тертіум став таким як був колись.
loc_broker_male_a__combat_pause_quirk_broker_a_trait_06_b_01,"Ага, тому ми тут."
loc_broker_male_a__combat_pause_quirk_broker_a_trait_07_a_01,Знову тут — добре. Терпіти не можу те корито.
loc_broker_male_a__combat_pause_quirk_broker_a_trait_07_b_01,Ага. Дайте мені твердий ґрунт під ногами — і досить.
loc_broker_male_a__combat_pause_quirk_broker_a_trait_08_a_01,"Довіряй Конклаву. Вони знають, що до чого."
loc_broker_male_a__combat_pause_quirk_broker_a_trait_08_b_01,"Ага. Не те що аристократи. Покидьки, до останнього."
loc_broker_male_a__combat_pause_quirk_broker_a_trait_09_a_01,"Морроу — свій, так то. По очах видно."
loc_broker_male_a__combat_pause_quirk_broker_a_trait_09_b_01,Ми всі піхота. Інша форма цього не змінить.
loc_broker_male_a__combat_pause_quirk_broker_a_trait_10_a_01,От лайно. Роками розгрібати.
loc_broker_male_a__combat_pause_quirk_broker_a_trait_10_b_01,"Ага, але так воно і буває."
loc_broker_male_a__combat_pause_quirk_broker_b_trait_01_b_01,"Тоді нам просто доведеться їх ВИкинути, чи не так?"
loc_broker_male_a__combat_pause_quirk_broker_b_trait_02_b_01,"Ага? Не думав, що ти підлиза."
loc_broker_male_a__combat_pause_quirk_broker_b_trait_03_b_01,Дякую. З твоїх вуст це щось таки значить.
loc_broker_male_a__combat_pause_quirk_broker_b_trait_04_b_01,"Завжди так. Не чекай, що вони нам щось розкажуть."
loc_broker_male_a__combat_pause_quirk_broker_b_trait_05_b_01,І що? Я не боюся.
loc_broker_male_a__combat_pause_quirk_broker_b_trait_06_b_01,Ага. Там унизу справжня м'ясорубка.
loc_broker_male_a__combat_pause_quirk_broker_b_trait_07_b_01,"Це завжди була спірна територія. Рейлери, Водний Картель, Мертвобічники... усі хотіли свій шматок."
loc_broker_male_a__combat_pause_quirk_broker_b_trait_08_b_01,"Ха. Єдина вірність, яку ти знаєш, це «дзень»."
loc_broker_male_a__combat_pause_quirk_broker_b_trait_09_b_01,"Ти добрий, так. А найкращий? Побачимо."
loc_broker_male_a__combat_pause_quirk_broker_b_trait_10_b_01,Покинеш Великий Ті — і ти труп.
loc_broker_male_a__combat_pause_quirk_broker_c_trait_01_b_01,"Це бізнес, а не розвага."
loc_broker_male_a__combat_pause_quirk_broker_c_trait_02_b_01,Тоді краще прикінчити їх усіх.
loc_broker_male_a__combat_pause_quirk_broker_c_trait_03_b_01,"Мені не подобається, ясно? Чим швидше це скінчиться, тим краще."
loc_broker_male_a__combat_pause_quirk_broker_c_trait_04_b_01,"Свята Месселіно, тільки не знову..."
loc_broker_male_a__combat_pause_quirk_broker_c_trait_05_b_01,"Ага. Думаю, це нервує Конклав."
loc_broker_male_a__combat_pause_quirk_broker_c_trait_06_b_01,Якщо по-чесному — це не ввійшло б у мій топ-10.
loc_broker_male_a__combat_pause_quirk_broker_c_trait_07_b_01,"Не завадило б трохи тиші, якщо ти розумієш, про що я?"
loc_broker_male_a__combat_pause_quirk_broker_c_trait_08_b_01,"Тут не місце для мистецтва. Війна — це машина, і її треба годувати."
loc_broker_male_a__combat_pause_quirk_broker_c_trait_09_b_01,"Гадаю, це означає, що ми робимо щось правильно?"
loc_broker_male_a__combat_pause_quirk_broker_c_trait_10_b_01,Припиняй! Немає сенсу накликати ще більше лиха.
loc_broker_male_a__combat_pause_quirk_bullets_tickle_b_01,Та ну? Ну й добре.
loc_broker_male_a__combat_pause_quirk_cheerful_b_01,Ще трохи — і стане бридко.
loc_broker_male_a__combat_pause_quirk_club_thump_b_01,"Любиш ближній контакт, так?"
loc_broker_male_a__combat_pause_quirk_cold_b_01,Мені норм.
loc_broker_male_a__combat_pause_quirk_competence_b_01,То все тренування даються взнаки.
loc_broker_male_a__combat_pause_quirk_concerning_enforcers_b_01,"Е-е... Ага, гаразд."
loc_broker_male_a__combat_pause_quirk_dead_already_b_01,Ото вже «надихнув».
loc_broker_male_a__combat_pause_quirk_dead_b_01,"Може, вбити їх ще раз?"
loc_broker_male_a__combat_pause_quirk_deddog_b_01,Не чув про такого.
loc_broker_male_a__combat_pause_quirk_defend_b_01,Тут усі ризикуємо.
loc_broker_male_a__combat_pause_quirk_desert_b_01,Якщо стане нудно — будь ласка.
loc_broker_male_a__combat_pause_quirk_disappointment_b_01,Не важить. Конклав усе «виправить».
loc_broker_male_a__combat_pause_quirk_discipline_b_01,"Ага. Як скажеш, Рубако."
loc_broker_male_a__combat_pause_quirk_dislikes_grenades_b_01,Вибухів забагато не буває!
loc_broker_male_a__combat_pause_quirk_doomed_b_01,Завжди всіх «веселиш»...
loc_broker_male_a__combat_pause_quirk_dream_b_01,Навіщо шукати біду? Її й так повно.
loc_broker_male_a__combat_pause_quirk_drink_b_01,"Вибач, допив останнє під час висадки."
loc_broker_male_a__combat_pause_quirk_emperor_b_01,"Повірю, коли побачу."
loc_broker_male_a__combat_pause_quirk_end_b_01,Тільки зараза спробуй!
loc_broker_male_a__combat_pause_quirk_endless_b_01,Тепер гниляки скрізь. От у чому проблема.
loc_broker_male_a__combat_pause_quirk_endless_war_b_01,Все одно не хочу нудьгувати.
loc_broker_male_a__combat_pause_quirk_expendable_b_01,"Еге, та нічого нового."
loc_broker_male_a__combat_pause_quirk_feet_b_01,Справді? В мене так само.
loc_broker_male_a__combat_pause_quirk_flame_b_01,"Щоправда... трошки без розбору, га?"
loc_broker_male_a__combat_pause_quirk_forgetful_b_01,"Вбивати, а там, мабуть, і здохнути."
loc_broker_male_a__combat_pause_quirk_fractal_b_01,Настрій ти мені не піднімаєш...
loc_broker_male_a__combat_pause_quirk_friends_b_01,Дружба трущоб! Нічого кращого!
loc_broker_male_a__combat_pause_quirk_glutton_b_01,Ненажери не перебірливі.
loc_broker_male_a__combat_pause_quirk_hates_goo_b_01,"Звинувачуй гниляків, Колодо."
loc_broker_male_a__combat_pause_quirk_hates_poxwalkers_b_01,"Здається, я деяких колись знав. Неправильно це."
loc_broker_male_a__combat_pause_quirk_health_hog_a_01,Ей! Залиш трохи ліків і нам!
loc_broker_male_a__combat_pause_quirk_health_hog_b_01,Мені це було потрібно. Дійшло?
loc_broker_male_a__combat_pause_quirk_heights_b_01,Не бійся висоти. Бійся падіння.
loc_broker_male_a__combat_pause_quirk_homesick_b_01,Тепер Тертіум — твій дім.
loc_broker_male_a__combat_pause_quirk_hymnal_b_01,"Не певен, що зараз час."
loc_broker_male_a__combat_pause_quirk_impatient_b_01,"Рознюнілись через своїх мертвих дружків, мабуть."
loc_broker_male_a__combat_pause_quirk_killing_stopped_b_01,"Не переймайся, вони ще десь тут..."
loc_broker_male_a__combat_pause_quirk_leader_b_01,Лише б не довелося іти за кимось.
loc_broker_male_a__combat_pause_quirk_local_knowledge_b_01,То все верхньошпильні заморочки. Спробуй пожити тут унизу.
loc_broker_male_a__combat_pause_quirk_lonely_b_01,"Не знаю, що на це сказати."
loc_broker_male_a__combat_pause_quirk_merciless_b_01,Тут не посперечаєшся!
loc_broker_male_a__combat_pause_quirk_messelina_b_01,"Еге, без Месселіни не було б Тертіума."
loc_broker_male_a__combat_pause_quirk_nicer_b_01,Хочеш довіри? Зароби.
loc_broker_male_a__combat_pause_quirk_nostalgia_b_01,Місто й не таке бачило. Вистоїть.
loc_broker_male_a__combat_pause_quirk_ogryn_a_bigger_gun_b_01,"Пора навчитися цілитись, Колодо."
loc_broker_male_a__combat_pause_quirk_ogryn_a_elevator_b_01,Але ж ліфт он тут...
loc_broker_male_a__combat_pause_quirk_ogryn_d_authority_b_01,"А ти в порядку, знаєш?"
loc_broker_male_a__combat_pause_quirk_ogryn_d_boss_b_01,Найкраща бісова штурмова група!
loc_broker_male_a__combat_pause_quirk_ogryn_d_chatty_b_01,"Добре, добре. Ти бос."
loc_broker_male_a__combat_pause_quirk_ogryn_d_crowds_b_01,"Ага. Приємно відірватися, чи не так?"
loc_broker_male_a__combat_pause_quirk_ogryn_d_kill_quick_b_01,"А я, по-твоєму, що роблю?"
loc_broker_male_a__combat_pause_quirk_ogryn_d_long_way_b_01,"Як у старі добрі часи, коли тікав від правоохоронців."
loc_broker_male_a__combat_pause_quirk_ogryn_d_rannick_b_01,Він уб'є нас раніше за гниляків.
loc_broker_male_a__combat_pause_quirk_ogryn_d_rebuild_b_01,Конклав усе владнає. Побачиш.
loc_broker_male_a__combat_pause_quirk_pilgrimage_b_01,Ага. Оце мене підсуває ближче до Конклаву.
loc_broker_male_a__combat_pause_quirk_pray_with_me_b_01,Не зовсім моє.
loc_broker_male_a__combat_pause_quirk_prayer_b_01,Давай обійдемось тишею.
loc_broker_male_a__combat_pause_quirk_puny_b_01,"У тебе м'язи, у мене мізки."
loc_broker_male_a__combat_pause_quirk_rations_b_01,"Видно, що ти не місцевий."
loc_broker_male_a__combat_pause_quirk_reads_thoughts_b_01,"Ще й не таке почуєш, поки закінчимо."
loc_broker_male_a__combat_pause_quirk_respect_b_01,Тільки не мене Колодо. Немене.
loc_broker_male_a__combat_pause_quirk_restore_b_01,Можеш розраховувати на це.
loc_broker_male_a__combat_pause_quirk_shore_leave_b_01,"Якщо так, знаю місце..."
loc_broker_male_a__combat_pause_quirk_sing_b_01,"Ні, дякую. Я чув, як ти співаєш."
loc_broker_male_a__combat_pause_quirk_sleepy_b_01,"Ще трохи, Колодо. Обіцяю."
loc_broker_male_a__combat_pause_quirk_sniper_b_01,"І весь кайф нанівець, га?"
loc_broker_male_a__combat_pause_quirk_speed_b_01,Я прямо за тобою!
loc_broker_male_a__combat_pause_quirk_stealth_b_01,Я не проти спробувати.
loc_broker_male_a__combat_pause_quirk_stench_b_01,Тут унизу всі тхнемо. Ти не кращий.
loc_broker_male_a__combat_pause_quirk_tank_b_01,Лише робить із тебе більшу мішень.
loc_broker_male_a__combat_pause_quirk_tertium_splendour_b_01,"Нема кращого місця, ніж Під Шпилями!"
loc_broker_male_a__combat_pause_quirk_togetherness_b_01,"Стараюсь, але ти не полегшуєш."
loc_broker_male_a__combat_pause_quirk_traitor_b_01,"Ага, не в'їхав."
loc_broker_male_a__combat_pause_quirk_trial_b_01,Справедливих судів не буває.
loc_broker_male_a__combat_pause_quirk_trinket_b_01,Якщо я отримаю свою частку — без питань.
loc_broker_male_a__combat_pause_quirk_trust_b_01,"Або довіряєш команді, або в тебе нічого нема."
loc_broker_male_a__combat_pause_quirk_turncoat_b_01,Із тобою — суцільне «задоволення».
loc_broker_male_a__combat_pause_quirk_veteran_a_professional_b_01,СПРАВЖНІ солдати воюють на війні. Не... оце все.
loc_broker_male_a__combat_pause_quirk_victory_b_01,"Правда, трясця йому! "
loc_broker_male_a__combat_pause_quirk_weapons_b_01,Оце — наша «улюблена» зношеність.
loc_broker_male_a__combat_pause_quirk_your_sins_b_01,Ха! Скільки в тебе часу?
loc_broker_male_a__combat_pause_quirk_zealot_a_emperor_b_01,"Сподіваюсь, Він не єдиний клятий такий."
loc_broker_male_a__combat_pause_quirk_zealot_a_wounded_b_01,Мерзенний звук. Припини!
loc_broker_male_a__come_back_to_squad_01,Тягни свій труп сюди!
loc_broker_male_a__come_back_to_squad_02,Що таке? Ми не достатньо хороші?
loc_broker_male_a__come_back_to_squad_03,"Блукай, як хочеш. Твоя ж похоронка."
loc_broker_male_a__come_back_to_squad_04,"Куди преш, дурнику?"
loc_broker_male_a__come_back_to_squad_05,Що ти там робиш?
loc_broker_male_a__conversation_beast_of_nurgle_weakpoint_a_01,"Ого, який М’ясний мішок! І ще й міцний!"
loc_broker_male_a__conversation_beast_of_nurgle_weakpoint_a_02,"Здоровенна тварюка, без базару!"
loc_broker_male_a__conversation_beast_of_nurgle_weakpoint_b_01,Бий у спину — там воно слабше!
loc_broker_male_a__conversation_beast_of_nurgle_weakpoint_b_02,"Ага, але ззаду воно слабке! Бий туди!"
loc_broker_male_a__conversation_beast_of_nurgle_weakpoint_c_01,Не відпускай! Звідси не відкараскаєшся!
loc_broker_male_a__conversation_beast_of_nurgle_weakpoint_c_02,"Тримаймось разом, народ! Так і беремо верх!"
loc_broker_male_a__conversation_combat_beast_of_nurgle_swallow_a_01,Воно щойно... проковтнуло їх?
loc_broker_male_a__conversation_combat_beast_of_nurgle_swallow_a_02,Звірюка знайшла собі легкий перекус!
loc_broker_male_a__conversation_combat_beast_of_nurgle_swallow_b_01,"Краще вони, ніж я!"
loc_broker_male_a__conversation_combat_beast_of_nurgle_swallow_b_02,Лише б не я був там!
loc_broker_male_a__conversation_combat_beast_of_nurgle_swallow_c_01,"Чим швидше ми його завалимо, тим швидше їх звільнимо!"
loc_broker_male_a__conversation_combat_beast_of_nurgle_swallow_c_02,"Паскудна тварюка, еге ж?"
loc_broker_male_a__conversation_combat_chaos_spawn_a_01,Наближається злюка!
loc_broker_male_a__conversation_combat_chaos_spawn_a_02,З оцим жартики не пройдуть.
loc_broker_male_a__conversation_combat_chaos_spawn_b_01,Давайте! Воно всіх не ухопить!
loc_broker_male_a__conversation_combat_chaos_spawn_b_02,"Стікає кров'ю, отже, може здохнути!"
loc_broker_male_a__conversation_combat_chaos_spawn_c_01,Так! Менше ниття. Більше різанини!
loc_broker_male_a__conversation_combat_chaos_spawn_c_02,"Ми це переживемо, не хвилюйтесь!"
loc_broker_male_a__conversation_combat_chaos_spawn_chew_a_01,"[болісно, борсається] Зніміть... це... з мене!"
loc_broker_male_a__conversation_combat_chaos_spawn_chew_a_02,"[З болем, борючись] Я не чиясь пожива!"
loc_broker_male_a__conversation_combat_chaos_spawn_chew_b_01,Мочіть того М'ясного мішка! Зараз же!
loc_broker_male_a__conversation_combat_chaos_spawn_chew_b_02,Тримайся! Ми влаштуємо йому біль у животі!
loc_broker_male_a__conversation_combat_chaos_spawn_chew_c_01,"Ей, потворо! Пусти їх!"
loc_broker_male_a__conversation_combat_chaos_spawn_chew_c_02,Вогонь! Влаштуйте йому салют від Конклаву!
loc_broker_male_a__conversation_plague_ogryn_weakpoint_01_01,Це падло не хоче здихати!
loc_broker_male_a__conversation_plague_ogryn_weakpoint_01_02,Гей! Потворо! Чого ти просто не здохнеш?
loc_broker_male_a__conversation_plague_ogryn_weakpoint_02_01,Ціль у кумпол! Безпрограшно!
loc_broker_male_a__conversation_plague_ogryn_weakpoint_02_02,"Заряд по кумполу! Те, що треба!"
loc_broker_male_a__conversation_plague_ogryn_weakpoint_03_01,"Мені подобається твій підхід, друже!"
loc_broker_male_a__conversation_plague_ogryn_weakpoint_03_02,Оце так! Засипай йому в морду!
loc_broker_male_a__cover_me_01,Гей! Друзі! Прикрийте мене!
loc_broker_male_a__cover_me_02,"Гей, банда! Потрібне прикриття!"
loc_broker_male_a__cover_me_03,Мені потрібне вогневе прикриття!
loc_broker_male_a__cover_me_04,Де моє прикриття?!
loc_broker_male_a__cover_me_05,"Ви прикриватимете, чи як?"
loc_broker_male_a__critical_health_01,[З болем] Добряче мені дісталось...
loc_broker_male_a__critical_health_02,[З болем] Гидкі Гнильці...
loc_broker_male_a__critical_health_03,[З болем] Забагато крові...
loc_broker_male_a__critical_health_04,[З болем. Сам до себе] Стисни зуби. Перетерпи...
loc_broker_male_a__critical_health_05,"[З болем] День паршивий, друзі..."
loc_broker_male_a__disabled_by_chaos_hound_01,Вбийте цього клятого Гончака!
loc_broker_male_a__disabled_by_chaos_hound_02,Зніміть цю Гончу з мене!
loc_broker_male_a__disabled_by_chaos_hound_03,Ця тварюка СМЕРДИТЬ!
loc_broker_male_a__disabled_by_chaos_hound_04,Злізь... Гончак!
loc_broker_male_a__disabled_by_chaos_hound_05,"Хтось, придушіть цього Гончака!"
loc_broker_male_a__disabled_by_enemy_01,Потрібна рука допомоги!
loc_broker_male_a__disabled_by_enemy_02,Сам не виберусь!
loc_broker_male_a__disabled_by_enemy_03,Мені потрібна клята допомога!
loc_broker_male_a__disabled_by_enemy_04,Допоможіть мені!
loc_broker_male_a__disabled_by_enemy_05,Підійміть мене! У мене ще стільки вбивств попереду!
loc_broker_male_a__enemy_kill_berserker_01,Берсерка прикінчили!
loc_broker_male_a__enemy_kill_berserker_02,"На добраніч, Берсерку!"
loc_broker_male_a__enemy_kill_berserker_03,Берсерку хана!
loc_broker_male_a__enemy_kill_berserker_04,"Ага, не так уже й важко!"
loc_broker_male_a__enemy_kill_berserker_05,"Тихіше там! ... О, уже затих."
loc_broker_male_a__enemy_kill_chaos_hound_01,Гонча все!
loc_broker_male_a__enemy_kill_chaos_hound_02,Чумній Гончій — кінець!
loc_broker_male_a__enemy_kill_chaos_hound_03,Прибив шавку!
loc_broker_male_a__enemy_kill_chaos_hound_04,Одну Гончу прибрали!
loc_broker_male_a__enemy_kill_chaos_hound_05,Гонча мертва!
loc_broker_male_a__enemy_kill_daemonhost_01,[Глибоке зітхнення полегшення] І Демононосія придушили...
loc_broker_male_a__enemy_kill_daemonhost_02,[Глибоке зітхнення  полегшення] Ми справді завалили цю кляту тварюку?
loc_broker_male_a__enemy_kill_daemonhost_03,"[Глибоке зітхнення полегшення] Ну, буде що розповісти..."
loc_broker_male_a__enemy_kill_grenadier_01,Бомбера прибили!
loc_broker_male_a__enemy_kill_grenadier_02,Бомб більше не буде!
loc_broker_male_a__enemy_kill_grenadier_03,"На добраніч, Бомбере!"
loc_broker_male_a__enemy_kill_grenadier_04,Бомбер мертвий. Люблю таке!
loc_broker_male_a__enemy_kill_grenadier_05,Бомбер здох!
loc_broker_male_a__enemy_kill_houndmaster_a_01,Ватажка Зграї прибрали!
loc_broker_male_a__enemy_kill_houndmaster_a_02,Ми прибрали Ватажка Зграї!
loc_broker_male_a__enemy_kill_houndmaster_a_03,"Ага, Ватажку Зграї кінець!"
loc_broker_male_a__enemy_kill_houndmaster_a_04,Ватажок Зграї капут. Ха!
loc_broker_male_a__enemy_kill_houndmaster_a_05,Босу Собак кінець!
loc_broker_male_a__enemy_kill_monster_01,Ага! Великого завалили!
loc_broker_male_a__enemy_kill_monster_02,Воно здохло. Я — ні. Люблю таке.
loc_broker_male_a__enemy_kill_monster_03,Тому здоровенному виродку нарешті кінець!
loc_broker_male_a__enemy_kill_monster_04,Оце була справжня командна робота.
loc_broker_male_a__enemy_kill_monster_05,"Воно здохло? Значить, нам пощастило."
loc_broker_male_a__enemy_kill_mutant_charger_01,Мутня прикінчили!
loc_broker_male_a__enemy_kill_mutant_charger_02,Мутень мертвий!
loc_broker_male_a__enemy_kill_mutant_charger_03,Хороша Мутень — мертва Мутень. Те саме.
loc_broker_male_a__enemy_kill_mutant_charger_04,"Та Мутень мертвим ще гидкіший, ніж живим!"
loc_broker_male_a__enemy_kill_mutant_charger_05,"На добраніч, Мутяко!"
loc_broker_male_a__enemy_kill_netgunner_01,Ловця прибили!
loc_broker_male_a__enemy_kill_netgunner_02,Ловцю кришка!
loc_broker_male_a__enemy_kill_netgunner_03,Ловець не злиняв!
loc_broker_male_a__enemy_kill_netgunner_04,"Все, Ловцю, більше не побігаєш!"
loc_broker_male_a__enemy_kill_netgunner_05,Ловця взяли? Чудово.
loc_broker_male_a__enemy_kill_poxwalker_bomber_01,Вибухач розірвало на шмаття!
loc_broker_male_a__enemy_kill_poxwalker_bomber_02,Паскуда. І мертва.
loc_broker_male_a__enemy_kill_poxwalker_bomber_03,Вибухач прикінчили!
loc_broker_male_a__enemy_kill_poxwalker_bomber_04,Усюди шмаття!
loc_broker_male_a__enemy_kill_poxwalker_bomber_05,Чумовибухач все!
loc_broker_male_a__enemy_kill_scab_flamer_a_01,"На добраніч, Палію!"
loc_broker_male_a__enemy_kill_scab_flamer_a_02,Палій кінець!
loc_broker_male_a__enemy_kill_scab_flamer_a_03,Скаб-Палій мінус!
loc_broker_male_a__enemy_kill_scab_flamer_a_04,"Уже не такий гарячий, га, Гнильцю?"
loc_broker_male_a__enemy_kill_scab_flamer_a_05,Гасимо вогні! Скаб-Палій повалений!
loc_broker_male_a__enemy_kill_sniper_01,Снайпер мертвий!
loc_broker_male_a__enemy_kill_sniper_02,Нема більше Снайпера!
loc_broker_male_a__enemy_kill_sniper_03,Дістав Снайпера!
loc_broker_male_a__enemy_kill_sniper_04,Снайпер здох!
loc_broker_male_a__enemy_kill_sniper_05,Жаль доброго ствола!
loc_broker_male_a__enemy_near_death_monster_01,Слабшає!
loc_broker_male_a__enemy_near_death_monster_02,Тому виродку недовго лишилося!
loc_broker_male_a__enemy_near_death_monster_03,"Шкода, що вже майже сконало!"
loc_broker_male_a__enemy_near_death_monster_04,"Чим більший гниляк, тим більша шляпа, коли здихає!"
loc_broker_male_a__enemy_near_death_monster_05,"Давай! Це все, на що здатен?"
loc_broker_male_a__event_demolition_first_corruptor_destroyed_a_01,"Бачив, як воно луснуло? Не сподобалось, га?"
loc_broker_male_a__event_demolition_first_corruptor_destroyed_a_02,"Гидота! Добре, що здохло!"
loc_broker_male_a__event_demolition_first_corruptor_destroyed_a_03,От то луснуло як слід!
loc_broker_male_a__event_fortification_beacon_deployed_01,Маяк увімкнено. Тримайте позиції!
loc_broker_male_a__event_fortification_beacon_deployed_02,"Маяк горить. Сподіваюсь, нас бачать!"
loc_broker_male_a__event_fortification_skyfire_disabled_01,ППО вимкнуто!
loc_broker_male_a__event_fortification_skyfire_disabled_02,Небо чисте. Будь ласка!
loc_broker_male_a__event_kill_target_damaged_01,Йому боляче!... Здається.
loc_broker_male_a__event_kill_target_damaged_02,"Здається, я бачив, як воно здригнулось!"
loc_broker_male_a__event_kill_target_destroyed_a_01,"Не таке вже й міцне, га?"
loc_broker_male_a__event_kill_target_destroyed_a_02,"Багато патякало, а толку нуль."
loc_broker_male_a__event_kill_target_heavy_damage_a_01,"Ага, тепер їм боляче!"
loc_broker_male_a__event_kill_target_heavy_damage_a_02,Ще трішки! 
loc_broker_male_a__event_scan_first_target_scanned_01,Скан готовий. Далі що?
loc_broker_male_a__event_scan_first_target_scanned_02,Чудово! Перший скан готовий!
loc_broker_male_a__event_survive_almost_done_01,"Давайте, гниляки! На всіх вистачить!"
loc_broker_male_a__event_survive_almost_done_02,Кінця-краю їм нема... і МЕНІ ЦЕ ПОДОБАЄТЬСЯ!
loc_broker_male_a__event_survive_keep_coming_a_01,І це вони звуть роботою! Я б і задарма робив!
loc_broker_male_a__event_survive_keep_coming_a_02,"Бийтесь по-справжньому, братва!"
loc_broker_male_a__expeditions_call_extraction_a_01,"Думаю, час іти, як вважаєте?"
loc_broker_male_a__expeditions_call_extraction_a_02,Витягнете нас звідси?
loc_broker_male_a__expeditions_call_extraction_a_03,"Гей! Заберіть нас звідси, га?"
loc_broker_male_a__expeditions_sentry_gun_activated_a_01,Потрібна Турель.
loc_broker_male_a__expeditions_sentry_gun_activated_a_02,"Турель? Ага, саме час."
loc_broker_male_a__expeditions_sentry_gun_activated_a_03,Турель активована!
loc_broker_male_a__expeditions_sentry_gun_deactivated_a_02,Турелі кінець.
loc_broker_male_a__expeditions_sentry_gun_deactivated_a_03,Турель вибула.
loc_broker_male_a__found_ammo_adamant_low_on_ammo_01,"Тут набої, Щур-поборник!"
loc_broker_male_a__found_ammo_adamant_low_on_ammo_02,"Хочеш ці набої, Щур-поборнике?"
loc_broker_male_a__found_ammo_adamant_low_on_ammo_03,"Набої тут, Щур-поборнике!"
loc_broker_male_a__found_ammo_adamant_low_on_ammo_04,Арбітр? Тут є набої!
loc_broker_male_a__found_ammo_broker_low_on_ammo_01,"Бери ці набої, Корешу!"
loc_broker_male_a__found_ammo_broker_low_on_ammo_02,"Набої тут, Корешу!"
loc_broker_male_a__found_ammo_broker_low_on_ammo_03,"Маю набої для тебе, Корешу!"
loc_broker_male_a__found_ammo_broker_low_on_ammo_04,Гей! Корешу! Набої!
loc_broker_male_a__found_ammo_ogryn_low_on_ammo_01,"Є набої тут, Колодо!"
loc_broker_male_a__found_ammo_ogryn_low_on_ammo_02,"Тут набої, Оґрине!"
loc_broker_male_a__found_ammo_ogryn_low_on_ammo_03,Гей! Оґрине! Хочеш набоїв?
loc_broker_male_a__found_ammo_ogryn_low_on_ammo_04,Оґрине? Тут чудові набої!
loc_broker_male_a__found_ammo_psyker_low_on_ammo_01,Гей! Дьорґаний! Набої!
loc_broker_male_a__found_ammo_psyker_low_on_ammo_02,"Набої тут, Дьорґаний!"
loc_broker_male_a__found_ammo_psyker_low_on_ammo_03,"Тримай, Псайкере. Чудові набої!"
loc_broker_male_a__found_ammo_psyker_low_on_ammo_04,"Тобі знадобляться ці набої, Псайкере!"
loc_broker_male_a__found_ammo_veteran_low_on_ammo_01,"Тут набої, Рубако!"
loc_broker_male_a__found_ammo_veteran_low_on_ammo_02,Рубако? Ці набої — прямо для тебе!
loc_broker_male_a__found_ammo_veteran_low_on_ammo_03,"Бери ці набої, Рубако!"
loc_broker_male_a__found_ammo_veteran_low_on_ammo_04,"Тобі знадобляться ці набої, Рубако!"
loc_broker_male_a__found_ammo_zealot_low_on_ammo_01,Язикатий! Тобі знадобляться ці набої!
loc_broker_male_a__found_ammo_zealot_low_on_ammo_02,"Маю для тебе набої, Язикатий!"
loc_broker_male_a__found_ammo_zealot_low_on_ammo_03,"Набої, Язикатий. Твої, якщо хочеш."
loc_broker_male_a__found_ammo_zealot_low_on_ammo_04,"Бери набої, Язикатий!"
loc_broker_male_a__found_health_booster_adamant_low_on_health_01,"Тобі потрібні ці ліки, Арбітер!"
loc_broker_male_a__found_health_booster_adamant_low_on_health_02,"Не прикидайся дурнем, Щур-поборник. Бери ліки!"
loc_broker_male_a__found_health_booster_adamant_low_on_health_03,"Краще підлікуйся, Арбітер!"
loc_broker_male_a__found_health_booster_adamant_low_on_health_04,"Ліки! Думаю, саме тобі вони найпотрібніші, Щур-поборник!"
loc_broker_male_a__found_health_booster_broker_low_on_health_01,"Краще б тобі підлататися, Корешу!"
loc_broker_male_a__found_health_booster_broker_low_on_health_02,"Медикаменти тут, Корешу! Схоже, вони тобі знадобляться!"
loc_broker_male_a__found_health_booster_broker_low_on_health_03,"Ліки треба, Корешу?"
loc_broker_male_a__found_health_booster_broker_low_on_health_04,"Гей! Ліки тут, Корешу!"
loc_broker_male_a__found_health_booster_low_on_health_01,"[Зітхання полегшення] О, так краще..."
loc_broker_male_a__found_health_booster_low_on_health_02,[Зітхання полегшення] Свята Месселіно... оце воно...
loc_broker_male_a__found_health_booster_low_on_health_03,"[Зітхання полегшення] Відчуваю, як воно мене збирає докупи..."
loc_broker_male_a__found_health_booster_low_on_health_04,[Зітхання полегшення] Готовий рвати цей світ — це про мене.
loc_broker_male_a__found_health_booster_ogryn_low_on_health_01,"Краще підлікуйся, Колодо!"
loc_broker_male_a__found_health_booster_ogryn_low_on_health_02,"Навіть оґрину іноді треба лікуватись, га?"
loc_broker_male_a__found_health_booster_ogryn_low_on_health_03,"Давай, користуйся ліками, Колодо. Заслужив."
loc_broker_male_a__found_health_booster_ogryn_low_on_health_04,"Аптека тут, Колодо. Думаю, тобі треба."
loc_broker_male_a__found_health_booster_psyker_low_on_health_01,"Користуйся ліками, Дьорґаний!"
loc_broker_male_a__found_health_booster_psyker_low_on_health_02,"Псайкере? Склеюй себе докупи, га?"
loc_broker_male_a__found_health_booster_psyker_low_on_health_03,"Ліки! Бачиш їх, Дьорґаний?"
loc_broker_male_a__found_health_booster_psyker_low_on_health_04,"Краще лікуйся, Псайкере. Мертвому вже байдуже."
loc_broker_male_a__found_health_booster_veteran_low_on_health_01,"Виглядаєш паршиво, Рубако. Лікуйся!"
loc_broker_male_a__found_health_booster_veteran_low_on_health_02,"Час підлікуватись, Рубако!"
loc_broker_male_a__found_health_booster_veteran_low_on_health_03,"Досить корчити крутого, Рубако. Лікуйся!"
loc_broker_male_a__found_health_booster_veteran_low_on_health_04,"Усе в стилі Урсаркара Кріда, Ветеране. Підлатайся!"
loc_broker_male_a__found_health_booster_zealot_low_on_health_01,"Краще підлікуйся, Язикатий!"
loc_broker_male_a__found_health_booster_zealot_low_on_health_02,"Лікуйся, доки можеш, Бузувіре!"
loc_broker_male_a__found_health_booster_zealot_low_on_health_03,"Бузувіре? Думаю, тобі варто підлікуватись."
loc_broker_male_a__found_health_booster_zealot_low_on_health_04,"Віра кістки не зрощує, Язикатий. А оце — так."
loc_broker_male_a__friendly_fire_from_adamant_to_broker_01,"Показуєш справжні барви, Щур-поборнике?"
loc_broker_male_a__friendly_fire_from_adamant_to_broker_02,"Стріляєш мені в спину, Щур-поборнике? Не дивно!"
loc_broker_male_a__friendly_fire_from_adamant_to_broker_03,"Стріляй у гниляків, Арбітре, а не в мене!"
loc_broker_male_a__friendly_fire_from_adamant_to_broker_04,"Я на гниляка схожий, Щур-поборнике?"
loc_broker_male_a__friendly_fire_from_adamant_to_broker_05,"Припини в мене стріляти, Арбітре!"
loc_broker_male_a__friendly_fire_from_broker_to_broker_01,"Ей, Корешу! Не час зводити рахунки!"
loc_broker_male_a__friendly_fire_from_broker_to_broker_02,"Не стріляй у мене, Корешу! Стріляй у гниляків!"
loc_broker_male_a__friendly_fire_from_broker_to_broker_03,"Припини в мене палити, Корешу!"
loc_broker_male_a__friendly_fire_from_broker_to_broker_04,"Ти навіщо в мене стріляєш, Корешу?"
loc_broker_male_a__friendly_fire_from_broker_to_broker_05,"Ще раз пальнеш по мені, Корешу — і це скінчиться кепсько!"
loc_broker_male_a__friendly_fire_from_ogryn_to_broker_01,"Годі, Колодо!"
loc_broker_male_a__friendly_fire_from_ogryn_to_broker_02,"Що, щось доводиш, Колодо?"
loc_broker_male_a__friendly_fire_from_ogryn_to_broker_03,"Ей! Нащо ти стріляєш по МЕНІ, Оґріне?"
loc_broker_male_a__friendly_fire_from_ogryn_to_broker_04,"Хто той телепень, що дав Оґріну гвинтівку?"
loc_broker_male_a__friendly_fire_from_ogryn_to_broker_05,"Я люблю Оґрінів — правда, — ти вже мені на нерви дієш!"
loc_broker_male_a__friendly_fire_from_psyker_to_broker_01,"Закінчуй, Дьорґаний!"
loc_broker_male_a__friendly_fire_from_psyker_to_broker_02,"Це в мене ти палиш, шляпа Комісара!"
loc_broker_male_a__friendly_fire_from_psyker_to_broker_03,"Мені набридло, що ти по мені палиш, Псайкере!"
loc_broker_male_a__friendly_fire_from_psyker_to_broker_04,Псайкере! Перестань по мені стріляти! Прямо зараза блін!
loc_broker_male_a__friendly_fire_from_psyker_to_broker_05,"Ще раз мене зачепиш, Дьорґаний..."
loc_broker_male_a__friendly_fire_from_veteran_to_broker_01,Ей! Рубако! Вибери когось іншого!
loc_broker_male_a__friendly_fire_from_veteran_to_broker_02,"Рубако? Це ти по мені ти палиш, телепню!"
loc_broker_male_a__friendly_fire_from_veteran_to_broker_03,"Он воно як, так, Рубако?"
loc_broker_male_a__friendly_fire_from_veteran_to_broker_04,"Годі, Ветеране!"
loc_broker_male_a__friendly_fire_from_veteran_to_broker_05,"Ще хоч раз — і я стрілятиму у відповідь, Ветеране!"
loc_broker_male_a__friendly_fire_from_zealot_to_broker_01,Язикатий? Припини негайно!
loc_broker_male_a__friendly_fire_from_zealot_to_broker_02,"Ти п’яний чи просто паскуда, Язикатий?"
loc_broker_male_a__friendly_fire_from_zealot_to_broker_03,Ей! Бузувір! По мені й так гниляки палять!
loc_broker_male_a__friendly_fire_from_zealot_to_broker_04,"Годі, Бузувіре! Я на твоєму боці. Поки що."
loc_broker_male_a__friendly_fire_from_zealot_to_broker_05,"Досить, Язикатий! Мені не в кайф ловити кулі!"
loc_broker_male_a__guidance_correct_path_01,Сюди!
loc_broker_male_a__guidance_correct_path_02,Цим шляхом!
loc_broker_male_a__guidance_correct_path_03,Йдемо сюди!
loc_broker_male_a__guidance_correct_path_04,"Схоже, це правильний шлях!"
loc_broker_male_a__guidance_correct_path_05,"Сюди, друзі!"
loc_broker_male_a__guidance_correct_path_drop_01,"Дорога в один бік, уже тут!"
loc_broker_male_a__guidance_correct_path_drop_02,Після цього назад шляху нема!
loc_broker_male_a__guidance_correct_path_drop_03,Ідемо далі... повернення нема...
loc_broker_male_a__guidance_correct_path_drop_04,Наступний спуск — тільки в один бік.
loc_broker_male_a__guidance_correct_path_drop_05,"Далі спуск в один бік, друзі!"
loc_broker_male_a__guidance_correct_path_up_01,Вгору!
loc_broker_male_a__guidance_correct_path_up_02,Йдемо вгору!
loc_broker_male_a__guidance_correct_path_up_03,Вперед і вгору!
loc_broker_male_a__guidance_correct_path_up_04,"Вгору, друзі!"
loc_broker_male_a__guidance_correct_path_up_05,Краще підійматись далі!
loc_broker_male_a__guidance_starting_area_01,"От і почалось. Зробімо матерів «гордими», га?"
loc_broker_male_a__guidance_starting_area_02,Почали. В когось є гарне передчуття?
loc_broker_male_a__guidance_starting_area_03,Ще один «чудовий» день під Шпилями.
loc_broker_male_a__guidance_starting_area_04,"Всюдисуще ""Я"" кличе, а ми робимо вигляд, що коримось, так?"
loc_broker_male_a__guidance_starting_area_05,"Час зробити те, чого «славні хлопчики» не можуть."
loc_broker_male_a__hacking_auspex_mutter_a_01,Клята штука!
loc_broker_male_a__hacking_auspex_mutter_a_02,Може вже запрацюєш?
loc_broker_male_a__head_shot_01,Просто в пику!
loc_broker_male_a__head_shot_02,Тепер ще й випендрюєшся!
loc_broker_male_a__head_shot_03,"Цей вже не посміється, га?"
loc_broker_male_a__head_shot_04,Від цього залишиться шрам!
loc_broker_male_a__head_shot_05,Ох... Паскудно!
loc_broker_male_a__heal_start_01,[Напружено] Зачекайте... Я лікуюсь...
loc_broker_male_a__heal_start_02,[Напружено] Це мене ще трохи протримає на ногах...
loc_broker_male_a__heal_start_03,"[Напружено] Краще. Не ідеально, але краще..."
loc_broker_male_a__heal_start_04,[Напружено] Оце вже діло... Ага...
loc_broker_male_a__heal_start_05,"[Напружено] Прикрийте, я підлатаюсь."
loc_broker_male_a__heard_enemy_chaos_hound_01,Чую чумну Гончу!
loc_broker_male_a__heard_enemy_chaos_hound_02,Гонча нишпорить поблизу!
loc_broker_male_a__heard_enemy_chaos_hound_03,Маємо чумну Гончy!
loc_broker_male_a__heard_enemy_chaos_hound_04,Чули? Чумна Гонча!
loc_broker_male_a__heard_enemy_chaos_hound_05,Зброю напоготові! Якщо не хочете стати собачим кормом!
loc_broker_male_a__heard_enemy_chaos_spawn_01,Шляк би мене трафив! М'ясний мішок!
loc_broker_male_a__heard_enemy_chaos_spawn_02,М’ясний мішок! Зараз буде брудно!
loc_broker_male_a__heard_enemy_chaos_spawn_03,"До зброї, хлопці! М’ясний мішок!"
loc_broker_male_a__heard_enemy_daemonhost_01,Демононосій поруч!
loc_broker_male_a__heard_enemy_daemonhost_02,Демононосій. Розбудиш — сам розгрібай.
loc_broker_male_a__heard_enemy_daemonhost_03,Свята Месселіно... Щось тут не те...
loc_broker_male_a__heard_enemy_monster_generic_01,Що то в біса за штука? Точно здоровенна!
loc_broker_male_a__heard_enemy_monster_generic_02,Щось велике й гидке!
loc_broker_male_a__heard_enemy_monster_generic_03,"Звучить лихо, хоч що б це було!"
loc_broker_male_a__heard_enemy_plague_ogryn_01,Чумний Оґрин! Оце влипли!
loc_broker_male_a__heard_enemy_plague_ogryn_02,"Чумний Оґрин? Те, чого бракувало цій справі!"
loc_broker_male_a__heard_enemy_plague_ogryn_03,"Ей, жирдяй! Хочеш цього, га?"
loc_broker_male_a__heard_horde_ambush_01,Це засідка!
loc_broker_male_a__heard_horde_ambush_02,Засідка! ... Щасливий день.
loc_broker_male_a__heard_horde_ambush_03,Підла атака!
loc_broker_male_a__heard_horde_ambush_04,ПО-Ї-ХА-ЛИ! 
loc_broker_male_a__heard_horde_ambush_05,Ми вляпались у пастку!
loc_broker_male_a__heard_horde_vector_01,Ідуть Гнильці!
loc_broker_male_a__heard_horde_vector_02,Гниляки вилазять погратися!
loc_broker_male_a__heard_horde_vector_03,Хтось замовляв засідку?
loc_broker_male_a__heard_horde_vector_04,"О, гляньте! Завели друзів!"
loc_broker_male_a__heard_horde_vector_05,Не виглядають раді нас бачити!
loc_broker_male_a__info_door_open_01,Двері навстіж!
loc_broker_male_a__info_door_open_02,Двері відчинені! Чудово!
loc_broker_male_a__info_event_almost_done_01,Майже впорався!
loc_broker_male_a__info_event_almost_done_02,Ще трішки!
loc_broker_male_a__info_event_almost_done_03,Прекрасно! Майже закінчили!
loc_broker_male_a__info_event_almost_done_04,Залишилось недовго!
loc_broker_male_a__info_event_almost_done_05,Майже... Майже...
loc_broker_male_a__info_event_det_pack_a_01,Заряд закладено!
loc_broker_male_a__info_event_det_pack_a_02,Встановлюю заряд!
loc_broker_male_a__info_event_det_pack_b_01,Обожнюю гарний великий вибух!
loc_broker_male_a__info_event_det_pack_b_02,Бережи пальці. Ще знадобляться.
loc_broker_male_a__info_event_one_down_01,Один є!
loc_broker_male_a__info_event_one_down_02,Перший крок зроблено! Чудово!
loc_broker_male_a__info_event_one_down_03,Є один!
loc_broker_male_a__info_event_one_down_04,"Один готовий, але ми не скінчили!"
loc_broker_male_a__info_event_one_down_05,"Гарний початок, братва!"
loc_broker_male_a__info_extraction_response_01,"Не дочекаюсь, щоб вибратись з цього смердючого місця."
loc_broker_male_a__info_extraction_response_02,"Звалюємо, га?"
loc_broker_male_a__knocked_down_1_01,Гнильці мене поклали!
loc_broker_male_a__knocked_down_1_02,Потрібна допомога!
loc_broker_male_a__knocked_down_1_03,Вдало мене підстрелили... Мене підбили!
loc_broker_male_a__knocked_down_1_04,"Я лежу! Допоможіть, чуваки!"
loc_broker_male_a__knocked_down_1_05,"Хтось, подайте руку, а?"
loc_broker_male_a__knocked_down_2_01,Гей! Я ще тут!
loc_broker_male_a__knocked_down_2_02,"Ви допоможете, чи як?"
loc_broker_male_a__knocked_down_2_03,"Підніміть мене, кляті ви!"
loc_broker_male_a__knocked_down_2_04,"Гей, виродки! ДОПОМОЖІТЬ!"
loc_broker_male_a__knocked_down_2_05,Ви мене кинете?
loc_broker_male_a__knocked_down_3_01,Ми ж на одному боці!
loc_broker_male_a__knocked_down_3_02,"Довго не протягну, друзі!"
loc_broker_male_a__knocked_down_3_03,Тут і коники скину...
loc_broker_male_a__knocked_down_3_04,Я тут уже здуваюся...
loc_broker_male_a__knocked_down_3_05,Де клята командна робота?
loc_broker_male_a__knocked_down_multiple_times_adamant_01,У Щурика був важкий день!
loc_broker_male_a__knocked_down_multiple_times_adamant_02,"Гарно спиться, Щурику?"
loc_broker_male_a__knocked_down_multiple_times_adamant_03,"Свята Месселіно, хіба Щурики не мали бути міцними?"
loc_broker_male_a__knocked_down_multiple_times_adamant_04,Арбітр впав. Цього разу просто залиш його.
loc_broker_male_a__knocked_down_multiple_times_broker_01,"Ти жалюгідний, Корешу."
loc_broker_male_a__knocked_down_multiple_times_broker_02,"Знов лежиш, Корешу? Прям як «Кадійська брама»."
loc_broker_male_a__knocked_down_multiple_times_broker_03,"Ти підводиш команду, Корешу!"
loc_broker_male_a__knocked_down_multiple_times_broker_04,"Зберись, Корешу!"
loc_broker_male_a__knocked_down_multiple_times_ogryn_01,"У тебе сьогодні невдалий день, Колодо!"
loc_broker_male_a__knocked_down_multiple_times_ogryn_02,"У чому твоя проблема, Оґрине?"
loc_broker_male_a__knocked_down_multiple_times_ogryn_03,"Ти СПРАВДІ постійно падаєш, Колодо."
loc_broker_male_a__knocked_down_multiple_times_ogryn_04,"Спіткнувся об власні ноги, Оґрине?"
loc_broker_male_a__knocked_down_multiple_times_psyker_01,"Схоже, псайкер захотів ще подрімати."
loc_broker_male_a__knocked_down_multiple_times_psyker_02,Псайкер знову впав. Який... сюрприз.
loc_broker_male_a__knocked_down_multiple_times_psyker_03,Дьорганий? Чому ти знову на землі?
loc_broker_male_a__knocked_down_multiple_times_psyker_04,Жодна сила на Атомі не втримає того псайкера на ногах!
loc_broker_male_a__knocked_down_multiple_times_veteran_01,"Чому ти ЗНОВУ на землі, Рубако?"
loc_broker_male_a__knocked_down_multiple_times_veteran_02,"Гарно спиться там унизу, Рубако?"
loc_broker_male_a__knocked_down_multiple_times_veteran_03,Ветеран знову впав. Типовий геройчик.
loc_broker_male_a__knocked_down_multiple_times_veteran_04,Гниляки СПРАВДІ люблять чіплятися до Ветерана!
loc_broker_male_a__knocked_down_multiple_times_zealot_01,"З рівновагою в тебе не дуже, Язикатий?"
loc_broker_male_a__knocked_down_multiple_times_zealot_02,Язикатий знову ліг! Бовдур.
loc_broker_male_a__knocked_down_multiple_times_zealot_03,"Ще не бачив я священика, що вміє на ногах триматись."
loc_broker_male_a__knocked_down_multiple_times_zealot_04,Той Бузувір ЗНОВУ ліг?
loc_broker_male_a__ladder_sighted_01,Драбина!
loc_broker_male_a__ladder_sighted_02,Драбина!
loc_broker_male_a__ladder_sighted_03,То драбина!
loc_broker_male_a__ladder_sighted_04,"Драбина, друзі!"
loc_broker_male_a__ladder_sighted_05,Драбина! Чудово.
loc_broker_male_a__ledge_hanging_01,Ніхто не підніме мене?
loc_broker_male_a__ledge_hanging_02,"Ані слова. Просто підтягніть мене, га?"
loc_broker_male_a__ledge_hanging_03,Я... зриваюсь...
loc_broker_male_a__ledge_hanging_04,Навіть не думай мене впустити!
loc_broker_male_a__ledge_hanging_05,Не лишайте мене тут висіти!
loc_broker_male_a__look_at_grenade_01,Граната!
loc_broker_male_a__look_at_grenade_02,Маємо гранату!
loc_broker_male_a__look_at_grenade_03,"Граната, чуваки!"
loc_broker_male_a__look_at_grenade_04,Хто бере ту гранату?
loc_broker_male_a__look_at_grenade_05,Хтось лишив гранату валятись...
loc_broker_male_a__look_at_healthstation_01,Медпункт!
loc_broker_male_a__look_at_healthstation_02,Красота! Мед-сервітор!
loc_broker_male_a__look_at_healthstation_03,Медстанція! Лікуємось!
loc_broker_male_a__look_at_healthstation_04,"Лікуйтесь, поки можна!"
loc_broker_male_a__look_at_healthstation_05,Медпункт! Месселіна таки нас любить.
loc_broker_male_a__luggable_mission_pick_up_01,[Напружено] Куди це нести?
loc_broker_male_a__luggable_mission_pick_up_02,[Напружено] Ага. [Рик] Дрібниця... Куди?
loc_broker_male_a__mission_raid_trapped_a_01,Чудово. Це пастка.
loc_broker_male_a__mission_raid_trapped_a_02,Клас. Ми вляпались у пастку!
loc_broker_male_a__mission_raid_trapped_b_01,І вокс теж не працює. Чудово.
loc_broker_male_a__mission_raid_trapped_b_02,Вокс мовчить. Нам гаплик.
loc_broker_male_a__mission_rails_disable_skyfire_a_01,"Краще загасити те ППО, га?"
loc_broker_male_a__mission_strain_crossroads_01,Тут легко заблукати. Йди за нюхом.
loc_broker_male_a__monster_combo_attack_01,Клята тварюка сказилась!
loc_broker_male_a__monster_combo_attack_02,Увага на ті його пазурі!
loc_broker_male_a__monster_combo_attack_03,"Не стовбичте там, пацани!"
loc_broker_male_a__monster_fight_start_reaction_01,Я й так не збирався жити вічно!
loc_broker_male_a__monster_fight_start_reaction_02,Гаразд... покінчімо з цим!
loc_broker_male_a__monster_fight_start_reaction_03,Ти ще той гидкий виродок! Потанцюємо!
loc_broker_male_a__monster_fight_start_reaction_04,Бачив і гірше за ту штуку!
loc_broker_male_a__monster_fight_start_reaction_05,"Шкодую, що вписався в це дєльце..."
loc_broker_male_a__need_rescue_01,"[Смикаючи пута] Гей, хлопці! Виручайте, га?"
loc_broker_male_a__need_rescue_02,"[Смикає пута] Розріже пута хтось, альо?"
loc_broker_male_a__need_rescue_03,"[Смикаючи пута] Ну ж бо, Солоденькі. Не кидай мене тут!"
loc_broker_male_a__need_rescue_04,[Смикає пута] Витягніть мене звідси!
loc_broker_male_a__need_rescue_05,[Смикаючи пута] Давай-давай-давай... Розріжте мене!
loc_broker_male_a__pinned_by_enemies_01,Гей! Мене притисли!
loc_broker_male_a__pinned_by_enemies_02,Трішки допомоги? Мене затисли!
loc_broker_male_a__pinned_by_enemies_03,"Підсобіть, чуваки! Мене притисли!"
loc_broker_male_a__pinned_by_enemies_04,Свята Месселіно! Мене притисли!
loc_broker_male_a__pinned_by_enemies_05,"Допоможіть! Мене, паскуда, притиснули!"
loc_broker_male_a__player_death_adamant_01,Підбили Арбітра!
loc_broker_male_a__player_death_adamant_02,Єдиний хороший Щур-поборник — мертвий Щур-поборник!
loc_broker_male_a__player_death_adamant_03,За Щур-поборником ніхто не плаче.
loc_broker_male_a__player_death_adamant_04,Законоголовий здох? От і карма.
loc_broker_male_a__player_death_broker_01,"Спочивай, друже. Ти бився як слід."
loc_broker_male_a__player_death_broker_02,Ще одна добра рука зі стволом пропала.
loc_broker_male_a__player_death_broker_03,Ти бився добре. Більшого не прошу.
loc_broker_male_a__player_death_broker_04,"Виріжу твоє ім'я на стені пам'яті, не хвилюйся."
loc_broker_male_a__player_death_ogryn_01,Колоді кінець. Бідолаха.
loc_broker_male_a__player_death_ogryn_02,"Спочивай, Колодо. Ми закінчимо справу."
loc_broker_male_a__player_death_ogryn_03,"Смішно. Думав, Оґрин переживе мене."
loc_broker_male_a__player_death_ogryn_04,Що? Взяли Оґрина? ... Погано.
loc_broker_male_a__player_death_psyker_01,"Дьорґаний стих. Схоже, назавжди."
loc_broker_male_a__player_death_psyker_02,"Мінус один Псайкер. Не знаю, як до цього ставитись."
loc_broker_male_a__player_death_psyker_03,Псайкер мертвий! Колись то ми всі помрем!
loc_broker_male_a__player_death_psyker_04,От і все з Дьорґаним. Принаймні не неме.
loc_broker_male_a__player_death_veteran_01,Ветерана завалили!
loc_broker_male_a__player_death_veteran_02,"Шкода Ветерана. Ми, мабуть, наступні."
loc_broker_male_a__player_death_veteran_03,У Ветерана були яйця. Оно вони валяються!
loc_broker_male_a__player_death_veteran_04,Рубаки нема. Тепер бракуватиме рук.
loc_broker_male_a__player_death_zealot_01,Язикатий здох. Насолоджуємось тишою.
loc_broker_male_a__player_death_zealot_02,Язикатому кінець.
loc_broker_male_a__player_death_zealot_03,О. Бузувіру кранти.
loc_broker_male_a__player_death_zealot_04,Язикатого вже не повернеш.
loc_broker_male_a__player_tip_armor_hit_generic_01,"Ти що, дурний? Це ж броня!"
loc_broker_male_a__player_tip_armor_hit_generic_02,Нащо ти по броні лупиш?
loc_broker_male_a__player_tip_armor_hit_generic_03,Марнуєш час на ту броню!
loc_broker_male_a__player_tip_armor_hit_generic_04,Ти лише в броню лупиш!
loc_broker_male_a__player_tip_armor_hit_generic_05,Та броня надто товста. Спробуй інакше!
loc_broker_male_a__quick_agnostic_enemy_kill_a_01,Дістав його!
loc_broker_male_a__quick_agnostic_enemy_kill_a_02,Мертвий!
loc_broker_male_a__quick_agnostic_enemy_kill_a_03,Гнильця поклали!
loc_broker_male_a__quick_agnostic_enemy_kill_a_04,Гнилець мертвий!
loc_broker_male_a__quick_agnostic_enemy_kill_a_05,І не вставай!
loc_broker_male_a__quick_agnostic_enemy_kill_a_06,Ха! Немає!
loc_broker_male_a__quick_agnostic_enemy_kill_a_07,Мертвий і все!
loc_broker_male_a__quick_agnostic_enemy_kill_a_08,Дістав Гнильця!
loc_broker_male_a__reload_failed_out_of_ammo_01,Тьфу! Нема більше набоїв!
loc_broker_male_a__reload_failed_out_of_ammo_02,Без набоїв! Потрібно ще!
loc_broker_male_a__reload_failed_out_of_ammo_03,"Зараза, я без набоїв!"
loc_broker_male_a__reload_failed_out_of_ammo_04,Свята Месселіно! Нема набоїв!
loc_broker_male_a__reload_failed_out_of_ammo_05,"Твою ж,  жодної кулі за душею!"
loc_broker_male_a__reloading_01,Перезаряджаюсь!
loc_broker_male_a__reloading_02,Перезарядка!
loc_broker_male_a__reloading_03,"Прикрийте, перезаряджаюся!"
loc_broker_male_a__reloading_04,Увага! Перезаряджаюсь!
loc_broker_male_a__reloading_05,Треба перезарядитись!
loc_broker_male_a__reloading_empty_01,Ствол порожній! Треба перезарядитись!
loc_broker_male_a__reloading_empty_02,Цей клятий ствол порожній! Перезарядка!
loc_broker_male_a__reloading_empty_03,"""Клац?"" [Рик] Час перезаряджатись."
loc_broker_male_a__reloading_empty_04,Набої вичерпано. Перезаряджаюсь!
loc_broker_male_a__reloading_empty_05,"Час би вже закинути ще заряду, еге ж?"
loc_broker_male_a__respons_for_zealot_critical_health_01,Переживеш це... Або ж ні.
loc_broker_male_a__respons_for_zealot_critical_health_02,"Підхопив подряпину, так?"
loc_broker_male_a__respons_for_zealot_critical_health_03,"Де твоя відвага, Язикатий?"
loc_broker_male_a__response_for_adamant_cover_me_01,"Повтори, Щур-поборникику, тебе рве! Чесно."
loc_broker_male_a__response_for_adamant_cover_me_02,Що за шум? Звучить... ниття.
loc_broker_male_a__response_for_adamant_cover_me_03,Хтось чує це жалюгідне скиглення?
loc_broker_male_a__response_for_adamant_critical_health_01,"Просто ляж і здохни, га?"
loc_broker_male_a__response_for_adamant_critical_health_02,Біднесенький ти наш...
loc_broker_male_a__response_for_adamant_critical_health_03,"Ой, та годі вже, га?"
loc_broker_male_a__response_for_adamant_disabled_by_chaos_hound_01,"Я думав, ти ЛЮБИШ собак."
loc_broker_male_a__response_for_adamant_disabled_by_chaos_hound_02,Живеш із псами — помреш у пащі!
loc_broker_male_a__response_for_adamant_disabled_by_chaos_hound_03,"Тепер ТИ знаєш, як це!"
loc_broker_male_a__response_for_adamant_disabled_by_enemy_01,"А-а, то ТЕПЕР я потрібен?"
loc_broker_male_a__response_for_adamant_disabled_by_enemy_02,"Попроси гарно — МОЖЕ, й допоможу!"
loc_broker_male_a__response_for_adamant_disabled_by_enemy_03,Та-та-та. Скільки ниття!
loc_broker_male_a__response_for_adamant_enemy_kill_monster_01,Працюєш добре... інколи.
loc_broker_male_a__response_for_adamant_enemy_kill_monster_02,"Не був певен, що впораєшся."
loc_broker_male_a__response_for_adamant_enemy_kill_monster_03,"Ти впорався, але виглядало на везіння."
loc_broker_male_a__response_for_adamant_knocked_down_3_01,"Де твоя терплячість, Щур-поборнике?"
loc_broker_male_a__response_for_adamant_knocked_down_3_02,"Може, наступного разу спробуй «не падати»!"
loc_broker_male_a__response_for_adamant_knocked_down_3_03,"Ох і вимогливий же ти, га?"
loc_broker_male_a__response_for_adamant_ledge_hanging_01,Тримайся міцно! Альтернатива гірша.
loc_broker_male_a__response_for_adamant_ledge_hanging_02,Можеш хоч падати — мені байдуже!
loc_broker_male_a__response_for_adamant_ledge_hanging_03,"Що завгодно, тільки не падай! [Сміх]"
loc_broker_male_a__response_for_adamant_seen_killstreak_broker_01,"Ну ж, зізнайся: ти вражений!"
loc_broker_male_a__response_for_adamant_seen_killstreak_broker_02,"Я ж, зараза, найкращий!"
loc_broker_male_a__response_for_adamant_seen_killstreak_broker_03,Краще не лізь під руку!
loc_broker_male_a__response_for_adamant_start_revive_broker_01,"[З болем] Ти?.. Що ж, береш, що дають."
loc_broker_male_a__response_for_adamant_start_revive_broker_02,[З болем] Завжди знав що кинете мене...
loc_broker_male_a__response_for_adamant_start_revive_broker_03,[З болем] Ну... це ж справжня ельдарська «нагорода»...
loc_broker_male_a__response_for_broker_cover_me_01,Є! Підсмажимо їх!
loc_broker_male_a__response_for_broker_cover_me_02,"Хтось прикриє мене, корешу, га?"
loc_broker_male_a__response_for_broker_cover_me_03,Давайте прикриття!
loc_broker_male_a__response_for_broker_critical_health_01,"Ага, виглядає погано."
loc_broker_male_a__response_for_broker_critical_health_02,Добряче тебе підбили еге ж?
loc_broker_male_a__response_for_broker_critical_health_03,"Як на мене, якщо можеш стогнати — можеш і битися!"
loc_broker_male_a__response_for_broker_disabled_by_chaos_hound_01,Приберіть цю шавку!
loc_broker_male_a__response_for_broker_disabled_by_chaos_hound_02,"Хтось, розберіться з тим Гончаком!"
loc_broker_male_a__response_for_broker_disabled_by_chaos_hound_03,У мого кореша проблеми з псом!
loc_broker_male_a__response_for_broker_disabled_by_enemy_01,Ми не залишимо тебе!
loc_broker_male_a__response_for_broker_disabled_by_enemy_02,"Сам у те вліз, правда?"
loc_broker_male_a__response_for_broker_disabled_by_enemy_03,"От халепа. Нічого, владнаємо!"
loc_broker_male_a__response_for_broker_enemy_kill_monster_01,ОТ це робота!
loc_broker_male_a__response_for_broker_enemy_kill_monster_02,"Знав, що впораєшся!"
loc_broker_male_a__response_for_broker_enemy_kill_monster_03,"Пишаюся тобою, старий мій корешу!"
loc_broker_male_a__response_for_broker_knocked_down_3_01,"Усе залежить від пріоритетів, так?"
loc_broker_male_a__response_for_broker_knocked_down_3_02,"Май трохи терпіння, друже!"
loc_broker_male_a__response_for_broker_knocked_down_3_03,Піднімай його. Інакше він нам усі вуха протуркоче!
loc_broker_male_a__response_for_broker_ledge_hanging_01,"Є тіло, що потребує допомоги!"
loc_broker_male_a__response_for_broker_ledge_hanging_02,Ану піднімайся сюди! Зараз же!
loc_broker_male_a__response_for_broker_ledge_hanging_03,"Не можемо лишати їх так, чи не так?"
loc_broker_male_a__response_for_broker_seen_killstreak_broker_01,"Подаю хороший приклад, друже!"
loc_broker_male_a__response_for_broker_seen_killstreak_broker_02,Тобі заздрісно! Це нормально!
loc_broker_male_a__response_for_broker_seen_killstreak_broker_03,Ага! Я вже руку набиваю!
loc_broker_male_a__response_for_calling_for_help_01,"Ти не сам, друже!"
loc_broker_male_a__response_for_calling_for_help_02,Тримайся! Допомога вже йде!
loc_broker_male_a__response_for_calling_for_help_03,"А я то думав, ти моцний!"
loc_broker_male_a__response_for_calling_for_help_04,"Краще бийся, а не скигли!"
loc_broker_male_a__response_for_calling_for_help_05,"Хто ближче? Витягніть його, живо!"
loc_broker_male_a__response_for_critical_health_01,"Ага, виглядає дуже погано."
loc_broker_male_a__response_for_critical_health_02,Це ти раною називаєш? Ха!
loc_broker_male_a__response_for_critical_health_03,"Прикуси язика, га? Я тут б'юся."
loc_broker_male_a__response_for_enemy_kill_monster_01,"Не так уже й важко, правда?"
loc_broker_male_a__response_for_enemy_kill_monster_02,"Пишаюсь вами, чуваки... Ну, більшістю з вас."
loc_broker_male_a__response_for_enemy_kill_monster_03,Гаразд. Рухаємось.
loc_broker_male_a__response_for_friendly_fire_from_broker_to_adamant_01,"То наклади стягнення! Думаєш, мені є до того діло?"
loc_broker_male_a__response_for_friendly_fire_from_broker_to_adamant_02,Сам напросився!
loc_broker_male_a__response_for_friendly_fire_from_broker_to_adamant_03,Вибач! Не помітив тебе!
loc_broker_male_a__response_for_friendly_fire_from_broker_to_broker_01,Я не винен! Тут повний безлад!
loc_broker_male_a__response_for_friendly_fire_from_broker_to_broker_02,"Це одна з тих ""іти за течією"" ситуацій! Тож іди!"
loc_broker_male_a__response_for_friendly_fire_from_broker_to_broker_03,Досить скиглити! Це тільки подряпина!
loc_broker_male_a__response_for_friendly_fire_from_broker_to_ogryn_01,То не я! Хіба я тобі збрешу?
loc_broker_male_a__response_for_friendly_fire_from_broker_to_ogryn_02,"Та годі! Б'юся об заклад, ти й не відчув!"
loc_broker_male_a__response_for_friendly_fire_from_broker_to_ogryn_03,"Не будь занудою, Колодо. Це ж усе жартома!"
loc_broker_male_a__response_for_friendly_fire_from_broker_to_psyker_01,Ти будеш скаржитися на БУДЬ-ЩО!
loc_broker_male_a__response_for_friendly_fire_from_broker_to_psyker_02,Тьху! Тебе ж ледве зачепило!
loc_broker_male_a__response_for_friendly_fire_from_broker_to_psyker_03,"Хочеш, щоб я навмисно в тебе поцілив?"
loc_broker_male_a__response_for_friendly_fire_from_broker_to_veteran_01,Хочеш трохи поплакати? Я не засуджуватиму.
loc_broker_male_a__response_for_friendly_fire_from_broker_to_veteran_02,МЕНІ. НЕМА. ДІЛА.
loc_broker_male_a__response_for_friendly_fire_from_broker_to_veteran_03,"Примхи війни, Рубако. Звикай до цього!"
loc_broker_male_a__response_for_friendly_fire_from_broker_to_zealot_01,Облиш! Мене поперло!
loc_broker_male_a__response_for_friendly_fire_from_broker_to_zealot_02,"Ти мариш, ти знаєш про це?"
loc_broker_male_a__response_for_friendly_fire_from_broker_to_zealot_03,"Перестань намагатися обійняти всі мої кулі, га?"
loc_broker_male_a__response_for_heard_horde_vector_01,Час для теплого тертіумського прийому!
loc_broker_male_a__response_for_heard_horde_vector_02,Змусьте їх «відчути увагу»!
loc_broker_male_a__response_for_heard_horde_vector_03,Що їм ще треба?
loc_broker_male_a__response_for_heard_horde_vector_04,"Биймось разом, чуваки! Від душі!"
loc_broker_male_a__response_for_info_incoming_enemies_01,"Покажімо, з чого ми зроблені!"
loc_broker_male_a__response_for_info_incoming_enemies_02,"А я ж думав, що це буде нудне дєльце!"
loc_broker_male_a__response_for_info_incoming_enemies_03,"І що? Нудьгувати ж не хочеш, правда?"
loc_broker_male_a__response_for_info_incoming_enemies_04,Тримаймось разом! Ми вміємо! Вони — ні!
loc_broker_male_a__response_for_info_incoming_enemies_05,Цього разу відкусили забагато!
loc_broker_male_a__response_for_ogryn_cover_me_01,"Займемось цим, Колодо!"
loc_broker_male_a__response_for_ogryn_cover_me_02,Тримати кумпол нижче! Має допомогти!
loc_broker_male_a__response_for_ogryn_cover_me_03,"Я ж не можу бути всюди, а?"
loc_broker_male_a__response_for_ogryn_critical_health_01,Тільки не вмикайте тут Леман Расса!
loc_broker_male_a__response_for_ogryn_critical_health_02,"Сподіваюсь, ти не почнеш скиглити, Колодо!"
loc_broker_male_a__response_for_ogryn_critical_health_03,"Ліки тебе підлатають, Колодо. Повір."
loc_broker_male_a__response_for_ogryn_disabled_by_chaos_hound_01,"Ти ситний шматок, Колодо!"
loc_broker_male_a__response_for_ogryn_disabled_by_chaos_hound_02,Краще вибийте тому Гончаку зуби!
loc_broker_male_a__response_for_ogryn_disabled_by_chaos_hound_03,Ненавиджу цих Гончаків!
loc_broker_male_a__response_for_ogryn_disabled_by_enemy_01,Велетню потрібна допомога!
loc_broker_male_a__response_for_ogryn_disabled_by_enemy_02,Хтось допоможе Колоді?
loc_broker_male_a__response_for_ogryn_disabled_by_enemy_03,"Чую! Подивимось, що можна зробити!"
loc_broker_male_a__response_for_ogryn_enemy_kill_monster_01,"Не рівня тобі, га?"
loc_broker_male_a__response_for_ogryn_enemy_kill_monster_02,"Сподіваюсь, не почнеш випендрюватись?"
loc_broker_male_a__response_for_ogryn_enemy_kill_monster_03,"Ти гарно гемселиш, Колодо. Не посперечаєшся."
loc_broker_male_a__response_for_ogryn_knocked_down_3_01,Йому потрібна допомога!
loc_broker_male_a__response_for_ogryn_knocked_down_3_02,Треба підняти Колоду на ноги!
loc_broker_male_a__response_for_ogryn_knocked_down_3_03,Який бедлам!
loc_broker_male_a__response_for_ogryn_ledge_hanging_01,"Наступного разу дивись, куди ставиш ті свої граблі!"
loc_broker_male_a__response_for_ogryn_ledge_hanging_02,"От там ти в халепі, це точно!"
loc_broker_male_a__response_for_ogryn_ledge_hanging_03,"Зірву спину, поки тебе витягну!"
loc_broker_male_a__response_for_ogryn_seen_killstreak_broker_01,Я найкращий!
loc_broker_male_a__response_for_ogryn_seen_killstreak_broker_02,"Дивись уважно. Може, чомусь навчишся?"
loc_broker_male_a__response_for_ogryn_seen_killstreak_broker_03,Я для цього народився. Ага!
loc_broker_male_a__response_for_ogryn_start_revive_broker_01,"[З болем] Ти молодчина, Колода."
loc_broker_male_a__response_for_ogryn_start_revive_broker_02,[З болем] Ціную допомогу.
loc_broker_male_a__response_for_ogryn_start_revive_broker_03,[Болюче] Завжди любив Оґринів.
loc_broker_male_a__response_for_pinned_by_enemies_adamant_01,Вибач! Не чую!
loc_broker_male_a__response_for_pinned_by_enemies_adamant_02,"Та ну, впораєшся!"
loc_broker_male_a__response_for_pinned_by_enemies_adamant_03,Що ще раз? Не чутно через це скиглення!
loc_broker_male_a__response_for_pinned_by_enemies_broker_01,Чую!
loc_broker_male_a__response_for_pinned_by_enemies_broker_02,Зрозумів! Допомога вже йде!
loc_broker_male_a__response_for_pinned_by_enemies_broker_03,Тримайся! Ми їх відкинемо!
loc_broker_male_a__response_for_pinned_by_enemies_ogryn_01,"Без паніки, Колодо! Допомога йде!"
loc_broker_male_a__response_for_pinned_by_enemies_ogryn_02,Чую тебе!
loc_broker_male_a__response_for_pinned_by_enemies_ogryn_03,Оґрину не завадить допомога!
loc_broker_male_a__response_for_pinned_by_enemies_psyker_01,"Ага, виглядає важко!"
loc_broker_male_a__response_for_pinned_by_enemies_psyker_02,Виживеш. Може.
loc_broker_male_a__response_for_pinned_by_enemies_psyker_03,І що? У всіх проблеми!
loc_broker_male_a__response_for_pinned_by_enemies_veteran_01,"Полегше, Рубако!"
loc_broker_male_a__response_for_pinned_by_enemies_veteran_02,Знову «Лєман-Рассиш»? Сором.
loc_broker_male_a__response_for_pinned_by_enemies_veteran_03,Ветерану б трохи «любові»!
loc_broker_male_a__response_for_pinned_by_enemies_zealot_01,"Краще помолися, еге ж?"
loc_broker_male_a__response_for_pinned_by_enemies_zealot_02,"Тобі б «оцього», як там... ""божественного втручання""."
loc_broker_male_a__response_for_pinned_by_enemies_zealot_03,Чому їм так подобається в тебе стріляти?
loc_broker_male_a__response_for_psyker_cover_me_01,Чув! Старайся не ловити кулі!
loc_broker_male_a__response_for_psyker_cover_me_02,Подумай про щось заспокійливе!
loc_broker_male_a__response_for_psyker_cover_me_03,"Хтось є, щоб прикрити Дьорґаний?"
loc_broker_male_a__response_for_psyker_critical_health_01,"Краще підлікуйся, Дьорґаний."
loc_broker_male_a__response_for_psyker_critical_health_02,Скиглення тебе не підлікує.
loc_broker_male_a__response_for_psyker_critical_health_03,"Такі, як ти, завжди скиглять."
loc_broker_male_a__response_for_psyker_disabled_by_chaos_hound_01,Краще придушіть Гончака!
loc_broker_male_a__response_for_psyker_disabled_by_chaos_hound_02,Він просто «дружить»!
loc_broker_male_a__response_for_psyker_disabled_by_chaos_hound_03,"Постріляйте в шавку, друзі!"
loc_broker_male_a__response_for_psyker_disabled_by_enemy_01,"Сьогодні явно не твій день, га?"
loc_broker_male_a__response_for_psyker_disabled_by_enemy_02,Стільки «Лєман-Расса» з нічого!
loc_broker_male_a__response_for_psyker_disabled_by_enemy_03,Наш у халепі. Хтось поруч?
loc_broker_male_a__response_for_psyker_enemy_kill_monster_01,"Визнаю, твоя робота мене тішить."
loc_broker_male_a__response_for_psyker_enemy_kill_monster_02,Скоро буде ще один.
loc_broker_male_a__response_for_psyker_enemy_kill_monster_03,"Не дуже-то й весело, так?"
loc_broker_male_a__response_for_psyker_knocked_down_3_01,Що? Ти все ще там унизу?
loc_broker_male_a__response_for_psyker_knocked_down_3_02,"Хтось допоможіть Дьорґаному, поки я не зірвався."
loc_broker_male_a__response_for_psyker_knocked_down_3_03,Псайкер — як скляний.
loc_broker_male_a__response_for_psyker_ledge_hanging_01,Спокійніше! Не залишимо тебе висіти!
loc_broker_male_a__response_for_psyker_ledge_hanging_02,Тримайся. Тільки не відпускай.
loc_broker_male_a__response_for_psyker_ledge_hanging_03,Дьорґаний намагається налетіти на них зверху. Ха!
loc_broker_male_a__response_for_psyker_seen_killstreak_broker_01,Проти досконалості не попреш!
loc_broker_male_a__response_for_psyker_seen_killstreak_broker_02,Чистий талант! Оце ти і бачиш!
loc_broker_male_a__response_for_psyker_seen_killstreak_broker_03,Не дарма мої навички цінують!
loc_broker_male_a__response_for_psyker_start_revive_broker_01,[З болем] Це не мій зоряний час.
loc_broker_male_a__response_for_psyker_start_revive_broker_02,[З болем] Дякую за допомогу.
loc_broker_male_a__response_for_psyker_start_revive_broker_03,"[З болем] Що ж... оце так фартануло, як то кажуть..."
loc_broker_male_a__response_for_seen_netgunner_flee_01,Тільки не дайте їй утекти!
loc_broker_male_a__response_for_seen_netgunner_flee_02,Чого чекаєте? Вбийте її!
loc_broker_male_a__response_for_veteran_cover_me_01,"Чую, Рубако!"
loc_broker_male_a__response_for_veteran_cover_me_02,Ветеран просить його витягти!
loc_broker_male_a__response_for_veteran_cover_me_03,Хтось прикрийте Ветерана!
loc_broker_male_a__response_for_veteran_critical_health_01,"Краще підлікуйся, Рубако."
loc_broker_male_a__response_for_veteran_critical_health_02,"От міцний горішок з тебе, Рубако."
loc_broker_male_a__response_for_veteran_critical_health_03,Як і личить славолюбу — скиглити через дрібну подряпину.
loc_broker_male_a__response_for_veteran_disabled_by_chaos_hound_01,Ото НЕНАСИТНИЙ гончак!
loc_broker_male_a__response_for_veteran_disabled_by_chaos_hound_02,У Рубаки проблеми з псом!
loc_broker_male_a__response_for_veteran_disabled_by_chaos_hound_03,"Спорю, ти смачний шматок!"
loc_broker_male_a__response_for_veteran_disabled_by_enemy_01,Хтось допоможе?
loc_broker_male_a__response_for_veteran_disabled_by_enemy_02,"Ага, зараз кину все й побіжу рятувати!"
loc_broker_male_a__response_for_veteran_disabled_by_enemy_03,Зачекай! Я тут зайнятий!
loc_broker_male_a__response_for_veteran_enemy_kill_monster_01,"І саме тому я кличу тебе ""Рубака""!"
loc_broker_male_a__response_for_veteran_enemy_kill_monster_02,Ей! Ми теж допомагали!
loc_broker_male_a__response_for_veteran_enemy_kill_monster_03,"Сподіваймось, що наступного більше не побачимо."
loc_broker_male_a__response_for_veteran_knocked_down_3_01,"Може, не помітив, але ми трохи зайняті!"
loc_broker_male_a__response_for_veteran_knocked_down_3_02,"Тримайся, друже, ми в курсі!"
loc_broker_male_a__response_for_veteran_knocked_down_3_03,Рубако знову розлігся. Ну Комісарська шапка.
loc_broker_male_a__response_for_veteran_ledge_hanging_01,ЩО ти робиш?
loc_broker_male_a__response_for_veteran_ledge_hanging_02,Вас не вчать триматись подалі від урвищ?
loc_broker_male_a__response_for_veteran_ledge_hanging_03,"Дивись під ноги, ти, «Комісарська шапка»!"
loc_broker_male_a__response_for_veteran_seen_killstreak_broker_01,"Це бій каналів, і ти на моїй території!"
loc_broker_male_a__response_for_veteran_seen_killstreak_broker_02,НЕ ЧУЮ ТЕБЕ. ЗАНАДТО ЗАЙНЯТИЙ БІЙНЕЮ!
loc_broker_male_a__response_for_veteran_seen_killstreak_broker_03,"Задаю планку, Рубако!"
loc_broker_male_a__response_for_veteran_start_revive_broker_01,[З болем] Дякую... Час відплати...
loc_broker_male_a__response_for_veteran_start_revive_broker_02,[З болем] Винен тобі одне.
loc_broker_male_a__response_for_veteran_start_revive_broker_03,"[З болем] Дякую, Рубако. Думав, мені кінець."
loc_broker_male_a__response_for_zealot_cover_me_01,"Ага, чули!"
loc_broker_male_a__response_for_zealot_cover_me_02,"Кумпол вниз, рота закрий!"
loc_broker_male_a__response_for_zealot_cover_me_03,"[Зітх] Хтось досить близько, щоб допомогти?"
loc_broker_male_a__response_for_zealot_disabled_by_chaos_hound_01,Оце? З цим не впораєшся?
loc_broker_male_a__response_for_zealot_disabled_by_chaos_hound_02,"Зубів до біса, і це не жарти!"
loc_broker_male_a__response_for_zealot_disabled_by_chaos_hound_03,Пика вся в смердючій слині!
loc_broker_male_a__response_for_zealot_disabled_by_enemy_01,Ага. Виглядає погано.
loc_broker_male_a__response_for_zealot_disabled_by_enemy_02,"От ти в халепі, друже."
loc_broker_male_a__response_for_zealot_disabled_by_enemy_03,Та скільки можна «Леман-Рассить»!
loc_broker_male_a__response_for_zealot_enemy_kill_monster_01,"Впало важко. Сподіваймось, лежатиме."
loc_broker_male_a__response_for_zealot_enemy_kill_monster_02,"Добре спрацював, Язикатий."
loc_broker_male_a__response_for_zealot_enemy_kill_monster_03,На Бузувіра завжди можна покласти брудну бійню.
loc_broker_male_a__response_for_zealot_knocked_down_3_01,Ти не єдина наша проблема!
loc_broker_male_a__response_for_zealot_knocked_down_3_02,Хтось підніміть Язикатого — хоча б щоб заткнувся!
loc_broker_male_a__response_for_zealot_knocked_down_3_03,"Підніміть Язикатого, га? Інакше спокою не буде."
loc_broker_male_a__response_for_zealot_ledge_hanging_01,Тільки не дивись вниз!
loc_broker_male_a__response_for_zealot_ledge_hanging_02,"Тримайся, скільки можеш!"
loc_broker_male_a__response_for_zealot_ledge_hanging_03,Язикатого треба витягнути!
loc_broker_male_a__response_for_zealot_seen_killstreak_broker_01,Не збрешу: майстер я!
loc_broker_male_a__response_for_zealot_seen_killstreak_broker_02,"Ти добрий, а я кращий. Запам’ятай!"
loc_broker_male_a__response_for_zealot_seen_killstreak_broker_03,Хист до м’ясорубки нікуди не дівається!
loc_broker_male_a__response_for_zealot_start_revive_broker_01,[З болем] Я ще не скінчив. Ось побачиш.
loc_broker_male_a__response_for_zealot_start_revive_broker_02,[З болем] Дякую. Там було не весело.
loc_broker_male_a__response_for_zealot_start_revive_broker_03,[З болем] Гаразд. Час відплатити...
loc_broker_male_a__response_rechargable_for_look_at_healthstation_01,Десь поруч має бути батарея.
loc_broker_male_a__response_rechargable_for_look_at_healthstation_02,"Шукайте батарею, гаразд?"
loc_broker_male_a__response_to_hacking_fix_decode_01,Третьосортний технобрухт...
loc_broker_male_a__response_to_hacking_fix_decode_02,Краще полагодьте оцю фігню.
loc_broker_male_a__seen_enemy_beast_of_nurgle_01,"Звір Нурґла! Огидний клятий виродок, га?"
loc_broker_male_a__seen_enemy_beast_of_nurgle_02,"О, прекрасно. Звір Нурґла."
loc_broker_male_a__seen_enemy_beast_of_nurgle_03,Звір Нурґла! Іде геть погано!
loc_broker_male_a__seen_enemy_berserker_01,"Ну що, Берсерку, покажи, на що здатен!"
loc_broker_male_a__seen_enemy_berserker_02,Берсерк!
loc_broker_male_a__seen_enemy_berserker_03,Берсерк іде «погратися»!
loc_broker_male_a__seen_enemy_berserker_04,"Пику прикрив, Берсерку?"
loc_broker_male_a__seen_enemy_berserker_05,Берсерк! Вибийте йому зуби!
loc_broker_male_a__seen_enemy_bulwark_01,Щитник!
loc_broker_male_a__seen_enemy_bulwark_02,"Привіт, Щитнику!"
loc_broker_male_a__seen_enemy_bulwark_03,Той Щитник — здоровило!
loc_broker_male_a__seen_enemy_bulwark_04,"Хтось, приберіть того Щитника!"
loc_broker_male_a__seen_enemy_bulwark_05,Великий щит — малий мозок!
loc_broker_male_a__seen_enemy_daemonhost_01,Обережно! ... Демононосій...
loc_broker_male_a__seen_enemy_daemonhost_02,Тихо! ... У нас Демононосій...
loc_broker_male_a__seen_enemy_daemonhost_03,Стривай... Це Демононосій...
loc_broker_male_a__seen_enemy_daemonhost_04,"Месселіно, вбережи... Це Демононосій..."
loc_broker_male_a__seen_enemy_executor_01,Трощитель!
loc_broker_male_a__seen_enemy_executor_02,"Прийшов сказати ""привіт"", Трощителю?"
loc_broker_male_a__seen_enemy_executor_03,Трощитель іде в атаку!
loc_broker_male_a__seen_enemy_executor_04,"Вибий тому Трощителю голову, а?"
loc_broker_male_a__seen_enemy_executor_05,"Придушіть того Трощителя, га?"
loc_broker_male_a__seen_enemy_grenadier_01,Маємо Бомбера!
loc_broker_male_a__seen_enemy_grenadier_02,Бомбер підходить близько!
loc_broker_male_a__seen_enemy_grenadier_03,Вбийте того Бомбера!
loc_broker_male_a__seen_enemy_grenadier_04,"Чого тобі, Бомбере?"
loc_broker_male_a__seen_enemy_grenadier_05,Гей! Приберіть того Бомбера!
loc_broker_male_a__seen_enemy_group_assaulting_01,Ще одна зграя сміливців!
loc_broker_male_a__seen_enemy_group_assaulting_02,Вони йдуть!
loc_broker_male_a__seen_enemy_group_assaulting_03,Гнильці самі просяться на той світ!
loc_broker_male_a__seen_enemy_group_assaulting_04,Гнильці! Ціла купа!
loc_broker_male_a__seen_enemy_group_assaulting_05,"Глянь, вистачить на всіх!"
loc_broker_male_a__seen_enemy_group_far_range_shooting_behind_cover_01,Вони в укритті! Доведеться зближуватися!
loc_broker_male_a__seen_enemy_group_far_range_shooting_behind_cover_02,Гнильці в укритті! Притиснути й прибити!
loc_broker_male_a__seen_enemy_group_far_range_shooting_behind_cover_03,Ховаються? Це шахрайство!
loc_broker_male_a__seen_enemy_group_far_range_shooting_behind_cover_04,"В укритті, так? Не допоможе!"
loc_broker_male_a__seen_enemy_group_far_range_shooting_behind_cover_05,Гниляки засіли. Час для ножа!
loc_broker_male_a__seen_enemy_heavy_gunner_01,Надайте тому Кулеметнику!
loc_broker_male_a__seen_enemy_heavy_gunner_02,Важкий Кулеметник розгортається!
loc_broker_male_a__seen_enemy_heavy_gunner_03,Голови нижче! Тут Важкий Кулеметник!
loc_broker_male_a__seen_enemy_heavy_gunner_04,Приберіть того Важкого Кулеметника!
loc_broker_male_a__seen_enemy_heavy_gunner_05,"Хтось, приберіть того кулеметника!"
loc_broker_male_a__seen_enemy_houndmaster_a_01,Обережно! Ватажок Зграї!
loc_broker_male_a__seen_enemy_houndmaster_a_02,У нас Ватажок Зграї!
loc_broker_male_a__seen_enemy_houndmaster_a_03,Гей! Схоже на Ватажка Зграї!
loc_broker_male_a__seen_enemy_houndmaster_a_04,Бос Собак! Завалити його!
loc_broker_male_a__seen_enemy_houndmaster_a_05,"Прибрати Боса Собак, га?"
loc_broker_male_a__seen_enemy_mutant_charger_01,Сердита Мутень!
loc_broker_male_a__seen_enemy_mutant_charger_02,Чуєте? Мутень йде!
loc_broker_male_a__seen_enemy_mutant_charger_03,Краще придушіть того мутня!
loc_broker_male_a__seen_enemy_mutant_charger_04,Мутень рвоне!
loc_broker_male_a__seen_enemy_mutant_charger_05,Та Мутень проситься на прочуханку!
loc_broker_male_a__seen_enemy_poxwalker_bomber_01,Обережно! Вибухун!
loc_broker_male_a__seen_enemy_poxwalker_bomber_02,Чумовибухач! Назад!
loc_broker_male_a__seen_enemy_poxwalker_bomber_03,Чумовибухач! Штовхни й відходь!
loc_broker_male_a__seen_enemy_poxwalker_bomber_04,Бачиш того Вибухуна?
loc_broker_male_a__seen_enemy_poxwalker_bomber_05,"Гей, Чумовибухач! Тебе ніхто не любить!"
loc_broker_male_a__seen_enemy_scab_flamer_a_01,Палій! Зараз буде гаряче!
loc_broker_male_a__seen_enemy_scab_flamer_a_02,Смажник! Геть від нього!
loc_broker_male_a__seen_enemy_scab_flamer_a_03,Палій наближається!
loc_broker_male_a__seen_enemy_scab_flamer_a_04,Йде гаряченьке!
loc_broker_male_a__seen_enemy_scab_flamer_a_05,Гнилячий палій! Приберіть його!
loc_broker_male_a__seen_enemy_shocktrooper_01,Дробостріл! Його треба покласти!
loc_broker_male_a__seen_enemy_shocktrooper_02,"Хтось, приберіть того Дробостріла!"
loc_broker_male_a__seen_enemy_shocktrooper_03,Убийте того Дробостріла!
loc_broker_male_a__seen_enemy_shocktrooper_04,Вибийте тому Дробострілу зуби!
loc_broker_male_a__seen_enemy_shocktrooper_05,Прокидаймось кодло: Дробостріл!
loc_broker_male_a__seen_enemy_sniper_01,Маємо Снайпера!
loc_broker_male_a__seen_enemy_sniper_02,Маємо Стрільця!
loc_broker_male_a__seen_enemy_sniper_03,Стрілець! Покладіть його!
loc_broker_male_a__seen_enemy_sniper_04,Приберіть того Снайпера!
loc_broker_male_a__seen_enemy_sniper_05,Треба прибрати Снайпера!
loc_broker_male_a__seen_netgunner_01,Ловець десь нишпорить!
loc_broker_male_a__seen_netgunner_02,Ловець шукає здобич!
loc_broker_male_a__seen_netgunner_03,"Ей, Ловцю! Звалюй звідси, зрозумів?"
loc_broker_male_a__seen_netgunner_04,"Іди сюди, Ловцю! Давай влаштуємо справжній бій!"
loc_broker_male_a__seen_netgunner_05,"Хтось, приберіть того Ловця!"
loc_broker_male_a__seen_netgunner_flee_01,"О, гляньте: Ловець тікає!"
loc_broker_male_a__seen_netgunner_flee_02,Ловець злякався і дає драла!
loc_broker_male_a__smart_tag_stimm_concentration_a_01,Стим Концентрації!
loc_broker_male_a__smart_tag_stimm_concentration_a_02,Стим концентрації!
loc_broker_male_a__smart_tag_stimm_health_a_01,Мед-стим!
loc_broker_male_a__smart_tag_stimm_health_a_02,Мед-стим!
loc_broker_male_a__smart_tag_stimm_power_a_01,Бойовий стим!
loc_broker_male_a__smart_tag_stimm_power_a_02,Бойовий стим!
loc_broker_male_a__smart_tag_stimm_speed_a_01,Стим прудкості!
loc_broker_male_a__smart_tag_stimm_speed_a_02,Стим прудкості!
loc_broker_male_a__smart_tag_vo_enemy_berserker_01,Берсерк!
loc_broker_male_a__smart_tag_vo_enemy_berserker_02,Берсерк!
loc_broker_male_a__smart_tag_vo_enemy_chaos_hound_01,Гонча!
loc_broker_male_a__smart_tag_vo_enemy_chaos_hound_02,Гонча!
loc_broker_male_a__smart_tag_vo_enemy_chaos_mutant_charger_01,Мутень!
loc_broker_male_a__smart_tag_vo_enemy_chaos_mutant_charger_02,Мутень!
loc_broker_male_a__smart_tag_vo_enemy_chaos_ogryn_armored_executor_01,Крушитель!
loc_broker_male_a__smart_tag_vo_enemy_chaos_ogryn_armored_executor_02,Крушитель!
loc_broker_male_a__smart_tag_vo_enemy_chaos_ogryn_bulwark_01,Щитоносець!
loc_broker_male_a__smart_tag_vo_enemy_chaos_ogryn_bulwark_02,Щитоносець!
loc_broker_male_a__smart_tag_vo_enemy_chaos_ogryn_heavy_gunner_01,Жнець!
loc_broker_male_a__smart_tag_vo_enemy_chaos_ogryn_heavy_gunner_02,Жнець!
loc_broker_male_a__smart_tag_vo_enemy_chaos_poxwalker_bomber_01,Чумовибухач!
loc_broker_male_a__smart_tag_vo_enemy_chaos_poxwalker_bomber_02,Чумовибухач!
loc_broker_male_a__smart_tag_vo_enemy_chaos_spawn_01,М’ясний мішок!
loc_broker_male_a__smart_tag_vo_enemy_chaos_spawn_02,М’ясний мішок!
loc_broker_male_a__smart_tag_vo_enemy_daemonhost_witch_01,Демононосій!
loc_broker_male_a__smart_tag_vo_enemy_daemonhost_witch_02,Демононосій!
loc_broker_male_a__smart_tag_vo_enemy_houndmaster_a_01,Ватажок Зграї!
loc_broker_male_a__smart_tag_vo_enemy_houndmaster_a_02,Ватажок Зграї!
loc_broker_male_a__smart_tag_vo_enemy_netgunner_01,Ловець!
loc_broker_male_a__smart_tag_vo_enemy_netgunner_02,Ловець!
loc_broker_male_a__smart_tag_vo_enemy_plague_ogryn_01,Чумний оґрин!
loc_broker_male_a__smart_tag_vo_enemy_plague_ogryn_02,Чумний оґрин!
loc_broker_male_a__smart_tag_vo_enemy_scab_flamer_a_01,Палій!
loc_broker_male_a__smart_tag_vo_enemy_scab_flamer_a_02,Палій!
loc_broker_male_a__smart_tag_vo_enemy_traitor_executor_01,Трощитель!
loc_broker_male_a__smart_tag_vo_enemy_traitor_executor_02,Трощитель!
loc_broker_male_a__smart_tag_vo_enemy_traitor_grenadier_01,Бомбер!
loc_broker_male_a__smart_tag_vo_enemy_traitor_grenadier_02,Бомбер!
loc_broker_male_a__smart_tag_vo_enemy_traitor_gunner_01,Кулеметник!
loc_broker_male_a__smart_tag_vo_enemy_traitor_gunner_02,Кулеметник!
loc_broker_male_a__smart_tag_vo_enemy_traitor_scout_shocktrooper_01,Дробостріл!
loc_broker_male_a__smart_tag_vo_enemy_traitor_scout_shocktrooper_02,Дробостріл!
loc_broker_male_a__smart_tag_vo_enemy_traitor_sniper_01,Снайпер!
loc_broker_male_a__smart_tag_vo_enemy_traitor_sniper_02,Снайпер!
loc_broker_male_a__smart_tag_vo_pickup_ammo_01,Набої!
loc_broker_male_a__smart_tag_vo_pickup_ammo_02,Набої!
loc_broker_male_a__smart_tag_vo_pickup_battery_01,Батарея!
loc_broker_male_a__smart_tag_vo_pickup_battery_02,Батарея!
loc_broker_male_a__smart_tag_vo_pickup_container_01,Вакуумна капсула!
loc_broker_male_a__smart_tag_vo_pickup_container_02,Вакуумна капсула!
loc_broker_male_a__smart_tag_vo_pickup_control_rod_01,Кріонічний стрижень!
loc_broker_male_a__smart_tag_vo_pickup_control_rod_02,Кріонічний стрижень!
loc_broker_male_a__smart_tag_vo_pickup_deployed_ammo_crate_01,Ящик з набоями!
loc_broker_male_a__smart_tag_vo_pickup_deployed_ammo_crate_02,Ящик з набоями!
loc_broker_male_a__smart_tag_vo_pickup_deployed_medical_crate_01,Аптечку поставлено!
loc_broker_male_a__smart_tag_vo_pickup_deployed_medical_crate_02,Медпак встановлено!
loc_broker_male_a__smart_tag_vo_pickup_forge_metal_01,Пласталь!
loc_broker_male_a__smart_tag_vo_pickup_forge_metal_02,Пласталь!
loc_broker_male_a__smart_tag_vo_pickup_health_booster_01,Медстимм!
loc_broker_male_a__smart_tag_vo_pickup_health_booster_02,Медстимм!
loc_broker_male_a__smart_tag_vo_pickup_medical_crate_01,Аптечка!
loc_broker_male_a__smart_tag_vo_pickup_medical_crate_02,Аптечка!
loc_broker_male_a__smart_tag_vo_pickup_platinum_01,Діамантин!
loc_broker_male_a__smart_tag_vo_pickup_platinum_02,Діамантин!
loc_broker_male_a__smart_tag_vo_pickup_side_mission_consumable_01,Реліквія!
loc_broker_male_a__smart_tag_vo_pickup_side_mission_consumable_02,Реліквія!
loc_broker_male_a__smart_tag_vo_pickup_side_mission_grimoire_01,Ґримуар!
loc_broker_male_a__smart_tag_vo_pickup_side_mission_grimoire_02,Ґримуар!
loc_broker_male_a__smart_tag_vo_pickup_side_mission_tome_01,Писання!
loc_broker_male_a__smart_tag_vo_pickup_side_mission_tome_02,Писання!
loc_broker_male_a__smart_tag_vo_small_grenade_01,Граната!
loc_broker_male_a__smart_tag_vo_small_grenade_02,Граната!
loc_broker_male_a__smart_tag_vo_station_health_01,Медстанція!
loc_broker_male_a__smart_tag_vo_station_health_02,Медстанція!
loc_broker_male_a__smart_tag_vo_station_health_without_battery_01,Потрібна батарея!
loc_broker_male_a__smart_tag_vo_station_health_without_battery_02,Потрібна батарея!
loc_broker_male_a__stairs_sighted_01,Сходи!
loc_broker_male_a__stairs_sighted_02,Сходи!
loc_broker_male_a__stairs_sighted_03,Є сходи!
loc_broker_male_a__stairs_sighted_04,Бачу сходи!
loc_broker_male_a__stairs_sighted_05,Маємо сходи! Чудово!
loc_broker_male_a__surrounded_01,"Зброю напоготові, друзі! Гниляки всюди!"
loc_broker_male_a__surrounded_02,Гниляки з усіх боків!
loc_broker_male_a__surrounded_03,Вони зараза усюди!
loc_broker_male_a__surrounded_04,Маємо купу нових «друзів»!
loc_broker_male_a__surrounded_05,Гниляки клято скрізь!
loc_broker_male_a__surrounded_response_01,Чим більше — тим веселіше!
loc_broker_male_a__surrounded_response_02,Тікати нікуди — стоїмо й б'ємось!
loc_broker_male_a__surrounded_response_03,Почали! Тільки не здохніть мені тут!
loc_broker_male_a__surrounded_response_04,[Сміх] ОТ тепер це бійка!
loc_broker_male_a__surrounded_response_05,Багато цілей! Ділимось!
loc_broker_male_a__warning_exploding_barrel_01,Увага на бочку!
loc_broker_male_a__warning_exploding_barrel_02,Бочка зараз рвоне!
loc_broker_male_a__warning_exploding_barrel_03,Нестабільна бочка!
loc_broker_male_a__warning_exploding_barrel_04,Бочка зараз бахне!
loc_broker_male_b__ability_01_a_01,Легкі цілі!
loc_broker_male_b__ability_01_a_02,"О, тепер вам кінець!"
loc_broker_male_b__ability_01_a_03,Цілей — як бруду!
loc_broker_male_b__ability_01_a_04,"Починайте тікати, Гнильці!"
loc_broker_male_b__ability_01_a_05,Куль вистачить на всіх!
loc_broker_male_b__ability_01_a_06,[Сміється] Хто перший здохне?
loc_broker_male_b__ability_01_a_07,Кулі для кожного!
loc_broker_male_b__ability_01_a_08,Час різанини!
loc_broker_male_b__ability_02_a_01,Я буду не сильно!
loc_broker_male_b__ability_02_a_02,Відповідай! Слабо?
loc_broker_male_b__ability_02_a_03,Час лізти в бій!
loc_broker_male_b__ability_02_a_04,Віч-на-віч!
loc_broker_male_b__ability_02_a_05,Мене не спинити!
loc_broker_male_b__ability_02_a_06,Дивись і вчися!
loc_broker_male_b__ability_02_a_07,Ламані кістки — за мить!
loc_broker_male_b__ability_02_a_08,Давай! Спробуй утекти!
loc_broker_male_b__ability_03_a_01,Час для стимів!
loc_broker_male_b__ability_03_a_02,"Стимтесь, ви там!"
loc_broker_male_b__ability_03_a_03,Розкладаю стимулятори!
loc_broker_male_b__ability_03_a_04,Стимми! Підходьте!
loc_broker_male_b__ability_03_a_05,Пора освіжити розклад!
loc_broker_male_b__ability_03_a_06,Як щодо стимів?
loc_broker_male_b__ability_03_a_07,Є для вас стимів!
loc_broker_male_b__ability_03_a_08,Стимми! Не марнуйте їх!
loc_broker_male_b__alerted_2_enemy_daemonhost_01,Безтолковий пилоїде! От тепер і влипли!
loc_broker_male_b__alerted_2_enemy_daemonhost_02,Краще б ви його не будили!
loc_broker_male_b__alerted_enemy_daemonhost_01,Не чіпати!
loc_broker_male_b__alerted_enemy_daemonhost_02,Не смійте його чіпати!
loc_broker_male_b__alerted_enemy_daemonhost_03,Не будіть цю тварюку!
loc_broker_male_b__alerted_enemy_daemonhost_04,Розбудите — самі і розгрібайте.
loc_broker_male_b__almost_there_01,Майже прийшли!
loc_broker_male_b__almost_there_02,Рухайте своїми клятими ногами!
loc_broker_male_b__almost_there_03,Ви взагалі коли-небудь рухаєтесь швидше?
loc_broker_male_b__almost_there_04,Ну! Пожвавіше!
loc_broker_male_b__almost_there_05,Майже кінець.
loc_broker_male_b__asset_unnatural_dark_a_01,Світла зовсім нема.
loc_broker_male_b__asset_unnatural_dark_a_02,Тут темнішає.
loc_broker_male_b__asset_unnatural_dark_b_01,У темряві добре полювати.
loc_broker_male_b__asset_unnatural_dark_b_02,Мені байдуже.
loc_broker_male_b__away_from_squad_01,Погана ідея — ходити самому...
loc_broker_male_b__away_from_squad_02,Самому небезпечно.
loc_broker_male_b__away_from_squad_03,Як це ми розділились?
loc_broker_male_b__away_from_squad_04,Я сам? Погана ідея.
loc_broker_male_b__away_from_squad_05,Я один. [Рик]
loc_broker_male_b__blitz_01_a_01,Хлопушка!
loc_broker_male_b__blitz_01_a_02,Хлопушка!
loc_broker_male_b__blitz_01_a_03,Хлопушка пішла!
loc_broker_male_b__blitz_01_a_04,Кидаю хлопушку!
loc_broker_male_b__blitz_01_a_05,Хлопушка — пішла!
loc_broker_male_b__blitz_01_a_06,Хлорушка полетіла!
loc_broker_male_b__blitz_01_a_07,"Миттєве прикриття, ловіть!"
loc_broker_male_b__blitz_01_a_08,Сліплю Гнильців!
loc_broker_male_b__blitz_02_a_01,Тримайся подалі!
loc_broker_male_b__blitz_02_a_02,Вибуховий сюрприз!
loc_broker_male_b__blitz_02_a_03,Час зрівняти рахунки!
loc_broker_male_b__blitz_02_a_04,З ракетами все краще!
loc_broker_male_b__blitz_02_a_05,Очищаю територію!
loc_broker_male_b__blitz_02_a_06,Маю саме те що треба для вас!
loc_broker_male_b__blitz_02_a_07,Час шоу!
loc_broker_male_b__blitz_02_a_08,Пора зробити з них мотлох!
loc_broker_male_b__blitz_03_a_01,Хім-бомба!
loc_broker_male_b__blitz_03_a_02,Хім-бомба!
loc_broker_male_b__blitz_03_a_03,Хім-бомба полетіла!
loc_broker_male_b__blitz_03_a_04,Хімія! Люблю таке!
loc_broker_male_b__blitz_03_a_05,Увага! Хім-бомба!
loc_broker_male_b__blitz_03_a_06,Кидаю хім-бомбу!
loc_broker_male_b__blitz_03_a_07,Хім-бомбу кинуто!
loc_broker_male_b__blitz_03_a_08,Полетіла: хім-бомба!
loc_broker_male_b__broker_bonding_conversation_01_b_01,От іменно.
loc_broker_male_b__broker_bonding_conversation_01_d_01,Сором коштує додатково.
loc_broker_male_b__broker_bonding_conversation_02_b_01,Нічогісінько.
loc_broker_male_b__broker_bonding_conversation_02_d_01,Не лише Щурики повинні бути пильними.
loc_broker_male_b__broker_bonding_conversation_03_b_01,Це І Є моя рутина.
loc_broker_male_b__broker_bonding_conversation_03_d_01,"Просто кажу, як є."
loc_broker_male_b__broker_bonding_conversation_04_a_01,Не поспішай: поспішний постріл — змарнований постріл.
loc_broker_male_b__broker_bonding_conversation_04_c_01,Але ти не вмієш вбивати ефективно.
loc_broker_male_b__broker_bonding_conversation_05_a_01,Ненавиджу працювати зі Щур-поборниками. Вони завжди стежать.
loc_broker_male_b__broker_bonding_conversation_05_c_01,Та нє. Лише розлютуєш їх.
loc_broker_male_b__broker_bonding_conversation_06_a_01,Скоро буде дуже цікаво і дуже скоро.
loc_broker_male_b__broker_bonding_conversation_06_c_01,"Це відбувавється зараз, погано це чи ні."
loc_broker_male_b__broker_bonding_conversation_25_b_01,Ні про що не шкодую. Я змушую інших шкодувати.
loc_broker_male_b__broker_bonding_conversation_25_d_01,Я завжди обережний.
loc_broker_male_b__broker_bonding_conversation_26_b_01,"Це моє діло, не твоє."
loc_broker_male_b__broker_bonding_conversation_26_d_01,"Те, що ти робиш — це видаєш нашу позицію."
loc_broker_male_b__broker_bonding_conversation_27_b_01,Можливо. Робота ще не зроблена.
loc_broker_male_b__broker_bonding_conversation_27_d_01,"Нічим не можу зарадити тому, що ти почув."
loc_broker_male_b__broker_bonding_conversation_28_a_01,Нарешті покликали професіоналів.
loc_broker_male_b__broker_bonding_conversation_28_c_01,Я про себе.
loc_broker_male_b__broker_bonding_conversation_29_a_01,Ніколи не любив ці місця. Дармоїди та ледацюги всюди.
loc_broker_male_b__broker_bonding_conversation_29_c_01,"Це ще, можна сказати, прогрес."
loc_broker_male_b__broker_bonding_conversation_30_a_01,Правда така: нас усіх сюди послали вмирати.
loc_broker_male_b__broker_bonding_conversation_30_c_01,"Поки що. Далі не потягнемо, якщо не впораємось."
loc_broker_male_b__broker_bonding_conversation_49_b_01,А тобі треба заспокоїтися.
loc_broker_male_b__broker_bonding_conversation_49_d_01,Немає нічого поганого в послідовності. Спробуй.
loc_broker_male_b__broker_bonding_conversation_50_b_01,Що я можу сказати? Бути поруч з тобою виснажує мене.
loc_broker_male_b__broker_bonding_conversation_50_d_01,Звісно. Так воно і є.
loc_broker_male_b__broker_bonding_conversation_51_b_01,Добре. Гратися з їжею не надто корисно.
loc_broker_male_b__broker_bonding_conversation_51_d_01,"Я знаю, що бачив."
loc_broker_male_b__broker_bonding_conversation_52_a_01,Ти нас усіх до могили доведеш.
loc_broker_male_b__broker_bonding_conversation_52_c_01,Ти хоч щось сприймаєш серйозно?
loc_broker_male_b__broker_bonding_conversation_53_a_01,Давай! Поживи трохи!
loc_broker_male_b__broker_bonding_conversation_53_c_01,"Бісова правда! Треба ж розважатися, інакше який у цьому сенс?"
loc_broker_male_b__broker_bonding_conversation_54_a_01,Тримайся поруч. Насуваються неприємності.
loc_broker_male_b__broker_bonding_conversation_54_c_01,У тебе дивний спосіб це показувати.
loc_broker_male_b__broker_bonding_conversation_55_b_01,Уяви собі.
loc_broker_male_b__broker_bonding_conversation_55_d_01,Закрий пельку.
loc_broker_male_b__broker_bonding_conversation_56_b_01,Немає сенсу накликати біду.
loc_broker_male_b__broker_bonding_conversation_56_d_01,Це будуть неприємності для нас усіх.
loc_broker_male_b__broker_bonding_conversation_57_b_01,Що тебе так розвеселило?
loc_broker_male_b__broker_bonding_conversation_57_d_01,У тебе не всі вдома.
loc_broker_male_b__broker_bonding_conversation_58_a_01,"Не бачив, щоб так марно витрачали набої."
loc_broker_male_b__broker_bonding_conversation_58_c_01,"Ага, але хоч би прицілювався."
loc_broker_male_b__broker_bonding_conversation_59_a_01,Так: ти прикриваєш мене — я прикриваю тебе.
loc_broker_male_b__broker_bonding_conversation_59_c_01,Твоя імпровізація нас обох в могилу зведе.
loc_broker_male_b__broker_bonding_conversation_60_a_01,Ти непогано працюєш... коли зосереджуєшся.
loc_broker_male_b__broker_bonding_conversation_60_c_01,"А я думав, ти королева імпровізації."
loc_broker_male_b__broker_male_b_adamant_bonding_conversation_01_a_01,"Намагайся не відставати, Щур-поборнике."
loc_broker_male_b__broker_male_b_adamant_bonding_conversation_01_c_01,"Ага, як скажеш, але правда є правдою."
loc_broker_male_b__broker_male_b_adamant_bonding_conversation_02_a_01,"Мабуть, серце крається, коли б'єшся пліч-о-пліч зі мною."
loc_broker_male_b__broker_male_b_adamant_bonding_conversation_02_c_01,Ага? Слова твої кажуть одне. А тон — щось інше.
loc_broker_male_b__broker_male_b_adamant_bonding_conversation_03_a_01,З тебе вийшов би непоганий мисливець за головами.
loc_broker_male_b__broker_male_b_adamant_bonding_conversation_03_c_01,"Ти спокійний. Зібраний. Добре аналізуєш. Шкода, що це пропадає марно."
loc_broker_male_b__broker_male_b_adamant_bonding_conversation_04_b_01,"О, сподіваюся, що ні. Я б такої ганьби не пережив."
loc_broker_male_b__broker_male_b_adamant_bonding_conversation_04_d_01,Та ні. Але в мене є своя гордість.
loc_broker_male_b__broker_male_b_adamant_bonding_conversation_05_b_01,"Скажу відверто, мені це байдуже."
loc_broker_male_b__broker_male_b_adamant_bonding_conversation_05_d_01,"Воно й пальцем мене не торкнеться, тож і клопоту ніякого."
loc_broker_male_b__broker_male_b_adamant_bonding_conversation_06_b_01,"Дай вгадаю, від «дуже мертвий» до просто «вже не живий»."
loc_broker_male_b__broker_male_b_adamant_bonding_conversation_06_d_01,"Ага. Може, навіть підвищать до «майже живого», якщо пощастить."
loc_broker_male_b__broker_male_b_adamant_bonding_conversation_07_a_01,Я бачив трупи гнучкіші за тебе.
loc_broker_male_b__broker_male_b_adamant_bonding_conversation_07_c_01,Стій... Це був жарт?
loc_broker_male_b__broker_male_b_adamant_bonding_conversation_08_a_01,Мені не чужа служба Закону... коли правоохоронцю треба трохи обійти правила.
loc_broker_male_b__broker_male_b_adamant_bonding_conversation_08_c_01,"Я не казав, що я щось захищаю."
loc_broker_male_b__broker_male_b_adamant_bonding_conversation_09_a_01,Завжди любив тих бойових песиків. Сам би такого завів.
loc_broker_male_b__broker_male_b_adamant_bonding_conversation_09_c_01,"О, дисципліни в мене вистачає. Тобі просто не подобається, як я її застосовую."
loc_broker_male_b__broker_male_b_adamant_bonding_conversation_10_b_01,Закон завжди чогось вимагає.
loc_broker_male_b__broker_male_b_adamant_bonding_conversation_10_d_01,Твій. Не мій.
loc_broker_male_b__broker_male_b_adamant_bonding_conversation_11_b_01,"Я з ЧЕСНИХ. Я знаю, хто я такий."
loc_broker_male_b__broker_male_b_adamant_bonding_conversation_11_d_01,"Нічого трагічного в цьому немає, Щурику."
loc_broker_male_b__broker_male_b_adamant_bonding_conversation_12_b_01,"Твій вибір, не мій."
loc_broker_male_b__broker_male_b_adamant_bonding_conversation_12_d_01,Як скажеш.
loc_broker_male_b__broker_male_b_adamant_bonding_conversation_13_a_01,"Ти виглядаєш виснаженим. Може, на сьогодні досить."
loc_broker_male_b__broker_male_b_adamant_bonding_conversation_13_c_01,"Балачки нічого не варті. Покажи, на що ти здатен."
loc_broker_male_b__broker_male_b_adamant_bonding_conversation_14_a_01,"Не лізь під ноги — може, й потоваришуємо."
loc_broker_male_b__broker_male_b_adamant_bonding_conversation_14_c_01,І скільки саме це буде?
loc_broker_male_b__broker_male_b_adamant_bonding_conversation_15_a_01,Ми не такі вже й різні. Просто здобич інша.
loc_broker_male_b__broker_male_b_adamant_bonding_conversation_15_c_01,У мене теж. Тільки мої не пафосні.
loc_broker_male_b__broker_male_b_adamant_bonding_conversation_16_b_01,"Дивись позитивно. Принаймні знаєш, що я гарний убивця."
loc_broker_male_b__broker_male_b_adamant_bonding_conversation_16_d_01,"Якщо я прийду по тебе, ти дізнаєшся про це першим."
loc_broker_male_b__broker_male_b_adamant_bonding_conversation_17_b_01,"Сподіваюсь, ти про Гнильців, бо я вчуся швидко."
loc_broker_male_b__broker_male_b_adamant_bonding_conversation_17_d_01,"Як я пам’ятаю, це ви до НАС приєдналися, а не навпаки."
loc_broker_male_b__broker_male_b_adamant_bonding_conversation_18_b_01,"Я не дуже полюбляю халяву, але в тебе є твій ""обов'язок"", тож логічно дозволити тобі взяти на себе напруження."
loc_broker_male_b__broker_male_b_adamant_bonding_conversation_18_d_01,"Ага? А сам ти не дуже веселий, еге ж?"
loc_broker_male_b__broker_male_b_adamant_bonding_conversation_19_a_01,День буде довгим.
loc_broker_male_b__broker_male_b_adamant_bonding_conversation_19_c_01,Щось ти не дуже радий цьому.
loc_broker_male_b__broker_male_b_adamant_bonding_conversation_20_a_01,Я ніколи в житті не довірятиму Щурику.
loc_broker_male_b__broker_male_b_adamant_bonding_conversation_20_c_01,"Це одна з причин, чому я не можу тобі довіряти."
loc_broker_male_b__broker_male_b_adamant_bonding_conversation_21_a_01,Ти за мною стежиш?
loc_broker_male_b__broker_male_b_adamant_bonding_conversation_21_c_01,Краще б ти за Гниляками наглядав.
loc_broker_male_b__broker_male_b_adamant_bonding_conversation_22_b_01,Купа зарплат за моєю спиною говорить про інше.
loc_broker_male_b__broker_male_b_adamant_bonding_conversation_22_d_01,Не для мене.
loc_broker_male_b__broker_male_b_adamant_bonding_conversation_23_b_01,Ніколи не вмів лагодити. Я більше по частині «розбирання на шматки».
loc_broker_male_b__broker_male_b_adamant_bonding_conversation_23_d_01,Ось ЦЕ вже справа для мене.
loc_broker_male_b__broker_male_b_adamant_bonding_conversation_24_b_01,Ніколи не сумнівався. У Гниляків кишка тонка.
loc_broker_male_b__broker_male_b_adamant_bonding_conversation_24_d_01,Не з мого досвіду.
loc_broker_male_b__broker_male_b_adamant_bonding_conversation_25_a_01,"Хочеш шматок мене, Щур-поборникику?"
loc_broker_male_b__broker_male_b_adamant_bonding_conversation_25_c_01,Спробуй. Коли завгодно.
loc_broker_male_b__broker_male_b_adamant_bonding_conversation_26_a_01,"Ти похмурий, навіть як Щур-поборника."
loc_broker_male_b__broker_male_b_adamant_bonding_conversation_26_c_01,"Але скажу, язик у тебе підвішений."
loc_broker_male_b__broker_male_b_adamant_bonding_conversation_27_a_01,Тільки глянь — б'ємося пліч-о-пліч.
loc_broker_male_b__broker_male_b_adamant_bonding_conversation_27_c_01,Звучить як погроза.
loc_broker_male_b__broker_male_b_adamant_bonding_conversation_28_b_01,Не в цьому житті.
loc_broker_male_b__broker_male_b_adamant_bonding_conversation_28_d_01,Гучні слова. А підтвердити зможеш.
loc_broker_male_b__broker_male_b_adamant_bonding_conversation_29_b_01,"Примхливі в їжі, га?"
loc_broker_male_b__broker_male_b_adamant_bonding_conversation_29_d_01,Глянь на себе — жартувати взявся.
loc_broker_male_b__broker_male_b_adamant_bonding_conversation_30_b_01,"Кажеш так, а я то стою."
loc_broker_male_b__broker_male_b_adamant_bonding_conversation_30_d_01,Зручно.
loc_broker_male_b__broker_male_b_adamant_bonding_conversation_31_a_01,"Ти нічого не боїшся, так?"
loc_broker_male_b__broker_male_b_adamant_bonding_conversation_31_c_01,"Мабуть, я навіть трохи вражений."
loc_broker_male_b__broker_male_b_adamant_bonding_conversation_32_a_01,Так і далі будеш вештатися — тебе прикінчать.
loc_broker_male_b__broker_male_b_adamant_bonding_conversation_32_c_01,"Ага? Може, й варто було б."
loc_broker_male_b__broker_male_b_adamant_bonding_conversation_33_a_01,Краще закрити. Не варто бути необережним.
loc_broker_male_b__broker_male_b_adamant_bonding_conversation_33_c_01,Завжди буває перший раз.
loc_broker_male_b__broker_male_b_adamant_bonding_conversation_34_b_01,Я триматимусь прикриття і битимусь за себе.
loc_broker_male_b__broker_male_b_adamant_bonding_conversation_34_d_01,І я його знайду. Але не сьогодні.
loc_broker_male_b__broker_male_b_adamant_bonding_conversation_35_b_01,"Хіба що з кимось із нас тут станеться невеличкий «нещасний випадок», звісно."
loc_broker_male_b__broker_male_b_adamant_bonding_conversation_35_d_01,Хто погрожує? Це було... як його... пророцтво.
loc_broker_male_b__broker_male_b_adamant_bonding_conversation_36_b_01,"Добре для тебе. Тільки... гадаю, ти будеш трохи зайнятий."
loc_broker_male_b__broker_male_b_adamant_bonding_conversation_36_d_01,"Та ні. Гадаю, воно почекає."
loc_broker_male_b__broker_male_b_ogryn_bonding_conversation_01_a_01,Мені б не завадив особистий охоронець. Тобі цікаво?
loc_broker_male_b__broker_male_b_ogryn_bonding_conversation_01_c_01,Він не мусить знати.
loc_broker_male_b__broker_male_b_ogryn_bonding_conversation_02_a_01,"Тобі там потрібна допомога, Колодо?"
loc_broker_male_b__broker_male_b_ogryn_bonding_conversation_02_c_01,"Ти знову наслухався тих Бузувірів, так?"
loc_broker_male_b__broker_male_b_ogryn_bonding_conversation_03_a_01,Мені подобається мати поруч Оґрина.
loc_broker_male_b__broker_male_b_ogryn_bonding_conversation_03_c_01,Не посперечаєшся з такою логікою.
loc_broker_male_b__broker_male_b_ogryn_bonding_conversation_04_b_01,Вони б залюбки тебе взяли.
loc_broker_male_b__broker_male_b_ogryn_bonding_conversation_04_d_01,Переживе. Можливо.
loc_broker_male_b__broker_male_b_ogryn_bonding_conversation_05_b_01,"Це не те, що кажуть інші Оґрини."
loc_broker_male_b__broker_male_b_ogryn_bonding_conversation_05_d_01,"Це, звісно, щось."
loc_broker_male_b__broker_male_b_ogryn_bonding_conversation_06_b_01,"Це добре, бо, гадаю, зараз почнеться жваво."
loc_broker_male_b__broker_male_b_ogryn_bonding_conversation_06_d_01,Майже.
loc_broker_male_b__broker_male_b_ogryn_bonding_conversation_07_a_01,"Ти не дуже говіркий, так?"
loc_broker_male_b__broker_male_b_ogryn_bonding_conversation_07_c_01,"Один з тих, хто вважає, що «справи гучніші за слова»?"
loc_broker_male_b__broker_male_b_ogryn_bonding_conversation_08_a_01,Ти до біса заважаєш.
loc_broker_male_b__broker_male_b_ogryn_bonding_conversation_08_c_01,Хто сказав?
loc_broker_male_b__broker_male_b_ogryn_bonding_conversation_09_a_01,На Оґрина завжди можна покластися зробити роботу.
loc_broker_male_b__broker_male_b_ogryn_bonding_conversation_09_c_01,Я з тобою сперечатися не буду.
loc_broker_male_b__broker_male_b_ogryn_bonding_conversation_09_e_01,"Може, трохи."
loc_broker_male_b__broker_male_b_ogryn_bonding_conversation_10_b_01,Я? Та ні. Просто думаю.
loc_broker_male_b__broker_male_b_ogryn_bonding_conversation_10_d_01,Оґринська філософія. Ніщо не зрівняється.
loc_broker_male_b__broker_male_b_ogryn_bonding_conversation_11_b_01,"Не зрозумій мене неправильно, але не думаю, що ти сильний у переговорах."
loc_broker_male_b__broker_male_b_ogryn_bonding_conversation_11_d_01,"Думаю, у тебе все вийде, як виявиться."
loc_broker_male_b__broker_male_b_ogryn_bonding_conversation_12_b_01,Чому це?
loc_broker_male_b__broker_male_b_ogryn_bonding_conversation_12_d_01,"Кожному своє, гадаю."
loc_broker_male_b__broker_male_b_ogryn_bonding_conversation_13_a_01,"Ти виглядаєш загубленим, Колодо."
loc_broker_male_b__broker_male_b_ogryn_bonding_conversation_13_c_01,Ти обжерся на Валькірії до нестями.
loc_broker_male_b__broker_male_b_ogryn_bonding_conversation_14_a_01,"Так тримати, Колодо! У тебе добре виходить."
loc_broker_male_b__broker_male_b_ogryn_bonding_conversation_14_c_01,Тебе нечасто хвалять?
loc_broker_male_b__broker_male_b_ogryn_bonding_conversation_15_a_01,"Прикривай мені спину. Зрозумів, Колодо?"
loc_broker_male_b__broker_male_b_ogryn_bonding_conversation_15_c_01,Маю наувазі «захищай мене».
loc_broker_male_b__broker_male_b_ogryn_bonding_conversation_16_b_01,Та... Що там?
loc_broker_male_b__broker_male_b_ogryn_bonding_conversation_16_d_01,Пас.
loc_broker_male_b__broker_male_b_ogryn_bonding_conversation_17_b_01,"Ти впевнений, що правильно цілишся?"
loc_broker_male_b__broker_male_b_ogryn_bonding_conversation_17_d_01,"Мабуть, в інший кінець."
loc_broker_male_b__broker_male_b_ogryn_bonding_conversation_18_b_01,Приємно це чути.
loc_broker_male_b__broker_male_b_ogryn_bonding_conversation_18_d_01,Їм же гірше.
loc_broker_male_b__broker_male_b_ogryn_bonding_conversation_19_a_01,"Ти справді втягнувся в це, Колодо."
loc_broker_male_b__broker_male_b_ogryn_bonding_conversation_19_c_01,"Просто переконайся, що вони більше не встануть."
loc_broker_male_b__broker_male_b_ogryn_bonding_conversation_20_a_01,"Мерзенно тут, чи не так?"
loc_broker_male_b__broker_male_b_ogryn_bonding_conversation_20_c_01,"Гадаю, ти майже наздогнав мене."
loc_broker_male_b__broker_male_b_ogryn_bonding_conversation_21_a_01,"Ти б'єшся так, ніби тобі є що доводити."
loc_broker_male_b__broker_male_b_ogryn_bonding_conversation_21_c_01,З результатом не посперечаєшся.
loc_broker_male_b__broker_male_b_ogryn_bonding_conversation_22_b_01,"Я — ні. Я знаю, що роблю."
loc_broker_male_b__broker_male_b_ogryn_bonding_conversation_22_d_01,Тоді вони скоро помруть.
loc_broker_male_b__broker_male_b_ogryn_bonding_conversation_23_b_01,І добре. Ще є багато кого розмазати.
loc_broker_male_b__broker_male_b_ogryn_bonding_conversation_23_d_01,"Приємно знати, що ти отримуєш задоволення."
loc_broker_male_b__broker_male_b_ogryn_bonding_conversation_24_b_01,Через поспіх можна й загинути.
loc_broker_male_b__broker_male_b_ogryn_bonding_conversation_24_d_01,"Я цього й не казав, Колодо."
loc_broker_male_b__broker_male_b_psyker_bonding_conversation_01_a_01,Ти — тягар.
loc_broker_male_b__broker_male_b_psyker_bonding_conversation_01_c_01,"Я лише кажу те, що бачу."
loc_broker_male_b__broker_male_b_psyker_bonding_conversation_02_a_01,"Давай. Покажи нам, на що здатен твій «незрівнянний розум»."
loc_broker_male_b__broker_male_b_psyker_bonding_conversation_02_c_01,Не роби поспішних висновків щодо цього.
loc_broker_male_b__broker_male_b_psyker_bonding_conversation_03_a_01,Ніколи не довіряв Псайкерам.
loc_broker_male_b__broker_male_b_psyker_bonding_conversation_03_c_01,Ось це ТОЧНО справедливо. Вони завжди намагаються щось вигадати.
loc_broker_male_b__broker_male_b_psyker_bonding_conversation_04_b_01,"Так, ця зарозумілість — безперечний плюс."
loc_broker_male_b__broker_male_b_psyker_bonding_conversation_04_d_01,Перевага рідної території. Ніхто не знає Терціум краще за нас.
loc_broker_male_b__broker_male_b_psyker_bonding_conversation_05_b_01,Що я можу сказати? Це дар.
loc_broker_male_b__broker_male_b_psyker_bonding_conversation_05_d_01,Ніколи в житті.
loc_broker_male_b__broker_male_b_psyker_bonding_conversation_06_b_01,Маєш якісь місця на прикметі?
loc_broker_male_b__broker_male_b_psyker_bonding_conversation_06_d_01,Терціум не такий вже й поганий. Дай йому час.
loc_broker_male_b__broker_male_b_psyker_bonding_conversation_07_a_01,"Або ти працюєш як слід, або у нас будуть проблеми."
loc_broker_male_b__broker_male_b_psyker_bonding_conversation_07_c_01,Тоді у нас буде щонайменше ДВІ проблеми.
loc_broker_male_b__broker_male_b_psyker_bonding_conversation_08_a_01,Я за тобою слідкую.
loc_broker_male_b__broker_male_b_psyker_bonding_conversation_08_c_01,"Може я просто використаю кулю, і збережу собі час."
loc_broker_male_b__broker_male_b_psyker_bonding_conversation_09_a_01,Запореш це полювання — сам тебе приб'ю.
loc_broker_male_b__broker_male_b_psyker_bonding_conversation_09_c_01,"Тоді для тебе це не проблема, чи не так?"
loc_broker_male_b__broker_male_b_psyker_bonding_conversation_10_b_01,Я взагалі нічого не ДУМАЮ —
loc_broker_male_b__broker_male_b_psyker_bonding_conversation_10_d_01,"Ти й далі базікай. Побачиш, що буде."
loc_broker_male_b__broker_male_b_psyker_bonding_conversation_11_b_01,Тоді тримайся при моїй ласці.
loc_broker_male_b__broker_male_b_psyker_bonding_conversation_11_d_01,Розбирайся.
loc_broker_male_b__broker_male_b_psyker_bonding_conversation_12_b_01,"Ти теж, еге? Порожнеча — не для таких, як ми."
loc_broker_male_b__broker_male_b_psyker_bonding_conversation_12_d_01,Ага? Тут унизу їх теж не бракує.
loc_broker_male_b__broker_male_b_psyker_bonding_conversation_13_a_01,"Триматимешся від мене подалі, якщо тобі дорога власна шкіра."
loc_broker_male_b__broker_male_b_psyker_bonding_conversation_13_c_01,"Просто тримай дистанцію, добре?"
loc_broker_male_b__broker_male_b_psyker_bonding_conversation_14_a_01,Їм ніколи не варто було посилати тебе сюди.
loc_broker_male_b__broker_male_b_psyker_bonding_conversation_14_c_01,Ти лише підтверджуєш мої слова.
loc_broker_male_b__broker_male_b_psyker_bonding_conversation_15_a_01,"Перевірив по своїх контактах. Ти не вартий того, щоб тебе вбивати."
loc_broker_male_b__broker_male_b_psyker_bonding_conversation_15_c_01,"Не думаю, що їм є до цього діло."
loc_broker_male_b__broker_male_b_psyker_bonding_conversation_16_b_01,Ти? І тижня не протримаєшся.
loc_broker_male_b__broker_male_b_psyker_bonding_conversation_16_d_01,"Мабуть, є лише один спосіб дізнатися."
loc_broker_male_b__broker_male_b_psyker_bonding_conversation_17_b_01,Не переймайся. Ми їх наздоженемо й прикінчимо.
loc_broker_male_b__broker_male_b_psyker_bonding_conversation_17_d_01,Добре знати.
loc_broker_male_b__broker_male_b_psyker_bonding_conversation_18_b_01,Треба мислити дрібніше: одна сутичка за раз.
loc_broker_male_b__broker_male_b_psyker_bonding_conversation_18_d_01,Загальна картина навряд чи буде кращою.
loc_broker_male_b__broker_male_b_psyker_bonding_conversation_19_a_01,Навіть для Смиканого ти занадто смиканий.
loc_broker_male_b__broker_male_b_psyker_bonding_conversation_19_c_01,Можеш спробувати?
loc_broker_male_b__broker_male_b_psyker_bonding_conversation_20_a_01,"Якщо ти лякаєш Гниляків хоча б наполовину так, як мене, то вони, мабуть, у жаху."
loc_broker_male_b__broker_male_b_psyker_bonding_conversation_20_c_01,Ага. Непередбачуваність робить усе гіршим.
loc_broker_male_b__broker_male_b_psyker_bonding_conversation_21_a_01,Не міг би ти стояти трохи далі? Ти мене нервуєш.
loc_broker_male_b__broker_male_b_psyker_bonding_conversation_21_c_01,"Ти ніколи не думав, що у них є на це вагома причина?"
loc_broker_male_b__broker_male_b_psyker_bonding_conversation_22_b_01,До цього звикаєш. Або воно тебе вбиває.
loc_broker_male_b__broker_male_b_psyker_bonding_conversation_22_d_01,Ще дізнаєшся.
loc_broker_male_b__broker_male_b_psyker_bonding_conversation_23_b_01,Ми ще майже й не починали.
loc_broker_male_b__broker_male_b_psyker_bonding_conversation_23_d_01,Хочеш — залишайся. А я рухатимуся далі.
loc_broker_male_b__broker_male_b_psyker_bonding_conversation_24_b_01,"Зобов'язаний тобі, я впевнений."
loc_broker_male_b__broker_male_b_psyker_bonding_conversation_24_d_01,"Як скажеш, Смиканий. Як скажеш."
loc_broker_male_b__broker_male_b_psyker_bonding_conversation_25_a_01,"Я вже бачив таких, як ти."
loc_broker_male_b__broker_male_b_psyker_bonding_conversation_25_c_01,Відсторонені. Пихаті. А як починається стрілянина — розсипаються.
loc_broker_male_b__broker_male_b_psyker_bonding_conversation_26_a_01,"Колишній силовик, так?"
loc_broker_male_b__broker_male_b_psyker_bonding_conversation_26_c_01,Ти дивно ходиш.
loc_broker_male_b__broker_male_b_psyker_bonding_conversation_27_a_01,У нас із тобою будуть проблеми?
loc_broker_male_b__broker_male_b_psyker_bonding_conversation_27_c_01,Ти просто вважаєш себе кращим за мене.
loc_broker_male_b__broker_male_b_psyker_bonding_conversation_28_b_01,Вони вже і так це роблять.
loc_broker_male_b__broker_male_b_psyker_bonding_conversation_28_d_01,Усі намагаємось вижити. Я — так.
loc_broker_male_b__broker_male_b_psyker_bonding_conversation_29_b_01,Ніколи не буває. Такий вже світ.
loc_broker_male_b__broker_male_b_psyker_bonding_conversation_29_d_01,Ніколи не став проти циніка.
loc_broker_male_b__broker_male_b_psyker_bonding_conversation_30_b_01,Немає сенсу дозволяти кожній дрібниці тебе турбувати.
loc_broker_male_b__broker_male_b_psyker_bonding_conversation_30_d_01,"Мабуть, так воно і буває."
loc_broker_male_b__broker_male_b_psyker_bonding_conversation_31_a_01,"Зараз мало що відбувається, але це зміниться."
loc_broker_male_b__broker_male_b_psyker_bonding_conversation_31_c_01,Не буду скаржитися. Мені подобається бути зайнятим.
loc_broker_male_b__broker_male_b_psyker_bonding_conversation_32_a_01,Тобі б варто було попрацювати над пріоритетністю цілей.
loc_broker_male_b__broker_male_b_psyker_bonding_conversation_32_c_01,Не піддавайся. Це заведе тебе не туди.
loc_broker_male_b__broker_male_b_psyker_bonding_conversation_33_a_01,Розслабишся хоч трохи?
loc_broker_male_b__broker_male_b_psyker_bonding_conversation_33_c_01,Як тебе грохнуть — нас стане менше. Таке не потягнемо.
loc_broker_male_b__broker_male_b_psyker_bonding_conversation_34_b_01,Точно. Гнильці — погані для бізнесу.
loc_broker_male_b__broker_male_b_psyker_bonding_conversation_34_d_01,Я й не казав інакше.
loc_broker_male_b__broker_male_b_psyker_bonding_conversation_35_b_01,Можеш спробувати ще раз.
loc_broker_male_b__broker_male_b_psyker_bonding_conversation_35_d_01,"Ага. Можливо, навіть надовго, хтозна."
loc_broker_male_b__broker_male_b_psyker_bonding_conversation_36_b_01,Підніметься знову. Конклав потурбується.
loc_broker_male_b__broker_male_b_psyker_bonding_conversation_36_d_01,"Може, чекає приємний сюрприз. Якщо виживемо."
loc_broker_male_b__broker_male_b_veteran_bonding_conversation_01_a_01,Зберися! Не хочу тут здохнути через твою дрімоту.
loc_broker_male_b__broker_male_b_veteran_bonding_conversation_01_c_01,Тоді бийся як слід. Втомився за тобою підчищати.
loc_broker_male_b__broker_male_b_veteran_bonding_conversation_02_a_01,Не ставай на моєму шляху. Ти цього не захочеш.
loc_broker_male_b__broker_male_b_veteran_bonding_conversation_02_c_01,"Обіцянки, малий."
loc_broker_male_b__broker_male_b_veteran_bonding_conversation_03_a_01,"Не второпаю, як ви досі не здохли."
loc_broker_male_b__broker_male_b_veteran_bonding_conversation_03_c_01,Коли це? Через десять хвилин після бою?
loc_broker_male_b__broker_male_b_veteran_bonding_conversation_04_b_01,Платять же. Чи ні?
loc_broker_male_b__broker_male_b_veteran_bonding_conversation_04_d_01,Тим гірше для тебе.
loc_broker_male_b__broker_male_b_veteran_bonding_conversation_05_b_01,Вірність? Дороге задоволення.
loc_broker_male_b__broker_male_b_veteran_bonding_conversation_05_d_01,Щось у тебе воно не дуже працює.
loc_broker_male_b__broker_male_b_veteran_bonding_conversation_06_b_01,Ага. І ти теж.
loc_broker_male_b__broker_male_b_veteran_bonding_conversation_06_d_01,Я б так не сказав.
loc_broker_male_b__broker_male_b_veteran_bonding_conversation_13_a_01,Щось ти розслабився.
loc_broker_male_b__broker_male_b_veteran_bonding_conversation_13_c_01,"Це не комплімент. Розслабився — значить, розкис."
loc_broker_male_b__broker_male_b_veteran_bonding_conversation_14_a_01,"Не думав, що ти з Гвардії."
loc_broker_male_b__broker_male_b_veteran_bonding_conversation_14_c_01,Ага. Будеш занадто жорстким — і гризтимеш землю.
loc_broker_male_b__broker_male_b_veteran_bonding_conversation_15_a_01,Тут усе коту під хвіст.
loc_broker_male_b__broker_male_b_veteran_bonding_conversation_15_c_01,"Я думав, ти солдат?"
loc_broker_male_b__broker_male_b_veteran_bonding_conversation_16_b_01,"О, ще й як. І ти програєш."
loc_broker_male_b__broker_male_b_veteran_bonding_conversation_16_d_01,Ага. Як казав: ти програєш.
loc_broker_male_b__broker_male_b_veteran_bonding_conversation_17_b_01,"Ти бачиш хоч щось, що варте посмішки?"
loc_broker_male_b__broker_male_b_veteran_bonding_conversation_17_d_01,Навряд чи.
loc_broker_male_b__broker_male_b_veteran_bonding_conversation_18_b_01,З таким ставленням тебе розмажуть.
loc_broker_male_b__broker_male_b_veteran_bonding_conversation_18_d_01,Прямо зараз тобі треба хвилюватися не про єретиків.
loc_broker_male_b__broker_male_b_veteran_bonding_conversation_19_a_01,Намагайся бути професіоналом.
loc_broker_male_b__broker_male_b_veteran_bonding_conversation_19_c_01,Ти нас усіх повбиваєш. І мені це не подобається.
loc_broker_male_b__broker_male_b_veteran_bonding_conversation_20_a_01,"Попереджаю, я злопам'ятний. Підведеш — не забуду."
loc_broker_male_b__broker_male_b_veteran_bonding_conversation_20_c_01,Тоді роби це з правильних причин.
loc_broker_male_b__broker_male_b_veteran_bonding_conversation_21_a_01,Ти не докладаєш зусиль.
loc_broker_male_b__broker_male_b_veteran_bonding_conversation_21_c_01,Платники видають медалі?
loc_broker_male_b__broker_male_b_veteran_bonding_conversation_22_b_01,Про що ти говориш?
loc_broker_male_b__broker_male_b_veteran_bonding_conversation_22_d_01,У тебе проблеми.
loc_broker_male_b__broker_male_b_veteran_bonding_conversation_23_b_01,Краще щоб ти був не про мене.
loc_broker_male_b__broker_male_b_veteran_bonding_conversation_23_d_01,Хотів би я працювати один.
loc_broker_male_b__broker_male_b_veteran_bonding_conversation_24_b_01,"Мені все одно, аби була платня."
loc_broker_male_b__broker_male_b_veteran_bonding_conversation_24_d_01,Тобі це не по кишені.
loc_broker_male_b__broker_male_b_veteran_bonding_conversation_25_a_01,"Небалакучий, так?"
loc_broker_male_b__broker_male_b_veteran_bonding_conversation_25_c_01,Та ні. Для різноманітності.
loc_broker_male_b__broker_male_b_veteran_bonding_conversation_26_a_01,"Ти мені подобаєшся. Знаєш, що робиш."
loc_broker_male_b__broker_male_b_veteran_bonding_conversation_26_c_01,Ось чому ти мені й подобаєшся.
loc_broker_male_b__broker_male_b_veteran_bonding_conversation_27_a_01,Для такої різанини потрібна дисципліна.
loc_broker_male_b__broker_male_b_veteran_bonding_conversation_27_c_01,"Думаєш, довго б ти тут протримався без цього?"
loc_broker_male_b__broker_male_b_veteran_bonding_conversation_28_b_01,"Що до мене, то це не буде проблемою."
loc_broker_male_b__broker_male_b_veteran_bonding_conversation_28_d_01,Будеш.
loc_broker_male_b__broker_male_b_veteran_bonding_conversation_29_b_01,Мені байдуже.
loc_broker_male_b__broker_male_b_veteran_bonding_conversation_29_d_01,Ніколи.
loc_broker_male_b__broker_male_b_veteran_bonding_conversation_30_b_01,"Мені, правду кажучи, байдуже, на чиєму я боці, але нарікати на мене підстав не буде."
loc_broker_male_b__broker_male_b_veteran_bonding_conversation_30_d_01,"Думаю, так."
loc_broker_male_b__broker_male_b_zealot_bonding_conversation_01_a_01,Не гай часу на молитви: просто прикінчи їх.
loc_broker_male_b__broker_male_b_zealot_bonding_conversation_01_c_01,Це ти так кажеш. А я так не думаю.
loc_broker_male_b__broker_male_b_zealot_bonding_conversation_02_a_01,"Багато патякаєш, а толку нуль."
loc_broker_male_b__broker_male_b_zealot_bonding_conversation_02_c_01,"Якщо не почнеш працювати, то не доживеш, щоб це побачити."
loc_broker_male_b__broker_male_b_zealot_bonding_conversation_03_a_01,"Нічого не змінюється: чим сильніша віра, тим незграбніший боєць."
loc_broker_male_b__broker_male_b_zealot_bonding_conversation_03_c_01,"Шкода, що він не показав тобі, як цілитися."
loc_broker_male_b__broker_male_b_zealot_bonding_conversation_04_b_01,"У мені немає нічого звичайного, пиложере."
loc_broker_male_b__broker_male_b_zealot_bonding_conversation_04_d_01,"Якби це було правдою, все б уже скінчилося."
loc_broker_male_b__broker_male_b_zealot_bonding_conversation_05_b_01,Я беру свої нагороди тут і зараз. Коли можу їх оцінити.
loc_broker_male_b__broker_male_b_zealot_bonding_conversation_05_d_01,"Ти так кажеш, але ніколи не почуєш, щоб ті, хто її отримав, про неї говорили."
loc_broker_male_b__broker_male_b_zealot_bonding_conversation_06_b_01,Напружся. Ніхто тебе не тягтиме.
loc_broker_male_b__broker_male_b_zealot_bonding_conversation_06_d_01,"Мабуть, побачимо."
loc_broker_male_b__broker_male_b_zealot_bonding_conversation_07_a_01,"Повільний прогрес, але це не має значення, якщо ми виконаємо це завдання."
loc_broker_male_b__broker_male_b_zealot_bonding_conversation_07_c_01,Завзяття робить тебе необережним. А необережність веде до смерті.
loc_broker_male_b__broker_male_b_zealot_bonding_conversation_08_a_01,"Сьогодні не мій день, щоб помирати."
loc_broker_male_b__broker_male_b_zealot_bonding_conversation_08_c_01,"Що ж, поки він вирішує, я маю намір виконати роботу."
loc_broker_male_b__broker_male_b_zealot_bonding_conversation_09_a_01,"Ти ще дихаєш, Язикатий?"
loc_broker_male_b__broker_male_b_zealot_bonding_conversation_09_c_01,"Ти знову ховався в тилу, так?"
loc_broker_male_b__broker_male_b_zealot_bonding_conversation_10_b_01,Мені не потрібне спасіння. Лише платня.
loc_broker_male_b__broker_male_b_zealot_bonding_conversation_10_d_01,"Це твій подих, сестро. Марнуй його, як хочеш."
loc_broker_male_b__broker_male_b_zealot_bonding_conversation_11_b_01,Це робота. Інакше мені тут нема чого робити.
loc_broker_male_b__broker_male_b_zealot_bonding_conversation_11_d_01,"Це єдине, що у мене є."
loc_broker_male_b__broker_male_b_zealot_bonding_conversation_12_b_01,"Здобич стає такою, коли її заганяють у кут. А ще — зневіреною."
loc_broker_male_b__broker_male_b_zealot_bonding_conversation_12_d_01,"Це не означає, що вони не небезпечні. Стережись."
loc_broker_male_b__broker_male_b_zealot_bonding_conversation_13_a_01,"Не зламаєшся, коли загостриться?"
loc_broker_male_b__broker_male_b_zealot_bonding_conversation_13_c_01,Я краще на свої стволи покладуся.
loc_broker_male_b__broker_male_b_zealot_bonding_conversation_14_a_01,В тебе були і кращі дні.
loc_broker_male_b__broker_male_b_zealot_bonding_conversation_14_c_01,"Не посперечаєшся, але тримай голову нижче, так?"
loc_broker_male_b__broker_male_b_zealot_bonding_conversation_15_a_01,"Якщо підведеш мене, то дізнаєшся про це."
loc_broker_male_b__broker_male_b_zealot_bonding_conversation_15_c_01,Просто дружнє попередження.
loc_broker_male_b__broker_male_b_zealot_bonding_conversation_16_b_01,Святе чи ні — це буде важка тяганина.
loc_broker_male_b__broker_male_b_zealot_bonding_conversation_16_d_01,Ось у чому твоя проблема.
loc_broker_male_b__broker_male_b_zealot_bonding_conversation_17_b_01,У кінці чекає платня. Навіщо ще?
loc_broker_male_b__broker_male_b_zealot_bonding_conversation_17_d_01,Чого б це я це робив?
loc_broker_male_b__broker_male_b_zealot_bonding_conversation_18_b_01,Озирнися довкола. Зрозумієш.
loc_broker_male_b__broker_male_b_zealot_bonding_conversation_18_d_01,Слава або могила. Шанси на друге вищі.
loc_broker_male_b__broker_male_b_zealot_bonding_conversation_19_a_01,"Добре, що ти на моєму боці, а не на їхньому."
loc_broker_male_b__broker_male_b_zealot_bonding_conversation_19_c_01,Треба пришвидшитись. Погані часи кличуть.
loc_broker_male_b__broker_male_b_zealot_bonding_conversation_20_a_01,"Охолонь, га? Ти відволікаєш."
loc_broker_male_b__broker_male_b_zealot_bonding_conversation_20_c_01,Це ти кажеш зі своїм скигленням.
loc_broker_male_b__broker_male_b_zealot_bonding_conversation_21_a_01,"Не знаю, звідки в тебе стільки енергії."
loc_broker_male_b__broker_male_b_zealot_bonding_conversation_21_c_01,"Не думаєш, він розщедриться на підмогу?"
loc_broker_male_b__broker_male_b_zealot_bonding_conversation_22_b_01,Це не твоя справа.
loc_broker_male_b__broker_male_b_zealot_bonding_conversation_22_d_01,"З моєю душею все гаразд, поки мої кишені повні."
loc_broker_male_b__broker_male_b_zealot_bonding_conversation_23_b_01,"Я чув, ми їй дуже подобаємось. Принаймні ми виявляємо до неї належну повагу."
loc_broker_male_b__broker_male_b_zealot_bonding_conversation_23_d_01,"Тобі варто запитати її. Впевнений, у неї знайдеться кілька слів з цього приводу."
loc_broker_male_b__broker_male_b_zealot_bonding_conversation_24_b_01,"Ніколи не знав Гниляка, якому б бракувало запалу."
loc_broker_male_b__broker_male_b_zealot_bonding_conversation_24_d_01,Це насправді не моя справа.
loc_broker_male_b__broker_male_b_zealot_bonding_conversation_25_a_01,Я спостерігав за тобою. Ти не втрачаєш голови.
loc_broker_male_b__broker_male_b_zealot_bonding_conversation_25_c_01,"І робиш це добре. Шкода, що ніхто не звертає уваги."
loc_broker_male_b__broker_male_b_zealot_bonding_conversation_26_a_01,"Тобі не місце тут, унизу."
loc_broker_male_b__broker_male_b_zealot_bonding_conversation_26_c_01,Решта з нас? Ми у відчаї. А ти майже... спокійний.
loc_broker_male_b__broker_male_b_zealot_bonding_conversation_27_a_01,"Не терплю тих, хто не вкалує."
loc_broker_male_b__broker_male_b_zealot_bonding_conversation_27_c_01,Комусь слід сказати Морроу вичистити непотріб.
loc_broker_male_b__broker_male_b_zealot_bonding_conversation_28_b_01,"Ага: або ти їх, або вони тебе."
loc_broker_male_b__broker_male_b_zealot_bonding_conversation_28_d_01,Нічого хорошого зі складнощів ніколи не виходило.
loc_broker_male_b__broker_male_b_zealot_bonding_conversation_29_b_01,Так само й Гнильці. І я більше про них турбуюсь.
loc_broker_male_b__broker_male_b_zealot_bonding_conversation_29_d_01,Без тіла душі все одно гаплик.
loc_broker_male_b__broker_male_b_zealot_bonding_conversation_30_b_01,За себе кажи. Закінчу справу — і ноги на стіл.
loc_broker_male_b__broker_male_b_zealot_bonding_conversation_30_d_01,"Ти про те, що один бій за іншим? Так, тут ти маєш рацію."
loc_broker_male_b__broker_male_b_zealot_bonding_conversation_31_a_01,Я радий знову бути на планеті.
loc_broker_male_b__broker_male_b_zealot_bonding_conversation_31_c_01,Нам нема чого робити в порожнечі.
loc_broker_male_b__broker_male_b_zealot_bonding_conversation_32_a_01,Ми ще не закінчили?
loc_broker_male_b__broker_male_b_zealot_bonding_conversation_32_c_01,Я це зробив. Тепер я готовий до змін.
loc_broker_male_b__broker_male_b_zealot_bonding_conversation_33_a_01,Гниляки не зможуть так вічно.
loc_broker_male_b__broker_male_b_zealot_bonding_conversation_33_c_01,Та ні. Ми просто використовуємо недостатньо куль.
loc_broker_male_b__broker_male_b_zealot_bonding_conversation_34_b_01,"Як скажеш. Особисто я вважаю, що в мене все гаразд."
loc_broker_male_b__broker_male_b_zealot_bonding_conversation_34_d_01,Твоя думка. Не моя.
loc_broker_male_b__broker_male_b_zealot_bonding_conversation_35_b_01,"Аби ти не говорив про ту, що змащує колеса."
loc_broker_male_b__broker_male_b_zealot_bonding_conversation_35_d_01,Тоді гаразд.
loc_broker_male_b__broker_male_b_zealot_bonding_conversation_36_b_01,Ага. Милосердя — це занадто добре для Гниляків.
loc_broker_male_b__broker_male_b_zealot_bonding_conversation_36_d_01,Я стараюсь.
loc_broker_male_b__broker_seen_killstreak_adamant_01,"Відриваєшся, Щур-поборнике?"
loc_broker_male_b__broker_seen_killstreak_adamant_02,"Ввійшов у кураж, Щур-поборнике?"
loc_broker_male_b__broker_seen_killstreak_adamant_03,"Притримай коней, Арбітре! Це не перегони!"
loc_broker_male_b__broker_seen_killstreak_adamant_04,Щур-поборникик відзначається!
loc_broker_male_b__broker_seen_killstreak_broker_01,"Давай, Корешу!"
loc_broker_male_b__broker_seen_killstreak_broker_02,"Забери їх усіх, Корешу!"
loc_broker_male_b__broker_seen_killstreak_broker_03,Оце справжній конклавський чистильник натовпу!
loc_broker_male_b__broker_seen_killstreak_broker_04,Різанина у стилі Конклаву!
loc_broker_male_b__broker_seen_killstreak_ogryn_01,Ніщо не зрівняється з Оґрином у різанині.
loc_broker_male_b__broker_seen_killstreak_ogryn_02,Колода оскаженіла!
loc_broker_male_b__broker_seen_killstreak_ogryn_03,"Давай, Колодо!"
loc_broker_male_b__broker_seen_killstreak_ogryn_04,"Гляньте, як Оґрин преться!"
loc_broker_male_b__broker_seen_killstreak_psyker_01,Псайкер уміє вбивати. Хто б подумав.
loc_broker_male_b__broker_seen_killstreak_psyker_02,Дьорґаний хоче щось довести.
loc_broker_male_b__broker_seen_killstreak_psyker_03,"Рахунки зводиш, Дьорґаний?"
loc_broker_male_b__broker_seen_killstreak_psyker_04,"Вони тобі щось завинили, Псайкере?"
loc_broker_male_b__broker_seen_killstreak_veteran_01,Рубака там добре працює.
loc_broker_male_b__broker_seen_killstreak_veteran_02,"Гарна робота, Ветеране."
loc_broker_male_b__broker_seen_killstreak_veteran_03,"Гарні навички, Ветеране."
loc_broker_male_b__broker_seen_killstreak_veteran_04,"Гарна різанина, Ветеране."
loc_broker_male_b__broker_seen_killstreak_zealot_01,"Свята робота, Язикатий. Свята."
loc_broker_male_b__broker_seen_killstreak_zealot_02,"Ніщо не спиняє того Бузувіра, коли закипає кров!"
loc_broker_male_b__broker_seen_killstreak_zealot_03,"От це гарна різанина, Бузувіра!"
loc_broker_male_b__broker_seen_killstreak_zealot_04,"Продовжуй класти трупи, Язикатий!"
loc_broker_male_b__broker_start_revive_adamant_01,Ото й уся суворість Щур-поборника.
loc_broker_male_b__broker_start_revive_adamant_02,"Це не значить, що ти мені подобаєшся."
loc_broker_male_b__broker_start_revive_adamant_03,"Радий, що я тут, га?"
loc_broker_male_b__broker_start_revive_adamant_04,Я це запам'ятаю.
loc_broker_male_b__broker_start_revive_adamant_05,Як там Закон виглядає знизу?
loc_broker_male_b__broker_start_revive_broker_01,"Не підводиш команду, га?"
loc_broker_male_b__broker_start_revive_broker_02,"Дивись, куди преш."
loc_broker_male_b__broker_start_revive_broker_03,"Добре тебе накрили, еге ж?"
loc_broker_male_b__broker_start_revive_broker_04,Так ОТ чому я вам потрібен.
loc_broker_male_b__broker_start_revive_broker_05,"Ти ж ще не все, га?"
loc_broker_male_b__broker_start_revive_ogryn_01,"Вставай, хлопче."
loc_broker_male_b__broker_start_revive_ogryn_02,"Ти ж здоровило, ти знаєш?"
loc_broker_male_b__broker_start_revive_ogryn_03,Не час тобі бути тягарем.
loc_broker_male_b__broker_start_revive_ogryn_04,"Ще дихаєш, Колодо?"
loc_broker_male_b__broker_start_revive_ogryn_05,"Ти ж не здаєшся, га?"
loc_broker_male_b__broker_start_revive_psyker_01,"Підйом, Дьорґаний."
loc_broker_male_b__broker_start_revive_psyker_02,Бій чекає на тебе.
loc_broker_male_b__broker_start_revive_psyker_03,Я тебе не кину.
loc_broker_male_b__broker_start_revive_psyker_04,Ти там ще дихаєш?
loc_broker_male_b__broker_start_revive_psyker_05,Це ще не кінець.
loc_broker_male_b__broker_start_revive_veteran_01,На ноги.
loc_broker_male_b__broker_start_revive_veteran_02,Ти ще не закінчив.
loc_broker_male_b__broker_start_revive_veteran_03,Вставай. Рушай.
loc_broker_male_b__broker_start_revive_veteran_04,Із тебе ще той кадровик.
loc_broker_male_b__broker_start_revive_veteran_05,Бій не скінчився.
loc_broker_male_b__broker_start_revive_zealot_01,Імператор із тобою ще не закінчив.
loc_broker_male_b__broker_start_revive_zealot_02,Нехай ненависть тебе підпалить.
loc_broker_male_b__broker_start_revive_zealot_03,Ще є святі діла для виконання.
loc_broker_male_b__broker_start_revive_zealot_04,Вставай. Це ще не все.
loc_broker_male_b__broker_start_revive_zealot_05,Руку допомоги шукаєш?
loc_broker_male_b__calling_for_help_01,Потрібне підкріплення!
loc_broker_male_b__calling_for_help_02,Допоможіть!
loc_broker_male_b__calling_for_help_03,Де ваша командна робота?
loc_broker_male_b__calling_for_help_04,Допоможіть!
loc_broker_male_b__calling_for_help_05,Нікчемний баласт! Допоможіть!
loc_broker_male_b__com_wheel_vo_enemy_over_here_01,Мішень у полі зору!
loc_broker_male_b__com_wheel_vo_enemy_over_here_02,Мішень помічено!
loc_broker_male_b__com_wheel_vo_enemy_over_here_03,Ціль помічено!
loc_broker_male_b__com_wheel_vo_follow_you_01,Пильную спину!
loc_broker_male_b__com_wheel_vo_follow_you_02,Я з тобою!
loc_broker_male_b__com_wheel_vo_follow_you_03,Я за тобою!
loc_broker_male_b__com_wheel_vo_for_the_emperor_01,За Конклав!
loc_broker_male_b__com_wheel_vo_for_the_emperor_02,За Атому!
loc_broker_male_b__com_wheel_vo_for_the_emperor_03,За волю!
loc_broker_male_b__com_wheel_vo_location_attention_01,Перевір там!
loc_broker_male_b__com_wheel_vo_location_attention_02,Бачите?
loc_broker_male_b__com_wheel_vo_location_attention_03,Дивіться туди!
loc_broker_male_b__com_wheel_vo_location_ping_01,Ідемо туди!
loc_broker_male_b__com_wheel_vo_location_ping_02,Направляємось туди!
loc_broker_male_b__com_wheel_vo_location_ping_03,За мною!
loc_broker_male_b__com_wheel_vo_my_pleasure_a_01,Мені підходить.
loc_broker_male_b__com_wheel_vo_my_pleasure_a_02,Безкоштовно.
loc_broker_male_b__com_wheel_vo_need_ammo_01,Потрібні набої!
loc_broker_male_b__com_wheel_vo_need_ammo_02,"Набої, швидко!"
loc_broker_male_b__com_wheel_vo_need_ammo_03,Мені б трохи набоїв!
loc_broker_male_b__com_wheel_vo_need_health_01,Мені треба зцілитись!
loc_broker_male_b__com_wheel_vo_need_health_02,Мені дуже кепсько!
loc_broker_male_b__com_wheel_vo_need_health_03,Я поранений. Потрібне лікування.
loc_broker_male_b__com_wheel_vo_need_that_01,Це моє!
loc_broker_male_b__com_wheel_vo_need_that_02,Моє!
loc_broker_male_b__com_wheel_vo_need_that_03,Це треба мені!
loc_broker_male_b__com_wheel_vo_no_01,Ні!
loc_broker_male_b__com_wheel_vo_no_02,Ні!
loc_broker_male_b__com_wheel_vo_no_03,Ні!
loc_broker_male_b__com_wheel_vo_take_this_a_01,Візьміть це!
loc_broker_male_b__com_wheel_vo_take_this_a_02,Бери!
loc_broker_male_b__com_wheel_vo_thank_you_01,Дяка.
loc_broker_male_b__com_wheel_vo_thank_you_02,Дякую.
loc_broker_male_b__com_wheel_vo_thank_you_03,Дякую.
loc_broker_male_b__com_wheel_vo_yes_01,Авжеж!
loc_broker_male_b__com_wheel_vo_yes_02,Як скажеш!
loc_broker_male_b__com_wheel_vo_yes_03,Так!
loc_broker_male_b__combat_monster_release_a_01,"[З огидою, з болем] Казав собі... більше так не буде..."
loc_broker_male_b__combat_monster_release_a_02,"[З огидою, з болем] Тхне... гірше, ніж... виглядає..."
loc_broker_male_b__combat_monster_release_a_03,"[З огидою, з болем] Огидно... Дуже огидно..."
loc_broker_male_b__combat_pause_limited_adamant_a_06_b_01,Не моя проблема.
loc_broker_male_b__combat_pause_limited_adamant_a_07_b_01,Якщо платять — без питань.
loc_broker_male_b__combat_pause_limited_adamant_a_09_b_01,Тільки якщо за це платять.
loc_broker_male_b__combat_pause_limited_adamant_a_14_b_01,Твій обов'язок. Не мій.
loc_broker_male_b__combat_pause_limited_adamant_b_02_b_01,А бездумна влада їх і створює.
loc_broker_male_b__combat_pause_limited_adamant_b_06_b_01,У них чисельна перевага. Тут немає ніякої загадки.
loc_broker_male_b__combat_pause_limited_adamant_b_09_b_01,"Розбудіть, коли хтось прийде."
loc_broker_male_b__combat_pause_limited_adamant_b_13_b_01,"Хай хоч дивиться, аби платили."
loc_broker_male_b__combat_pause_limited_adamant_c_02_b_01,Я НІКОЛИ не вагаюсь.
loc_broker_male_b__combat_pause_limited_adamant_c_06_b_01,Розумна порада. Дотримуйся.
loc_broker_male_b__combat_pause_limited_adamant_c_12_b_01,Я нічого не прощаю.
loc_broker_male_b__combat_pause_limited_adamant_c_13_b_01,Ага? А хто за це платить?
loc_broker_male_b__combat_pause_limited_broker_a_01_b_01,"Поки за це платять, я продовжуватиму вбивати."
loc_broker_male_b__combat_pause_limited_broker_a_02_b_01,Ніде. Отакий у нас «прогрес».
loc_broker_male_b__combat_pause_limited_broker_a_03_b_01,"Чув, що пів міста в такому стані."
loc_broker_male_b__combat_pause_limited_broker_a_04_b_01,І так небезпечно. Тримай очі розплющеними.
loc_broker_male_b__combat_pause_limited_broker_a_05_b_01,"Стара добра ностальгія за Терціумом, еге ж?"
loc_broker_male_b__combat_pause_limited_broker_a_06_b_01,"Гадаю, я знаю одне таке місце."
loc_broker_male_b__combat_pause_limited_broker_a_07_b_01,"Можливо. А може, й ні. Мене влаштовує не знати."
loc_broker_male_b__combat_pause_limited_broker_a_08_b_01,Зручно влаштовуйтесь. Буде довга пісня.
loc_broker_male_b__combat_pause_limited_broker_a_09_b_01,Це не назавжди. Ось побачиш.
loc_broker_male_b__combat_pause_limited_broker_a_10_b_01,Тільки я стріляю влучно.
loc_broker_male_b__combat_pause_limited_broker_b_01_a_01,Маємо шанс навести лад у цьому Місті.
loc_broker_male_b__combat_pause_limited_broker_b_01_b_01,[Хмик] Хтось знову все зіпсує.
loc_broker_male_b__combat_pause_limited_broker_b_02_a_01,Тут буде тісна рубка. Готовтеся в крові вимазатись.
loc_broker_male_b__combat_pause_limited_broker_b_02_b_01,Завжди.
loc_broker_male_b__combat_pause_limited_broker_b_03_a_01,Роби своє — тільки не плутайся під ногами.
loc_broker_male_b__combat_pause_limited_broker_b_03_b_01,"Тобі те ж саме попередження, друже мій."
loc_broker_male_b__combat_pause_limited_broker_b_04_a_01,"Дивно. Думав, буде гірше виглядати."
loc_broker_male_b__combat_pause_limited_broker_b_04_b_01,"Буде, перш ніж це скінчиться."
loc_broker_male_b__combat_pause_limited_broker_b_05_a_01,"Кажуть, я дорогий, але воно того варте."
loc_broker_male_b__combat_pause_limited_broker_b_05_b_01,Тоді у нас є щось спільне.
loc_broker_male_b__combat_pause_limited_broker_b_06_a_01,"Ніколи не любив, як там, у верхніх вуликах, керують."
loc_broker_male_b__combat_pause_limited_broker_b_06_b_01,"Немає сенсу ненавидіти те, що не можеш змінити."
loc_broker_male_b__combat_pause_limited_broker_b_07_a_01,Іноді хороше трапляється з поганими людьми.
loc_broker_male_b__combat_pause_limited_broker_b_07_b_01,Немає нікого аж настільки поганого. Крім Гниляків.
loc_broker_male_b__combat_pause_limited_broker_b_08_a_01,"Щоб повернути Місто до колишнього стану, знадобиться чимала вогнева міць."
loc_broker_male_b__combat_pause_limited_broker_b_08_b_01,Тоді заряджайся і стріляй. Клієнт чекає.
loc_broker_male_b__combat_pause_limited_broker_b_09_a_01,Не подобається мені ця тиша. Пахне проблемами.
loc_broker_male_b__combat_pause_limited_broker_b_09_b_01,Чую тебе. Будь напоготові.
loc_broker_male_b__combat_pause_limited_broker_b_10_a_01,"Добрий день — це добре. Але сьогодні, схоже, інший випадок."
loc_broker_male_b__combat_pause_limited_broker_b_10_b_01,Цілком згоден.
loc_broker_male_b__combat_pause_limited_broker_c_01_b_01,Я не навмисно. Це просто бізнес.
loc_broker_male_b__combat_pause_limited_broker_c_02_b_01,План норм.
loc_broker_male_b__combat_pause_limited_broker_c_03_b_01,Це називається дисципліна. Спробуй.
loc_broker_male_b__combat_pause_limited_broker_c_04_b_01,"Не думаю, що у нас є час на твої забаганки."
loc_broker_male_b__combat_pause_limited_broker_c_05_b_01,Вони не варті моєї похвали.
loc_broker_male_b__combat_pause_limited_broker_c_06_b_01,"Ніхто не повинен насолоджуватися тим, чим насолоджуєшся ти."
loc_broker_male_b__combat_pause_limited_broker_c_07_b_01,Не подобається отримувати ніж у спину? Дивно.
loc_broker_male_b__combat_pause_limited_broker_c_08_b_01,"Смерть прекрасна, якщо є винагорода за неї. В іншому випадку це просто непроплачена халтура."
loc_broker_male_b__combat_pause_limited_broker_c_09_b_01,На людей ти так впливаєш.
loc_broker_male_b__combat_pause_limited_broker_c_10_b_01,"Якщо вони тебе слухають, то самі винні в тому, що з ними станеться."
loc_broker_male_b__combat_pause_limited_ogryn_a_01_b_01,Поки не впадеш.
loc_broker_male_b__combat_pause_limited_ogryn_a_04_b_01,"Якщо тобі від цього стане краще, то так."
loc_broker_male_b__combat_pause_limited_ogryn_a_12_b_01,"Принаймні це чесно. Чим здається, тим і є."
loc_broker_male_b__combat_pause_limited_ogryn_a_17_b_01,Ти не помиляєшся.
loc_broker_male_b__combat_pause_limited_ogryn_b_01_b_01,Цяцьки мене не цікавлять.
loc_broker_male_b__combat_pause_limited_ogryn_b_05_b_01,"Коли ти хороший, усе добре."
loc_broker_male_b__combat_pause_limited_ogryn_b_11_b_01,"Я б сказав, що вони навчаться, але... ні."
loc_broker_male_b__combat_pause_limited_ogryn_b_18_b_01,"Мені все одно, аби вони були мертві."
loc_broker_male_b__combat_pause_limited_ogryn_c_01_b_01,Виплата є виплата.
loc_broker_male_b__combat_pause_limited_ogryn_c_02_b_01,"Дай знати, якщо колись отримаєш."
loc_broker_male_b__combat_pause_limited_ogryn_c_05_b_01,Не останнім часом.
loc_broker_male_b__combat_pause_limited_ogryn_c_18_b_01,Відпусти це. Воно лише тебе стримує.
loc_broker_male_b__combat_pause_limited_ogryn_d_01_b_01,"Як вони могли? Вони не живуть достатньо довго, щоб навчитися."
loc_broker_male_b__combat_pause_limited_ogryn_d_07_b_01,Воно прийде. Будь готовий до цього.
loc_broker_male_b__combat_pause_limited_ogryn_d_12_b_01,"Так, трохи тиші не завадить."
loc_broker_male_b__combat_pause_limited_ogryn_d_17_b_01,"Поки платять, я буду битися."
loc_broker_male_b__combat_pause_limited_psyker_a_06_b_01,Бачив і гірше. І краще теж.
loc_broker_male_b__combat_pause_limited_psyker_a_09_b_01,Тоді до чого стільки скиглення?
loc_broker_male_b__combat_pause_limited_psyker_a_13_b_01,Коли серце зупиниться або гроші скінчаться.
loc_broker_male_b__combat_pause_limited_psyker_a_14_b_01,"Так. Вгадай, хто з нас робить усю роботу?"
loc_broker_male_b__combat_pause_limited_psyker_b_06_b_01,Твій уявний друг не помиляється.
loc_broker_male_b__combat_pause_limited_psyker_b_07_b_01,Тоді тобі справді доведеться несолодко.
loc_broker_male_b__combat_pause_limited_psyker_b_13_b_01,Збережи свої бажання. Можуть знадобитися пізніше.
loc_broker_male_b__combat_pause_limited_psyker_b_14_b_01,Можеш повторити? У мене на думці є кілька гідних кандидатів.
loc_broker_male_b__combat_pause_limited_psyker_c_07_b_01,Тебе звільнили. Лише дурень повернеться.
loc_broker_male_b__combat_pause_limited_psyker_c_09_b_01,"Як ти можеш, коли стільки всього плутаєш?"
loc_broker_male_b__combat_pause_limited_psyker_c_13_b_01,Це точно.
loc_broker_male_b__combat_pause_limited_veteran_a_01_b_01,Ніхто. Вибір — надто дорога річ для цих місць.
loc_broker_male_b__combat_pause_limited_veteran_a_07_b_01,НІКОЛИ не скінчиться.
loc_broker_male_b__combat_pause_limited_veteran_a_16_b_01,Твоє минуле — ТВОЯ справа.
loc_broker_male_b__combat_pause_limited_veteran_a_17_b_01,"Зламаний хронометр, двічі на день показує правильний час."
loc_broker_male_b__combat_pause_limited_veteran_b_04_b_01,"Якщо ти тут заради розваг, то ти не за адресою."
loc_broker_male_b__combat_pause_limited_veteran_b_07_b_01,Не в цьому житті.
loc_broker_male_b__combat_pause_limited_veteran_b_12_b_01,Як скажеш.
loc_broker_male_b__combat_pause_limited_veteran_b_16_b_01,Ніколи не сумнівайся.
loc_broker_male_b__combat_pause_limited_veteran_c_01_b_01,Напружся. Ми це зробимо.
loc_broker_male_b__combat_pause_limited_veteran_c_04_b_01,"Справедливість коштує більше, ніж МИ можемо собі дозволити."
loc_broker_male_b__combat_pause_limited_veteran_c_12_b_01,Без суперечок.
loc_broker_male_b__combat_pause_limited_veteran_c_17_b_01,Немає нікого кращого за мене.
loc_broker_male_b__combat_pause_limited_zealot_a_07_b_01,Мене цікавить тільки виплата.
loc_broker_male_b__combat_pause_limited_zealot_a_09_b_01,Це для мене нічого не означає.
loc_broker_male_b__combat_pause_limited_zealot_a_13_b_01,"У мене повно цілей, і навіть більше."
loc_broker_male_b__combat_pause_limited_zealot_a_14_b_01,Справедливість завжди була міфом.
loc_broker_male_b__combat_pause_limited_zealot_b_02_b_01,Аби тільки вони лишались мертвими — розважайся.
loc_broker_male_b__combat_pause_limited_zealot_b_07_b_01,Я за ТОБОЮ нікуди не піду.
loc_broker_male_b__combat_pause_limited_zealot_b_09_b_01,І ти обов'язково зазнаєш поразки.
loc_broker_male_b__combat_pause_limited_zealot_b_14_b_01,"Крім міцного хребта, гарного прицілу та професіоналізму."
loc_broker_male_b__combat_pause_limited_zealot_c_02_b_01,Свою віру я кладу в вогневу міць.
loc_broker_male_b__combat_pause_limited_zealot_c_05_b_01,За це багато не купиш.
loc_broker_male_b__combat_pause_limited_zealot_c_08_b_01,Або тому що ТИ схибив.
loc_broker_male_b__combat_pause_limited_zealot_c_12_b_01,"Судячи з усього, це твій звичайний стан."
loc_broker_male_b__combat_pause_one_liner_01,"Працюю наодинці. Доведи, що я помиляюсь."
loc_broker_male_b__combat_pause_one_liner_02,Ми в цьому разом. Якщо не підведеш.
loc_broker_male_b__combat_pause_one_liner_03,Ти прикриваєш мене — я прикриваю тебе. Такі правила.
loc_broker_male_b__combat_pause_one_liner_04,"Наказів не приймаю, прохання — подумаю."
loc_broker_male_b__combat_pause_one_liner_05,Ну що ж... Доробімо це.
loc_broker_male_b__combat_pause_quirk_abhuman_b_01,На це нема часу.
loc_broker_male_b__combat_pause_quirk_accuracy_b_01,Завжди роблю. І завжди робитиму.
loc_broker_male_b__combat_pause_quirk_adamant_a_trait_01_b_01,Обов'язок я залишаю іншим.
loc_broker_male_b__combat_pause_quirk_adamant_a_trait_02_b_01,Менше Щуриків? Не бачу проблеми.
loc_broker_male_b__combat_pause_quirk_adamant_a_trait_03_b_01,"Ймовірно, раніше ти був кращим."
loc_broker_male_b__combat_pause_quirk_adamant_a_trait_04_b_01,"Роби, що хочеш. Я зароблятиму собі на життя."
loc_broker_male_b__combat_pause_quirk_adamant_a_trait_05_b_01,Це ТВОЯ проблема. Не моя.
loc_broker_male_b__combat_pause_quirk_adamant_a_trait_06_b_01,"Якщо ти ще хоч щось відчуваєш на запах, то в тебе все добре."
loc_broker_male_b__combat_pause_quirk_adamant_a_trait_07_b_01,"Правоохоронці, Щурики... яка різниця?"
loc_broker_male_b__combat_pause_quirk_adamant_a_trait_08_b_01,Ти багато говориш. А битися так само можеш?
loc_broker_male_b__combat_pause_quirk_adamant_a_trait_09_b_01,Хороший Псайкер — мертвий Псайкер.
loc_broker_male_b__combat_pause_quirk_adamant_a_trait_10_b_01,Закон Конклаву — ось що має значення.
loc_broker_male_b__combat_pause_quirk_adamant_b_trait_01_b_01,"Хто відстав, той залишився позаду."
loc_broker_male_b__combat_pause_quirk_adamant_b_trait_02_b_01,Закон не може врятувати Атому. МИ можемо.
loc_broker_male_b__combat_pause_quirk_adamant_b_trait_03_b_01,Мене ніколи не ламали.
loc_broker_male_b__combat_pause_quirk_adamant_b_trait_04_b_01,Таке життя фрилансера.
loc_broker_male_b__combat_pause_quirk_adamant_b_trait_05_b_01,Питання в тому: чи в безпеці я поруч із ТОБОЮ?
loc_broker_male_b__combat_pause_quirk_adamant_b_trait_06_b_01,Ага. Я теж тебе люблю.
loc_broker_male_b__combat_pause_quirk_adamant_b_trait_07_b_01,Не хотів би бути тягарем.
loc_broker_male_b__combat_pause_quirk_adamant_b_trait_08_b_01,Бачив і краще. І гірше.
loc_broker_male_b__combat_pause_quirk_adamant_b_trait_09_b_01,Просто ще один день унизу в Місті.
loc_broker_male_b__combat_pause_quirk_adamant_b_trait_10_b_01,Майбутнє почекає. Тримайся тут і зараз.
loc_broker_male_b__combat_pause_quirk_adamant_c_trait_01_b_01,Погрозу прийнято.
loc_broker_male_b__combat_pause_quirk_adamant_c_trait_02_b_01,Добре мати союзників.
loc_broker_male_b__combat_pause_quirk_adamant_c_trait_03_b_01,"Я служу тому, хто краще платить."
loc_broker_male_b__combat_pause_quirk_adamant_c_trait_04_b_01,"""Мотивація"" у тебе така собі."
loc_broker_male_b__combat_pause_quirk_adamant_c_trait_05_b_01,Я знаю свою справу. Не заважай мені.
loc_broker_male_b__combat_pause_quirk_adamant_c_trait_06_b_01,Скромність. Така недооцінена чеснота.
loc_broker_male_b__combat_pause_quirk_adamant_c_trait_07_b_01,Ще одна нісенітниця від Щурика.
loc_broker_male_b__combat_pause_quirk_adamant_c_trait_08_b_01,Я втомився від твого голосу.
loc_broker_male_b__combat_pause_quirk_adamant_c_trait_09_b_01,Конклав усе владнає.
loc_broker_male_b__combat_pause_quirk_adamant_c_trait_10_b_01,Навзаєм.
loc_broker_male_b__combat_pause_quirk_ammo_b_01,Спробуй цілитись. Допомагає.
loc_broker_male_b__combat_pause_quirk_ammo_hog_a_01,І так із набоями туго!
loc_broker_male_b__combat_pause_quirk_ammo_hog_b_01,Твого імені там не бачив.
loc_broker_male_b__combat_pause_quirk_anger_b_01,Ти не один.
loc_broker_male_b__combat_pause_quirk_bad_feeling_b_01,Вічний оптиміст.
loc_broker_male_b__combat_pause_quirk_bone_ead_b_01,Ти вже достатньо тямущий.
loc_broker_male_b__combat_pause_quirk_bored_b_01,Насолоджуйся тишею. Недовго.
loc_broker_male_b__combat_pause_quirk_broker_a_trait_01_b_01,Я волію триматися на землі.
loc_broker_male_b__combat_pause_quirk_broker_a_trait_02_b_01,Не знаю. З них виходить гарний гонорар.
loc_broker_male_b__combat_pause_quirk_broker_a_trait_03_b_01,Я отримую своє кожного бісового дня.
loc_broker_male_b__combat_pause_quirk_broker_a_trait_04_b_01,Ти або будеш корисним або мертвим.
loc_broker_male_b__combat_pause_quirk_broker_a_trait_05_b_01,Платять — я в ділі.
loc_broker_male_b__combat_pause_quirk_broker_a_trait_06_b_01,Складне замовлення. Це буде коштувати.
loc_broker_male_b__combat_pause_quirk_broker_a_trait_07_b_01,Але ж у них хороший арсенал. Це того варте.
loc_broker_male_b__combat_pause_quirk_broker_a_trait_08_b_01,"Я довіряю тому, хто платить."
loc_broker_male_b__combat_pause_quirk_broker_a_trait_09_b_01,Ти мариш.
loc_broker_male_b__combat_pause_quirk_broker_a_trait_10_b_01,Якщо робота чесна — мене влаштовує.
loc_broker_male_b__combat_pause_quirk_broker_b_trait_01_a_01,"Карнавал уже не той, відколи гниляки влізли."
loc_broker_male_b__combat_pause_quirk_broker_b_trait_01_b_01,"Чорт забирай, так. Зараз ніде не знайдеш хорошої випивки."
loc_broker_male_b__combat_pause_quirk_broker_b_trait_02_a_01,"Дім Баркетт шукає вирішал. Може, й собі подамся."
loc_broker_male_b__combat_pause_quirk_broker_b_trait_02_b_01,Платять добре. Сам би вписався.
loc_broker_male_b__combat_pause_quirk_broker_b_trait_03_a_01,Ти маєш навички. Здорова конкуренція не зашкодить.
loc_broker_male_b__combat_pause_quirk_broker_b_trait_03_b_01,Аби ти не крав мою долю.
loc_broker_male_b__combat_pause_quirk_broker_b_trait_04_a_01,Наші платники напружені. Щось назріває.
loc_broker_male_b__combat_pause_quirk_broker_b_trait_04_b_01,Нічого не змінюється.
loc_broker_male_b__combat_pause_quirk_broker_b_trait_05_a_01,Без сумніву: за нами полюють.
loc_broker_male_b__combat_pause_quirk_broker_b_trait_05_b_01,Чудово. Не доведеться шукати.
loc_broker_male_b__combat_pause_quirk_broker_b_trait_06_a_01,"Думаєш, це погано: у Глибокому Вулику ще гірше."
loc_broker_male_b__combat_pause_quirk_broker_b_trait_06_b_01,Я бував у тих краях. Більше ніколи.
loc_broker_male_b__combat_pause_quirk_broker_b_trait_07_a_01,Гниляки глибоко вчепилися тут.
loc_broker_male_b__combat_pause_quirk_broker_b_trait_07_b_01,Не втримають. Надто цінно для «правильних» людей.
loc_broker_male_b__combat_pause_quirk_broker_b_trait_08_a_01,"Конклав платить, бо я РОБЛЮ СПРАВУ."
loc_broker_male_b__combat_pause_quirk_broker_b_trait_08_b_01,Певність нині — рідкісний товар.
loc_broker_male_b__combat_pause_quirk_broker_b_trait_09_a_01,"Картелі, вельможі, Всевидюче «Я». Вони йдуть до мене, бо я найкращий."
loc_broker_male_b__combat_pause_quirk_broker_b_trait_09_b_01,"Ти собі ім'я зробив, як є."
loc_broker_male_b__combat_pause_quirk_broker_b_trait_10_a_01,"Кличе Велика Порожнеча. Може, варто глянути."
loc_broker_male_b__combat_pause_quirk_broker_b_trait_10_b_01,"Пустки нічого не дають і забирають усе, що маєш. Крапка."
loc_broker_male_b__combat_pause_quirk_broker_c_trait_01_b_01,Замовкни. Ти мене відволікаєш.
loc_broker_male_b__combat_pause_quirk_broker_c_trait_02_b_01,"Добре, що погані новини помирають так само, як і хороші."
loc_broker_male_b__combat_pause_quirk_broker_c_trait_03_b_01,Аби платили — я в нормі.
loc_broker_male_b__combat_pause_quirk_broker_c_trait_04_b_01,"Тортури можуть бути веселими, але вони не надійні."
loc_broker_male_b__combat_pause_quirk_broker_c_trait_05_b_01,"Ніхто цього не очікував, чи не так? Принаймні, ніхто не сказав, якщо й знав."
loc_broker_male_b__combat_pause_quirk_broker_c_trait_06_b_01,Як скажеш.
loc_broker_male_b__combat_pause_quirk_broker_c_trait_07_b_01,Прибирати після твого кожного провтику. Кожного. Без винятку.
loc_broker_male_b__combat_pause_quirk_broker_c_trait_08_b_01,Що я можу сказати? Я — мінімаліст.
loc_broker_male_b__combat_pause_quirk_broker_c_trait_09_b_01,Моє серце обливається кров'ю.
loc_broker_male_b__combat_pause_quirk_broker_c_trait_10_b_01,"Якщо продовжиш у тому ж дусі, залишишся сам."
loc_broker_male_b__combat_pause_quirk_bullets_tickle_b_01,Не роби з цього виклик.
loc_broker_male_b__combat_pause_quirk_cheerful_b_01,Терпимо... але ненадовго.
loc_broker_male_b__combat_pause_quirk_club_thump_b_01,Що б тільки це зробити.
loc_broker_male_b__combat_pause_quirk_cold_b_01,"Мерзнеш — значить, б'єшся слабо."
loc_broker_male_b__combat_pause_quirk_competence_b_01,"Шкода, що досі не вмієш рівно стріляти."
loc_broker_male_b__combat_pause_quirk_concerning_enforcers_b_01,Правоохоронцям довіряти не можна. Крапка.
loc_broker_male_b__combat_pause_quirk_dead_already_b_01,Ото вже «підняв дух».
loc_broker_male_b__combat_pause_quirk_dead_b_01,Не зважай. Думай про реальне.
loc_broker_male_b__combat_pause_quirk_deddog_b_01,Байки мене не цікавлять.
loc_broker_male_b__combat_pause_quirk_defend_b_01,Твоє життя — твоя справа.
loc_broker_male_b__combat_pause_quirk_desert_b_01,"Як утечеш — тебе позначать, я знайду, ти здохнеш."
loc_broker_male_b__combat_pause_quirk_disappointment_b_01,Усі інші ганяються за славою.
loc_broker_male_b__combat_pause_quirk_discipline_b_01,"Робитиму те, що вмію."
loc_broker_male_b__combat_pause_quirk_dislikes_grenades_b_01,Добре вміти заходити ефектно.
loc_broker_male_b__combat_pause_quirk_doomed_b_01,Ти хоч колись посміхаєшся?
loc_broker_male_b__combat_pause_quirk_dream_b_01,Твої марення відволікають.
loc_broker_male_b__combat_pause_quirk_drink_b_01,Тримай ясну голову — довше проживеш.
loc_broker_male_b__combat_pause_quirk_emperor_b_01,Будемо сподіватись.
loc_broker_male_b__combat_pause_quirk_end_b_01,"Може так, може ні. Побачимо."
loc_broker_male_b__combat_pause_quirk_endless_b_01,Нехай лізуть. Більша виплата.
loc_broker_male_b__combat_pause_quirk_endless_war_b_01,"Нарешті щось, із чим погоджусь."
loc_broker_male_b__combat_pause_quirk_expendable_b_01,Живим із цього життя ніхто не виходить.
loc_broker_male_b__combat_pause_quirk_feet_b_01,Дуже цікаво. Розкажи мені все.
loc_broker_male_b__combat_pause_quirk_flame_b_01,Натовп тепер легше тримати в узді — правда.
loc_broker_male_b__combat_pause_quirk_forgetful_b_01,Просто вбивай. Решта владнається.
loc_broker_male_b__combat_pause_quirk_fractal_b_01,Історія давніша за Тертіум.
loc_broker_male_b__combat_pause_quirk_friends_b_01,Дружба тут унизу дорого коштує.
loc_broker_male_b__combat_pause_quirk_glutton_b_01,"Ще одна річ, якої я не хотів знати."
loc_broker_male_b__combat_pause_quirk_hates_goo_b_01,З цим не посперечаєшся.
loc_broker_male_b__combat_pause_quirk_hates_poxwalkers_b_01,"Вони ходячі мерці. Зроби так, щоб уже не ходили."
loc_broker_male_b__combat_pause_quirk_health_hog_a_01,"Бачу, як ти ті ліки марнуєш!"
loc_broker_male_b__combat_pause_quirk_health_hog_b_01,Мені вони були потрібні. Більше нічого не має значення.
loc_broker_male_b__combat_pause_quirk_heights_b_01,Могло бути гірше. Завжди може.
loc_broker_male_b__combat_pause_quirk_homesick_b_01,Ти ВЖЕ вдома. Звикай.
loc_broker_male_b__combat_pause_quirk_hymnal_b_01,Твоя легковажність зачекає.
loc_broker_male_b__combat_pause_quirk_impatient_b_01,Далі галасуйте — і скоро матимемо гостей.
loc_broker_male_b__combat_pause_quirk_killing_stopped_b_01,Чекай. Бій скоро буде.
loc_broker_male_b__combat_pause_quirk_leader_b_01,Я ні за ким не ходжу.
loc_broker_male_b__combat_pause_quirk_local_knowledge_b_01,Полюбляєш вишукане? Не дивно.
loc_broker_male_b__combat_pause_quirk_lonely_b_01,"Це твоя проблема, не моя."
loc_broker_male_b__combat_pause_quirk_merciless_b_01,Нема нічого дорожчого за доброту.
loc_broker_male_b__combat_pause_quirk_messelina_b_01,"Мовиш, ніби це щось важить."
loc_broker_male_b__combat_pause_quirk_nicer_b_01,Ти небезпечний. Крапка.
loc_broker_male_b__combat_pause_quirk_nostalgia_b_01,Тяжкі часи і тяжке життя. Ніколи не міняється.
loc_broker_male_b__combat_pause_quirk_ogryn_a_bigger_gun_b_01,Люблю гарну велику гармату.
loc_broker_male_b__combat_pause_quirk_ogryn_a_elevator_b_01,З чого ти такий перебірливий?
loc_broker_male_b__combat_pause_quirk_ogryn_d_authority_b_01,Як скажеш.
loc_broker_male_b__combat_pause_quirk_ogryn_d_boss_b_01,Жити. Померти. Це не твій вибір.
loc_broker_male_b__combat_pause_quirk_ogryn_d_chatty_b_01,Тут не ти головний.
loc_broker_male_b__combat_pause_quirk_ogryn_d_crowds_b_01,Не розслабляйся: ніякої халяви.
loc_broker_male_b__combat_pause_quirk_ogryn_d_kill_quick_b_01,Згоден. Кожне вбивство має значення.
loc_broker_male_b__combat_pause_quirk_ogryn_d_long_way_b_01,"Якщо будемо рухатися, може, виживемо."
loc_broker_male_b__combat_pause_quirk_ogryn_d_rannick_b_01,Він не гірший за інших.
loc_broker_male_b__combat_pause_quirk_ogryn_d_rebuild_b_01,"Якщо Конклав схвалить, то звичайно."
loc_broker_male_b__combat_pause_quirk_pilgrimage_b_01,"Приємно, що хтось оцінює мою роботу."
loc_broker_male_b__combat_pause_quirk_pray_with_me_b_01,"Роби, як хочеш. Я — теж."
loc_broker_male_b__combat_pause_quirk_prayer_b_01,Просто рухаймось. Біда вже йде.
loc_broker_male_b__combat_pause_quirk_puny_b_01,Спитай когось іншого.
loc_broker_male_b__combat_pause_quirk_rations_b_01,"Не все так погано, якщо маєш сили скиглити."
loc_broker_male_b__combat_pause_quirk_reads_thoughts_b_01,"Думаєш, мені є діло?"
loc_broker_male_b__combat_pause_quirk_respect_b_01,"Ти справляєшся, Колодо."
loc_broker_male_b__combat_pause_quirk_restore_b_01,Інакше й не треба.
loc_broker_male_b__combat_pause_quirk_shore_leave_b_01,Нікуди ти не підеш. Звикай.
loc_broker_male_b__combat_pause_quirk_sing_b_01,Не в цьому житті.
loc_broker_male_b__combat_pause_quirk_sleepy_b_01,Поспиш потім. Зараз — битися.
loc_broker_male_b__combat_pause_quirk_sniper_b_01,Вони б'ються хитро — ми ще хитріше. І виграємо.
loc_broker_male_b__combat_pause_quirk_speed_b_01,Я поруч!
loc_broker_male_b__combat_pause_quirk_stealth_b_01,"Подумай, з ким розмовляєш."
loc_broker_male_b__combat_pause_quirk_stench_b_01,Це аромат чесної праці.
loc_broker_male_b__combat_pause_quirk_tank_b_01,Ти будеш корисною приманкою.
loc_broker_male_b__combat_pause_quirk_tertium_splendour_b_01,Тут унизу манери не потрібні.
loc_broker_male_b__combat_pause_quirk_togetherness_b_01,Музика для моїх вух.
loc_broker_male_b__combat_pause_quirk_traitor_b_01,Повір: у кожного є ціна.
loc_broker_male_b__combat_pause_quirk_trial_b_01,Усі так кажуть. 
loc_broker_male_b__combat_pause_quirk_trinket_b_01,Не відволікайся від головного.
loc_broker_male_b__combat_pause_quirk_trust_b_01,Вір у виплату. Вір у команду.
loc_broker_male_b__combat_pause_quirk_turncoat_b_01,"Я знаю, чому я тут. А ти?"
loc_broker_male_b__combat_pause_quirk_veteran_a_professional_b_01,"Ще не народився гвардієць, що мене здолає."
loc_broker_male_b__combat_pause_quirk_victory_b_01,"Побачимо, що там доля приберегла."
loc_broker_male_b__combat_pause_quirk_weapons_b_01,"Якщо працює — значить, досить чисте."
loc_broker_male_b__combat_pause_quirk_your_sins_b_01,З «гріхами» не маю справ. А ТИ як хочеш.
loc_broker_male_b__combat_pause_quirk_zealot_a_emperor_b_01,Ти все це торочиш. А я ще не бачив підтверджень.
loc_broker_male_b__combat_pause_quirk_zealot_a_wounded_b_01,Ото здибав собі злу подряпину.
loc_broker_male_b__come_back_to_squad_01,Ти! М'ясо ходяче! Назад сюди!
loc_broker_male_b__come_back_to_squad_02,Без понтів! Повертайся до загону!
loc_broker_male_b__come_back_to_squad_03,"Хочеш, щоб тебе прибили? Сюди живо!"
loc_broker_male_b__come_back_to_squad_04,Тягни свою нікчемність назад!
loc_broker_male_b__come_back_to_squad_05,Ти там здохнеш — і я не сумуватиму.
loc_broker_male_b__conversation_beast_of_nurgle_weakpoint_a_01,Ця тварюка міцна!
loc_broker_male_b__conversation_beast_of_nurgle_weakpoint_a_02,Тяжка ціль! Є думки?
loc_broker_male_b__conversation_beast_of_nurgle_weakpoint_b_01,У нього слабка спина! 
loc_broker_male_b__conversation_beast_of_nurgle_weakpoint_b_02,Зайдіть іззаду — там воно слабке!
loc_broker_male_b__conversation_beast_of_nurgle_weakpoint_c_01,Чую! Доводимо справу.
loc_broker_male_b__conversation_beast_of_nurgle_weakpoint_c_02,Знадобиться командна робота. «Пощастило» нам.
loc_broker_male_b__conversation_combat_beast_of_nurgle_swallow_a_01,Воно просто їх проковтнуло!
loc_broker_male_b__conversation_combat_beast_of_nurgle_swallow_a_02,У нас тут голодна тварюка!
loc_broker_male_b__conversation_combat_beast_of_nurgle_swallow_b_01,"Ніякого смаку, у цих паскуд!"
loc_broker_male_b__conversation_combat_beast_of_nurgle_swallow_b_02,"Б'юся об заклад, вони жахливі на смак."
loc_broker_male_b__conversation_combat_beast_of_nurgle_swallow_c_01,"Навалюйтесь! Розріжемо її, якщо доведеться!"
loc_broker_male_b__conversation_combat_beast_of_nurgle_swallow_c_02,Убийти його швидше! Поки його не перетравило!
loc_broker_male_b__conversation_combat_chaos_spawn_a_01,М'ясний мішок розлютився!
loc_broker_male_b__conversation_combat_chaos_spawn_a_02,М’ясний мішок сказився!
loc_broker_male_b__conversation_combat_chaos_spawn_b_01,Байдуже! Лупи як слід — і буде толк!
loc_broker_male_b__conversation_combat_chaos_spawn_b_02,"Воно здохне! Просто треба навчити його, як це робиться!"
loc_broker_male_b__conversation_combat_chaos_spawn_c_01,Оце воно!
loc_broker_male_b__conversation_combat_chaos_spawn_c_02,Аби платили — я в нормі!
loc_broker_male_b__conversation_combat_chaos_spawn_chew_a_01,"[З болем, надривно] Я не... твоя... їжа!"
loc_broker_male_b__conversation_combat_chaos_spawn_chew_a_02,"[болісно, борсається] Ніхто... з мене... не наїсться!"
loc_broker_male_b__conversation_combat_chaos_spawn_chew_b_01,Порвіть того М’ясного мішка!
loc_broker_male_b__conversation_combat_chaos_spawn_chew_b_02,Пилоїди! По М'ясному мішку зосередьтесь!
loc_broker_male_b__conversation_combat_chaos_spawn_chew_c_01,Я завжди любив виклики!
loc_broker_male_b__conversation_combat_chaos_spawn_chew_c_02,У цій роботі завжди щось новеньке!
loc_broker_male_b__conversation_plague_ogryn_weakpoint_01_01,Одноокий не хоче здихати!
loc_broker_male_b__conversation_plague_ogryn_weakpoint_01_02,Потворна скотина! І міцна теж!
loc_broker_male_b__conversation_plague_ogryn_weakpoint_02_01,"Тоді б'ємо в голову, поки дійде!"
loc_broker_male_b__conversation_plague_ogryn_weakpoint_02_02,Сумніваєшся — бий у голову!
loc_broker_male_b__conversation_plague_ogryn_weakpoint_03_01,Проти такого не попреш!
loc_broker_male_b__conversation_plague_ogryn_weakpoint_03_02,Коли маєш рацію — то маєш!
loc_broker_male_b__cover_me_01,"Гей, прокидайся! Мені прикриття!"
loc_broker_male_b__cover_me_02,Треба прикриття!
loc_broker_male_b__cover_me_03,Я під обстрілом!
loc_broker_male_b__cover_me_04,З мене тут решето роблять!
loc_broker_male_b__cover_me_05,"Прикрий мене, дідько б тебе взяв!"
loc_broker_male_b__critical_health_01,[болісно] Забагато крові...
loc_broker_male_b__critical_health_02,"[болісно] Може, цю затію я не переживу..."
loc_broker_male_b__critical_health_03,[болісно] Ніхто не живе вічно...
loc_broker_male_b__critical_health_04,"[болісно] Схоже, моя черга..."
loc_broker_male_b__critical_health_05,"[болісно] Тільки не віддавайте їм моє тіло, чуєте?"
loc_broker_male_b__disabled_by_chaos_hound_01,Зніміть це з мене!
loc_broker_male_b__disabled_by_chaos_hound_02,Прибийте цю кляту Гончу!
loc_broker_male_b__disabled_by_chaos_hound_03,Ніколи не любив собак!
loc_broker_male_b__disabled_by_chaos_hound_04,"Ви що, сліпі? Допоможіть!"
loc_broker_male_b__disabled_by_chaos_hound_05,"Геть від мене, паршива шавко!"
loc_broker_male_b__disabled_by_enemy_01,Потрібна допомога!
loc_broker_male_b__disabled_by_enemy_02,Допоможіть же паскуди!
loc_broker_male_b__disabled_by_enemy_03,Мені потрібна допомога!
loc_broker_male_b__disabled_by_enemy_04,Мене піймали!
loc_broker_male_b__disabled_by_enemy_05,Не можу вирватись!
loc_broker_male_b__enemy_kill_berserker_01,Берсерка прибрали!
loc_broker_male_b__enemy_kill_berserker_02,Берсерк мінус!
loc_broker_male_b__enemy_kill_berserker_03,Берсерк зубами землю гризе!
loc_broker_male_b__enemy_kill_berserker_04,Берсерка нема!
loc_broker_male_b__enemy_kill_berserker_05,Багато гавкав — духу нуль.
loc_broker_male_b__enemy_kill_chaos_hound_01,Гончу прибрали!
loc_broker_male_b__enemy_kill_chaos_hound_02,З Гончою розібрались.
loc_broker_male_b__enemy_kill_chaos_hound_03,Гончу поклали!
loc_broker_male_b__enemy_kill_chaos_hound_04,Гончої більше нема!
loc_broker_male_b__enemy_kill_chaos_hound_05,Більше ніякого вию!
loc_broker_male_b__enemy_kill_daemonhost_01,Демононосія прибрали!
loc_broker_male_b__enemy_kill_daemonhost_02,Оце історія для хронік...
loc_broker_male_b__enemy_kill_daemonhost_03,Одного Демононосія вистачить на все життя...
loc_broker_male_b__enemy_kill_grenadier_01,Бомбера прибрали!
loc_broker_male_b__enemy_kill_grenadier_02,З Бомбером розібрались.
loc_broker_male_b__enemy_kill_grenadier_03,Бомбер землю гризе!
loc_broker_male_b__enemy_kill_grenadier_04,Бомбера нема!
loc_broker_male_b__enemy_kill_grenadier_05,Від того Бомбера клопоту більше не буде!
loc_broker_male_b__enemy_kill_houndmaster_a_01,Ватажок Зграї мертвий!
loc_broker_male_b__enemy_kill_houndmaster_a_02,Прибрали Ватажка Зграї!
loc_broker_male_b__enemy_kill_houndmaster_a_03,Ватажка Зграї більше немає!
loc_broker_male_b__enemy_kill_houndmaster_a_04,Мертвий Ватажок Зграї!
loc_broker_male_b__enemy_kill_houndmaster_a_05,Бос Собак був надто повільний.
loc_broker_male_b__enemy_kill_monster_01,"Ну що ж... Кров закипіла, еге ж?"
loc_broker_male_b__enemy_kill_monster_02,"І приємно, що живий, га?"
loc_broker_male_b__enemy_kill_monster_03,"Бачиш? Нічого складного, якщо нерви тримати."
loc_broker_male_b__enemy_kill_monster_04,"Не кажу, що було легко, але цілком реально."
loc_broker_male_b__enemy_kill_monster_05,Не здавайтесь — і все буде добре.
loc_broker_male_b__enemy_kill_mutant_charger_01,Мутня поклали!
loc_broker_male_b__enemy_kill_mutant_charger_02,Мутяки більше нема!
loc_broker_male_b__enemy_kill_mutant_charger_03,Мутня прибрали!
loc_broker_male_b__enemy_kill_mutant_charger_04,Поклав Мутня!
loc_broker_male_b__enemy_kill_mutant_charger_05,Сила — добре. Уміння — краще.
loc_broker_male_b__enemy_kill_netgunner_01,Ми прибрали того Ловця!
loc_broker_male_b__enemy_kill_netgunner_02,З Ловцем розібрались!
loc_broker_male_b__enemy_kill_netgunner_03,Ловця нема!
loc_broker_male_b__enemy_kill_netgunner_04,Ловець землю гризе!
loc_broker_male_b__enemy_kill_netgunner_05,Наступного разу принеси справжню зброю.
loc_broker_male_b__enemy_kill_poxwalker_bomber_01,Ще один такий чудовий безлад!
loc_broker_male_b__enemy_kill_poxwalker_bomber_02,Вибухач бахнув по-крупному!
loc_broker_male_b__enemy_kill_poxwalker_bomber_03,Чумовибухача погасили!
loc_broker_male_b__enemy_kill_poxwalker_bomber_04,Вибухача розмазало!
loc_broker_male_b__enemy_kill_poxwalker_bomber_05,Сморід ще триматиметься.
loc_broker_male_b__enemy_kill_scab_flamer_a_01,Палія прибрали!
loc_broker_male_b__enemy_kill_scab_flamer_a_02,Палій мертвий!
loc_broker_male_b__enemy_kill_scab_flamer_a_03,Палій жере землю!
loc_broker_male_b__enemy_kill_scab_flamer_a_04,Палія вибили!
loc_broker_male_b__enemy_kill_scab_flamer_a_05,"Палій мертвий, вогонь вщух."
loc_broker_male_b__enemy_kill_sniper_01,Ціль знято: Снайпер.
loc_broker_male_b__enemy_kill_sniper_02,Снайперу хана!
loc_broker_male_b__enemy_kill_sniper_03,Снайпера прибито!
loc_broker_male_b__enemy_kill_sniper_04,Снайпера прибрали!
loc_broker_male_b__enemy_kill_sniper_05,Снайпер лежить!
loc_broker_male_b__enemy_near_death_monster_01,Ось так! Воно падає!
loc_broker_male_b__enemy_near_death_monster_02,Слабшає!
loc_broker_male_b__enemy_near_death_monster_03,Йому добре болить! Отак!
loc_broker_male_b__enemy_near_death_monster_04,Додайте прочуханки!
loc_broker_male_b__enemy_near_death_monster_05,А ви його боялись! Ха.
loc_broker_male_b__event_demolition_first_corruptor_destroyed_a_01,"Потворна паскудна тварюка. Добре, що мертва."
loc_broker_male_b__event_demolition_first_corruptor_destroyed_a_02,Ну що ж... Гарний початок.
loc_broker_male_b__event_demolition_first_corruptor_destroyed_a_03,"Наробило безладу, але вид усе одно приємний."
loc_broker_male_b__event_fortification_beacon_deployed_01,Сигнал пішов! Тепер чекаємо.
loc_broker_male_b__event_fortification_beacon_deployed_02,Маяк працює! Зберімось!
loc_broker_male_b__event_fortification_skyfire_disabled_01,ППО знищено!
loc_broker_male_b__event_fortification_skyfire_disabled_02,Ніякого ППО.
loc_broker_male_b__event_kill_target_damaged_01,Йому боляче!
loc_broker_male_b__event_kill_target_damaged_02,Ламайте їх!
loc_broker_male_b__event_kill_target_destroyed_a_01,[Плює] От і добре.
loc_broker_male_b__event_kill_target_destroyed_a_02,[Плює] Перейдеш найкращим дорогу — завжди програєш.
loc_broker_male_b__event_kill_target_heavy_damage_a_01,Бий їх! І знову!
loc_broker_male_b__event_kill_target_heavy_damage_a_02,Чому ти не здихаєш?
loc_broker_male_b__event_scan_first_target_scanned_01,Скан чорт забирай завершено.
loc_broker_male_b__event_scan_first_target_scanned_02,Сканування завершено й оформлено.
loc_broker_male_b__event_survive_almost_done_01,Продовжуймо різанину!
loc_broker_male_b__event_survive_almost_done_02,Кров у них усе одно закінчиться!
loc_broker_male_b__event_survive_keep_coming_a_01,"Трупів — море, а платні — кіт наплакав."
loc_broker_male_b__event_survive_keep_coming_a_02,Рознесіть їх у шмаття. Тоді і дійде!
loc_broker_male_b__expeditions_call_extraction_a_01,Хочу звідси вибратися.
loc_broker_male_b__expeditions_call_extraction_a_02,Евакуація! НЕГАЙНО!
loc_broker_male_b__expeditions_sentry_gun_activated_a_01,"Вбити всіх, Турель."
loc_broker_male_b__expeditions_sentry_gun_activated_a_02,Потрібно трохи вогню від Турелі!
loc_broker_male_b__expeditions_sentry_gun_activated_a_03,Нам потрібна Турель!
loc_broker_male_b__expeditions_sentry_gun_deactivated_a_01,Турелі більше немає.
loc_broker_male_b__expeditions_sentry_gun_deactivated_a_02,Оце Турелі кінець.
loc_broker_male_b__found_ammo_adamant_low_on_ammo_01,"Набої, Арбітре!"
loc_broker_male_b__found_ammo_adamant_low_on_ammo_02,"Набої тут, Щур-поборник!"
loc_broker_male_b__found_ammo_adamant_low_on_ammo_03,"Заряджайся, Арбітре!"
loc_broker_male_b__found_ammo_adamant_low_on_ammo_04,"Зарядися, Щур-поборник!"
loc_broker_male_b__found_ammo_broker_low_on_ammo_01,"Набої, Корешу!"
loc_broker_male_b__found_ammo_broker_low_on_ammo_02,"Набої тут, Корешу!"
loc_broker_male_b__found_ammo_broker_low_on_ammo_03,"Заряджайся, Корешу!"
loc_broker_male_b__found_ammo_broker_low_on_ammo_04,"Порожні стволи — лайно, Корешу!"
loc_broker_male_b__found_ammo_ogryn_low_on_ammo_01,"Набої, Колодо!"
loc_broker_male_b__found_ammo_ogryn_low_on_ammo_02,"Набої для тебе, Оґрине!"
loc_broker_male_b__found_ammo_ogryn_low_on_ammo_03,Оґрине? Набої!
loc_broker_male_b__found_ammo_ogryn_low_on_ammo_04,"Заряджайся, Колодо!"
loc_broker_male_b__found_ammo_psyker_low_on_ammo_01,"Набої, Псайкере!"
loc_broker_male_b__found_ammo_psyker_low_on_ammo_02,"Тут набої, Дьорґаний!"
loc_broker_male_b__found_ammo_psyker_low_on_ammo_03,Дьорґаний? У нас є набої!
loc_broker_male_b__found_ammo_psyker_low_on_ammo_04,"Набирай, Псайкере!"
loc_broker_male_b__found_ammo_veteran_low_on_ammo_01,"Тут набої, Рубако!"
loc_broker_male_b__found_ammo_veteran_low_on_ammo_02,"Є набої, Ветеране!"
loc_broker_male_b__found_ammo_veteran_low_on_ammo_03,Ветеране? Тут набої!
loc_broker_male_b__found_ammo_veteran_low_on_ammo_04,"Бери ці набої, Ветеране?"
loc_broker_male_b__found_ammo_zealot_low_on_ammo_01,"Тут набої, Бузувіре!"
loc_broker_male_b__found_ammo_zealot_low_on_ammo_02,"Є твої набої, Язикатий!"
loc_broker_male_b__found_ammo_zealot_low_on_ammo_03,Язикатий? Тут набої!
loc_broker_male_b__found_ammo_zealot_low_on_ammo_04,"Потрібні ці набої, Язикатий?"
loc_broker_male_b__found_health_booster_adamant_low_on_health_01,"Медпак, Арбітер!"
loc_broker_male_b__found_health_booster_adamant_low_on_health_02,"Перестань корчити крутого й лікуйся, Щур-поборнике!"
loc_broker_male_b__found_health_booster_adamant_low_on_health_03,"Тут аптечка, Щур-поборник!"
loc_broker_male_b__found_health_booster_adamant_low_on_health_04,"Будеш бинтуватися, Арбітре?"
loc_broker_male_b__found_health_booster_broker_low_on_health_01,"Аптека тут, Корешу!"
loc_broker_male_b__found_health_booster_broker_low_on_health_02,"Підлікуйся, Корешу!"
loc_broker_male_b__found_health_booster_broker_low_on_health_03,"Медстанція! Підлікуйся, Кореш."
loc_broker_male_b__found_health_booster_broker_low_on_health_04,"Займися ранами, Корешу!"
loc_broker_male_b__found_health_booster_low_on_health_01,[Зітхання полегшення] Краще...
loc_broker_male_b__found_health_booster_low_on_health_02,[Зітхання полегшення] Можна далі битися...
loc_broker_male_b__found_health_booster_low_on_health_03,"[Зітхання полегшення] Саме те, що треба..."
loc_broker_male_b__found_health_booster_low_on_health_04,[Зітхання полегшення] Підлатався — готовий битися.
loc_broker_male_b__found_health_booster_ogryn_low_on_health_01,"Медпак, Оґрине!"
loc_broker_male_b__found_health_booster_ogryn_low_on_health_02,"Тут аптечка, Колодо!"
loc_broker_male_b__found_health_booster_ogryn_low_on_health_03,Колодо? Лікуйся!
loc_broker_male_b__found_health_booster_ogryn_low_on_health_04,"Лікуйся, Оґрине!"
loc_broker_male_b__found_health_booster_psyker_low_on_health_01,"Аптека, Дьорґаний!"
loc_broker_male_b__found_health_booster_psyker_low_on_health_02,"Медпак прямо тут, Псайкере!"
loc_broker_male_b__found_health_booster_psyker_low_on_health_03,Псайкере? Медпак!
loc_broker_male_b__found_health_booster_psyker_low_on_health_04,"Схоже тут аптечка, Дьорґаний!"
loc_broker_male_b__found_health_booster_veteran_low_on_health_01,"Аптека, Рубако!"
loc_broker_male_b__found_health_booster_veteran_low_on_health_02,"Тут аптечка, Рубако!"
loc_broker_male_b__found_health_booster_veteran_low_on_health_03,Ветеране? Тут є аптечка.
loc_broker_male_b__found_health_booster_veteran_low_on_health_04,Ветеране? Аптечка!
loc_broker_male_b__found_health_booster_zealot_low_on_health_01,"Медстимм, Бузувіре!"
loc_broker_male_b__found_health_booster_zealot_low_on_health_02,"Тут медстимм, Бузувіре!"
loc_broker_male_b__found_health_booster_zealot_low_on_health_03,Язикатий? У нас тут аптечка.
loc_broker_male_b__found_health_booster_zealot_low_on_health_04,Бузувіре? Медстимм!
loc_broker_male_b__friendly_fire_from_adamant_to_broker_01,"За яку ти команду, Щурику!"
loc_broker_male_b__friendly_fire_from_adamant_to_broker_02,Щурику! Досить!
loc_broker_male_b__friendly_fire_from_adamant_to_broker_03,"Припини в мене стріляти, Арбітре!"
loc_broker_male_b__friendly_fire_from_adamant_to_broker_04,"Я не Гниляк, Щурику!"
loc_broker_male_b__friendly_fire_from_adamant_to_broker_05,"Годі, Арбітре!"
loc_broker_male_b__friendly_fire_from_broker_to_broker_01,"Це за що, Корешу?"
loc_broker_male_b__friendly_fire_from_broker_to_broker_02,"Я тобі справді не подобаюся, так, Корешу?"
loc_broker_male_b__friendly_fire_from_broker_to_broker_03,Корешу! Годі!
loc_broker_male_b__friendly_fire_from_broker_to_broker_04,"Я не Гниляк, Корешу!"
loc_broker_male_b__friendly_fire_from_broker_to_broker_05,"Прибережи це для гниляків, Корешу!"
loc_broker_male_b__friendly_fire_from_ogryn_to_broker_01,"Годі, Колодо!"
loc_broker_male_b__friendly_fire_from_ogryn_to_broker_02,"Припини в мене стріляти, Оґрине!"
loc_broker_male_b__friendly_fire_from_ogryn_to_broker_03,Оґрине? Це я!
loc_broker_male_b__friendly_fire_from_ogryn_to_broker_04,"Я тобі не мішень для тренувань, Оґрине!"
loc_broker_male_b__friendly_fire_from_ogryn_to_broker_05,Колодо! Я не твій ворог!
loc_broker_male_b__friendly_fire_from_psyker_to_broker_01,"Смиканий! Розплющ очі, цілься прямо!"
loc_broker_male_b__friendly_fire_from_psyker_to_broker_02,Псайкере! Якщо ти вистрілиш у мене ще раз...
loc_broker_male_b__friendly_fire_from_psyker_to_broker_03,"Ти щойно в мене стріляв, Псайкере?"
loc_broker_male_b__friendly_fire_from_psyker_to_broker_04,"Ти в МЕНЕ стріляєш, Псайкере!"
loc_broker_male_b__friendly_fire_from_psyker_to_broker_05,"Це в мене ти цілишся, Смиканий!"
loc_broker_male_b__friendly_fire_from_veteran_to_broker_01,"Рубако! Це я, придурку!"
loc_broker_male_b__friendly_fire_from_veteran_to_broker_02,"Припини в мене шмаляти, Рубако!"
loc_broker_male_b__friendly_fire_from_veteran_to_broker_03,"Мені відібрати в тебе ту зброю, Ветеране?"
loc_broker_male_b__friendly_fire_from_veteran_to_broker_04,"Стріляй прямо, Ветеране!"
loc_broker_male_b__friendly_fire_from_veteran_to_broker_05,"Стріляєш мені в спину, Рубако?"
loc_broker_male_b__friendly_fire_from_zealot_to_broker_01,Язикатий! Я ж на твоєму боці!
loc_broker_male_b__friendly_fire_from_zealot_to_broker_02,Бузувіре! Прибережи це для ворога!
loc_broker_male_b__friendly_fire_from_zealot_to_broker_03,"Опусти зброю, Бузувіре!"
loc_broker_male_b__friendly_fire_from_zealot_to_broker_04,"ПРИПИНИ СТРІЛЯТИ В МЕНЕ, БУЗУВІРЕ!"
loc_broker_male_b__friendly_fire_from_zealot_to_broker_05,"У що ти, власне, цілишся, Язикатий?"
loc_broker_male_b__guidance_correct_path_01,Йдемо он туди!
loc_broker_male_b__guidance_correct_path_02,Оце наша стежка!
loc_broker_male_b__guidance_correct_path_03,Сюди!
loc_broker_male_b__guidance_correct_path_04,Дорога кличе.
loc_broker_male_b__guidance_correct_path_05,"Сюди, пиложери."
loc_broker_male_b__guidance_correct_path_drop_01,Цією дорогою уже не повернемось.
loc_broker_male_b__guidance_correct_path_drop_02,Далі — тільки вперед.
loc_broker_male_b__guidance_correct_path_drop_03,Назад шляху нема.
loc_broker_male_b__guidance_correct_path_drop_04,Назад не звертаємо. Не зараз.
loc_broker_male_b__guidance_correct_path_drop_05,Завжди вперед — через живих і мертвих.
loc_broker_male_b__guidance_correct_path_up_01,Вгору!
loc_broker_male_b__guidance_correct_path_up_02,Слід веде вгору!
loc_broker_male_b__guidance_correct_path_up_03,Рухаємося вгору.
loc_broker_male_b__guidance_correct_path_up_04,Йдемо вгору.
loc_broker_male_b__guidance_correct_path_up_05,Треба лізти далі.
loc_broker_male_b__guidance_starting_area_01,"Я кажу чур, ви не чіпаєте. Зрозуміло?"
loc_broker_male_b__guidance_starting_area_02,Між нами різниця — я свою роботу люблю.
loc_broker_male_b__guidance_starting_area_03,Бережіть сили. Полювання може бути довгим.
loc_broker_male_b__guidance_starting_area_04,Зібрались! Я не здохну через вашу розхлябаність!
loc_broker_male_b__guidance_starting_area_05,"Доведемо справу до кінця, хоч грім і буря."
loc_broker_male_b__hacking_auspex_mutter_a_01,Ніколи не любив ці штуки...
loc_broker_male_b__hacking_auspex_mutter_a_02,Ненавиджу техніку...
loc_broker_male_b__head_shot_01,Гарно цілишся!
loc_broker_male_b__head_shot_02,Непогано. Навіть дуже.
loc_broker_male_b__head_shot_03,Це вже не струсиш.
loc_broker_male_b__head_shot_04,Продовжуй і може кимось і станеш.
loc_broker_male_b__head_shot_05,Бачив і краще... але нечасто.
loc_broker_male_b__heal_start_01,[Напружено] Повільно починає діяти...
loc_broker_male_b__heal_start_02,[Напружено] Оце воно...
loc_broker_male_b__heal_start_03,[Напружено] Сьогодні не помираю...
loc_broker_male_b__heal_start_04,[Напружено] Треба повільніше. Не хочу німіти...
loc_broker_male_b__heal_start_05,"[Напружено] Достатньо болю, щоб триматись живим..."
loc_broker_male_b__heard_enemy_chaos_hound_01,Десь Гонча нишпорить!
loc_broker_male_b__heard_enemy_chaos_hound_02,Нові мішені: Гончі!
loc_broker_male_b__heard_enemy_chaos_hound_03,Розберіться з тією Гончею!
loc_broker_male_b__heard_enemy_chaos_hound_04,Вбийте Гончу!
loc_broker_male_b__heard_enemy_chaos_hound_05,Приберіть ту Гончу!
loc_broker_male_b__heard_enemy_chaos_spawn_01,М’ясний мішок! Піднімаємо планку!
loc_broker_male_b__heard_enemy_chaos_spawn_02,М’ясний мішок!
loc_broker_male_b__heard_enemy_chaos_spawn_03,М’ясний мішок! Ви готові?
loc_broker_male_b__heard_enemy_daemonhost_01,"Клята Велика Пустка, це Демононосій!"
loc_broker_male_b__heard_enemy_daemonhost_02,Демононосій! З цим я не б'юся.
loc_broker_male_b__heard_enemy_daemonhost_03,Демононосій! Тримайтесь подалі!
loc_broker_male_b__heard_enemy_monster_generic_01,ОТ це буде виплата!
loc_broker_male_b__heard_enemy_monster_generic_02,Нам за це мало платять!
loc_broker_male_b__heard_enemy_monster_generic_03,Що у нас тут?
loc_broker_male_b__heard_enemy_plague_ogryn_01,Чумний оґрин! І страшний як ніч!
loc_broker_male_b__heard_enemy_plague_ogryn_02,"Схоже, маємо Чумного оґрина!"
loc_broker_male_b__heard_enemy_plague_ogryn_03,У них Чумний оґрин!
loc_broker_male_b__heard_horde_ambush_01,"Засідка! Бийтесь, ніби хочете вижити!"
loc_broker_male_b__heard_horde_ambush_02,Засідка! Час підняти шуму!
loc_broker_male_b__heard_horde_ambush_03,Ми вляпались!
loc_broker_male_b__heard_horde_ambush_04,Мали б це передбачити!
loc_broker_male_b__heard_horde_ambush_05,Гниляки нас підловили!
loc_broker_male_b__heard_horde_vector_01,Ідуть! Заряджаємось і напоготові!
loc_broker_male_b__heard_horde_vector_02,Маємо непроханих гостей!
loc_broker_male_b__heard_horde_vector_03,Дехто просто не вміє звалювати вчасно!
loc_broker_male_b__heard_horde_vector_04,Зараз точно все закрутиться!
loc_broker_male_b__heard_horde_vector_05,Ідуть гниляки!
loc_broker_male_b__info_door_open_01,Двері відчинили!
loc_broker_male_b__info_door_open_02,Двері відкрито! Вирушаємо!
loc_broker_male_b__info_event_almost_done_01,Майже прийшли!
loc_broker_male_b__info_event_almost_done_02,Залишилось недовго!
loc_broker_male_b__info_event_almost_done_03,Ми на вірному шляху!
loc_broker_male_b__info_event_almost_done_04,Майже все!
loc_broker_male_b__info_event_almost_done_05,Продовжуйте!
loc_broker_male_b__info_event_det_pack_a_01,Заряд встановлено!
loc_broker_male_b__info_event_det_pack_a_02,Готуйтесь. Заряд встановлено.
loc_broker_male_b__info_event_det_pack_b_01,"Сподіваюсь, ти поставив все правильно."
loc_broker_male_b__info_event_det_pack_b_02,"Ага, ніби ти вмієш цим користуватись."
loc_broker_male_b__info_event_one_down_01,Заряд готовий.
loc_broker_male_b__info_event_one_down_02,Перша кров.
loc_broker_male_b__info_event_one_down_03,Перший крок зроблено.
loc_broker_male_b__info_event_one_down_04,Гарний початок.
loc_broker_male_b__info_event_one_down_05,Запустили.
loc_broker_male_b__info_extraction_response_01,Час звалювати.
loc_broker_male_b__info_extraction_response_02,Нема сенсу стирчати тут.
loc_broker_male_b__knocked_down_1_01,Мене підбили! Підніміть!
loc_broker_male_b__knocked_down_1_02,Тому гниляку пощастило!
loc_broker_male_b__knocked_down_1_03,Не очікував...
loc_broker_male_b__knocked_down_1_04,Мене серйозно зачепило. Потрібна допомога!
loc_broker_male_b__knocked_down_1_05,"Підійдіть уже, а?"
loc_broker_male_b__knocked_down_2_01,Ви про мене забули?
loc_broker_male_b__knocked_down_2_02,Я все ще чекаю!
loc_broker_male_b__knocked_down_2_03,Я починаю ЗЛИТИСЯ.
loc_broker_male_b__knocked_down_2_04,Де моя допомога?
loc_broker_male_b__knocked_down_2_05,Без мене не виграєте!
loc_broker_male_b__knocked_down_3_01,ПІДНІМІТЬ МЕНЕ! ЗАРАЗ ЖЕ!
loc_broker_male_b__knocked_down_3_02,Не смійте мене кидати!
loc_broker_male_b__knocked_down_3_03,Своїх не кидають!
loc_broker_male_b__knocked_down_3_04,"З мене ніякої користі, якщо я мертвий!"
loc_broker_male_b__knocked_down_3_05,Майте хоч сміливість добити мене самі!
loc_broker_male_b__knocked_down_multiple_times_adamant_01,Невтомний Закон? Ха.
loc_broker_male_b__knocked_down_multiple_times_adamant_02,Той Арбітер — як гиря на шиї.
loc_broker_male_b__knocked_down_multiple_times_adamant_03,Валятися в пилюці — твоє місце.
loc_broker_male_b__knocked_down_multiple_times_adamant_04,"Подобається там унизу, пилоїде?"
loc_broker_male_b__knocked_down_multiple_times_broker_01,Хіба ти не один із найкращих у Конклаві?
loc_broker_male_b__knocked_down_multiple_times_broker_02,"Подобається валятись у багні, Корешу?"
loc_broker_male_b__knocked_down_multiple_times_broker_03,Підводиш команду...
loc_broker_male_b__knocked_down_multiple_times_broker_04,Годі валятися на землі.
loc_broker_male_b__knocked_down_multiple_times_ogryn_01,"Що тепер, Колодо?"
loc_broker_male_b__knocked_down_multiple_times_ogryn_02,Оґрин зліг. Знову.
loc_broker_male_b__knocked_down_multiple_times_ogryn_03,Гнилякам не до вподоби наш Оґрин.
loc_broker_male_b__knocked_down_multiple_times_ogryn_04,"Знову впав, Колодо?"
loc_broker_male_b__knocked_down_multiple_times_psyker_01,"Що ти там приліг, Дьорґаний?"
loc_broker_male_b__knocked_down_multiple_times_psyker_02,Той Псайкер вічно валяється на землі.
loc_broker_male_b__knocked_down_multiple_times_psyker_03,"Знову, Дьорґаний? Серйозно?"
loc_broker_male_b__knocked_down_multiple_times_psyker_04,"Опускаються руки через тебе, Псайкере."
loc_broker_male_b__knocked_down_multiple_times_veteran_01,Дехто ну ніяк не втримається на ногах.
loc_broker_male_b__knocked_down_multiple_times_veteran_02,"Знову впав, Ветеране? Ха."
loc_broker_male_b__knocked_down_multiple_times_veteran_03,"Ти просто не здатен стояти, е?"
loc_broker_male_b__knocked_down_multiple_times_veteran_04,"Перестань падати, Рубако."
loc_broker_male_b__knocked_down_multiple_times_zealot_01,"Знову лежиш, Язикатий?"
loc_broker_male_b__knocked_down_multiple_times_zealot_02,"Перестанеш уже падати, Бузувіре?"
loc_broker_male_b__knocked_down_multiple_times_zealot_03,"Тебе ЗНОВУ поклали, Бузувіре?"
loc_broker_male_b__knocked_down_multiple_times_zealot_04,"Перестань уже падати, Язикатий."
loc_broker_male_b__ladder_sighted_01,Драбина!
loc_broker_male_b__ladder_sighted_02,Драбина!
loc_broker_male_b__ladder_sighted_03,Маємо драбину.
loc_broker_male_b__ladder_sighted_04,Йдемо драбиною?
loc_broker_male_b__ladder_sighted_05,"Он драбина, прямо там!"
loc_broker_male_b__ledge_hanging_01,От же ж халепа!
loc_broker_male_b__ledge_hanging_02,Не так я це планував!
loc_broker_male_b__ledge_hanging_03,Витягнете мене?
loc_broker_male_b__ledge_hanging_04,Не дуже хочу стрибати!
loc_broker_male_b__ledge_hanging_05,"Ого, височенько падати!"
loc_broker_male_b__look_at_grenade_01,Граната!
loc_broker_male_b__look_at_grenade_02,Є граната!
loc_broker_male_b__look_at_grenade_03,Хапайте гранату!
loc_broker_male_b__look_at_grenade_04,"Кому з вас, пилоїди, потрібна граната?"
loc_broker_male_b__look_at_grenade_05,Та граната така самотня.
loc_broker_male_b__look_at_healthstation_01,Тут є медстанція!
loc_broker_male_b__look_at_healthstation_02,Медстанція — ось тут!
loc_broker_male_b__look_at_healthstation_03,"О, та це ж медстанція."
loc_broker_male_b__look_at_healthstation_04,Працююча медстанція? Нам щастить.
loc_broker_male_b__look_at_healthstation_05,Медстанція? Оце фартануло.
loc_broker_male_b__luggable_mission_pick_up_01,"[Напружено] Важче, ніж здається..."
loc_broker_male_b__luggable_mission_pick_up_02,[натуга під час підйому] Як мене впрягли тягати це?
loc_broker_male_b__mission_raid_trapped_a_01,Пастка? От це різноманіття.
loc_broker_male_b__mission_raid_trapped_a_02,"Схоже, ми конкретно лажанулись."
loc_broker_male_b__mission_raid_trapped_b_01,Вокс мовчить. Ми самі.
loc_broker_male_b__mission_raid_trapped_b_02,І вокс не працює. Веселощі попереду.
loc_broker_male_b__mission_rails_disable_skyfire_a_01,Не завадить приборкати те ППО.
loc_broker_male_b__mission_strain_crossroads_01,Це місце завжди було лабіринтом.
loc_broker_male_b__monster_combo_attack_01,Не стовбич там!
loc_broker_male_b__monster_combo_attack_02,Воно преться прямо на тебе!
loc_broker_male_b__monster_combo_attack_03,Назад! РУХАЙСЯ!
loc_broker_male_b__monster_fight_start_reaction_01,Готуйте важке!
loc_broker_male_b__monster_fight_start_reaction_02,"Один — приманка, решта — ріжуть!"
loc_broker_male_b__monster_fight_start_reaction_03,Якщо лізе на тебе — тікайте!
loc_broker_male_b__monster_fight_start_reaction_04,У нас план є?
loc_broker_male_b__monster_fight_start_reaction_05,"Валимо разом! Чуєте, пиложери?"
loc_broker_male_b__need_rescue_01,"[смикає пута] Ану СЮДИ, живо!"
loc_broker_male_b__need_rescue_02,[смикає пута] Витягніть мене звідси!
loc_broker_male_b__need_rescue_03,[смикає пута] Розріжте ці пута! Я можу битися!
loc_broker_male_b__need_rescue_04,[смикає пута] Тільки не смійте кидати мене тут!
loc_broker_male_b__need_rescue_05,[смикає пута] ЧОГО ви ЧЕКАЄТЕ?
loc_broker_male_b__pinned_by_enemies_01,Притиснули! Підстрахуйте!
loc_broker_male_b__pinned_by_enemies_02,Мене притисли! Робіть щось!
loc_broker_male_b__pinned_by_enemies_03,Гниляки притисли мене!
loc_broker_male_b__pinned_by_enemies_04,Мене розстрілюють! Розруліть!
loc_broker_male_b__pinned_by_enemies_05,Мене притисли! Чого чекаєте?
loc_broker_male_b__player_death_adamant_01,Ніхто не плаче за Щур-поборником.
loc_broker_male_b__player_death_adamant_02,Мертвий Арбітр?... Не шкода.
loc_broker_male_b__player_death_adamant_03,"Отакий він, «вічний» Закон."
loc_broker_male_b__player_death_adamant_04,Сторожі Закону міцні горішки — міцно мруть.
loc_broker_male_b__player_death_broker_01,"Відпочинь, Корешу. Заслужив."
loc_broker_male_b__player_death_broker_02,Ще один мертвий Кореш. Таке життя.
loc_broker_male_b__player_death_broker_03,Ми втратили один ствол.
loc_broker_male_b__player_death_broker_04,Нас стало менше. Збирайтесь.
loc_broker_male_b__player_death_ogryn_01,Оґрин вибув.
loc_broker_male_b__player_death_ogryn_02,Оґрина більше нема.
loc_broker_male_b__player_death_ogryn_03,Колода пропав. Б'ємося далі.
loc_broker_male_b__player_death_ogryn_04,Колода помер у бою. Могло бути гірше.
loc_broker_male_b__player_death_psyker_01,Псайкер мертвий.
loc_broker_male_b__player_death_psyker_02,Тому Псайкеру — без шансів.
loc_broker_male_b__player_death_psyker_03,Дьорґаний нарешті затих.
loc_broker_male_b__player_death_psyker_04,Ми втратили Псайкера.
loc_broker_male_b__player_death_veteran_01,Ветеран кінчився. Бій — ні.
loc_broker_male_b__player_death_veteran_02,"Легкої дороги, Ветеране."
loc_broker_male_b__player_death_veteran_03,"Бувай, Рубако."
loc_broker_male_b__player_death_veteran_04,Колись усі ми помремо.
loc_broker_male_b__player_death_zealot_01,Бузувір пішов назавжди.
loc_broker_male_b__player_death_zealot_02,Бузувір пішов. Прощайтеся.
loc_broker_male_b__player_death_zealot_03,Язикатий мертвий!
loc_broker_male_b__player_death_zealot_04,Язикатому кінець. Не піднімайте.
loc_broker_male_b__player_tip_armor_hit_generic_01,"Припини гамселити броню, пиложере!"
loc_broker_male_b__player_tip_armor_hit_generic_02,Ти ж б’єш у броню!
loc_broker_male_b__player_tip_armor_hit_generic_03,Та броня занадто товста!
loc_broker_male_b__player_tip_armor_hit_generic_04,"Ага. Бий у найміцніше місце. Спрацює, ага."
loc_broker_male_b__player_tip_armor_hit_generic_05,Ну чого ж по броні!... Коли ця дурня закінчиться...
loc_broker_male_b__quick_agnostic_enemy_kill_a_01,Ціль убили.
loc_broker_male_b__quick_agnostic_enemy_kill_a_02,Ціль убито.
loc_broker_male_b__quick_agnostic_enemy_kill_a_03,Ціль вбито.
loc_broker_male_b__quick_agnostic_enemy_kill_a_04,День зарплати.
loc_broker_male_b__quick_agnostic_enemy_kill_a_05,Ціль поклали.
loc_broker_male_b__quick_agnostic_enemy_kill_a_06,Ще одну ціль поклали.
loc_broker_male_b__quick_agnostic_enemy_kill_a_07,Ціль прибили.
loc_broker_male_b__quick_agnostic_enemy_kill_a_08,Ціль поклали.
loc_broker_male_b__reload_failed_out_of_ammo_01,Нема набоїв? Значить іду в рукопаш.
loc_broker_male_b__reload_failed_out_of_ammo_02,"Кричіть, як побачите набої!"
loc_broker_male_b__reload_failed_out_of_ammo_03,"Мені треба більше набоїв, пилоїди!"
loc_broker_male_b__reload_failed_out_of_ammo_04,Знайдіть мені набої — буду винен!
loc_broker_male_b__reload_failed_out_of_ammo_05,Не можу перезарядитись! Нема набоїв!
loc_broker_male_b__reloading_01,Перезарядка!
loc_broker_male_b__reloading_02,Перезаряджаюся! Виживайте самі!
loc_broker_male_b__reloading_03,Я перезаряджаюся!
loc_broker_male_b__reloading_04,Треба нагодувати робочий інструмент.
loc_broker_male_b__reloading_05,Треба перезарядити!
loc_broker_male_b__reloading_empty_01,Зброю треба годувати.
loc_broker_male_b__reloading_empty_02,Треба перезарядитись. Прикрийте.
loc_broker_male_b__reloading_empty_03,Зброя захолола. Розігріваю.
loc_broker_male_b__reloading_empty_04,Порожньо?... Час перезарядитись.
loc_broker_male_b__reloading_empty_05,Знову порожньо. Насичений день.
loc_broker_male_b__respons_for_zealot_critical_health_01,"Або б’єшся, або відстаєш."
loc_broker_male_b__respons_for_zealot_critical_health_02,Колись у тебе були кращі дні.
loc_broker_male_b__respons_for_zealot_critical_health_03,Паскудна рана. Довго не протягнеш.
loc_broker_male_b__response_for_adamant_cover_me_01,Вибач! Не чую!
loc_broker_male_b__response_for_adamant_cover_me_02,Накосячив — сам і розгрібай!
loc_broker_male_b__response_for_adamant_cover_me_03,Ховайся за Законом!
loc_broker_male_b__response_for_adamant_critical_health_01,"Зроби мені ласку — здохни, га?"
loc_broker_male_b__response_for_adamant_critical_health_02,"Болить, так? Добре."
loc_broker_male_b__response_for_adamant_critical_health_03,Зберися.
loc_broker_male_b__response_for_adamant_disabled_by_chaos_hound_01,ОТИЙ пес тебе не любить.
loc_broker_male_b__response_for_adamant_disabled_by_chaos_hound_02,Ти маєш слабкість до тварин.
loc_broker_male_b__response_for_adamant_disabled_by_chaos_hound_03,Він просто «дружить».
loc_broker_male_b__response_for_adamant_disabled_by_enemy_01,Щур-поборник у халепі!
loc_broker_male_b__response_for_adamant_disabled_by_enemy_02,Щур-поборник кличе на допомогу!
loc_broker_male_b__response_for_adamant_disabled_by_enemy_03,Хтось поруч? Підсобіть!
loc_broker_male_b__response_for_adamant_enemy_kill_monster_01,"Може, ти не лише базікаєш."
loc_broker_male_b__response_for_adamant_enemy_kill_monster_02,"Не думав, що ти це потягнеш."
loc_broker_male_b__response_for_adamant_enemy_kill_monster_03,"Не поспішав, еге ж?"
loc_broker_male_b__response_for_adamant_knocked_down_3_01,Щур-поборник зараз здохне!
loc_broker_male_b__response_for_adamant_knocked_down_3_02,Якщо підіймати Щур-поборника — то зараз!
loc_broker_male_b__response_for_adamant_knocked_down_3_03,Тільки не здохни мені зараз!
loc_broker_male_b__response_for_adamant_ledge_hanging_01,Підніміть того Щур-поборника!
loc_broker_male_b__response_for_adamant_ledge_hanging_02,Не лишайте Щур-поборника висіти!
loc_broker_male_b__response_for_adamant_ledge_hanging_03,"Зараз буде короткий, різкий ривок!"
loc_broker_male_b__response_for_adamant_seen_killstreak_broker_01,Лише пам’ятай — не стій на моєму шляху.
loc_broker_male_b__response_for_adamant_seen_killstreak_broker_02,Я це роблю не заради твоєї оцінки.
loc_broker_male_b__response_for_adamant_seen_killstreak_broker_03,Вбивство потребує віддачі. Ти б мав знати.
loc_broker_male_b__response_for_adamant_start_revive_broker_01,"[болісно] То ми тепер друзі, га?"
loc_broker_male_b__response_for_adamant_start_revive_broker_02,"[болісно] Спільний ворог, спільна ціль, ага?"
loc_broker_male_b__response_for_adamant_start_revive_broker_03,[болісно] Ані. Слова.
loc_broker_male_b__response_for_broker_cover_me_01,Вогонь на придушення! Зараз!
loc_broker_male_b__response_for_broker_cover_me_02,Дайте їм прикриття!
loc_broker_male_b__response_for_broker_cover_me_03,Їм потрібне прикриття!
loc_broker_male_b__response_for_broker_critical_health_01,"Як не вб’є, то зробить міцнішим."
loc_broker_male_b__response_for_broker_critical_health_02,Підлатаєшся і досить нити.
loc_broker_male_b__response_for_broker_critical_health_03,"Балакати ще можеш, га?"
loc_broker_male_b__response_for_broker_disabled_by_chaos_hound_01,Що ти там робиш?
loc_broker_male_b__response_for_broker_disabled_by_chaos_hound_02,Гидко!
loc_broker_male_b__response_for_broker_disabled_by_chaos_hound_03,"Схоже, болить."
loc_broker_male_b__response_for_broker_disabled_by_enemy_01,Поверніть їх у бій!
loc_broker_male_b__response_for_broker_disabled_by_enemy_02,"Нам потрібно, щоб вони билися!"
loc_broker_male_b__response_for_broker_disabled_by_enemy_03,Вони не можуть лишатися там унизу!
loc_broker_male_b__response_for_broker_enemy_kill_monster_01,Випередив мене з добиванням.
loc_broker_male_b__response_for_broker_enemy_kill_monster_02,Добре билися і добре виграли!
loc_broker_male_b__response_for_broker_enemy_kill_monster_03,Гниль. Добре що мертва.
loc_broker_male_b__response_for_broker_knocked_down_3_01,Тримайся!
loc_broker_male_b__response_for_broker_knocked_down_3_02,Майже біля тебе!
loc_broker_male_b__response_for_broker_knocked_down_3_03,Просто чекаю слушної нагоди!
loc_broker_male_b__response_for_broker_ledge_hanging_01,Ти в халепі.
loc_broker_male_b__response_for_broker_ledge_hanging_02,Зі мною б такого не сталося.
loc_broker_male_b__response_for_broker_ledge_hanging_03,Крок убік — і ти в халепі.
loc_broker_male_b__response_for_broker_seen_killstreak_broker_01,Від тебе — це похвала.
loc_broker_male_b__response_for_broker_seen_killstreak_broker_02,Боєць бійця впізнає.
loc_broker_male_b__response_for_broker_seen_killstreak_broker_03,Я знаю свою справу.
loc_broker_male_b__response_for_calling_for_help_01,Чекай своєї черги!
loc_broker_male_b__response_for_calling_for_help_02,Я тебе чую!
loc_broker_male_b__response_for_calling_for_help_03,Зараз тут трохи божевілля!
loc_broker_male_b__response_for_calling_for_help_04,Не в тебе одного проблеми!
loc_broker_male_b__response_for_calling_for_help_05,"Будемо, як тільки зможемо!"
loc_broker_male_b__response_for_critical_health_01,"Зберися, або здохнеш тут!"
loc_broker_male_b__response_for_critical_health_02,Ти нікчема!... А тепер бийся!
loc_broker_male_b__response_for_critical_health_03,Як уже помирати — то в бою!
loc_broker_male_b__response_for_enemy_kill_monster_01,"Може, відріжу трофей. На згадку."
loc_broker_male_b__response_for_enemy_kill_monster_02,"Говориш, ніби це не я всю брудну роботу зробив."
loc_broker_male_b__response_for_enemy_kill_monster_03,Краще рухаймося. Це не останній.
loc_broker_male_b__response_for_friendly_fire_from_broker_to_adamant_01,Твої проблеми — не мої проблеми.
loc_broker_male_b__response_for_friendly_fire_from_broker_to_adamant_02,Ще одна брехня Щурика.
loc_broker_male_b__response_for_friendly_fire_from_broker_to_adamant_03,"Думаєш, мені є діло?"
loc_broker_male_b__response_for_friendly_fire_from_broker_to_broker_01,Ти зайшов не на ту лінію вогню.
loc_broker_male_b__response_for_friendly_fire_from_broker_to_broker_02,Я намагаюсь виграти. А ти що робиш?
loc_broker_male_b__response_for_friendly_fire_from_broker_to_broker_03,"Ага. Звісно, винен я."
loc_broker_male_b__response_for_friendly_fire_from_broker_to_ogryn_01,Тримайся осторонь — і нічого не станеться!
loc_broker_male_b__response_for_friendly_fire_from_broker_to_ogryn_02,Забирайся з бісової дороги!
loc_broker_male_b__response_for_friendly_fire_from_broker_to_ogryn_03,"Ти займаєш забагато місця, Колодо!"
loc_broker_male_b__response_for_friendly_fire_from_broker_to_psyker_01,Ти так і будеш нити чи все таки битись?
loc_broker_male_b__response_for_friendly_fire_from_broker_to_psyker_02,"Продовжуй патякати, і я зроблю це знову."
loc_broker_male_b__response_for_friendly_fire_from_broker_to_psyker_03,Ти мариш.
loc_broker_male_b__response_for_friendly_fire_from_broker_to_veteran_01,Я ніколи не промахуюся по своїй цілі.
loc_broker_male_b__response_for_friendly_fire_from_broker_to_veteran_02,Забирайся з бісової дороги!
loc_broker_male_b__response_for_friendly_fire_from_broker_to_veteran_03,Не повчай мене!
loc_broker_male_b__response_for_friendly_fire_from_broker_to_zealot_01,Очистити периметр!
loc_broker_male_b__response_for_friendly_fire_from_broker_to_zealot_02,Йди дратувати когось іншого!
loc_broker_male_b__response_for_friendly_fire_from_broker_to_zealot_03,"Я влучаю лише туди, куди цілюся."
loc_broker_male_b__response_for_heard_horde_vector_01,Їхня остання помилка!
loc_broker_male_b__response_for_heard_horde_vector_02,"Трупи, що ходять — кожен до одного!"
loc_broker_male_b__response_for_heard_horde_vector_03,"Нудьгувати ж не хочеш, правда?"
loc_broker_male_b__response_for_heard_horde_vector_04,Зекономить мені час на їх пошуки!
loc_broker_male_b__response_for_info_incoming_enemies_01,Жодної дисципліни. Вони тут не виграють.
loc_broker_male_b__response_for_info_incoming_enemies_02,Вкопайся. Ані кроку назад.
loc_broker_male_b__response_for_info_incoming_enemies_03,"Покажи їм, з чого ти зроблений!"
loc_broker_male_b__response_for_info_incoming_enemies_04,Якщо ще дихаєш — БИЙСЯ!
loc_broker_male_b__response_for_info_incoming_enemies_05,Сьогодні не здохну. Не від цих.
loc_broker_male_b__response_for_ogryn_cover_me_01,"Чую, Колоду!"
loc_broker_male_b__response_for_ogryn_cover_me_02,Колоді потрібне прикриття!
loc_broker_male_b__response_for_ogryn_cover_me_03,Прикрийте Оґрина!
loc_broker_male_b__response_for_ogryn_critical_health_01,Медстим підлатає.
loc_broker_male_b__response_for_ogryn_critical_health_02,"Думав, ти міцніший."
loc_broker_male_b__response_for_ogryn_critical_health_03,Дряпина й годі.
loc_broker_male_b__response_for_ogryn_disabled_by_chaos_hound_01,"Смачний ти шмат, Колодо."
loc_broker_male_b__response_for_ogryn_disabled_by_chaos_hound_02,"Тримайся, Оґрине!"
loc_broker_male_b__response_for_ogryn_disabled_by_chaos_hound_03,"Допомога вже йде, Колодо!"
loc_broker_male_b__response_for_ogryn_disabled_by_enemy_01,Колодо в халепі!
loc_broker_male_b__response_for_ogryn_disabled_by_enemy_02,Ми потрібні Оґрину!
loc_broker_male_b__response_for_ogryn_disabled_by_enemy_03,"До Оґрина, хутко!"
loc_broker_male_b__response_for_ogryn_enemy_kill_monster_01,"Щоб завалити велетня, треба ще більший, га?"
loc_broker_male_b__response_for_ogryn_enemy_kill_monster_02,"Добра робота, Колодо."
loc_broker_male_b__response_for_ogryn_enemy_kill_monster_03,Добре ти його накрив.
loc_broker_male_b__response_for_ogryn_knocked_down_3_01,Оґрин стікає кров’ю!
loc_broker_male_b__response_for_ogryn_knocked_down_3_02,Оґрин майже відходить!
loc_broker_male_b__response_for_ogryn_knocked_down_3_03,Останній шанс врятувати Колоду!
loc_broker_male_b__response_for_ogryn_ledge_hanging_01,"Там прірва, до біса."
loc_broker_male_b__response_for_ogryn_ledge_hanging_02,Краще не відпускай.
loc_broker_male_b__response_for_ogryn_ledge_hanging_03,Тримайся! Ідемо!
loc_broker_male_b__response_for_ogryn_seen_killstreak_broker_01,Я народжений убивати.
loc_broker_male_b__response_for_ogryn_seen_killstreak_broker_02,Практика робить майстра.
loc_broker_male_b__response_for_ogryn_seen_killstreak_broker_03,Вбивство — це мистецтво. Моє мистецтво.
loc_broker_male_b__response_for_ogryn_start_revive_broker_01,"[З болем] Я ще б'юся, не переймайся."
loc_broker_male_b__response_for_ogryn_start_revive_broker_02,"[болісно] Молодець, Колодо."
loc_broker_male_b__response_for_ogryn_start_revive_broker_03,[З болем] Це було шляхетно з твого боку. Я цього не забуду.
loc_broker_male_b__response_for_pinned_by_enemies_adamant_01,Закон визволить тебе!
loc_broker_male_b__response_for_pinned_by_enemies_adamant_02,Ти хочеш МОЄЇ допомоги?
loc_broker_male_b__response_for_pinned_by_enemies_adamant_03,Щур-поборника притисли?
loc_broker_male_b__response_for_pinned_by_enemies_broker_01,Зроблю!
loc_broker_male_b__response_for_pinned_by_enemies_broker_02,Чули? Підсобіть!
loc_broker_male_b__response_for_pinned_by_enemies_broker_03,Краще підсобимо!
loc_broker_male_b__response_for_pinned_by_enemies_ogryn_01,По Колоді луплять!
loc_broker_male_b__response_for_pinned_by_enemies_ogryn_02,Колода під вогнем!
loc_broker_male_b__response_for_pinned_by_enemies_ogryn_03,"Хтось, допоможіть Оґрину!"
loc_broker_male_b__response_for_pinned_by_enemies_psyker_01,Ми потрібні Псайкеру!
loc_broker_male_b__response_for_pinned_by_enemies_psyker_02,Псайкеру кепсько!
loc_broker_male_b__response_for_pinned_by_enemies_psyker_03,Дьорґаний у халепі!
loc_broker_male_b__response_for_pinned_by_enemies_veteran_01,"Спокійно, Рубако."
loc_broker_male_b__response_for_pinned_by_enemies_veteran_02,Менше нити — більше бити.
loc_broker_male_b__response_for_pinned_by_enemies_veteran_03,Ти впораєшся!
loc_broker_male_b__response_for_pinned_by_enemies_zealot_01,Бузувіра притисли!
loc_broker_male_b__response_for_pinned_by_enemies_zealot_02,Бузувіру потрібна підтримка!
loc_broker_male_b__response_for_pinned_by_enemies_zealot_03,Підставтесь! Допоможіть Язикатому!
loc_broker_male_b__response_for_psyker_cover_me_01,Дайте Псайкеру прикриття!
loc_broker_male_b__response_for_psyker_cover_me_02,Псайкеру потрібне прикриття!
loc_broker_male_b__response_for_psyker_cover_me_03,"Чую, тебе Дьорґаний!"
loc_broker_male_b__response_for_psyker_critical_health_01,Підлікуйся або заткнись.
loc_broker_male_b__response_for_psyker_critical_health_02,Скиглити не допоможе.
loc_broker_male_b__response_for_psyker_critical_health_03,Ми всі в крові.
loc_broker_male_b__response_for_psyker_disabled_by_chaos_hound_01,З тебе їжі — кіт наплакав.
loc_broker_male_b__response_for_psyker_disabled_by_chaos_hound_02,Пика в пса. Нічого доброго.
loc_broker_male_b__response_for_psyker_disabled_by_chaos_hound_03,Так тобі й треба за спробу втекти.
loc_broker_male_b__response_for_psyker_disabled_by_enemy_01,Чую тебе!
loc_broker_male_b__response_for_psyker_disabled_by_enemy_02,Нам треба повернути Дьорґаний в бій!
loc_broker_male_b__response_for_psyker_disabled_by_enemy_03,Підніміть Дьорґаного! Негайно!
loc_broker_male_b__response_for_psyker_enemy_kill_monster_01,Добре вбиваєш.
loc_broker_male_b__response_for_psyker_enemy_kill_monster_02,Змушений визнати: вражає.
loc_broker_male_b__response_for_psyker_enemy_kill_monster_03,Як уже викладаєшся — то по повній.
loc_broker_male_b__response_for_psyker_knocked_down_3_01,Останній шанс лишити Дьорґаний живим!
loc_broker_male_b__response_for_psyker_knocked_down_3_02,Сам винен.
loc_broker_male_b__response_for_psyker_knocked_down_3_03,Не подобається валятись? Тримайся на ногах.
loc_broker_male_b__response_for_psyker_ledge_hanging_01,Тримайся! Хтось іде.
loc_broker_male_b__response_for_psyker_ledge_hanging_02,"Десь не туди зайшов, га?"
loc_broker_male_b__response_for_psyker_ledge_hanging_03,"Так, далеченько падати. Не заперечиш."
loc_broker_male_b__response_for_psyker_seen_killstreak_broker_01,Це не понти. Це норма.
loc_broker_male_b__response_for_psyker_seen_killstreak_broker_02,"Гляди не переходь мені дорогу, Дьорґаний."
loc_broker_male_b__response_for_psyker_seen_killstreak_broker_03,Майстерність є майстерність. Нічого казати.
loc_broker_male_b__response_for_psyker_start_revive_broker_01,[болісно] Лише не лізь мені в голову.
loc_broker_male_b__response_for_psyker_start_revive_broker_02,"[Болюче] Командна робота, так? Нарешті."
loc_broker_male_b__response_for_psyker_start_revive_broker_03,[болісно] Маю рахунки до зведення.
loc_broker_male_b__response_for_seen_netgunner_flee_01,Збийте її!
loc_broker_male_b__response_for_seen_netgunner_flee_02,Не дайте їй втекти!
loc_broker_male_b__response_for_veteran_cover_me_01,Чую тебе!
loc_broker_male_b__response_for_veteran_cover_me_02,Рубако просить прикриття!
loc_broker_male_b__response_for_veteran_cover_me_03,Прикрийте Ветерана!
loc_broker_male_b__response_for_veteran_critical_health_01,"Бував ти й свіжішим, Рубако."
loc_broker_male_b__response_for_veteran_critical_health_02,"Залишиться шрам, Ветеране."
loc_broker_male_b__response_for_veteran_critical_health_03,"Дивно, що ти ще дихаєш, Рубако."
loc_broker_male_b__response_for_veteran_disabled_by_chaos_hound_01,Цільтесь у Гончу!
loc_broker_male_b__response_for_veteran_disabled_by_chaos_hound_02,Зірвіть того Гончака!
loc_broker_male_b__response_for_veteran_disabled_by_chaos_hound_03,"Невдалий час, щоб тебе звалили."
loc_broker_male_b__response_for_veteran_disabled_by_enemy_01,Підійміть Рубаку!
loc_broker_male_b__response_for_veteran_disabled_by_enemy_02,Нам потрібен Ветеран назад у бою!
loc_broker_male_b__response_for_veteran_disabled_by_enemy_03,Виглядає паршиво.
loc_broker_male_b__response_for_veteran_enemy_kill_monster_01,Тут віддам належне: як б’єшся — то б’єшся на повну.
loc_broker_male_b__response_for_veteran_enemy_kill_monster_02,Ти зробив це не сам. Запам’ятай.
loc_broker_male_b__response_for_veteran_enemy_kill_monster_03,"Гарно ти це робиш, Рубако."
loc_broker_male_b__response_for_veteran_knocked_down_3_01,Вже йдемо до тебе.
loc_broker_male_b__response_for_veteran_knocked_down_3_02,Я тут намагаюсь зосередитись.
loc_broker_male_b__response_for_veteran_knocked_down_3_03,Я. ЗАРАЗ. ЗАЙНЯТИЙ.
loc_broker_male_b__response_for_veteran_ledge_hanging_01,Тільки не падай.
loc_broker_male_b__response_for_veteran_ledge_hanging_02,От халепа.
loc_broker_male_b__response_for_veteran_ledge_hanging_03,Втрапив у халепу.
loc_broker_male_b__response_for_veteran_seen_killstreak_broker_01,Це моє покликання.
loc_broker_male_b__response_for_veteran_seen_killstreak_broker_02,Я найкращий. Запам’ятай.
loc_broker_male_b__response_for_veteran_seen_killstreak_broker_03,Звичайна робота.
loc_broker_male_b__response_for_veteran_start_revive_broker_01,[болісно] Лише друге дихання відкриваю.
loc_broker_male_b__response_for_veteran_start_revive_broker_02,[болісно] Покажіть де ціль.
loc_broker_male_b__response_for_veteran_start_revive_broker_03,[З біллю] Навіть і не думай.
loc_broker_male_b__response_for_zealot_cover_me_01,Прикрийте Язикатого!
loc_broker_male_b__response_for_zealot_cover_me_02,Язикатий просить прикриття!
loc_broker_male_b__response_for_zealot_cover_me_03,Працюю над цим!
loc_broker_male_b__response_for_zealot_disabled_by_chaos_hound_01,Мерзота.
loc_broker_male_b__response_for_zealot_disabled_by_chaos_hound_02,"Краще ти, ніж я."
loc_broker_male_b__response_for_zealot_disabled_by_chaos_hound_03,Треба було ухилитись.
loc_broker_male_b__response_for_zealot_disabled_by_enemy_01,Бачу тебе!
loc_broker_male_b__response_for_zealot_disabled_by_enemy_02,Доберемось до тебе!
loc_broker_male_b__response_for_zealot_disabled_by_enemy_03,Підніміть того Язикатого!
loc_broker_male_b__response_for_zealot_enemy_kill_monster_01,"Свята робота, Бузувіре. Свята робота."
loc_broker_male_b__response_for_zealot_enemy_kill_monster_02,Носиш «добре слово» — по трупу за раз.
loc_broker_male_b__response_for_zealot_enemy_kill_monster_03,Оце ти тут шуму натворив.
loc_broker_male_b__response_for_zealot_knocked_down_3_01,Я ПОМІТИВ твою халепу.
loc_broker_male_b__response_for_zealot_knocked_down_3_02,"Або підніміть Язикатого, або хай замовкне!"
loc_broker_male_b__response_for_zealot_knocked_down_3_03,Альо? Я взагалі-то зайнятий.
loc_broker_male_b__response_for_zealot_ledge_hanging_01,Краще тримайся міцно.
loc_broker_male_b__response_for_zealot_ledge_hanging_02,Далеко падати.
loc_broker_male_b__response_for_zealot_ledge_hanging_03,"Здається, звернув не туди."
loc_broker_male_b__response_for_zealot_seen_killstreak_broker_01,У цьому я найкращий.
loc_broker_male_b__response_for_zealot_seen_killstreak_broker_02,"Я стараюсь, щоб вам сподобалось."
loc_broker_male_b__response_for_zealot_seen_killstreak_broker_03,Бачиш досвід у дії.
loc_broker_male_b__response_for_zealot_start_revive_broker_01,[болісно] Вдячний.
loc_broker_male_b__response_for_zealot_start_revive_broker_02,"[болісно] Ще цілі кілометри пертись, так же?"
loc_broker_male_b__response_for_zealot_start_revive_broker_03,[Крізь біль] Я в порядку. Можу продовжувати бій.
loc_broker_male_b__response_rechargable_for_look_at_healthstation_01,Є десь батарея?
loc_broker_male_b__response_rechargable_for_look_at_healthstation_02,Хтось бачив батарею?
loc_broker_male_b__response_to_hacking_fix_decode_01,Цей агрегат лайно.
loc_broker_male_b__response_to_hacking_fix_decode_02,Техно-штука здохла!
loc_broker_male_b__seen_enemy_beast_of_nurgle_01,"Звір Нурґла! Сподіваюсь, готові!"
loc_broker_male_b__seen_enemy_beast_of_nurgle_02,Демон-звір! Ото бійка!
loc_broker_male_b__seen_enemy_beast_of_nurgle_03,Звір Нурґла! Час відпрацьовувати пайок!
loc_broker_male_b__seen_enemy_berserker_01,Маємо Берсерка! Час на виплату!
loc_broker_male_b__seen_enemy_berserker_02,Мішень у полі зору: Берсерк!
loc_broker_male_b__seen_enemy_berserker_03,Берсерк! Нуль дисципліни!
loc_broker_male_b__seen_enemy_berserker_04,Націлюйтесь на Берсерка!
loc_broker_male_b__seen_enemy_berserker_05,"Берсерк! Вбийте на відстані або дочекайтесь, поки втомиться!"
loc_broker_male_b__seen_enemy_bulwark_01,Щитник! Легкий заробіток!
loc_broker_male_b__seen_enemy_bulwark_02,Мішень у полі зору: Щитник!
loc_broker_male_b__seen_enemy_bulwark_03,Щитник! Зайдіть у фланг!
loc_broker_male_b__seen_enemy_bulwark_04,Валіть того Щитника!
loc_broker_male_b__seen_enemy_bulwark_05,Щитник! З боку його!
loc_broker_male_b__seen_enemy_daemonhost_01,Демононосій відмічений... Це не наша ціль...
loc_broker_male_b__seen_enemy_daemonhost_02,Відійдіть від Демононосія ...
loc_broker_male_b__seen_enemy_daemonhost_03,"Крокуйте тихо, ви там. Це Демононосій ..."
loc_broker_male_b__seen_enemy_daemonhost_04,Не будіть того Демононосія...
loc_broker_male_b__seen_enemy_executor_01,Трощитель! Не дайте загнати себе в кут!
loc_broker_male_b__seen_enemy_executor_02,Мітка в полі зору: Трощитель!
loc_broker_male_b__seen_enemy_executor_03,Націлюйтесь на Трощителя!
loc_broker_male_b__seen_enemy_executor_04,Трощитель! Труп на прогулянці!
loc_broker_male_b__seen_enemy_executor_05,Трощитель! Він повільний — будьте швидкі!
loc_broker_male_b__seen_enemy_grenadier_01,"Хочу, щоб Бомбер здох!"
loc_broker_male_b__seen_enemy_grenadier_02,Мішень у полі зору: Бомбер!
loc_broker_male_b__seen_enemy_grenadier_03,Бомбер! Покладіть його!
loc_broker_male_b__seen_enemy_grenadier_04,Приберіть того Бомбера!
loc_broker_male_b__seen_enemy_grenadier_05,Бомбер! Зараз буде гидко!
loc_broker_male_b__seen_enemy_group_assaulting_01,Цілі на підході! Працюйте!
loc_broker_male_b__seen_enemy_group_assaulting_02,Ось вони! Не підведіть мене!
loc_broker_male_b__seen_enemy_group_assaulting_03,Гниляки на підході! Бийтесь по-справжньому!
loc_broker_male_b__seen_enemy_group_assaulting_04,До нас гості!
loc_broker_male_b__seen_enemy_group_assaulting_05,Свіжі цілі! Їх багато!
loc_broker_male_b__seen_enemy_group_far_range_shooting_behind_cover_01,Залягли в укриття! Викуріть їх!
loc_broker_male_b__seen_enemy_group_far_range_shooting_behind_cover_02,Гниляки в укритті! Зближуйтесь і давіть їх!
loc_broker_male_b__seen_enemy_group_far_range_shooting_behind_cover_03,"Соромитесь, гниляки? Укриття не врятує!"
loc_broker_male_b__seen_enemy_group_far_range_shooting_behind_cover_04,"Ховаєтесь, гниляки? Дарма!"
loc_broker_male_b__seen_enemy_group_far_range_shooting_behind_cover_05,Залягли!
loc_broker_male_b__seen_enemy_heavy_gunner_01,Кулеметник — пріоритет!
loc_broker_male_b__seen_enemy_heavy_gunner_02,Нагорода в полі зору: Кулеметник!
loc_broker_male_b__seen_enemy_heavy_gunner_03,Очі розплющили! Кулеметник!
loc_broker_male_b__seen_enemy_heavy_gunner_04,"Хочу, щоб Кулеметника прибрали!"
loc_broker_male_b__seen_enemy_heavy_gunner_05,Кулеметник! В укриття!
loc_broker_male_b__seen_enemy_houndmaster_a_01,Прибери того Ватажка Зграї!
loc_broker_male_b__seen_enemy_houndmaster_a_02,Ватажок Зграї! Завалити!
loc_broker_male_b__seen_enemy_houndmaster_a_03,Взяти в ціль Ватажка Зграї!
loc_broker_male_b__seen_enemy_houndmaster_a_04,Нова ціль: Ватажок Зграї!
loc_broker_male_b__seen_enemy_houndmaster_a_05,Не любиш псів? То прибери Ватажка Зграї!
loc_broker_male_b__seen_enemy_mutant_charger_01,Мутень! І ще та норовиста!
loc_broker_male_b__seen_enemy_mutant_charger_02,Мішень у полі зору: Мутень!
loc_broker_male_b__seen_enemy_mutant_charger_03,Мутень в прицілі!
loc_broker_male_b__seen_enemy_mutant_charger_04,Мутень рветься в бій!
loc_broker_male_b__seen_enemy_mutant_charger_05,Мутень! Будьте легкі на ногах!
loc_broker_male_b__seen_enemy_poxwalker_bomber_01,Чумовибухач! Гидота.
loc_broker_male_b__seen_enemy_poxwalker_bomber_02,Назад! Чумовибухач!
loc_broker_male_b__seen_enemy_poxwalker_bomber_03,Вибухач преться до нас!
loc_broker_male_b__seen_enemy_poxwalker_bomber_04,Маємо Чумовибухача!
loc_broker_male_b__seen_enemy_poxwalker_bomber_05,Чумовибухач! Відштовхніть і дайте драла!
loc_broker_male_b__seen_enemy_scab_flamer_a_01,Нова ціль: Смажник!
loc_broker_male_b__seen_enemy_scab_flamer_a_02,Палій! Буде смажняк!
loc_broker_male_b__seen_enemy_scab_flamer_a_03,"Хочу, щоб Палій здох!"
loc_broker_male_b__seen_enemy_scab_flamer_a_04,"Обережно, пилоїди! Палій!"
loc_broker_male_b__seen_enemy_scab_flamer_a_05,Палій! Бачите? Вбивайте!
loc_broker_male_b__seen_enemy_shocktrooper_01,Нова ціль: Дробостріл!
loc_broker_male_b__seen_enemy_shocktrooper_02,Дробостріл! Покладіть його!
loc_broker_male_b__seen_enemy_shocktrooper_03,Приберіть того Дробостріла!
loc_broker_male_b__seen_enemy_shocktrooper_04,Дробостріл рухається!
loc_broker_male_b__seen_enemy_shocktrooper_05,"Дробостріл! Або зблизька, або ніяк!"
loc_broker_male_b__seen_enemy_sniper_01,Червоний промінь! Снайпер!
loc_broker_male_b__seen_enemy_sniper_02,Приберіть Снайпера!
loc_broker_male_b__seen_enemy_sniper_03,Снайпер!
loc_broker_male_b__seen_enemy_sniper_04,Нагорода в полі зору: Снайпер!
loc_broker_male_b__seen_enemy_sniper_05,Снайпер!
loc_broker_male_b__seen_netgunner_01,Нова мітка: Ловець!
loc_broker_male_b__seen_netgunner_02,"Ловець шукає, кого спіймати!"
loc_broker_male_b__seen_netgunner_03,Приберіть того Ловця!
loc_broker_male_b__seen_netgunner_04,Прибийте того Ловця! Не люблю конкуренцію!
loc_broker_male_b__seen_netgunner_05,Ловець нишпорить! Не дайте себе спіймати!
loc_broker_male_b__seen_netgunner_flee_01,Ловець тікає!
loc_broker_male_b__seen_netgunner_flee_02,Ловець дає драла!
loc_broker_male_b__smart_tag_stimm_concentration_a_01,Стим Концентрації!
loc_broker_male_b__smart_tag_stimm_concentration_a_02,Стим Концентрації!
loc_broker_male_b__smart_tag_stimm_health_a_01,Мед-Стим!
loc_broker_male_b__smart_tag_stimm_health_a_02,Мед-Стим!
loc_broker_male_b__smart_tag_stimm_power_a_01,Бойовий Стим!
loc_broker_male_b__smart_tag_stimm_power_a_02,Бойовий Стим!
loc_broker_male_b__smart_tag_stimm_speed_a_01,Стим Прудкості!
loc_broker_male_b__smart_tag_stimm_speed_a_02,Стим спритності!
loc_broker_male_b__smart_tag_vo_enemy_berserker_01,Берсерк!
loc_broker_male_b__smart_tag_vo_enemy_berserker_02,Берсерк!
loc_broker_male_b__smart_tag_vo_enemy_chaos_hound_01,Гонча!
loc_broker_male_b__smart_tag_vo_enemy_chaos_hound_02,Гонча!
loc_broker_male_b__smart_tag_vo_enemy_chaos_mutant_charger_01,Мутень!
loc_broker_male_b__smart_tag_vo_enemy_chaos_mutant_charger_02,Мутень!
loc_broker_male_b__smart_tag_vo_enemy_chaos_ogryn_armored_executor_01,Крушитель!
loc_broker_male_b__smart_tag_vo_enemy_chaos_ogryn_armored_executor_02,Крушитель!
loc_broker_male_b__smart_tag_vo_enemy_chaos_ogryn_bulwark_01,Щитоносець!
loc_broker_male_b__smart_tag_vo_enemy_chaos_ogryn_bulwark_02,Щитоносець!
loc_broker_male_b__smart_tag_vo_enemy_chaos_ogryn_heavy_gunner_01,Жнець!
loc_broker_male_b__smart_tag_vo_enemy_chaos_ogryn_heavy_gunner_02,Жнець!
loc_broker_male_b__smart_tag_vo_enemy_chaos_poxwalker_bomber_01,Чумовибухач!
loc_broker_male_b__smart_tag_vo_enemy_chaos_poxwalker_bomber_02,Чумовибухач!
loc_broker_male_b__smart_tag_vo_enemy_chaos_spawn_01,М’ясний мішок!
loc_broker_male_b__smart_tag_vo_enemy_chaos_spawn_02,М’ясний мішок!
loc_broker_male_b__smart_tag_vo_enemy_daemonhost_witch_01,Демононосій!
loc_broker_male_b__smart_tag_vo_enemy_daemonhost_witch_02,Демононосій!
loc_broker_male_b__smart_tag_vo_enemy_houndmaster_a_01,Ватажок Зграї!
loc_broker_male_b__smart_tag_vo_enemy_houndmaster_a_02,Ватажок Зграї!
loc_broker_male_b__smart_tag_vo_enemy_netgunner_01,Ловець!
loc_broker_male_b__smart_tag_vo_enemy_netgunner_02,Ловець!
loc_broker_male_b__smart_tag_vo_enemy_plague_ogryn_01,Чумний оґрин!
loc_broker_male_b__smart_tag_vo_enemy_plague_ogryn_02,Чумний оґрин!
loc_broker_male_b__smart_tag_vo_enemy_scab_flamer_a_01,Палій!
loc_broker_male_b__smart_tag_vo_enemy_scab_flamer_a_02,Палій!
loc_broker_male_b__smart_tag_vo_enemy_traitor_executor_01,Трощитель!
loc_broker_male_b__smart_tag_vo_enemy_traitor_executor_02,Трощитель!
loc_broker_male_b__smart_tag_vo_enemy_traitor_grenadier_01,Бомбер!
loc_broker_male_b__smart_tag_vo_enemy_traitor_grenadier_02,Бомбер!
loc_broker_male_b__smart_tag_vo_enemy_traitor_gunner_01,Кулеметник!
loc_broker_male_b__smart_tag_vo_enemy_traitor_gunner_02,Кулеметник!
loc_broker_male_b__smart_tag_vo_enemy_traitor_scout_shocktrooper_01,Дробостріл!
loc_broker_male_b__smart_tag_vo_enemy_traitor_scout_shocktrooper_02,Дробостріл!
loc_broker_male_b__smart_tag_vo_enemy_traitor_sniper_01,Снайпер!
loc_broker_male_b__smart_tag_vo_enemy_traitor_sniper_02,Снайпер!
loc_broker_male_b__smart_tag_vo_pickup_ammo_01,Набої!
loc_broker_male_b__smart_tag_vo_pickup_ammo_02,Набої!
loc_broker_male_b__smart_tag_vo_pickup_battery_01,Батарея!
loc_broker_male_b__smart_tag_vo_pickup_battery_02,Батарея!
loc_broker_male_b__smart_tag_vo_pickup_container_01,Вакуумна капсула!
loc_broker_male_b__smart_tag_vo_pickup_container_02,Вакуумна капсула!
loc_broker_male_b__smart_tag_vo_pickup_control_rod_01,Кріонічний стрижень!
loc_broker_male_b__smart_tag_vo_pickup_control_rod_02,Кріонічний стрижень!
loc_broker_male_b__smart_tag_vo_pickup_deployed_ammo_crate_01,Ящик із набоями!
loc_broker_male_b__smart_tag_vo_pickup_deployed_ammo_crate_02,Ящик із набоями!
loc_broker_male_b__smart_tag_vo_pickup_deployed_medical_crate_01,Аптечку поставлено!
loc_broker_male_b__smart_tag_vo_pickup_deployed_medical_crate_02,Аптечку поставлено!
loc_broker_male_b__smart_tag_vo_pickup_forge_metal_01,Пласталь!
loc_broker_male_b__smart_tag_vo_pickup_forge_metal_02,Пласталь!
loc_broker_male_b__smart_tag_vo_pickup_health_booster_01,Медстимм!
loc_broker_male_b__smart_tag_vo_pickup_health_booster_02,Медстимм!
loc_broker_male_b__smart_tag_vo_pickup_medical_crate_01,Аптечка!
loc_broker_male_b__smart_tag_vo_pickup_medical_crate_02,Аптечка!
loc_broker_male_b__smart_tag_vo_pickup_platinum_01,Діамантин!
loc_broker_male_b__smart_tag_vo_pickup_platinum_02,Діамантин!
loc_broker_male_b__smart_tag_vo_pickup_side_mission_consumable_01,Реліквія!
loc_broker_male_b__smart_tag_vo_pickup_side_mission_consumable_02,Реліквія!
loc_broker_male_b__smart_tag_vo_pickup_side_mission_grimoire_01,Ґримуар!
loc_broker_male_b__smart_tag_vo_pickup_side_mission_grimoire_02,Ґримуар!
loc_broker_male_b__smart_tag_vo_pickup_side_mission_tome_01,Писання!
loc_broker_male_b__smart_tag_vo_pickup_side_mission_tome_02,Писання!
loc_broker_male_b__smart_tag_vo_small_grenade_01,Граната!
loc_broker_male_b__smart_tag_vo_small_grenade_02,Граната!
loc_broker_male_b__smart_tag_vo_station_health_01,Медстанція!
loc_broker_male_b__smart_tag_vo_station_health_02,Станція медстанція!
loc_broker_male_b__smart_tag_vo_station_health_without_battery_01,Потрібна батарея!
loc_broker_male_b__smart_tag_vo_station_health_without_battery_02,Потрібна батарея!
loc_broker_male_b__stairs_sighted_01,Сходи!
loc_broker_male_b__stairs_sighted_02,Сходи!
loc_broker_male_b__stairs_sighted_03,Маємо сходи!
loc_broker_male_b__stairs_sighted_04,Бачите сходи?
loc_broker_male_b__stairs_sighted_05,На сходи йдемо?
loc_broker_male_b__surrounded_01,Ці гниляки всюди!
loc_broker_male_b__surrounded_02,Нас загнали в кут!
loc_broker_male_b__surrounded_03,Вони затискають нас!
loc_broker_male_b__surrounded_04,Цілі з усіх боків!
loc_broker_male_b__surrounded_05,Лізуть з усіх боків!
loc_broker_male_b__surrounded_response_01,Тримайте позицію!
loc_broker_male_b__surrounded_response_02,Зброю в руки! Час купатись у крові!
loc_broker_male_b__surrounded_response_03,"Командна робота, пиложери. Користуйтесь!"
loc_broker_male_b__surrounded_response_04,Тримаємось разом — живемо. Все просто.
loc_broker_male_b__surrounded_response_05,"Краще не попадайся мені, коли халтуриш."
loc_broker_male_b__warning_exploding_barrel_01,Бочка зараз рвоне!
loc_broker_male_b__warning_exploding_barrel_02,Геть від тієї бочки!
loc_broker_male_b__warning_exploding_barrel_03,Бочка от-от бахне!
loc_broker_male_b__warning_exploding_barrel_04,Бочка от-от рвоне!
loc_broker_male_c__ability_01_a_01,Ага-ага-ага! Хавайте!
loc_broker_male_c__ability_01_a_02,Скуштуй оце!
loc_broker_male_c__ability_01_a_03,"Гниляки, зголодніли? Є чим пригостити!"
loc_broker_male_c__ability_01_a_04,Подарунки для всіх!
loc_broker_male_c__ability_01_a_05,"Я — той, хто віддає! А ви, схоже, лише берете!"
loc_broker_male_c__ability_01_a_06,Зараз буде найкраща частина!
loc_broker_male_c__ability_01_a_07,Знаю-знаю-знаю! ВІДКРИВАЮ ВОГОНЬ!
loc_broker_male_c__ability_01_a_08,Таке не можна проґавити!
loc_broker_male_c__ability_02_a_01,Покажіть-но свої нутрощі!
loc_broker_male_c__ability_02_a_02,"Давайте вас усіх вскриємо, га?"
loc_broker_male_c__ability_02_a_03,Нічого не відчуєш! ОБІ-ЦЯ-Ю!
loc_broker_male_c__ability_02_a_04,Зараз буде ВЕСЕЛО!
loc_broker_male_c__ability_02_a_05,Крові по лікті!
loc_broker_male_c__ability_02_a_06,Не тікай! Я ХОЧУ ДРУЖИТИ!
loc_broker_male_c__ability_02_a_07,Наріжу собі сувенірчиків!
loc_broker_male_c__ability_02_a_08,Кишки та шмаття ВСЮДИ!
loc_broker_male_c__ability_03_a_01,Хто хоче стимів?
loc_broker_male_c__ability_03_a_02,Стимів! СЮДИ!
loc_broker_male_c__ability_03_a_03,"Не кажіть, що я вам нічого не даю!"
loc_broker_male_c__ability_03_a_04,"Чудові, чудові стимули!"
loc_broker_male_c__ability_03_a_05,"На, скуштуйте, кайфоломи!"
loc_broker_male_c__ability_03_a_06,"Я ж ділюся, ясно?"
loc_broker_male_c__ability_03_a_07,"Стиміться, телепні!"
loc_broker_male_c__ability_03_a_08,Стимів! Ви їх любите — і я люблю!
loc_broker_male_c__alerted_2_enemy_daemonhost_01,А все ТАК добре йшло!
loc_broker_male_c__alerted_2_enemy_daemonhost_02,Кров і кишки для всіх! [Сміх]
loc_broker_male_c__alerted_enemy_daemonhost_01,Назад!
loc_broker_male_c__alerted_enemy_daemonhost_02,Тільки не будіть!
loc_broker_male_c__alerted_enemy_daemonhost_03,Ти нас до могили доведеш!
loc_broker_male_c__alerted_enemy_daemonhost_04,Спить! Не чіпайте!
loc_broker_male_c__almost_there_01,Недалеко!
loc_broker_male_c__almost_there_02,Швидше ніяк?
loc_broker_male_c__almost_there_03,"Ану, рушили!"
loc_broker_male_c__almost_there_04,Давай звідси! Нудно!
loc_broker_male_c__almost_there_05,Майже прийшли! ... Нарешті.
loc_broker_male_c__asset_unnatural_dark_a_01,Оооо... Темно як у шафі...
loc_broker_male_c__asset_unnatural_dark_a_02,"Сподіваюсь, темряви не боїтесь, кайфоломи."
loc_broker_male_c__asset_unnatural_dark_b_01,Мені тут до вподоби.
loc_broker_male_c__asset_unnatural_dark_b_02,Нагадує дім.
loc_broker_male_c__away_from_squad_01,"Ну й куди вони всі поділись, га?"
loc_broker_male_c__away_from_squad_02,Паскуди мене кинули.
loc_broker_male_c__away_from_squad_03,Розбіглись! Залишили мене самого...
loc_broker_male_c__away_from_squad_04,Де вони? Сам я не погуляю!
loc_broker_male_c__away_from_squad_05,Наодинці? Хех. НУДНО!
loc_broker_male_c__blitz_01_a_01,Хлопушка!
loc_broker_male_c__blitz_01_a_02,Хлопушка!
loc_broker_male_c__blitz_01_a_03,Осліплю їх!
loc_broker_male_c__blitz_01_a_04,Кидаю сліпучу!
loc_broker_male_c__blitz_01_a_05,Сліплю їх!
loc_broker_male_c__blitz_01_a_06,Хлопушка пішла!
loc_broker_male_c__blitz_01_a_07,Сліплю гниляків!
loc_broker_male_c__blitz_01_a_08,Ось! Хлопушка!
loc_broker_male_c__blitz_02_a_01,Кривава дискотека!
loc_broker_male_c__blitz_02_a_02,Особлива посилочка!
loc_broker_male_c__blitz_02_a_03,Вітання від Конклаву!
loc_broker_male_c__blitz_02_a_04,Кому належить!
loc_broker_male_c__blitz_02_a_05,Додамо перцю!
loc_broker_male_c__blitz_02_a_06,Час врубити музичку!
loc_broker_male_c__blitz_02_a_07,Без музики не вечірка!
loc_broker_male_c__blitz_02_a_08,[сміх]
loc_broker_male_c__blitz_03_a_01,Хім-бомба!
loc_broker_male_c__blitz_03_a_02,Хімбомба!!
loc_broker_male_c__blitz_03_a_03,Доставка хімії!
loc_broker_male_c__blitz_03_a_04,Нашатир для гниляків!
loc_broker_male_c__blitz_03_a_05,Нюхайте це!
loc_broker_male_c__blitz_03_a_06,Смердюча бомба!
loc_broker_male_c__blitz_03_a_07,Фу-фу-фу!
loc_broker_male_c__blitz_03_a_08,Легенепал пішов!
loc_broker_male_c__broker_bonding_conversation_13_a_01,Треба бути креативнішим у вбивствах! Справді залишити свій слід!
loc_broker_male_c__broker_bonding_conversation_13_c_01,Як собі знаєш. Деяким людям не допоможеш.
loc_broker_male_c__broker_bonding_conversation_14_a_01,Ти нічим не кращий за інших кайфоломів. Виконувати накази — для бовдурів.
loc_broker_male_c__broker_bonding_conversation_14_c_01,Вони не дають наказів. Лише дружні поради.
loc_broker_male_c__broker_bonding_conversation_15_a_01,Немає сенсу турбуватися про завтра. Треба жити тут і зараз.
loc_broker_male_c__broker_bonding_conversation_15_c_01,Так. Турботи лише тягнуть тебе донизу.
loc_broker_male_c__broker_bonding_conversation_16_b_01,Прошу! Треба ж думати про репутацію.
loc_broker_male_c__broker_bonding_conversation_16_d_01,Тепер ти просто злий.
loc_broker_male_c__broker_bonding_conversation_17_b_01,ДЯКУЮ!
loc_broker_male_c__broker_bonding_conversation_17_d_01,"О, але це справді, справді, справді, СПРАВДІ було."
loc_broker_male_c__broker_bonding_conversation_18_b_01,"[Сміх] Ти так кажеш, бо не знаєш мене як слід."
loc_broker_male_c__broker_bonding_conversation_18_d_01,"Любчику, я тільки почав!"
loc_broker_male_c__broker_bonding_conversation_37_a_01,"Поспішайте, кайфоломи! Мені ще купа роботи треба зробити!"
loc_broker_male_c__broker_bonding_conversation_37_c_01,"Чи те, чи інше. Чи обидва. Яка різниця? Ви всі нудні."
loc_broker_male_c__broker_bonding_conversation_38_a_01,Це не так уже й погано. Багато товаришів по грі. Достатньо набоїв...
loc_broker_male_c__broker_bonding_conversation_38_c_01,"Краще це, ніж бути як ти."
loc_broker_male_c__broker_bonding_conversation_39_a_01,"Ніщо так не тішить, як гупання тіл об підлогу!"
loc_broker_male_c__broker_bonding_conversation_39_c_01,"Що я можу сказати? Я ж ""каналізаційний"" гурман."
loc_broker_male_c__broker_bonding_conversation_40_b_01,"Треба відриватися на повну, як скажений ґрокс, інакше в чому сенс?"
loc_broker_male_c__broker_bonding_conversation_40_d_01,НУДЬГА!
loc_broker_male_c__broker_bonding_conversation_41_b_01,"Що таке, кайфоломе? Боїшся трохи повеселитися?"
loc_broker_male_c__broker_bonding_conversation_41_d_01,"Розслабся! Можливо, ти це переживеш!"
loc_broker_male_c__broker_bonding_conversation_42_b_01,Красунчик? Видатний? Ні. Ні-ні-ні. НЕЗРІВНЯННИЙ!
loc_broker_male_c__broker_bonding_conversation_42_d_01,"ЗВІСНО, має!"
loc_broker_male_c__broker_bonding_conversation_49_a_01,ТОБІ треба розслабитися.
loc_broker_male_c__broker_bonding_conversation_49_c_01,"Я ЗНАВ, що ти це скажеш."
loc_broker_male_c__broker_bonding_conversation_50_a_01,"Додай трохи енергії, га? Ти як ходячий мрець."
loc_broker_male_c__broker_bonding_conversation_50_c_01,Ти просто не входиш у смак!
loc_broker_male_c__broker_bonding_conversation_51_a_01,Ці Гниляки занадто швидко помирають!
loc_broker_male_c__broker_bonding_conversation_51_c_01,"Слухай, я їх кусаю лише для того, щоб вони знали, хто тут головний. Я їх не ЇМ."
loc_broker_male_c__broker_bonding_conversation_52_b_01,"Не можемо цього допустити, чи не так? Я б втратив твою блискучу розмову."
loc_broker_male_c__broker_bonding_conversation_52_d_01,Навіщо мені це робити?
loc_broker_male_c__broker_bonding_conversation_53_b_01,"Я б сказав, ти живеш за нас обох."
loc_broker_male_c__broker_bonding_conversation_53_d_01,Тобі цього не зрозуміти.
loc_broker_male_c__broker_bonding_conversation_54_b_01,"Неприємності вже тут! ... Але не хвилюйся, я на твоєму боці."
loc_broker_male_c__broker_bonding_conversation_54_d_01,Просто тримаю тебе в тонусі.
loc_broker_male_c__broker_bonding_conversation_61_a_01,"Ти майже такий же відстійний, як інші кайфоломи."
loc_broker_male_c__broker_bonding_conversation_61_c_01,"Занадто серйозний, так? Жодної посмішки не побачиш."
loc_broker_male_c__broker_bonding_conversation_62_a_01,"Давай, давай! Входь в смак!"
loc_broker_male_c__broker_bonding_conversation_62_c_01,"Ага, але міг би бути значно ліпшим!"
loc_broker_male_c__broker_bonding_conversation_63_a_01,"Оце життя! Купа Гниляків, яких можна розмазати, і жодних обмежень."
loc_broker_male_c__broker_bonding_conversation_63_c_01,Та ні! Але це змушує кайфоломів перестати скиглити.
loc_broker_male_c__broker_bonding_conversation_64_b_01,"Примхи війни, чи не так? Перестань хвилюватися."
loc_broker_male_c__broker_bonding_conversation_64_d_01,"Так, але це буде смерть, яку запам'ятають!"
loc_broker_male_c__broker_bonding_conversation_65_b_01,Та ну! Життя коротке. Бери бика за рога!
loc_broker_male_c__broker_bonding_conversation_65_d_01,Мізки — переоцінені.
loc_broker_male_c__broker_bonding_conversation_66_b_01,Буде важко. Багато чого відбувається. БУДЬ-ЩО може трапитися.
loc_broker_male_c__broker_bonding_conversation_66_d_01,Інакше й не треба!
loc_broker_male_c__broker_male_c_adamant_bonding_conversation_01_a_01,"Навіть не ДУМАЙ мене заарештовувати, Щурику!"
loc_broker_male_c__broker_male_c_adamant_bonding_conversation_01_c_01,Чекатимеш вічно!
loc_broker_male_c__broker_male_c_adamant_bonding_conversation_02_a_01,"Ти вже здох, Щур-поборник?"
loc_broker_male_c__broker_male_c_adamant_bonding_conversation_02_c_01,"Не переймайся. Гадаю, тебе бережуть для чогось особливого… наприклад, для МЕНЕ!"
loc_broker_male_c__broker_male_c_adamant_bonding_conversation_03_a_01,"Єдиний добрий Щур-поборник — той, що волає про пощаду."
loc_broker_male_c__broker_male_c_adamant_bonding_conversation_03_c_01,"І те, і те не може бути правдою, га?"
loc_broker_male_c__broker_male_c_adamant_bonding_conversation_04_b_01,"То ти кажеш, що я особливий випадок, так?"
loc_broker_male_c__broker_male_c_adamant_bonding_conversation_04_d_01,Ага. Я ОСОБЛИВИЙ.
loc_broker_male_c__broker_male_c_adamant_bonding_conversation_05_b_01,"Відхилення? Та це нормально! Жити на повну, широко розкрившись світу!"
loc_broker_male_c__broker_male_c_adamant_bonding_conversation_05_d_01,Ну й веселун ти.
loc_broker_male_c__broker_male_c_adamant_bonding_conversation_06_b_01,"У тебе свої методи, у мене — свої. В цьому вся суть!"
loc_broker_male_c__broker_male_c_adamant_bonding_conversation_06_d_01,НУДОТА!
loc_broker_male_c__broker_male_c_adamant_bonding_conversation_07_a_01,"Ти ще не скопитився, Щурику?"
loc_broker_male_c__broker_male_c_adamant_bonding_conversation_07_c_01,"Що, не в курсі?"
loc_broker_male_c__broker_male_c_adamant_bonding_conversation_08_a_01,Ти мені вже на нерви дієш!
loc_broker_male_c__broker_male_c_adamant_bonding_conversation_08_c_01,Продовжуй дратувати — і це буде не та... метафара.
loc_broker_male_c__broker_male_c_adamant_bonding_conversation_09_a_01,"Я тебе не боюся, ясно?"
loc_broker_male_c__broker_male_c_adamant_bonding_conversation_09_c_01,"Думаєш, що розумніший за мене, еге ж?"
loc_broker_male_c__broker_male_c_adamant_bonding_conversation_10_b_01,"Та ні. Впевнений, є заняття й веселіші."
loc_broker_male_c__broker_male_c_adamant_bonding_conversation_10_d_01,"Ти тут. І ти — найбільший зануда, якого тільки можна уявити."
loc_broker_male_c__broker_male_c_adamant_bonding_conversation_11_b_01,"Самовпевнене дрібне стерво, га?"
loc_broker_male_c__broker_male_c_adamant_bonding_conversation_11_d_01,"Не помітиш. Щурики ніколи не тямлять, у якому лайні копирсаються."
loc_broker_male_c__broker_male_c_adamant_bonding_conversation_12_b_01,"Головне, щоб мене це не стосувалося!"
loc_broker_male_c__broker_male_c_adamant_bonding_conversation_12_d_01,"Ага, і це ще якщо я захочу!"
loc_broker_male_c__broker_male_c_adamant_bonding_conversation_13_a_01,"Тобі ж болить, правда? ПРАВДА?"
loc_broker_male_c__broker_male_c_adamant_bonding_conversation_13_c_01,"Ага, звісно. Великий чортів герой, так?"
loc_broker_male_c__broker_male_c_adamant_bonding_conversation_14_a_01,"Що, вже полегшало, га?"
loc_broker_male_c__broker_male_c_adamant_bonding_conversation_14_c_01,То це не ти блював у «Валькірії»? А? А?
loc_broker_male_c__broker_male_c_adamant_bonding_conversation_15_a_01,"Здогадуюсь, ти збираєшся закрити мене, як і інші Щурики?"
loc_broker_male_c__broker_male_c_adamant_bonding_conversation_15_c_01,"Ага. Як мило. А я думав, ми заодно."
loc_broker_male_c__broker_male_c_adamant_bonding_conversation_16_b_01,А? Ти типу жартуєш?
loc_broker_male_c__broker_male_c_adamant_bonding_conversation_16_d_01,"Думаю, тобі краще завалити свою пащеку!"
loc_broker_male_c__broker_male_c_adamant_bonding_conversation_17_b_01,А? 
loc_broker_male_c__broker_male_c_adamant_bonding_conversation_17_d_01,"У мене відібрало мову... а мене, між іншим, важко шокувати."
loc_broker_male_c__broker_male_c_adamant_bonding_conversation_18_b_01,"А я думав, ви, Щурики, тільки цим і живете!"
loc_broker_male_c__broker_male_c_adamant_bonding_conversation_18_d_01,"Ага. Не дивно, що ти ніколи не посміхаєшся."
loc_broker_male_c__broker_male_c_adamant_bonding_conversation_19_a_01,"Давай, розсміши мене: скажи, що ти подихаєш!"
loc_broker_male_c__broker_male_c_adamant_bonding_conversation_19_c_01,Та ну? Навряд чи.
loc_broker_male_c__broker_male_c_adamant_bonding_conversation_20_a_01,"Найгірше у вас, Щуриках, те, що ви вважаєте себе кращими за нас!"
loc_broker_male_c__broker_male_c_adamant_bonding_conversation_20_c_01,"Там, де я виріс, ти б і п'яти хвилин не протягнув."
loc_broker_male_c__broker_male_c_adamant_bonding_conversation_21_a_01,"Годі ламати комедію. Я ЗНАЮ, що в душі ти маніяк!"
loc_broker_male_c__broker_male_c_adamant_bonding_conversation_21_c_01,"Так, так, розказуй. Я-то знаю правду."
loc_broker_male_c__broker_male_c_adamant_bonding_conversation_22_b_01,Завжди такий СЕРЙОЗНИЙ!
loc_broker_male_c__broker_male_c_adamant_bonding_conversation_22_d_01,"До тебе ніяк не достукатися, еге ж?"
loc_broker_male_c__broker_male_c_adamant_bonding_conversation_23_b_01,"Ну, як то кажуть: краще справити погане враження, ніж ніякого!"
loc_broker_male_c__broker_male_c_adamant_bonding_conversation_23_d_01,Стривай-стривай... Я не це мав на увазі.
loc_broker_male_c__broker_male_c_adamant_bonding_conversation_24_b_01,"Я не збираюся ходити за Щурами. Куди хочу, туди й ходжу!"
loc_broker_male_c__broker_male_c_adamant_bonding_conversation_24_d_01,Це було боляче. Дуже боляче.
loc_broker_male_c__broker_male_c_adamant_bonding_conversation_25_a_01,Давай-давай! Має ж боліти! Дай мені крику!
loc_broker_male_c__broker_male_c_adamant_bonding_conversation_25_c_01,Та ні. Більше на гарчання схоже. Ще раз.
loc_broker_male_c__broker_male_c_adamant_bonding_conversation_26_a_01,"Ти не за тих воюєш, друже. З тебе вийшов би фурор, як з Мисливця за головами Конклаву!"
loc_broker_male_c__broker_male_c_adamant_bonding_conversation_26_c_01,"То мені відмітити, що ти «не зацікавлений»?"
loc_broker_male_c__broker_male_c_adamant_bonding_conversation_27_a_01,"Я тобі не подобаюсь, хм?"
loc_broker_male_c__broker_male_c_adamant_bonding_conversation_27_c_01,"Це через ці твої погляди в мій бік. І ще, я впевнений, що ти в мене стріляв."
loc_broker_male_c__broker_male_c_adamant_bonding_conversation_28_b_01,І ПИШАЮСЯ цим! 
loc_broker_male_c__broker_male_c_adamant_bonding_conversation_28_d_01,"Ага, ага, ага."
loc_broker_male_c__broker_male_c_adamant_bonding_conversation_29_b_01,За мною стоїть Конклав. За мною стоїть Інквізиція. Ти мене не налякаєш.
loc_broker_male_c__broker_male_c_adamant_bonding_conversation_29_d_01,Ти... Ти просто тримайся від мене подалі. Ясно?
loc_broker_male_c__broker_male_c_adamant_bonding_conversation_30_b_01,Що? Та я ж ще нічого й не зробив.
loc_broker_male_c__broker_male_c_adamant_bonding_conversation_30_d_01,"О, ну це ж просто чортів жарт, чи не так?"
loc_broker_male_c__broker_male_c_adamant_bonding_conversation_31_a_01,Ти — справжнісінький Щурик.
loc_broker_male_c__broker_male_c_adamant_bonding_conversation_31_c_01,Це був не комплімент. 
loc_broker_male_c__broker_male_c_adamant_bonding_conversation_32_a_01,Шкода. Ти ще не здох?
loc_broker_male_c__broker_male_c_adamant_bonding_conversation_32_c_01,"Можу допомогти з цим, якщо хочеш?"
loc_broker_male_c__broker_male_c_adamant_bonding_conversation_33_a_01,"Бачу, як вирячуєшся на мене."
loc_broker_male_c__broker_male_c_adamant_bonding_conversation_33_c_01,"Умієш же змусити відчути себе потрібним, га?"
loc_broker_male_c__broker_male_c_adamant_bonding_conversation_34_b_01,"Не думай, що зможеш обійти мене компліментами."
loc_broker_male_c__broker_male_c_adamant_bonding_conversation_34_d_01,Ти міг би хоча б СПРОБУВАТИ!
loc_broker_male_c__broker_male_c_adamant_bonding_conversation_35_b_01,Я міг би сказати про тебе те саме.
loc_broker_male_c__broker_male_c_adamant_bonding_conversation_35_d_01,"Ага. Бідний, старий, довбаний Терціум."
loc_broker_male_c__broker_male_c_adamant_bonding_conversation_36_b_01,Ні. У гниляків кишка тонка.
loc_broker_male_c__broker_male_c_adamant_bonding_conversation_36_d_01,Ей! Це погроза?
loc_broker_male_c__broker_male_c_ogryn_bonding_conversation_01_a_01,"Ти знаєш, як увірватися в бій, Колодо!"
loc_broker_male_c__broker_male_c_ogryn_bonding_conversation_01_c_01,"Яка ж то за забава, якщо без доброї різанини, га?"
loc_broker_male_c__broker_male_c_ogryn_bonding_conversation_02_a_01,"У тебе є почуття гумору, правда?"
loc_broker_male_c__broker_male_c_ogryn_bonding_conversation_02_c_01,"Це не так працює, Колодо."
loc_broker_male_c__broker_male_c_ogryn_bonding_conversation_03_a_01,Оґрини справді вміють ВЕСЕЛИТИСЯ!
loc_broker_male_c__broker_male_c_ogryn_bonding_conversation_03_c_01,Я не про ТУ вечірку! Я про ВЕЧІРКУ З БРИЗКАМИ!
loc_broker_male_c__broker_male_c_ogryn_bonding_conversation_04_b_01,Гей! Ти не можеш отак просто привласнювати собі титули.
loc_broker_male_c__broker_male_c_ogryn_bonding_conversation_04_d_01,"Слухай, чом би тобі не почати як мій помічник, га? Ми тут добряче все рознесемо."
loc_broker_male_c__broker_male_c_ogryn_bonding_conversation_05_b_01,Я ще навіть не починав! День буде кривавий!
loc_broker_male_c__broker_male_c_ogryn_bonding_conversation_05_d_01,Тоді час змагатися! Хай переможе найбільший психопат!
loc_broker_male_c__broker_male_c_ogryn_bonding_conversation_06_b_01,"Та ні. Просто роби, що хочеш. Ярлики лиш іншим."
loc_broker_male_c__broker_male_c_ogryn_bonding_conversation_06_d_01,"Давай повернемося до цього пізніше, га?"
loc_broker_male_c__broker_male_c_ogryn_bonding_conversation_07_a_01,"Нема чого сказати, Колодо?"
loc_broker_male_c__broker_male_c_ogryn_bonding_conversation_07_c_01,"Гаразд, але залиш трохи й для мене, добре?"
loc_broker_male_c__broker_male_c_ogryn_bonding_conversation_08_a_01,"Ти страшний. Навіть як для Оґрина, ти страшний."
loc_broker_male_c__broker_male_c_ogryn_bonding_conversation_08_c_01,Гей! А що не так з моєю пикою?
loc_broker_male_c__broker_male_c_ogryn_bonding_conversation_09_a_01,"Ти взагалі чогось боїшся, Колодо?"
loc_broker_male_c__broker_male_c_ogryn_bonding_conversation_09_c_01,Е... Ніхто. І точно не я.
loc_broker_male_c__broker_male_c_ogryn_bonding_conversation_10_b_01,"Оце по-нашому. Бійка, бризки й випотрошення без кінця!"
loc_broker_male_c__broker_male_c_ogryn_bonding_conversation_10_d_01,Це дружня бійка! Познайомимось із ворогом зсередини.
loc_broker_male_c__broker_male_c_ogryn_bonding_conversation_11_b_01,"А я особисто люблю різати. Знаєш, розпороти їх і дивитися, як все виповзає?"
loc_broker_male_c__broker_male_c_ogryn_bonding_conversation_11_d_01,Справедливо. Ти б тільки сам поранився!
loc_broker_male_c__broker_male_c_ogryn_bonding_conversation_12_b_01,Ні. Бо я доберуся туди першим.
loc_broker_male_c__broker_male_c_ogryn_bonding_conversation_12_d_01,Доберуся! Просто дивись!
loc_broker_male_c__broker_male_c_ogryn_bonding_conversation_13_a_01,"Ніщо тебе не зупинить, коли ти вже почав!"
loc_broker_male_c__broker_male_c_ogryn_bonding_conversation_13_c_01,"Може, відкусити шматок у Гниляків? Вони не помітять втрати."
loc_broker_male_c__broker_male_c_ogryn_bonding_conversation_14_a_01,Ці Гниляки на смак просто ОГИДНІ.
loc_broker_male_c__broker_male_c_ogryn_bonding_conversation_14_c_01,"Ну, все одно кусай. Але ж знаєш, іноді одне чіпляється за інше..."
loc_broker_male_c__broker_male_c_ogryn_bonding_conversation_15_a_01,"Спочатку вгробимо Гниляків, а потім позбудемося Щурів-поборників! Ти зі мною?"
loc_broker_male_c__broker_male_c_ogryn_bonding_conversation_15_c_01,Та ну годі! Ти й не помітиш їх відсутності. Я куплю тобі нових друзів.
loc_broker_male_c__broker_male_c_ogryn_bonding_conversation_16_b_01,"Та ні. День сьогодні пісний. Знепритомнію, якщо не поїм."
loc_broker_male_c__broker_male_c_ogryn_bonding_conversation_16_d_01,"Ні! І відійди подалі, коли вже на те пішло!"
loc_broker_male_c__broker_male_c_ogryn_bonding_conversation_17_b_01,"Ось воно що! А я думав, чого це твої ноги смердять більше, ніж зазвичай."
loc_broker_male_c__broker_male_c_ogryn_bonding_conversation_17_d_01,"Трясця, так! Хоча, як і все інше від тебе."
loc_broker_male_c__broker_male_c_ogryn_bonding_conversation_18_b_01,Так? Зірви злість на Гниляках. Вони на це заслужили!
loc_broker_male_c__broker_male_c_ogryn_bonding_conversation_18_d_01,"Пригощайся, Колодо!"
loc_broker_male_c__broker_male_c_ogryn_bonding_conversation_19_a_01,О так! Зараз буде добре!
loc_broker_male_c__broker_male_c_ogryn_bonding_conversation_19_c_01,Я просто хочу кайфонути!
loc_broker_male_c__broker_male_c_ogryn_bonding_conversation_20_a_01,"Немає сенсу турбуватися, де знайти Гниляків. Ці кляті покидьки УСЮДИ!"
loc_broker_male_c__broker_male_c_ogryn_bonding_conversation_20_c_01,"Я думав, ти тримаєш рушницю не тим боком. О, ЧЕКАЙ! ТИ Й ТРИМАЄШ!"
loc_broker_male_c__broker_male_c_ogryn_bonding_conversation_21_a_01,"Ти можеш бути злим, але я зліший, ясно?"
loc_broker_male_c__broker_male_c_ogryn_bonding_conversation_21_c_01,"Усе, що тобі треба — погодитися зі мною!"
loc_broker_male_c__broker_male_c_ogryn_bonding_conversation_22_b_01,Ні! Я геніальний. Усі так кажуть.
loc_broker_male_c__broker_male_c_ogryn_bonding_conversation_22_d_01,Це неправда! Краще б це було НЕПРАВДОЮ... інакше я розлючуся.
loc_broker_male_c__broker_male_c_ogryn_bonding_conversation_23_b_01,Що сказати? Минуленький танець вийшов надто особистий.
loc_broker_male_c__broker_male_c_ogryn_bonding_conversation_23_d_01,"Скажімо так: місцями було прям ""рука на серці"". Його нутрощі полетіли ВСЮДИ!"
loc_broker_male_c__broker_male_c_ogryn_bonding_conversation_24_b_01,"І нічого страшного. Треба ж, щоб навички сяяли!"
loc_broker_male_c__broker_male_c_ogryn_bonding_conversation_24_d_01,"Ні. Відчув смак убивства. Треба годувати його, поки є нагода!"
loc_broker_male_c__broker_male_c_psyker_bonding_conversation_01_a_01,Не треба здригатися. Я на ТВОЄМУ боці!
loc_broker_male_c__broker_male_c_psyker_bonding_conversation_01_c_01,"Ти ніколи не думав, що проблема може бути в тобі?"
loc_broker_male_c__broker_male_c_psyker_bonding_conversation_02_a_01,Хочеш зазирнути в мою голову?
loc_broker_male_c__broker_male_c_psyker_bonding_conversation_02_c_01,"Ну, не будь таким. Я буду ніжним."
loc_broker_male_c__broker_male_c_psyker_bonding_conversation_03_a_01,Де двіж? Мені обіцяли двіж!
loc_broker_male_c__broker_male_c_psyker_bonding_conversation_03_c_01,"Так? Тільки переконайся, що я отримаю свою частку!"
loc_broker_male_c__broker_male_c_psyker_bonding_conversation_04_b_01,"Я знав! Я знав, що ти з тих, хто цінує митця!"
loc_broker_male_c__broker_male_c_psyker_bonding_conversation_04_d_01,Могло бути й гірше. Мене влаштовує!
loc_broker_male_c__broker_male_c_psyker_bonding_conversation_05_b_01,Я просто живу життя як я хочу. Нічого погано  цьому не бачу.
loc_broker_male_c__broker_male_c_psyker_bonding_conversation_05_d_01,"Що? Я поввіриш цьому Щур-поборнику, а не мені? Ну тепер я бачив усе!"
loc_broker_male_c__broker_male_c_psyker_bonding_conversation_06_b_01,"Я не обманююся. Верхівка не менш божевільна, ніж низи."
loc_broker_male_c__broker_male_c_psyker_bonding_conversation_06_d_01,Бачиш? У цьому твоя проблема: в мисленні.
loc_broker_male_c__broker_male_c_psyker_bonding_conversation_07_a_01,Ось тепер починаються веселощі!
loc_broker_male_c__broker_male_c_psyker_bonding_conversation_07_c_01,Не будь таким. Найкращі веселощі І є огидними.
loc_broker_male_c__broker_male_c_psyker_bonding_conversation_08_a_01,"Якщо все піде шкереберть, завжди можеш сховатися у Картелях. Псайкер їм завжди стане в пригоді."
loc_broker_male_c__broker_male_c_psyker_bonding_conversation_08_c_01,"Справді? Звик бруднити руки, так?"
loc_broker_male_c__broker_male_c_psyker_bonding_conversation_09_a_01,"Я ЛЮБЛЮ, коли вони кричать!"
loc_broker_male_c__broker_male_c_psyker_bonding_conversation_09_c_01,Не поспішай із висновками. Ти мене майже не знаєш.
loc_broker_male_c__broker_male_c_psyker_bonding_conversation_10_b_01,"Це не те слово, яке зазвичай вживають."
loc_broker_male_c__broker_male_c_psyker_bonding_conversation_10_d_01,"Виходить, я вшанований удвічі."
loc_broker_male_c__broker_male_c_psyker_bonding_conversation_11_b_01,"Я не хвилююся. Насправді, я з нетерпінням на це чекаю."
loc_broker_male_c__broker_male_c_psyker_bonding_conversation_11_d_01,"Жорстоко, але справедливо. Жорстоко, але справедливо."
loc_broker_male_c__broker_male_c_psyker_bonding_conversation_12_b_01,"Ага, але де ще я знайду стільки «добровольців» для свого мистецтва."
loc_broker_male_c__broker_male_c_psyker_bonding_conversation_12_d_01,"Ну... так. Якщо подумати, саме так мене й упіймали."
loc_broker_male_c__broker_male_c_psyker_bonding_conversation_13_a_01,"У тебе ж є голос у голові, так?"
loc_broker_male_c__broker_male_c_psyker_bonding_conversation_13_c_01,Просто я теж чую голоси. Вони наказують мені робити ЖАХЛИВІ речі.
loc_broker_male_c__broker_male_c_psyker_bonding_conversation_14_a_01,Ти стримуєшся! Ти повинен накинутися на них!
loc_broker_male_c__broker_male_c_psyker_bonding_conversation_14_c_01,Перебори це! Осідлай нудоту!
loc_broker_male_c__broker_male_c_psyker_bonding_conversation_15_a_01,"Слухай... Ти ж не з тих «вибухових» Псайкерів, га?"
loc_broker_male_c__broker_male_c_psyker_bonding_conversation_15_c_01,"Це не зовсім гарантія, яку ти пропонуєш."
loc_broker_male_c__broker_male_c_psyker_bonding_conversation_16_b_01,"Так? Ну, тобі просто треба навчитися відпускати."
loc_broker_male_c__broker_male_c_psyker_bonding_conversation_16_d_01,"У тебе ж є зуби, чи не так? Дай їм попрацювати."
loc_broker_male_c__broker_male_c_psyker_bonding_conversation_17_b_01,"Друже, я найгірший тип, якого ти коли-небудь зустрінеш."
loc_broker_male_c__broker_male_c_psyker_bonding_conversation_17_d_01,"Так, багато хто так каже."
loc_broker_male_c__broker_male_c_psyker_bonding_conversation_18_b_01,Треба подорожувати без нічого. Щоб ніщо не тягнуло донизу.
loc_broker_male_c__broker_male_c_psyker_bonding_conversation_18_d_01,"Ти ж робив кепський вибір, так?"
loc_broker_male_c__broker_male_c_psyker_bonding_conversation_19_a_01,"Без образ, але ти мене лякаєш."
loc_broker_male_c__broker_male_c_psyker_bonding_conversation_19_c_01,"Так, але я принаймні передбачуваний. Я не знаю, хто ти такий."
loc_broker_male_c__broker_male_c_psyker_bonding_conversation_20_a_01,"Ти ж не зробиш мені боляче, так?"
loc_broker_male_c__broker_male_c_psyker_bonding_conversation_20_c_01,"Не впевнений, що розумію, чому ти робиш усе, що робиш, Дьорґаний."
loc_broker_male_c__broker_male_c_psyker_bonding_conversation_21_a_01,Ти коли-небудь вивертав когось навиворіт своїм мозком?
loc_broker_male_c__broker_male_c_psyker_bonding_conversation_21_c_01,"Бо в мене є дехто, кого треба вивернути навиворіт, а робити це по-моєму — страшенно втомлює."
loc_broker_male_c__broker_male_c_psyker_bonding_conversation_22_b_01,О так? А що він взагалі про щось знає?
loc_broker_male_c__broker_male_c_psyker_bonding_conversation_22_d_01,Він не єдиний.
loc_broker_male_c__broker_male_c_psyker_bonding_conversation_23_b_01,Про кого ти там говориш?
loc_broker_male_c__broker_male_c_psyker_bonding_conversation_23_d_01,"Не впевнений, що хочу й далі бути в цій команді."
loc_broker_male_c__broker_male_c_psyker_bonding_conversation_24_b_01,Що таке? Що зараз відбувається?
loc_broker_male_c__broker_male_c_psyker_bonding_conversation_24_d_01,"Я радий, що тобі краще, ясно? Але дай мені спокій!"
loc_broker_male_c__broker_male_c_psyker_bonding_conversation_25_a_01,"Ти впевнений, що ми раніше не зустрічалися?"
loc_broker_male_c__broker_male_c_psyker_bonding_conversation_25_c_01,"О? Ти був силовиком. Тоді ми не могли зустрітися, інакше тебе б розмазало."
loc_broker_male_c__broker_male_c_psyker_bonding_conversation_26_a_01,Ти ненормальний!
loc_broker_male_c__broker_male_c_psyker_bonding_conversation_26_c_01,Ні. Не твоя шипуча голова. Ти нічого не відчуваєш. Ти з каменю зроблений.
loc_broker_male_c__broker_male_c_psyker_bonding_conversation_27_a_01,"Давай, Дьорґаний! Позбудься цих заборон! Занурся в бійню по лікоть!"
loc_broker_male_c__broker_male_c_psyker_bonding_conversation_27_c_01,"Як собі знаєш! Але ти не знаєш, що втрачаєш!"
loc_broker_male_c__broker_male_c_psyker_bonding_conversation_28_b_01,"О, у мене немає часу прикидатися. Що бачиш, те й отримуєш! І тобі ПОДОБАЄТЬСЯ те, що ти бачиш."
loc_broker_male_c__broker_male_c_psyker_bonding_conversation_28_d_01,Ти це ЛЮБИШ! Не заперечуй!
loc_broker_male_c__broker_male_c_psyker_bonding_conversation_29_b_01,"Дякую! Я знаю, що здається, ніби це легко, але це купа роботи."
loc_broker_male_c__broker_male_c_psyker_bonding_conversation_29_d_01,"Сподівайся! Я просто роблю те, що природно, ясно?"
loc_broker_male_c__broker_male_c_psyker_bonding_conversation_30_b_01,Сподіваюся. Я ОБОЖНЮЮ засідки!
loc_broker_male_c__broker_male_c_psyker_bonding_conversation_30_d_01,Ти і твій «здоровий глузд». НУДОТА!
loc_broker_male_c__broker_male_c_psyker_bonding_conversation_32_a_01,"Я не так же і поганий, якщо дізнитись мене поближче."
loc_broker_male_c__broker_male_c_psyker_bonding_conversation_32_c_01,Ти розбиваєш мені серце.
loc_broker_male_c__broker_male_c_psyker_bonding_conversation_33_a_01,"Просто дай мені шанс, добре? Ти не пошкодуєш."
loc_broker_male_c__broker_male_c_psyker_bonding_conversation_33_c_01,"Можливо, ти недостатньо уважно дивишся!"
loc_broker_male_c__broker_male_c_psyker_bonding_conversation_34_b_01,Ні! Передбачуваність — це нудно. Для мене і для всіх інших!
loc_broker_male_c__broker_male_c_psyker_bonding_conversation_34_d_01,Раптом самоконтроль вже не виглядає таким поганим.
loc_broker_male_c__broker_male_c_psyker_bonding_conversation_35_b_01,"Щасливиця, отримати такий сюрприз!"
loc_broker_male_c__broker_male_c_psyker_bonding_conversation_35_d_01,"Щоб ти не червонів, так? Не можу тебе звинувачувати!"
loc_broker_male_c__broker_male_c_psyker_bonding_conversation_36_b_01,"Любчику, я абсолютний топ. Ніхто не скаже інакше... Ну, принаймні живим не залишиться."
loc_broker_male_c__broker_male_c_psyker_bonding_conversation_36_d_01,І в цьому я теж найкращий. Це я обіцяю.
loc_broker_male_c__broker_male_c_veteran_bonding_conversation_01_a_01,"Немає нічого кращого, ніж відчути, що всередині грудної клітки, знаєш?"
loc_broker_male_c__broker_male_c_veteran_bonding_conversation_01_c_01,У мене є свої пристрасті. Нічого поганого в цьому немає.
loc_broker_male_c__broker_male_c_veteran_bonding_conversation_02_a_01,Що тобі більше подобається? Постріли в голову чи в живіт?
loc_broker_male_c__broker_male_c_veteran_bonding_conversation_02_c_01,"Тобі ж гірше. Ніщо не зрівняється з тим протяжним скигленням, коли їхні тельбухи виповзають назовні. [здригається]"
loc_broker_male_c__broker_male_c_veteran_bonding_conversation_03_a_01,Де вечірка? Мені ОБІЦЯЛИ вечірку!
loc_broker_male_c__broker_male_c_veteran_bonding_conversation_03_c_01,"Краще б так і було, інакше я почну імпровізувати."
loc_broker_male_c__broker_male_c_veteran_bonding_conversation_04_b_01,О так? І де ж я маю бути?
loc_broker_male_c__broker_male_c_veteran_bonding_conversation_04_d_01,"Ха! Ти думаєш, що це таке?"
loc_broker_male_c__broker_male_c_veteran_bonding_conversation_05_b_01,"Я люблю подорожувати без нічого. Бути спонтанним, розумієш?"
loc_broker_male_c__broker_male_c_veteran_bonding_conversation_05_d_01,А ось це вже просто недобре.
loc_broker_male_c__broker_male_c_veteran_bonding_conversation_06_b_01,"Ти справді не маєш ані найменшого уявлення, як працює Терціум, чи не так?"
loc_broker_male_c__broker_male_c_veteran_bonding_conversation_06_d_01,Він не в своїй тарілці. Просто ще не зрозумів цього.
loc_broker_male_c__broker_male_c_veteran_bonding_conversation_13_a_01,Давай! Дай волю своєму внутрішньому художнику! Розмалюй стіни кров'ю Гниляків!
loc_broker_male_c__broker_male_c_veteran_bonding_conversation_13_c_01,Неприпустимо! Це шанс усього життя.
loc_broker_male_c__broker_male_c_veteran_bonding_conversation_14_a_01,"Ти нічим не кращий за інших зануд, знаєш про це?"
loc_broker_male_c__broker_male_c_veteran_bonding_conversation_14_c_01,Ого... У тебе є ікла до твого гавкоту?
loc_broker_male_c__broker_male_c_veteran_bonding_conversation_15_a_01,"Ці Гниляки все намагаються танцювати, але вони не знають кроків!"
loc_broker_male_c__broker_male_c_veteran_bonding_conversation_15_c_01,"Я намагаюся, але вони все надто спрощують!"
loc_broker_male_c__broker_male_c_veteran_bonding_conversation_16_b_01,Чому? Бо я не придушую свої бажання?
loc_broker_male_c__broker_male_c_veteran_bonding_conversation_16_d_01,Так завжди кажуть про геніїв!
loc_broker_male_c__broker_male_c_veteran_bonding_conversation_17_b_01,"Так? Я б хотів подивитися, як він спробує."
loc_broker_male_c__broker_male_c_veteran_bonding_conversation_17_d_01,"Не тоді, коли я доберуся до нього першим."
loc_broker_male_c__broker_male_c_veteran_bonding_conversation_18_b_01,"І що з того? Ти ж не хочеш нудьгувати, правда?"
loc_broker_male_c__broker_male_c_veteran_bonding_conversation_18_d_01,[Фиркання] Кайфолом.
loc_broker_male_c__broker_male_c_veteran_bonding_conversation_19_a_01,Ти коли-небудь працював з Картелями?
loc_broker_male_c__broker_male_c_veteran_bonding_conversation_19_c_01,Тобі варто було б подумати. Ти б чудово вписався.
loc_broker_male_c__broker_male_c_veteran_bonding_conversation_20_a_01,Бачиш? Цей розуміє! Ось цей!
loc_broker_male_c__broker_male_c_veteran_bonding_conversation_20_c_01,"Ти живеш на повну котушку, ось що. Іншим варто було б у тебе повчитися!"
loc_broker_male_c__broker_male_c_veteran_bonding_conversation_21_a_01,"Це набагато краще, ніж сидіти й чекати, поки хтось почне бійку через віст у Темномісті!"
loc_broker_male_c__broker_male_c_veteran_bonding_conversation_21_c_01,Пілот? Я чув про неї жахливі речі.
loc_broker_male_c__broker_male_c_veteran_bonding_conversation_22_b_01,Тоді ти мало пив у Терціумі. Ми б'ємося до останнього.
loc_broker_male_c__broker_male_c_veteran_bonding_conversation_22_d_01,"О, ще б пак!"
loc_broker_male_c__broker_male_c_veteran_bonding_conversation_23_b_01,Ти теж нічого так. Як для гвардійця.
loc_broker_male_c__broker_male_c_veteran_bonding_conversation_23_d_01,Звісно. Раз ти так гарно попросив.
loc_broker_male_c__broker_male_c_veteran_bonding_conversation_24_b_01,Я не хвилююся. Жоден живий кайфолом не здолає мене.
loc_broker_male_c__broker_male_c_veteran_bonding_conversation_24_d_01,Попередження прийнято. Буду обережним.
loc_broker_male_c__broker_male_c_veteran_bonding_conversation_25_a_01,"Давай-давай! Скажи щось про Кадію. Знаю, хочеш."
loc_broker_male_c__broker_male_c_veteran_bonding_conversation_25_c_01,"Та годі! Я просто будую цю... знаєш, «рапорт» — зв’язок."
loc_broker_male_c__broker_male_c_veteran_bonding_conversation_26_a_01,"Мабуть, важко втрачати дім."
loc_broker_male_c__broker_male_c_veteran_bonding_conversation_26_c_01,Необережно. У наші дні нікому не можна довіряти.
loc_broker_male_c__broker_male_c_veteran_bonding_conversation_27_a_01,"Мені подобається, як ці покидьки самі до нас ідуть."
loc_broker_male_c__broker_male_c_veteran_bonding_conversation_27_c_01,"Поки вони дохнуть, яка різниця?"
loc_broker_male_c__broker_male_c_veteran_bonding_conversation_28_a_01,Я не люблю рушниці. Вони такі безособові.
loc_broker_male_c__broker_male_c_veteran_bonding_conversation_28_c_01,"У тебе, любчику, немає стилю."
loc_broker_male_c__broker_male_c_veteran_bonding_conversation_29_b_01,"Впевнений? Звучить, ніби багато чого треба запам'ятати."
loc_broker_male_c__broker_male_c_veteran_bonding_conversation_29_d_01,"О, я тебе теж люблю."
loc_broker_male_c__broker_male_c_veteran_bonding_conversation_30_b_01,"Тоді ми станемо найкращими друзями, бо я вбиваю БАГАТО."
loc_broker_male_c__broker_male_c_veteran_bonding_conversation_30_d_01,Я втоплю їх у крові Гниляків.
loc_broker_male_c__broker_male_c_zealot_bonding_conversation_01_a_01,Я от подумав: ми з тобою чимось схожі.
loc_broker_male_c__broker_male_c_zealot_bonding_conversation_01_c_01,"Ніяких гальм, розумієш? Ми думаємо, а потім робимо."
loc_broker_male_c__broker_male_c_zealot_bonding_conversation_02_a_01,Тепер вони тікають!
loc_broker_male_c__broker_male_c_zealot_bonding_conversation_02_c_01,Не хвилюйся. Я тебе захищу.
loc_broker_male_c__broker_male_c_zealot_bonding_conversation_03_a_01,Усюди опариші!
loc_broker_male_c__broker_male_c_zealot_bonding_conversation_03_c_01,Я не скаржуся. Вони так гарно хлюпають!
loc_broker_male_c__broker_male_c_zealot_bonding_conversation_04_b_01,"Я просто роблю те, що роблю. Якщо йому подобається те, що він бачить, то мене це влаштовує."
loc_broker_male_c__broker_male_c_zealot_bonding_conversation_04_d_01,"Ні, але якщо наспіваєш, я приєднаюся!"
loc_broker_male_c__broker_male_c_zealot_bonding_conversation_05_b_01,Дякую! Я це часто чую. Але намагаюся залишатися скромним.
loc_broker_male_c__broker_male_c_zealot_bonding_conversation_05_d_01,"Ох, ти і твій підвішений язик."
loc_broker_male_c__broker_male_c_zealot_bonding_conversation_06_b_01,Я ніколи не переймався шансами. Більше тіл — більше веселощів!
loc_broker_male_c__broker_male_c_zealot_bonding_conversation_06_d_01,Ні! Я житиму ВІЧНО!
loc_broker_male_c__broker_male_c_zealot_bonding_conversation_07_a_01,"Сподіваюся, наступного разу попадеться той, що стікає кров'ю. Люблю слухати, як вони скиглять, поки їхні сили згасають."
loc_broker_male_c__broker_male_c_zealot_bonding_conversation_07_c_01,"Це гіпнотизує, правда? Тобі не треба соромитися."
loc_broker_male_c__broker_male_c_zealot_bonding_conversation_08_a_01,Я ОБОЖНЮЮ свою роботу!
loc_broker_male_c__broker_male_c_zealot_bonding_conversation_08_c_01,Тобі подобається? Хочеш ще раз подивитися?
loc_broker_male_c__broker_male_c_zealot_bonding_conversation_09_a_01,[Сміх] Це ЧУДОВО!
loc_broker_male_c__broker_male_c_zealot_bonding_conversation_09_c_01,Тоді чому ти змінився в обличчі?
loc_broker_male_c__broker_male_c_zealot_bonding_conversation_10_b_01,Іноді. Коли є настрій. Треба цінувати свої спогади.
loc_broker_male_c__broker_male_c_zealot_bonding_conversation_10_d_01,"Так. Я не кажу, що це не проблема, але всі ми маємо йти на жертви."
loc_broker_male_c__broker_male_c_zealot_bonding_conversation_11_b_01,"Ти впевнений? Деякі інші кажуть, що я «трохи занадто»."
loc_broker_male_c__broker_male_c_zealot_bonding_conversation_11_d_01,"О, ти ще НІЧОГО не бачив!"
loc_broker_male_c__broker_male_c_zealot_bonding_conversation_12_b_01,І навіщо було зводити все на такий рівень?
loc_broker_male_c__broker_male_c_zealot_bonding_conversation_12_d_01,"Ну... «робота». Коли ти так кажеш, зникає вся радість."
loc_broker_male_c__broker_male_c_zealot_bonding_conversation_13_a_01,"Мабуть, час для ще одного раунду. Хочеш позмагатися, хто проллє більше крові?"
loc_broker_male_c__broker_male_c_zealot_bonding_conversation_13_c_01,"Не дивно, що Гниляки не можуть тебе вбити! Ти вже напівмертвий."
loc_broker_male_c__broker_male_c_zealot_bonding_conversation_14_a_01,"Ти ж кайфолом, знаєш?"
loc_broker_male_c__broker_male_c_zealot_bonding_conversation_14_c_01,Немає сенсу стримувати свої пристрасті. Вони накопичуються і стають гидкими.
loc_broker_male_c__broker_male_c_zealot_bonding_conversation_15_a_01,"Треба скоро пролити ще трохи крові, інакше я стану... антисоціальним."
loc_broker_male_c__broker_male_c_zealot_bonding_conversation_15_c_01,"Гей! У мене є тонкі почуття, знаєш. Ну, деякі... Насправді, тільки одне, якщо подумати."
loc_broker_male_c__broker_male_c_zealot_bonding_conversation_16_b_01,"Я весь горю! А що, в чому проблема?"
loc_broker_male_c__broker_male_c_zealot_bonding_conversation_16_d_01,"Я нічого не можу з цим вдіяти, правда? Просто роблю те, що природно."
loc_broker_male_c__broker_male_c_zealot_bonding_conversation_17_b_01,"Звідки я родом, ми БЕРЕМО те, що хочемо!"
loc_broker_male_c__broker_male_c_zealot_bonding_conversation_17_d_01,"А ти — просто сірий труп, який не розуміє, що вже мертвий!"
loc_broker_male_c__broker_male_c_zealot_bonding_conversation_19_a_01,Ви — люди МОГО ґатунку!
loc_broker_male_c__broker_male_c_zealot_bonding_conversation_19_c_01,Спонтанний. Безжальний. І трішки скажений.
loc_broker_male_c__broker_male_c_zealot_bonding_conversation_20_a_01,"Ти вбиваєш з такою витонченістю. Те, як ти розкриваєш вену, це просто... [здригається]"
loc_broker_male_c__broker_male_c_zealot_bonding_conversation_20_c_01,Ти — натхнення. Тобі повинні ставити пам'ятники.
loc_broker_male_c__broker_male_c_zealot_bonding_conversation_21_a_01,"Залиш мені трохи, добре? Гниляками треба ділитися."
loc_broker_male_c__broker_male_c_zealot_bonding_conversation_21_c_01,"Тоді мені доведеться бути швидшим, чи не так?"
loc_broker_male_c__broker_male_c_zealot_bonding_conversation_22_b_01,"Лише трішки. Для ефекту, розумієш? До того ж, я бачив, як ти робиш те саме."
loc_broker_male_c__broker_male_c_zealot_bonding_conversation_22_d_01,Немає нічого поганого в невеликій імпровізації. Абсолютно нічого.
loc_broker_male_c__broker_male_c_zealot_bonding_conversation_23_b_01,"Хочуть влаштувати гарне шоу, чи не так? Нічого поганого в цьому немає."
loc_broker_male_c__broker_male_c_zealot_bonding_conversation_23_d_01,Оце ти вже заговорив моєю мовою!
loc_broker_male_c__broker_male_c_zealot_bonding_conversation_24_b_01,Ага! Кров та кишки повсюди! [Сміх]
loc_broker_male_c__broker_male_c_zealot_bonding_conversation_24_d_01,"Усе, що викликає у тебе посмішку, любчику!"
loc_broker_male_c__broker_male_c_zealot_bonding_conversation_25_a_01,Ти занадто серйозний для цієї тяганини!
loc_broker_male_c__broker_male_c_zealot_bonding_conversation_25_c_01,"Так, але ти не такий. Ти нудний."
loc_broker_male_c__broker_male_c_zealot_bonding_conversation_26_a_01,"Гей, кайфоломе!"
loc_broker_male_c__broker_male_c_zealot_bonding_conversation_26_c_01,"Нічого! Просто хотів перевірити, чи ти слухаєш."
loc_broker_male_c__broker_male_c_zealot_bonding_conversation_27_a_01,ТОБІ треба розслабитися.
loc_broker_male_c__broker_male_c_zealot_bonding_conversation_27_c_01,"Так, але це одна з твоїх проблем. А твоя величезна чорна хмара заважає розгледіти Гниляків."
loc_broker_male_c__broker_male_c_zealot_bonding_conversation_28_b_01,Не будь таким! Принаймні я тут з тобою!
loc_broker_male_c__broker_male_c_zealot_bonding_conversation_28_d_01,"Приємно знати, що мене цінують!"
loc_broker_male_c__broker_male_c_zealot_bonding_conversation_29_b_01,"Це не весело! Як можна розважатися, якщо вони тікають?"
loc_broker_male_c__broker_male_c_zealot_bonding_conversation_29_d_01,"Так... Так! Думаю, я зможу це використати! Дякую!"
loc_broker_male_c__broker_male_c_zealot_bonding_conversation_30_b_01,"Ні. Ми боремося з Гниляками. Дивно, що ти так помилився."
loc_broker_male_c__broker_male_c_zealot_bonding_conversation_30_d_01,"Бувають різні, мабуть."
loc_broker_male_c__broker_male_c_zealot_bonding_conversation_31_a_01,Ти взагалі колись перестаєш хмуритися?
loc_broker_male_c__broker_male_c_zealot_bonding_conversation_31_c_01,Ти про мене?
loc_broker_male_c__broker_male_c_zealot_bonding_conversation_32_a_01,"Треба сказати, ця тяганина не така вже й погана."
loc_broker_male_c__broker_male_c_zealot_bonding_conversation_32_c_01,"Так, не свято, але й не погано!"
loc_broker_male_c__broker_male_c_zealot_bonding_conversation_33_a_01,"Ти схожий на жінку, яка знається на скальпелі істини."
loc_broker_male_c__broker_male_c_zealot_bonding_conversation_33_c_01,"І правда чи ні, але потім можна добре попоїсти, так?"
loc_broker_male_c__broker_male_c_zealot_bonding_conversation_34_b_01,"Гей! У мені немає нічого дріб'язкового. До того ж, хіба ти не був на тюремному кораблі?"
loc_broker_male_c__broker_male_c_zealot_bonding_conversation_34_d_01,"Так, я впевнений."
loc_broker_male_c__broker_male_c_zealot_bonding_conversation_35_b_01,"Та годі тобі. Я ж не в тебе стріляю, правда?"
loc_broker_male_c__broker_male_c_zealot_bonding_conversation_35_d_01,"Погляньте на мене, я червонію!"
loc_broker_male_c__broker_male_c_zealot_bonding_conversation_36_b_01,Що? Я нічого не казав.
loc_broker_male_c__broker_male_c_zealot_bonding_conversation_36_d_01,Ага. Який ти дружелюбний.
loc_broker_male_c__broker_seen_killstreak_adamant_01,Щур-поборники люблять вбивати!
loc_broker_male_c__broker_seen_killstreak_adamant_02,"Ей, Щур-поборникику! Ти всю забаву псуєш!"
loc_broker_male_c__broker_seen_killstreak_adamant_03,Цей Щур-поборник краде мої фраги!
loc_broker_male_c__broker_seen_killstreak_adamant_04,Гей! Щур-поборникику! Залиш і мені трохи!
loc_broker_male_c__broker_seen_killstreak_broker_01,"От так, Корешу! Саме про це я!"
loc_broker_male_c__broker_seen_killstreak_broker_02,"Тебе понесло, Корешу!"
loc_broker_male_c__broker_seen_killstreak_broker_03,"Отак, Корешу! Показуй їм!"
loc_broker_male_c__broker_seen_killstreak_broker_04,"Давай, Корешу! Давай!"
loc_broker_male_c__broker_seen_killstreak_ogryn_01,"Ага! Отак, Колодо!"
loc_broker_male_c__broker_seen_killstreak_ogryn_02,"О, гляньте! Оґрин прокинувся!"
loc_broker_male_c__broker_seen_killstreak_ogryn_03,"Ти справжній кістколам, Колодо!"
loc_broker_male_c__broker_seen_killstreak_ogryn_04,"Давай, Колодо, мочи їх!"
loc_broker_male_c__broker_seen_killstreak_psyker_01,"Давай, Дьорґаний!"
loc_broker_male_c__broker_seen_killstreak_psyker_02,"Оце гарна робота, Псайкере!"
loc_broker_male_c__broker_seen_killstreak_psyker_03,"Втягуєшся, Дьорґаний!"
loc_broker_male_c__broker_seen_killstreak_psyker_04,"Ріж їх, Псайкере!"
loc_broker_male_c__broker_seen_killstreak_veteran_01,"Вали їх, Рубака!"
loc_broker_male_c__broker_seen_killstreak_veteran_02,"Ось тепер ти це відчуваєш, Рубако!"
loc_broker_male_c__broker_seen_killstreak_veteran_03,"Бачиш, що буває, коли розслабляєшся, Ветеране?"
loc_broker_male_c__broker_seen_killstreak_veteran_04,"Пишаюся тобою, Рубако!"
loc_broker_male_c__broker_seen_killstreak_zealot_01,З Бузувіром жарти погані!
loc_broker_male_c__broker_seen_killstreak_zealot_02,Язикатий занадто веселиться!
loc_broker_male_c__broker_seen_killstreak_zealot_03,"Так тримати, Бузувіре! Розважайся!"
loc_broker_male_c__broker_seen_killstreak_zealot_04,Язикатий аж почервонів!
loc_broker_male_c__broker_start_revive_adamant_01,"Рухай дупою, Щур-поборникику."
loc_broker_male_c__broker_start_revive_adamant_02,"Невтомний Закон, еге ж?"
loc_broker_male_c__broker_start_revive_adamant_03,"Не думав, що ти здасишся."
loc_broker_male_c__broker_start_revive_adamant_04,Ото невдаха.
loc_broker_male_c__broker_start_revive_adamant_05,Завжди знав що ти мертвий вантаж.
loc_broker_male_c__broker_start_revive_broker_01,Вставай.
loc_broker_male_c__broker_start_revive_broker_02,Ти не такий слабкий.
loc_broker_male_c__broker_start_revive_broker_03,Не байдикуй.
loc_broker_male_c__broker_start_revive_broker_04,"Ти ще в ділі, га?"
loc_broker_male_c__broker_start_revive_broker_05,Що ти взагалі робиш?
loc_broker_male_c__broker_start_revive_ogryn_01,Тобі б менше жерти...
loc_broker_male_c__broker_start_revive_ogryn_02,Там тобі добряче прилетіло.
loc_broker_male_c__broker_start_revive_ogryn_03,Добре дрімається?
loc_broker_male_c__broker_start_revive_ogryn_04,"Туса ще не скінчилась, Колодо."
loc_broker_male_c__broker_start_revive_ogryn_05,Піднімай свою ледачу сраку.
loc_broker_male_c__broker_start_revive_psyker_01,"Гарно ідеш, Дьорґаний."
loc_broker_male_c__broker_start_revive_psyker_02,Гаразд. Підводься.
loc_broker_male_c__broker_start_revive_psyker_03,Не бійся. Я тебе підняв.
loc_broker_male_c__broker_start_revive_psyker_04,Що ти там унизу робиш?
loc_broker_male_c__broker_start_revive_psyker_05,Не нуди.
loc_broker_male_c__broker_start_revive_veteran_01,"Туса не закінчилась, Рубако."
loc_broker_male_c__broker_start_revive_veteran_02,Що ти там робиш унизу?
loc_broker_male_c__broker_start_revive_veteran_03,Не будь занудою — будь Рубакою.
loc_broker_male_c__broker_start_revive_veteran_04,Здаєшся в м’ясорубці?
loc_broker_male_c__broker_start_revive_veteran_05,Ти ще не все.
loc_broker_male_c__broker_start_revive_zealot_01,"Вечірка ще не закінчились, Язикатий."
loc_broker_male_c__broker_start_revive_zealot_02,"Важкий. Обтяжений «метою», так?"
loc_broker_male_c__broker_start_revive_zealot_03,Ледачий малий кайфолом?
loc_broker_male_c__broker_start_revive_zealot_04,"Де твій запал, Язикатий?"
loc_broker_male_c__broker_start_revive_zealot_05,Не зважай. Просто по кишенях шарю.
loc_broker_male_c__calling_for_help_01,Допоможіть!
loc_broker_male_c__calling_for_help_02,Краще б допоміг!
loc_broker_male_c__calling_for_help_03,"Краще бути зі мною в добрих стосунках, хіба ні?"
loc_broker_male_c__calling_for_help_04,"Гей! Ви там, допоможіть!"
loc_broker_male_c__calling_for_help_05,Допоможете чи подивитесь?
loc_broker_male_c__com_wheel_vo_enemy_over_here_01,Ворог помічений!
loc_broker_male_c__com_wheel_vo_enemy_over_here_02,Ворог у полі зору!
loc_broker_male_c__com_wheel_vo_enemy_over_here_03,Ворог!
loc_broker_male_c__com_wheel_vo_follow_you_01,Прикриваю спину!
loc_broker_male_c__com_wheel_vo_follow_you_02,Я з вами!
loc_broker_male_c__com_wheel_vo_follow_you_03,Йду за вами!
loc_broker_male_c__com_wheel_vo_for_the_emperor_01,За Конклав!
loc_broker_male_c__com_wheel_vo_for_the_emperor_02,За Атому!
loc_broker_male_c__com_wheel_vo_for_the_emperor_03,За свободу!
loc_broker_male_c__com_wheel_vo_location_attention_01,Перевір там!
loc_broker_male_c__com_wheel_vo_location_attention_02,Бачите?
loc_broker_male_c__com_wheel_vo_location_attention_03,Дивіться туди!
loc_broker_male_c__com_wheel_vo_location_ping_01,Ідіть туди!
loc_broker_male_c__com_wheel_vo_location_ping_02,Рушайте туди!
loc_broker_male_c__com_wheel_vo_location_ping_03,За мною!
loc_broker_male_c__com_wheel_vo_my_pleasure_a_01,Прошу!
loc_broker_male_c__com_wheel_vo_my_pleasure_a_02,"Я ж такий милий, правда?"
loc_broker_male_c__com_wheel_vo_need_ammo_01,Потрібні набої!
loc_broker_male_c__com_wheel_vo_need_ammo_02,"Набої, швидко!"
loc_broker_male_c__com_wheel_vo_need_ammo_03,Мені б набоїв!
loc_broker_male_c__com_wheel_vo_need_health_01,Мені треба зцілитись!
loc_broker_male_c__com_wheel_vo_need_health_02,Дуже боляче!
loc_broker_male_c__com_wheel_vo_need_health_03,Я поранений. Потрібна аптечка.
loc_broker_male_c__com_wheel_vo_need_that_01,Це моє!
loc_broker_male_c__com_wheel_vo_need_that_02,Моє!
loc_broker_male_c__com_wheel_vo_need_that_03,Мені це треба!
loc_broker_male_c__com_wheel_vo_no_01,Ні!
loc_broker_male_c__com_wheel_vo_no_02,Ні!
loc_broker_male_c__com_wheel_vo_no_03,Ні!
loc_broker_male_c__com_wheel_vo_take_this_a_01,Отримуй!
loc_broker_male_c__com_wheel_vo_take_this_a_02,Бери!
loc_broker_male_c__com_wheel_vo_thank_you_01,Дякуючки.
loc_broker_male_c__com_wheel_vo_thank_you_02,Дякую.
loc_broker_male_c__com_wheel_vo_thank_you_03,Дякую.
loc_broker_male_c__com_wheel_vo_yes_01,Авжеж!
loc_broker_male_c__com_wheel_vo_yes_02,Як скажеш!
loc_broker_male_c__com_wheel_vo_yes_03,Так!
loc_broker_male_c__combat_monster_release_a_01,"[З огидою, з болем] Ну... це був досвід..."
loc_broker_male_c__combat_monster_release_a_02,"[Огидно, з болем] Більше... такого... не роблю..."
loc_broker_male_c__combat_monster_release_a_03,"[З огидою, з болем] Смердюче... Дуже смердюче..."
loc_broker_male_c__combat_pause_limited_adamant_a_06_b_01,"Яка різниця? Стало цікаво, ось що важливо!"
loc_broker_male_c__combat_pause_limited_adamant_a_07_b_01,"Я вам, кайфоломам, нічим не завдячую!"
loc_broker_male_c__combat_pause_limited_adamant_a_09_b_01,"Я тут тільки заради гострих відчуттів, ясно?"
loc_broker_male_c__combat_pause_limited_adamant_a_14_b_01,"Я не виконую твоїх наказів, Щурику!"
loc_broker_male_c__combat_pause_limited_adamant_b_02_b_01,Безрадісний ти наш кайфолом?
loc_broker_male_c__combat_pause_limited_adamant_b_06_b_01,"Добре, що я тут, щоб зрівняти шанси, так?"
loc_broker_male_c__combat_pause_limited_adamant_b_09_b_01,"Ти що, жартуєш, Щурику?"
loc_broker_male_c__combat_pause_limited_adamant_b_14_b_01,"У житті є щось більше, ніж ефективність!"
loc_broker_male_c__combat_pause_limited_adamant_c_07_b_01,[Глузливо] Це Воля Закону. Жалюгідно!
loc_broker_male_c__combat_pause_limited_adamant_c_11_b_01,"Твій шлях самотній, тому що ТЕБЕ НІХТО НЕ ЛЮБИТЬ!"
loc_broker_male_c__combat_pause_limited_adamant_c_15_b_01,"Я завжди так роблю, кайфоломе. Це частина мого шарму!"
loc_broker_male_c__combat_pause_limited_adamant_c_19_b_01,А я що? Печінка для пересадки?
loc_broker_male_c__combat_pause_limited_broker_a_01_b_01,Але ж ми можемо залишити їхні ШМАТКИ? На пам'ять?
loc_broker_male_c__combat_pause_limited_broker_a_02_b_01,"Не так вже й погано... трохи бризок крові, і буде як вдома!"
loc_broker_male_c__combat_pause_limited_broker_a_03_b_01,Давай подякуємо їм. ОСОБИСТО.
loc_broker_male_c__combat_pause_limited_broker_a_04_b_01,Оооо. Глибокий Вулик. Теплі спогади...
loc_broker_male_c__combat_pause_limited_broker_a_05_b_01,Не можна виділяти улюбленців серед трупів. Вони заздрять.
loc_broker_male_c__combat_pause_limited_broker_a_06_b_01,"Ага! Ті самі місця, де «все дозволено»."
loc_broker_male_c__combat_pause_limited_broker_a_07_b_01,Гірше — вони надто серйозні! Ніякого драйву!
loc_broker_male_c__combat_pause_limited_broker_a_08_b_01,"Я завжди знав, що ти полюбиш трохи різанини... коли розслабишся."
loc_broker_male_c__combat_pause_limited_broker_a_09_b_01,"Ніколи не знаєш... Можливо, тобі сподобається."
loc_broker_male_c__combat_pause_limited_broker_a_10_b_01,"Так. Гадаю, в тобі достатньо монстра, щоб тебе можна було полюбити."
loc_broker_male_c__combat_pause_limited_broker_b_01_b_01,Ти такий підлиза.
loc_broker_male_c__combat_pause_limited_broker_b_02_b_01,О так! Моє улюблене!
loc_broker_male_c__combat_pause_limited_broker_b_03_b_01,Я погано сприймаю інструкції... або погрози.
loc_broker_male_c__combat_pause_limited_broker_b_04_b_01,Потрібно охочіше приймати зміни.
loc_broker_male_c__combat_pause_limited_broker_b_05_b_01,Ха! Я б це робив БЕЗПЛАТНО.
loc_broker_male_c__combat_pause_limited_broker_b_06_b_01,"Ага, купа дурних правил: не різати горлянки, не вирізати язики, ніяких випадкових убивств…"
loc_broker_male_c__combat_pause_limited_broker_b_07_b_01,"Я більше за те, щоб погані речі траплялися з... ну... УСІМА."
loc_broker_male_c__combat_pause_limited_broker_b_08_b_01,Зайвої вогневої підтримки не буває! [Сміх]
loc_broker_male_c__combat_pause_limited_broker_b_09_b_01,"Думав, ти жорсткий. Ага, щас!"
loc_broker_male_c__combat_pause_limited_broker_b_10_b_01,"О, та зберися! Ти мене соромиш!"
loc_broker_male_c__combat_pause_limited_broker_c_01_a_01,"[Сміх] Не схожий, що тобі весело!"
loc_broker_male_c__combat_pause_limited_broker_c_01_b_01,"Ти жартуєш, так? Це ж БЛАЖЕНСТВО!"
loc_broker_male_c__combat_pause_limited_broker_c_02_a_01,"Мені подобається стиль культу, але між нами нічого не вийде. Усіх доведеться вбити."
loc_broker_male_c__combat_pause_limited_broker_c_02_b_01,"Ну, якщо так НАПОЛЯГАЄШ."
loc_broker_male_c__combat_pause_limited_broker_c_03_a_01,Чому така кисла міна? Чому ти не можеш розслабитися?
loc_broker_male_c__combat_pause_limited_broker_c_03_b_01,"Приміряю на себе роль мене, Щурику, чи не так?"
loc_broker_male_c__combat_pause_limited_broker_c_04_a_01,"Я справді думаю, що ми втрачаємо можливість для старого доброго... видобутку правди."
loc_broker_male_c__combat_pause_limited_broker_c_04_b_01,Так! ТАК! Можна я допоможу?
loc_broker_male_c__combat_pause_limited_broker_c_05_a_01,Гниляки захопили все швидко. Цим варто захоплюватися.
loc_broker_male_c__combat_pause_limited_broker_c_05_b_01,"Так, але ми їх знищимо ще швидше, правда?"
loc_broker_male_c__combat_pause_limited_broker_c_06_a_01,Гниляки не вміють розважатися. Таких зараз багато.
loc_broker_male_c__combat_pause_limited_broker_c_06_b_01,Мені байдуже. Більше веселощів для нас із тобою!
loc_broker_male_c__combat_pause_limited_broker_c_07_a_01,"Ти якось дивно на мене дивишся. Можна подумати, що ти..."
loc_broker_male_c__combat_pause_limited_broker_c_07_b_01,"Насолоджуйся бенкетом для душі, якого ще не було. Ти НЕЙМОВІРНИЙ!"
loc_broker_male_c__combat_pause_limited_broker_c_08_a_01,"Знаєш, смерть може бути гарною. Тобі просто потрібно…прийняти її."
loc_broker_male_c__combat_pause_limited_broker_c_08_b_01,Так. Такі яскраві кольори. Такі живі крики. [Глибокий вдих] І цей запах...
loc_broker_male_c__combat_pause_limited_broker_c_09_a_01,Ці злидні не вміють усміхатись? Мізерне кодло.
loc_broker_male_c__combat_pause_limited_broker_c_09_b_01,Ага! Купа довбаних кайфоломів!
loc_broker_male_c__combat_pause_limited_broker_c_10_a_01,Гей! Гниляки! Виходьте! Я вас не скривджу. Сильно… Обіцяю...
loc_broker_male_c__combat_pause_limited_broker_c_10_b_01,"Голосніше! Не думаю, що вони тебе почули!"
loc_broker_male_c__combat_pause_limited_ogryn_a_01_b_01,Хто сказав?
loc_broker_male_c__combat_pause_limited_ogryn_a_04_b_01,Яке це має значення?
loc_broker_male_c__combat_pause_limited_ogryn_a_16_b_01,[Зітхання передчуття] О так... Щось із бризками!
loc_broker_male_c__combat_pause_limited_ogryn_a_17_b_01,"О, любчику. Ти стараєшся, але я все одно найкращий!"
loc_broker_male_c__combat_pause_limited_ogryn_b_01_b_01,"За що? За те, що ВІЧНО ПЛУТАЄШСЯ ПІД НОГАМИ?"
loc_broker_male_c__combat_pause_limited_ogryn_b_02_b_01,"Вбий їх як слід, і тобі доведеться це робити лише раз."
loc_broker_male_c__combat_pause_limited_ogryn_b_18_b_01,"Ага, той предсмертний подих... [здригання] ніщо з цим не зрівняється!"
loc_broker_male_c__combat_pause_limited_ogryn_b_20_b_01,Не хвилюйся: ти почуєш крики!
loc_broker_male_c__combat_pause_limited_ogryn_c_02_b_01,"Шкода, що нам трапляється тільки інший вид."
loc_broker_male_c__combat_pause_limited_ogryn_c_06_b_01,Ти огидна Колода.
loc_broker_male_c__combat_pause_limited_ogryn_c_10_b_01,"Я віддаю перевагу людям. Невичерпний ресурс, і все таке."
loc_broker_male_c__combat_pause_limited_ogryn_c_14_b_01,"І ножі, і сережки, і трофеї..."
loc_broker_male_c__combat_pause_limited_ogryn_d_07_b_01,"Підійди сюди, я тобі дам один!"
loc_broker_male_c__combat_pause_limited_ogryn_d_12_b_01,Думаєш? Ти?
loc_broker_male_c__combat_pause_limited_ogryn_d_16_b_01,"Боюся? Я? Любчику, ти мене зовсім не так зрозумів."
loc_broker_male_c__combat_pause_limited_ogryn_d_19_b_01,Заснеш — і я зроблю з твоїм обличчям щось невимовне.
loc_broker_male_c__combat_pause_limited_psyker_a_06_b_01,"Збудь ці дрібниці, солоденький."
loc_broker_male_c__combat_pause_limited_psyker_a_07_b_01,"Гей, Дьорґаний! Повертайся в реальність, добре?"
loc_broker_male_c__combat_pause_limited_psyker_a_09_b_01,"Б’юся об заклад, усередині ти такий самий, як і я. Може, взяти ніж і перевірити?"
loc_broker_male_c__combat_pause_limited_psyker_a_13_b_01,"Цікаве питання. Зазвичай, коли у них вже не вистачає подиху, щоб кричати."
loc_broker_male_c__combat_pause_limited_psyker_a_14_b_01,"Ти виглядаєш нещасним. Хочеш, я допоможу тобі це забути?"
loc_broker_male_c__combat_pause_limited_psyker_b_06_b_01,Ха! Це частина веселощів!
loc_broker_male_c__combat_pause_limited_psyker_b_07_b_01,Ти БІСИШ!
loc_broker_male_c__combat_pause_limited_psyker_b_13_b_01,"А я бажаю, ЩОБ ТВОЯ ГОЛОВА ВИБУХНУЛА. Не всі ж можуть бути щасливими, правда?"
loc_broker_male_c__combat_pause_limited_psyker_b_14_b_01,Оооо! Навчи мене! Навчи мене!
loc_broker_male_c__combat_pause_limited_psyker_c_07_b_01,Смішно. Я ТЕБЕ теж забув.
loc_broker_male_c__combat_pause_limited_psyker_c_11_b_01,"Ага, спогад на кожному розі. Крик, перерізана артерія... [Зітхає]"
loc_broker_male_c__combat_pause_limited_psyker_c_19_b_01,"Тобі те не треба, солоденька. Просто... імпровізуй."
loc_broker_male_c__combat_pause_limited_veteran_a_04_b_01,"О, це таааак мило з твого боку."
loc_broker_male_c__combat_pause_limited_veteran_a_07_b_01,"Свої накази собі залиш, гарматне м’ясо!"
loc_broker_male_c__combat_pause_limited_veteran_a_12_b_01,"Ти СПОДІВАЄШСЯ, що ні."
loc_broker_male_c__combat_pause_limited_veteran_a_17_b_01,Я не аматор. Я — дилетант.
loc_broker_male_c__combat_pause_limited_veteran_b_01_b_01,Розслабся! Зараз почнеться найцікавіше!
loc_broker_male_c__combat_pause_limited_veteran_b_04_b_01,Ще ні. Але буде.
loc_broker_male_c__combat_pause_limited_veteran_b_17_b_01,"Хочеш, я тобі руки вкорочу?"
loc_broker_male_c__combat_pause_limited_veteran_c_01_b_01,Давай. Посміхнися! Тобі стане легше.
loc_broker_male_c__combat_pause_limited_veteran_c_05_b_01,Не бреши собі так.
loc_broker_male_c__combat_pause_limited_veteran_c_09_b_01,Що? Є інший спосіб це зробити?
loc_broker_male_c__combat_pause_limited_veteran_c_17_b_01,"Солоденька, тут ніщо мене не покладе."
loc_broker_male_c__combat_pause_limited_zealot_a_06_b_01,"О, тобі подобається біль, так? Ми з тобою ще гарно повеселимося."
loc_broker_male_c__combat_pause_limited_zealot_a_07_b_01,Ні. Ані слова не вловив.
loc_broker_male_c__combat_pause_limited_zealot_a_13_b_01,Я не люблю зосереджуватися. Від цього все стає рутиною.
loc_broker_male_c__combat_pause_limited_zealot_a_14_b_01,Чесний бій в якому я переможу. Щоб не довелось робити.
loc_broker_male_c__combat_pause_limited_zealot_b_02_b_01,"Ага. Люблю, коли добре підсмажені."
loc_broker_male_c__combat_pause_limited_zealot_b_06_b_01,Твої слова — це просто дратуюча балаканина!
loc_broker_male_c__combat_pause_limited_zealot_b_13_b_01,Я все одно не боюся. Я змушую людей боятися.
loc_broker_male_c__combat_pause_limited_zealot_b_14_b_01,"Мене влаштовує, поки я можу бути по лікті в крові."
loc_broker_male_c__combat_pause_limited_zealot_c_03_b_01,"Ні. Страх — МОЯ зброя. Хочеш, покажу?"
loc_broker_male_c__combat_pause_limited_zealot_c_07_b_01,Нечесно! Я хочу погратися з ними трохи довше!
loc_broker_male_c__combat_pause_limited_zealot_c_11_b_01,Що-що?
loc_broker_male_c__combat_pause_limited_zealot_c_19_b_01,Як хочеш. А я збираюся показати їм їхні власні селезінки!
loc_broker_male_c__combat_pause_one_liner_01,"Жвавіше, кайфоломи! Робота є!"
loc_broker_male_c__combat_pause_one_liner_02,"Час робити те, що гарматне м’ясо не вміє, га?"
loc_broker_male_c__combat_pause_one_liner_03,"Пішли, «герої» на випробуванні!"
loc_broker_male_c__combat_pause_one_liner_04,Пам’ятаю це місце. Смітник був — смітником і лишився.
loc_broker_male_c__combat_pause_one_liner_05,Повертаємось до м’ясорубки!
loc_broker_male_c__combat_pause_quirk_abhuman_b_01,Я ОБОЖНЮЮ напівлюдей.
loc_broker_male_c__combat_pause_quirk_accuracy_b_01,Де у тебе ВІДЧУТТЯ СТИЛЮ?
loc_broker_male_c__combat_pause_quirk_adamant_a_trait_01_b_01,"Так, любчику. Як скажеш."
loc_broker_male_c__combat_pause_quirk_adamant_a_trait_02_b_01,Тоді відвали і займайся цим замість мене!
loc_broker_male_c__combat_pause_quirk_adamant_a_trait_03_b_01,"Ти просто бідний маленький зламаний Щурик, чи не так?"
loc_broker_male_c__combat_pause_quirk_adamant_a_trait_04_b_01,Ооо... Страшно.
loc_broker_male_c__combat_pause_quirk_adamant_a_trait_05_b_01,Не спрацює.
loc_broker_male_c__combat_pause_quirk_adamant_a_trait_06_b_01,"Я здивований, що ти взагалі щось відчуваєш на запах, кайфоломе."
loc_broker_male_c__combat_pause_quirk_adamant_a_trait_07_b_01,"Поки ти мене не чіпаєш, мені байдуже."
loc_broker_male_c__combat_pause_quirk_adamant_a_trait_08_b_01,Залиш цей світ у спокої. МЕНІ тут подобається.
loc_broker_male_c__combat_pause_quirk_adamant_a_trait_09_b_01,Хочеш кілька порад? У мене є кілька ідей.
loc_broker_male_c__combat_pause_quirk_adamant_a_trait_10_b_01,"Ага, правильно: звинувачуй маленьку людину."
loc_broker_male_c__combat_pause_quirk_adamant_b_trait_01_b_01,Я не помру. Я житиму вічно!
loc_broker_male_c__combat_pause_quirk_adamant_b_trait_02_b_01,"Ага, ага, ага."
loc_broker_male_c__combat_pause_quirk_adamant_b_trait_03_b_01,Я не ламаюся. Я ламаю людей.
loc_broker_male_c__combat_pause_quirk_adamant_b_trait_04_b_01,"Якщо нам весело, то в чому проблема?"
loc_broker_male_c__combat_pause_quirk_adamant_b_trait_05_b_01,Я більше схожий на «заповзятливого вільного агента».
loc_broker_male_c__combat_pause_quirk_adamant_b_trait_06_b_01,"А я думав, ми станемо друзями."
loc_broker_male_c__combat_pause_quirk_adamant_b_trait_07_b_01,"Я не боюся смерті. Вона тримає в тонусі, розумієш?"
loc_broker_male_c__combat_pause_quirk_adamant_b_trait_08_b_01,Ти звикнеш. Просто треба відрізати деякі твої гострі кути.
loc_broker_male_c__combat_pause_quirk_adamant_b_trait_09_b_01,"Тобі треба розслабитися. Знаєш, приймати все як є."
loc_broker_male_c__combat_pause_quirk_adamant_b_trait_10_b_01,Не треба про це хвилюватися. Хвилюйся про МЕНЕ!
loc_broker_male_c__combat_pause_quirk_adamant_c_trait_01_b_01,"Так? Це показує, як мало ти знаєш!"
loc_broker_male_c__combat_pause_quirk_adamant_c_trait_02_b_01,"Ти ніби брат, якого я ніколи не знав... і ще не розчленував."
loc_broker_male_c__combat_pause_quirk_adamant_c_trait_03_b_01,Я? Це ти псуєш настрій!
loc_broker_male_c__combat_pause_quirk_adamant_c_trait_04_b_01,Я завжди казав: зламані пальці допомагають чесності.
loc_broker_male_c__combat_pause_quirk_adamant_c_trait_05_b_01,"Так. Хіба не шкода, що їм усім доведеться померти? [Сміх]"
loc_broker_male_c__combat_pause_quirk_adamant_c_trait_06_b_01,Лекс. Лекс. Лекс. Лекс. Лекс. Лекс. [Сміх]
loc_broker_male_c__combat_pause_quirk_adamant_c_trait_07_b_01,"Зі стилем не посперечаєшся. Дай знати, коли він у тебе з'явиться."
loc_broker_male_c__combat_pause_quirk_adamant_c_trait_08_b_01,Стара пісня.
loc_broker_male_c__combat_pause_quirk_adamant_c_trait_09_b_01,"Немає радості в голосі. Хочеш щось, щоб відпустило?"
loc_broker_male_c__combat_pause_quirk_adamant_c_trait_10_b_01,Ох... А ми ж так добре ладнали.
loc_broker_male_c__combat_pause_quirk_ammo_b_01,"О, і чого б це так?"
loc_broker_male_c__combat_pause_quirk_ammo_hog_a_01,Ей! Кайфоломи! Не загрібайте все набої під себе!
loc_broker_male_c__combat_pause_quirk_ammo_hog_b_01,Ага? Посперечаємося кулаками?
loc_broker_male_c__combat_pause_quirk_anger_b_01,Коли це ти не такий?
loc_broker_male_c__combat_pause_quirk_bad_feeling_b_01,"Біда попереду? Дитино, ти ще біди не бачила."
loc_broker_male_c__combat_pause_quirk_bone_ead_b_01,Ага! Я можу бути хірургом! Тільки не рухайся...
loc_broker_male_c__combat_pause_quirk_bored_b_01,Так! Ось прям те що він і сказав!
loc_broker_male_c__combat_pause_quirk_broker_a_trait_01_b_01,"Що? Ти думав, ми справді були в космосі? Це все трюки."
loc_broker_male_c__combat_pause_quirk_broker_a_trait_02_b_01,"Я кажу, що треба вбити обох, просто для певності."
loc_broker_male_c__combat_pause_quirk_broker_a_trait_03_b_01,Ти ж відмовляєшся від найкращої частини!
loc_broker_male_c__combat_pause_quirk_broker_a_trait_04_b_01,"Це не те, що мені сказали... Чи мені не варто було цього казати?"
loc_broker_male_c__combat_pause_quirk_broker_a_trait_05_b_01,"Ага, гаразд, шишка."
loc_broker_male_c__combat_pause_quirk_broker_a_trait_06_b_01,Треба приймати нове! Жити моментом!
loc_broker_male_c__combat_pause_quirk_broker_a_trait_07_b_01,Я постійно тобі повторюю: нема ніякого корабля. Лише гарні слова та психічні фантазії. 
loc_broker_male_c__combat_pause_quirk_broker_a_trait_08_b_01,"О, я б тобі таке розказав..."
loc_broker_male_c__combat_pause_quirk_broker_a_trait_09_b_01,"Він НУДНИЙ. «Так, сер, ні, сер, дозвольте зловити для вас кулю, сер?»"
loc_broker_male_c__combat_pause_quirk_broker_a_trait_10_b_01,Не. Моя. Проблема.
loc_broker_male_c__combat_pause_quirk_broker_b_trait_01_b_01,"Ага. Взяли й закрили «Ріжучу Саллі», так?"
loc_broker_male_c__combat_pause_quirk_broker_b_trait_02_b_01,"О, справді? Ти кращий за нас, чи що?"
loc_broker_male_c__combat_pause_quirk_broker_b_trait_03_b_01,Я не змагаюся. Я ПЕРЕМАГАЮ.
loc_broker_male_c__combat_pause_quirk_broker_b_trait_04_b_01,І що? Нам від того не холодно й не жарко.
loc_broker_male_c__combat_pause_quirk_broker_b_trait_05_b_01,"Агааа... Оживляє, га?"
loc_broker_male_c__combat_pause_quirk_broker_b_trait_06_b_01,"Ти боягузливий покидьок під цією маскою, чи не так?"
loc_broker_male_c__combat_pause_quirk_broker_b_trait_07_b_01,"Добре. Значить, нам не доведеться шукати бійку."
loc_broker_male_c__combat_pause_quirk_broker_b_trait_08_b_01,"Так. Зрештою. Ти повільний, ось що я кажу."
loc_broker_male_c__combat_pause_quirk_broker_b_trait_09_b_01,Ага. Точно.
loc_broker_male_c__combat_pause_quirk_broker_b_trait_10_b_01,"Там нічого вартого мороки, але як хочеш."
loc_broker_male_c__combat_pause_quirk_broker_c_trait_01_a_01,Не кисни так. Спробуй отримати трохи задоволення!
loc_broker_male_c__combat_pause_quirk_broker_c_trait_01_b_01,Я РОЗВАЖАЮСЯ! [Сміх]
loc_broker_male_c__combat_pause_quirk_broker_c_trait_02_a_01,"Арбітри, Правоохоронці, благородні доми... усі вони просто банди з гарними назвами. Але культ? От вони це справжнє лихо."
loc_broker_male_c__combat_pause_quirk_broker_c_trait_02_b_01,"Так, але я ще ГІРША новина."
loc_broker_male_c__combat_pause_quirk_broker_c_trait_03_a_01,"Ви всі постійно такі серйозні. Можна подумати, що вам тут не до вподоби!"
loc_broker_male_c__combat_pause_quirk_broker_c_trait_03_b_01,Я? Це ти псуєш настрій!
loc_broker_male_c__combat_pause_quirk_broker_c_trait_04_a_01,"Слід узяти одного з них живцем. Уявити, що вони могли б нам розповісти... за належного заохочення."
loc_broker_male_c__combat_pause_quirk_broker_c_trait_04_b_01,Я завжди казав: зламані пальці сприяють щирості.
loc_broker_male_c__combat_pause_quirk_broker_c_trait_05_a_01,"Кажіть що хочете про Гниляків, але захоплення вони влаштовують вміло."
loc_broker_male_c__combat_pause_quirk_broker_c_trait_05_b_01,"Так. Хіба не шкода, що їм усім доведеться померти? [Сміх]"
loc_broker_male_c__combat_pause_quirk_broker_c_trait_06_a_01,Знаєш справжню проблему цих гниляків? Вони не веселі.
loc_broker_male_c__combat_pause_quirk_broker_c_trait_06_b_01,"Так. Не те щоб вони світилися від радості, правда?"
loc_broker_male_c__combat_pause_quirk_broker_c_trait_07_a_01,"Ми ще та пара! Я жорстокий, талановитий, неймовірно гарний, а ти—"
loc_broker_male_c__combat_pause_quirk_broker_c_trait_07_b_01,Просто милуюся краєвидом. Зі стилем не посперечаєшся.
loc_broker_male_c__combat_pause_quirk_broker_c_trait_08_a_01,Ти мав би кайфувати від різанини. Де твоя майстерність?
loc_broker_male_c__combat_pause_quirk_broker_c_trait_08_b_01,Бережу себе для великої справи. Не марную талант на це кодло.
loc_broker_male_c__combat_pause_quirk_broker_c_trait_09_a_01,Ці Гниляки не виглядають радісними. Серцем вони тут не з нами.
loc_broker_male_c__combat_pause_quirk_broker_c_trait_09_b_01,Єдиний спосіб переконатися — це розкрити їм ребра і подивитися!
loc_broker_male_c__combat_pause_quirk_broker_c_trait_10_a_01,Гниляки! Сюди! У мене є дещо особливе — спеціально для вас!
loc_broker_male_c__combat_pause_quirk_broker_c_trait_10_b_01,"Це не спрацює. Вони порозумнішали відтоді, як я це спробував."
loc_broker_male_c__combat_pause_quirk_bullets_tickle_b_01,"Те що тебе вб’є, може бути зовсім не таким."
loc_broker_male_c__combat_pause_quirk_cheerful_b_01,Як закінчимо — влаштую гулянку. Буде... пам’ятно.
loc_broker_male_c__combat_pause_quirk_club_thump_b_01,"Треба бачити, як світло гасне в їхніх очах, га?"
loc_broker_male_c__combat_pause_quirk_cold_b_01,Ти не стараєшся. Вклинюйся в роботу!
loc_broker_male_c__combat_pause_quirk_competence_b_01,"Все логічно. Береш приклад з мене, га?"
loc_broker_male_c__combat_pause_quirk_concerning_enforcers_b_01,Е? Це ще що було?
loc_broker_male_c__combat_pause_quirk_dead_already_b_01,Оце ти вже заговорив моєю мовою!
loc_broker_male_c__combat_pause_quirk_dead_b_01,У тебе всі ґрокси в хліві?
loc_broker_male_c__combat_pause_quirk_deddog_b_01,"Він здох? Б’юсь об заклад, здох."
loc_broker_male_c__combat_pause_quirk_defend_b_01,Я вам не гарматне м’ясо!
loc_broker_male_c__combat_pause_quirk_desert_b_01,Чого йти? Тільки розігрілися.
loc_broker_male_c__combat_pause_quirk_disappointment_b_01,Не будь кайфоломом!
loc_broker_male_c__combat_pause_quirk_discipline_b_01,Бийся як солдат — здихай як дурник.
loc_broker_male_c__combat_pause_quirk_dislikes_grenades_b_01,"Треба наробити шуму, інакше який сенс?"
loc_broker_male_c__combat_pause_quirk_doomed_b_01,"Схоже, тобі обіймів бракує."
loc_broker_male_c__combat_pause_quirk_dream_b_01,Якщо тобі добре — то в чому проблема?
loc_broker_male_c__combat_pause_quirk_drink_b_01,Крові тут навалом — якщо так пече.
loc_broker_male_c__combat_pause_quirk_emperor_b_01,"Чудово. Люблю, коли є глядачі!"
loc_broker_male_c__combat_pause_quirk_end_b_01,Візьми свої слова назад!
loc_broker_male_c__combat_pause_quirk_endless_b_01,"Не хочеш же нудьгувати, правда?"
loc_broker_male_c__combat_pause_quirk_endless_war_b_01,Оце по мені м’ясорубка!
loc_broker_male_c__combat_pause_quirk_expendable_b_01,ЦЕ ТИ розхідний матеріал. Я — особливий.
loc_broker_male_c__combat_pause_quirk_feet_b_01,"Можу відтяти пальці? Може, допоможе."
loc_broker_male_c__combat_pause_quirk_flame_b_01,"Ніщо так не оживляє, як трохи вогню!"
loc_broker_male_c__combat_pause_quirk_forgetful_b_01,І я теж!
loc_broker_male_c__combat_pause_quirk_fractal_b_01,Знаю! Хіба не чудово?
loc_broker_male_c__combat_pause_quirk_friends_b_01,То ми друзі? ... Тоді вб’ю тебе останнім.
loc_broker_male_c__combat_pause_quirk_glutton_b_01,"У бій голодним не підеш, га?"
loc_broker_male_c__combat_pause_quirk_hates_goo_b_01,Але виглядає знайомо...
loc_broker_male_c__combat_pause_quirk_hates_poxwalkers_b_01,Навіть не всміхаються ніколи. Огидне кодло.
loc_broker_male_c__combat_pause_quirk_health_hog_a_01,Навіщо жер ті ліки? Болісна подряпинка?
loc_broker_male_c__combat_pause_quirk_health_hog_b_01,"Беру, що хочу. Зрозумів?"
loc_broker_male_c__combat_pause_quirk_heights_b_01,"Може, ти вмієш літати? Ніколи про це не думав?"
loc_broker_male_c__combat_pause_quirk_homesick_b_01,Тоді відваліть і залиште мене в спокої!
loc_broker_male_c__combat_pause_quirk_hymnal_b_01,Е... Ні.
loc_broker_male_c__combat_pause_quirk_impatient_b_01,Вони мене бояться. І правильно роблять.
loc_broker_male_c__combat_pause_quirk_killing_stopped_b_01,Так! Те що він і сказав!
loc_broker_male_c__combat_pause_quirk_leader_b_01,"Спитай когось, хто реально виконує накази."
loc_broker_male_c__combat_pause_quirk_local_knowledge_b_01,Звучить дуже-дуже-ДУЖЕ нудно.
loc_broker_male_c__combat_pause_quirk_lonely_b_01,"Що значить, я не справжній? Забери свої слова назад. ЗАБЕРАЙ!"
loc_broker_male_c__combat_pause_quirk_merciless_b_01,Мене ніколи не звинувачували в бридливості.
loc_broker_male_c__combat_pause_quirk_messelina_b_01,Колись я стану святим. От побачиш.
loc_broker_male_c__combat_pause_quirk_nicer_b_01,"Схоже, КОМУСЬ час підібрати соплі."
loc_broker_male_c__combat_pause_quirk_nostalgia_b_01,Великий Ті ще не сказав останнього слова. Повір.
loc_broker_male_c__combat_pause_quirk_ogryn_a_bigger_gun_b_01,"Слухайте, найкращий ствол — мені. Вам— залишки."
loc_broker_male_c__combat_pause_quirk_ogryn_a_elevator_b_01,"Боїшся ліфтів, Колодо?"
loc_broker_male_c__combat_pause_quirk_ogryn_d_authority_b_01,"Оооо. Будь ласка, не кривдіть мене, пане Великий Страшний Оґрин."
loc_broker_male_c__combat_pause_quirk_ogryn_d_boss_b_01,Я нікуди не піду.
loc_broker_male_c__combat_pause_quirk_ogryn_d_chatty_b_01,З тобою не весело.
loc_broker_male_c__combat_pause_quirk_ogryn_d_crowds_b_01,Правильно! Немає нічого смачнішого за червоний туман!
loc_broker_male_c__combat_pause_quirk_ogryn_d_kill_quick_b_01,ТОБІ треба розслабитися!
loc_broker_male_c__combat_pause_quirk_ogryn_d_long_way_b_01,Так. У мене скоро ноги відваляться.
loc_broker_male_c__combat_pause_quirk_ogryn_d_rannick_b_01,Він мені вже більше подобається!
loc_broker_male_c__combat_pause_quirk_ogryn_d_rebuild_b_01,"Я? Я сподіваюся, ця війна НІКОЛИ не закінчиться."
loc_broker_male_c__combat_pause_quirk_pilgrimage_b_01,Заради цього й живемо. Чесно.
loc_broker_male_c__combat_pause_quirk_pray_with_me_b_01,Коли все скінчиться. Не раніше.
loc_broker_male_c__combat_pause_quirk_prayer_b_01,"Ти жартуєш, так?"
loc_broker_male_c__combat_pause_quirk_puny_b_01,"Ти крутий,  це ясно... але в мене є СТИЛЬ."
loc_broker_male_c__combat_pause_quirk_rations_b_01,Повір: тут нічого краще не їсти.
loc_broker_male_c__combat_pause_quirk_reads_thoughts_b_01,"Обережно рийся в моїй баняку. Не знаєш, що знайдеш."
loc_broker_male_c__combat_pause_quirk_respect_b_01,Нічого поганого — бути дурником.
loc_broker_male_c__combat_pause_quirk_restore_b_01,"Але ми ще не там, чи не так?"
loc_broker_male_c__combat_pause_quirk_shore_leave_b_01,А ОЦЕ — найцікавіше!
loc_broker_male_c__combat_pause_quirk_sing_b_01,"Без шансів, гарматне м’ясо."
loc_broker_male_c__combat_pause_quirk_sleepy_b_01,Чур я Колоду не несу!
loc_broker_male_c__combat_pause_quirk_sniper_b_01,Особисто я люблю різати їм горлянки. Вони це ненавидять.
loc_broker_male_c__combat_pause_quirk_speed_b_01,Що в тебе вселилось?
loc_broker_male_c__combat_pause_quirk_stealth_b_01,Не будь занудою! Бийся голосно й гордо!
loc_broker_male_c__combat_pause_quirk_stench_b_01,Нічого поганого — мати «фірмовий» запах.
loc_broker_male_c__combat_pause_quirk_tank_b_01,Я перший! Я перший!
loc_broker_male_c__combat_pause_quirk_tertium_splendour_b_01,І? Яка різниця?
loc_broker_male_c__combat_pause_quirk_togetherness_b_01,Я Ж підтримую. Хочеш побачити інший варіант?
loc_broker_male_c__combat_pause_quirk_traitor_b_01,"Треба робити те, що працює."
loc_broker_male_c__combat_pause_quirk_trial_b_01,Менше ниття — більше відплати!
loc_broker_male_c__combat_pause_quirk_trinket_b_01,Ооо! Мародерство. Люблю це.
loc_broker_male_c__combat_pause_quirk_trust_b_01,[Рик] Ось як ти звучиш. [Рик]
loc_broker_male_c__combat_pause_quirk_turncoat_b_01,"О, береш на слабо? Пограємо!"
loc_broker_male_c__combat_pause_quirk_veteran_a_professional_b_01,"Думаєш щось з цього вийде, гарматне м’ясо?"
loc_broker_male_c__combat_pause_quirk_victory_b_01,Досить скиглити про «велику картину». Зосередься на бійні.
loc_broker_male_c__combat_pause_quirk_weapons_b_01,"Видно, що я працюю. На відміну від тебе."
loc_broker_male_c__combat_pause_quirk_your_sins_b_01,Попереджаю: я тут на тиждень застрягнеш ...
loc_broker_male_c__combat_pause_quirk_zealot_a_emperor_b_01,"Не завадило б Йому й допомогти, га?"
loc_broker_male_c__combat_pause_quirk_zealot_a_wounded_b_01,Годі вже!
loc_broker_male_c__come_back_to_squad_01,Що таке? Набридло моя компанія?
loc_broker_male_c__come_back_to_squad_02,Верни свою нікчемну сраку сюди!
loc_broker_male_c__come_back_to_squad_03,Ей! Куди ти поперся?
loc_broker_male_c__come_back_to_squad_04,"Ану назад сюди, ти!"
loc_broker_male_c__come_back_to_squad_05,"Хочеш сам гратись, так? Ти труп!"
loc_broker_male_c__conversation_beast_of_nurgle_weakpoint_a_01,Смердить! Мені це не до смаку!
loc_broker_male_c__conversation_beast_of_nurgle_weakpoint_a_02,Смердюча потвора! І не здихає!
loc_broker_male_c__conversation_beast_of_nurgle_weakpoint_b_01,Ззаду воно слабше!
loc_broker_male_c__conversation_beast_of_nurgle_weakpoint_b_02,Бий ззаду! Там воно слабке!
loc_broker_male_c__conversation_beast_of_nurgle_weakpoint_c_01,Домовилися!
loc_broker_male_c__conversation_beast_of_nurgle_weakpoint_c_02,Гарний план! Підтримую!
loc_broker_male_c__conversation_combat_beast_of_nurgle_swallow_a_01,Потвора перекусила!
loc_broker_male_c__conversation_combat_beast_of_nurgle_swallow_a_02,Звірюка знайшла собі поїсти!
loc_broker_male_c__conversation_combat_beast_of_nurgle_swallow_b_01,"Що ж, про смаки не сперечаються!"
loc_broker_male_c__conversation_combat_beast_of_nurgle_swallow_b_02,"Бідолаха, мабуть, голодує!"
loc_broker_male_c__conversation_combat_beast_of_nurgle_swallow_c_01,"Прикінчіть його, і швидко!"
loc_broker_male_c__conversation_combat_beast_of_nurgle_swallow_c_02,Влаштуйте йому біль у животі! Прямо зараз!
loc_broker_male_c__conversation_combat_chaos_spawn_a_01,Яка злюка!
loc_broker_male_c__conversation_combat_chaos_spawn_a_02,Велика гора м’язів і понтів!
loc_broker_male_c__conversation_combat_chaos_spawn_b_01,Все одно здохне! [Сміх]
loc_broker_male_c__conversation_combat_chaos_spawn_b_02,"Болить — отже, можна вбити!"
loc_broker_male_c__conversation_combat_chaos_spawn_c_01,Оце настрій! Зробіть його трупом!
loc_broker_male_c__conversation_combat_chaos_spawn_c_02,Ага! Розмажте цю погань!
loc_broker_male_c__conversation_combat_chaos_spawn_chew_a_01,"[З болем, надривно] Мені це... не... подобається!"
loc_broker_male_c__conversation_combat_chaos_spawn_chew_a_02,"[З болем, надривно] Відчепись від мене...!"
loc_broker_male_c__conversation_combat_chaos_spawn_chew_b_01,Розмаж той М’ясний мішок!
loc_broker_male_c__conversation_combat_chaos_spawn_chew_b_02,Стріляйте в М’ясний мішок! Покажіть йому!
loc_broker_male_c__conversation_combat_chaos_spawn_chew_c_01,Так! Ось це наказ у моєму стилі!
loc_broker_male_c__conversation_combat_chaos_spawn_chew_c_02,Я змушу його пошкодувати!
loc_broker_male_c__conversation_plague_ogryn_weakpoint_01_01,Ця Колода не хоче здихати!
loc_broker_male_c__conversation_plague_ogryn_weakpoint_01_02,Ой-ой! Воно не валиться!
loc_broker_male_c__conversation_plague_ogryn_weakpoint_02_01,"Тоді дай в пику. Те, що треба!"
loc_broker_male_c__conversation_plague_ogryn_weakpoint_02_02,Бийте у голову! Перевірена схема!
loc_broker_male_c__conversation_plague_ogryn_weakpoint_03_01,План норм!
loc_broker_male_c__conversation_plague_ogryn_weakpoint_03_02,Ото план!
loc_broker_male_c__cover_me_01,Дайте прикриття!
loc_broker_male_c__cover_me_02,По мені луплять! І це не весело!
loc_broker_male_c__cover_me_03,Зупиніть їх — по мені стріляють!
loc_broker_male_c__cover_me_04,Прикриєте мене?
loc_broker_male_c__cover_me_05,Де моє кляте прикриття?
loc_broker_male_c__critical_health_01,[З болем] Нема болю — нема гулянки...
loc_broker_male_c__critical_health_02,[З болем] Чур наступний медпак мій...
loc_broker_male_c__critical_health_03,[З болем] Оце вже... забагато... крові...
loc_broker_male_c__critical_health_04,[Біль] Ніхто не змушує мене... кровоточити...
loc_broker_male_c__critical_health_05,[Біль] Дуже боляче...
loc_broker_male_c__disabled_by_chaos_hound_01,"Відчепись від мене, шавко!"
loc_broker_male_c__disabled_by_chaos_hound_02,Оце така у вас «дружба»?
loc_broker_male_c__disabled_by_chaos_hound_03,Зніміть з мене цю псину!
loc_broker_male_c__disabled_by_chaos_hound_04,Злізь!
loc_broker_male_c__disabled_by_chaos_hound_05,Гончак мені в пику лізе!
loc_broker_male_c__disabled_by_enemy_01,Ану сюди й допомагайте!
loc_broker_male_c__disabled_by_enemy_02,Мені допоможуть?
loc_broker_male_c__disabled_by_enemy_03,Не можу рухатись!
loc_broker_male_c__disabled_by_enemy_04,Витягніть мене з цього лайна!
loc_broker_male_c__disabled_by_enemy_05,Гей! Допоможіть!
loc_broker_male_c__enemy_kill_berserker_01,Берсерка прибили!
loc_broker_male_c__enemy_kill_berserker_02,Берсерку кінець!
loc_broker_male_c__enemy_kill_berserker_03,От і засмажили Берсерка!
loc_broker_male_c__enemy_kill_berserker_04,Берсерк підсмажений!
loc_broker_male_c__enemy_kill_berserker_05,Мертвий Берсерк!
loc_broker_male_c__enemy_kill_chaos_hound_01,Гончу розмазало!
loc_broker_male_c__enemy_kill_chaos_hound_02,Пса підсмажено!
loc_broker_male_c__enemy_kill_chaos_hound_03,Гончак здох!
loc_broker_male_c__enemy_kill_chaos_hound_04,Маємо одну мертву Гончу!
loc_broker_male_c__enemy_kill_chaos_hound_05,Гончу прибили!
loc_broker_male_c__enemy_kill_daemonhost_01,А ви ж боялися! Ха!
loc_broker_male_c__enemy_kill_daemonhost_02,Демонопикий не така вже й міцна!
loc_broker_male_c__enemy_kill_daemonhost_03,"Думав, демонопикі мали б бути страшні?"
loc_broker_male_c__enemy_kill_grenadier_01,Бомбера прибили!
loc_broker_male_c__enemy_kill_grenadier_02,Бомбера розмазало!
loc_broker_male_c__enemy_kill_grenadier_03,Бомбера підсмажили!
loc_broker_male_c__enemy_kill_grenadier_04,"Бувай, Бомбер!"
loc_broker_male_c__enemy_kill_grenadier_05,Бомбер здох!
loc_broker_male_c__enemy_kill_houndmaster_a_01,Ватажок Зграї мертвий!
loc_broker_male_c__enemy_kill_houndmaster_a_02,Прибили Ватажка Зграї!
loc_broker_male_c__enemy_kill_houndmaster_a_03,Ватажка Зграї розмазало!
loc_broker_male_c__enemy_kill_houndmaster_a_04,Ватажка Зграї підсмажило!
loc_broker_male_c__enemy_kill_houndmaster_a_05,Бос Собак здох!
loc_broker_male_c__enemy_kill_monster_01,Непогано... як на розігрів.
loc_broker_male_c__enemy_kill_monster_02,Бачиш? Нічого складного!
loc_broker_male_c__enemy_kill_monster_03,Бачили б ви свої пики! Га! А тепер воно здохло!
loc_broker_male_c__enemy_kill_monster_04,Можете вже не скиглити. Воно здохло!
loc_broker_male_c__enemy_kill_monster_05,"Ніхто не житиме, якщо я хочу його мертвим!"
loc_broker_male_c__enemy_kill_mutant_charger_01,Мутень — труп!
loc_broker_male_c__enemy_kill_mutant_charger_02,Мутня розмазало!
loc_broker_male_c__enemy_kill_mutant_charger_03,Мутня добре підсмажило!
loc_broker_male_c__enemy_kill_mutant_charger_04,Мутень здохла!
loc_broker_male_c__enemy_kill_mutant_charger_05,Мутяки більше нема!
loc_broker_male_c__enemy_kill_netgunner_01,Ловця прибили!
loc_broker_male_c__enemy_kill_netgunner_02,Ловця прибито!
loc_broker_male_c__enemy_kill_netgunner_03,Ловця поклали!
loc_broker_male_c__enemy_kill_netgunner_04,Мертвий Ловець!
loc_broker_male_c__enemy_kill_netgunner_05,"Бувай, Ловцю!"
loc_broker_male_c__enemy_kill_poxwalker_bomber_01,Мерзота! [Сміх]
loc_broker_male_c__enemy_kill_poxwalker_bomber_02,Вибухача вскрили!
loc_broker_male_c__enemy_kill_poxwalker_bomber_03,Чумовибухач здох!
loc_broker_male_c__enemy_kill_poxwalker_bomber_04,"Бувай, Чумовибухачу!"
loc_broker_male_c__enemy_kill_poxwalker_bomber_05,Шльоп! Ха!
loc_broker_male_c__enemy_kill_scab_flamer_a_01,Паскудник Палій мертвий!
loc_broker_male_c__enemy_kill_scab_flamer_a_02,Палія добряче прибито!
loc_broker_male_c__enemy_kill_scab_flamer_a_03,Палій здох!
loc_broker_male_c__enemy_kill_scab_flamer_a_04,Палій — труп!
loc_broker_male_c__enemy_kill_scab_flamer_a_05,Опа! Палій мертвий!
loc_broker_male_c__enemy_kill_sniper_01,"Бувай, снайпере!"
loc_broker_male_c__enemy_kill_sniper_02,Снайпера-кайфолома прибили!
loc_broker_male_c__enemy_kill_sniper_03,Снайпера прибито!
loc_broker_male_c__enemy_kill_sniper_04,Снайпер мертвий-мертвий-мертвий-мертвий-мертвий!
loc_broker_male_c__enemy_kill_sniper_05,Снайпер? Ні. Нема уже.
loc_broker_male_c__enemy_near_death_monster_01,"Давай, потвора! Здавайся!"
loc_broker_male_c__enemy_near_death_monster_02,"Тобі кінець, виродку!"
loc_broker_male_c__enemy_near_death_monster_03,Та мене вже занесло!
loc_broker_male_c__enemy_near_death_monster_04,[Сміх] Обожнюю свою роботу!
loc_broker_male_c__enemy_near_death_monster_05,Як ця тварюка ще жива?
loc_broker_male_c__event_demolition_first_corruptor_destroyed_a_01,Паскуда! Але здохла!
loc_broker_male_c__event_demolition_first_corruptor_destroyed_a_02,Слиз всюди. Який сморід!
loc_broker_male_c__event_demolition_first_corruptor_destroyed_a_03,Не так уже й важко. Гидка штука.
loc_broker_male_c__event_fortification_beacon_deployed_01,Небо засвітилось!
loc_broker_male_c__event_fortification_beacon_deployed_02,"Маяк піднято! Сподіваймося, вони дивляться!"
loc_broker_male_c__event_fortification_skyfire_disabled_01,ППО всьо!
loc_broker_male_c__event_fortification_skyfire_disabled_02,ППО вирубили!
loc_broker_male_c__event_kill_target_damaged_01,Ну! Давай-но закричи!
loc_broker_male_c__event_kill_target_damaged_02,Не верещить! Нудно!
loc_broker_male_c__event_kill_target_destroyed_a_01,Хай хтось збереже мені пальця. На сувенір!
loc_broker_male_c__event_kill_target_destroyed_a_02,Нічого особливого.
loc_broker_male_c__event_kill_target_heavy_damage_a_01,"Ага! Ти ляжеш, Гнильцю!"
loc_broker_male_c__event_kill_target_heavy_damage_a_02,Довго не протягне!
loc_broker_male_c__event_scan_first_target_scanned_01,Сканерну штуку завершено!
loc_broker_male_c__event_scan_first_target_scanned_02,Скан-ящик пінгнув!
loc_broker_male_c__event_survive_almost_done_01,"Здається, у нас закінчуються іграшки!"
loc_broker_male_c__event_survive_almost_done_02,Ніщо на стільки веселе не триває вічно!
loc_broker_male_c__event_survive_keep_coming_a_01,Ці паскуди не відстають!
loc_broker_male_c__event_survive_keep_coming_a_02,ОЦЕ — вечірка по мені!
loc_broker_male_c__expeditions_call_extraction_a_01,Хочу додому!
loc_broker_male_c__expeditions_call_extraction_a_02,Тут смертельно нудно!
loc_broker_male_c__expeditions_call_extraction_a_03,Ці зануди хочуть іти. Несправедливо!
loc_broker_male_c__expeditions_sentry_gun_activated_a_01,Час для бах-бах-АРРГХ!
loc_broker_male_c__expeditions_sentry_gun_activated_a_02,Давайте шоу для натовпу!
loc_broker_male_c__expeditions_sentry_gun_activated_a_03,Тут треба більше вогневої сили!
loc_broker_male_c__expeditions_sentry_gun_deactivated_a_01,Ой… Бідна стара Турель.
loc_broker_male_c__expeditions_sentry_gun_deactivated_a_02,Турель віддала все.
loc_broker_male_c__expeditions_sentry_gun_deactivated_a_03,Турель добита. Шкода.
loc_broker_male_c__found_ammo_adamant_low_on_ammo_01,"Набої тут, Щур-поборнике!"
loc_broker_male_c__found_ammo_adamant_low_on_ammo_02,"Маєш набої, Щур-поборнике?"
loc_broker_male_c__found_ammo_adamant_low_on_ammo_03,"Ось твої набої, Арбі!"
loc_broker_male_c__found_ammo_adamant_low_on_ammo_04,"Поповнюй набої, Арбі!"
loc_broker_male_c__found_ammo_broker_low_on_ammo_01,"Набої, Корешу!"
loc_broker_male_c__found_ammo_broker_low_on_ammo_02,"Ось твої набої, Корешу!"
loc_broker_male_c__found_ammo_broker_low_on_ammo_03,"Маю для тебе набої, Корешу!"
loc_broker_male_c__found_ammo_broker_low_on_ammo_04,Корешу! Набої!
loc_broker_male_c__found_ammo_ogryn_low_on_ammo_01,"Набої тут, Колодо!"
loc_broker_male_c__found_ammo_ogryn_low_on_ammo_02,"Набої, Оґрине!"
loc_broker_male_c__found_ammo_ogryn_low_on_ammo_03,"Стрільне добро, Оґрине!"
loc_broker_male_c__found_ammo_ogryn_low_on_ammo_04,"Набої чекають, Колодо!"
loc_broker_male_c__found_ammo_psyker_low_on_ammo_01,"Набої тут, Дьорґаний!"
loc_broker_male_c__found_ammo_psyker_low_on_ammo_02,"Забери ці набої, Дьорґаний!"
loc_broker_male_c__found_ammo_psyker_low_on_ammo_03,Псайкер? Набої!
loc_broker_male_c__found_ammo_psyker_low_on_ammo_04,"Набої, Псайкере!"
loc_broker_male_c__found_ammo_veteran_low_on_ammo_01,"Набої тут, Рубако!"
loc_broker_male_c__found_ammo_veteran_low_on_ammo_02,"Тут добрий крам, Рубако!"
loc_broker_male_c__found_ammo_veteran_low_on_ammo_03,Ветеране? Набої чекають!
loc_broker_male_c__found_ammo_veteran_low_on_ammo_04,"Набої, Ветеране! Бачиш?"
loc_broker_male_c__found_ammo_zealot_low_on_ammo_01,"Набої тут, Бузувіре!"
loc_broker_male_c__found_ammo_zealot_low_on_ammo_02,"Набої з твоїм ім'ям, Бузувіре!"
loc_broker_male_c__found_ammo_zealot_low_on_ammo_03,Язикатий? Набої!
loc_broker_male_c__found_ammo_zealot_low_on_ammo_04,"Набої, Язикатий! Твої!"
loc_broker_male_c__found_health_booster_adamant_low_on_health_01,"Ліки, Арбі!"
loc_broker_male_c__found_health_booster_adamant_low_on_health_02,"Потрібні ліки, Щур-поборнике?"
loc_broker_male_c__found_health_booster_adamant_low_on_health_03,"Ліки ось тут, Щур-поборнике!"
loc_broker_male_c__found_health_booster_adamant_low_on_health_04,"Братимеш ліки, Арбі?"
loc_broker_male_c__found_health_booster_broker_low_on_health_01,"Підлікуйся, Корешу!"
loc_broker_male_c__found_health_booster_broker_low_on_health_02,"Медикаменти тут, Корешу! Твої!"
loc_broker_male_c__found_health_booster_broker_low_on_health_03,"Береш ці ліки, Корешу?"
loc_broker_male_c__found_health_booster_broker_low_on_health_04,Корешу! Ліки!
loc_broker_male_c__found_health_booster_low_on_health_01,[Зітхання полегшення] Має трохи відпустити...
loc_broker_male_c__found_health_booster_low_on_health_02,[Зітхання полегшення] Оце підкріпило!
loc_broker_male_c__found_health_booster_low_on_health_03,[Зітхання полегшення] Вже краще!
loc_broker_male_c__found_health_booster_low_on_health_04,[Зітхання полегшення] Ну! Хто далі в списку?
loc_broker_male_c__found_health_booster_ogryn_low_on_health_01,"Підлікуйся, Колодо!"
loc_broker_male_c__found_health_booster_ogryn_low_on_health_02,"Час лікуватися, Колодо!"
loc_broker_male_c__found_health_booster_ogryn_low_on_health_03,"Ліки тут, Оґрине!"
loc_broker_male_c__found_health_booster_ogryn_low_on_health_04,"Ліки чекають, Оґрине!"
loc_broker_male_c__found_health_booster_psyker_low_on_health_01,"Бери ліки, Дьорґаний!"
loc_broker_male_c__found_health_booster_psyker_low_on_health_02,"Краще підлікуйся, Псайкере!"
loc_broker_male_c__found_health_booster_psyker_low_on_health_03,"Тобі ж боляче, Дьорґаний! Підлікуйся!"
loc_broker_male_c__found_health_booster_psyker_low_on_health_04,"Ліки, Псайкере!"
loc_broker_male_c__found_health_booster_veteran_low_on_health_01,"Підлікуйся, Рубако!"
loc_broker_male_c__found_health_booster_veteran_low_on_health_02,"Час прибрати біль, Рубако!"
loc_broker_male_c__found_health_booster_veteran_low_on_health_03,"Тобі боляче, Рубако. Час для ліків!"
loc_broker_male_c__found_health_booster_veteran_low_on_health_04,Ліки! Хтось скажіть Ветерану!
loc_broker_male_c__found_health_booster_zealot_low_on_health_01,"Підлікуйся, Язикатий!"
loc_broker_male_c__found_health_booster_zealot_low_on_health_02,"Прибери біль, Бузувіре!"
loc_broker_male_c__found_health_booster_zealot_low_on_health_03,"Зле виглядаєш, Бузувіре. Підлікуйся!"
loc_broker_male_c__found_health_booster_zealot_low_on_health_04,"Ліки, Бузувіре!"
loc_broker_male_c__friendly_fire_from_adamant_to_broker_01,"На мене націлився, Арбітре?"
loc_broker_male_c__friendly_fire_from_adamant_to_broker_02,"Стріляєш не в тих, Щурику!"
loc_broker_male_c__friendly_fire_from_adamant_to_broker_03,"Це я, Щурику!"
loc_broker_male_c__friendly_fire_from_adamant_to_broker_04,"Ти в мене стріляєш, Щурику!"
loc_broker_male_c__friendly_fire_from_adamant_to_broker_05,"Ти забув, що я з тобою, Арбітре?"
loc_broker_male_c__friendly_fire_from_broker_to_broker_01,"Дивись, куди цілиш, Корешу!"
loc_broker_male_c__friendly_fire_from_broker_to_broker_02,"Дивись, куди стріляєш, Корешу!"
loc_broker_male_c__friendly_fire_from_broker_to_broker_03,"Не туди стріляєш, Корешу!"
loc_broker_male_c__friendly_fire_from_broker_to_broker_04,"Не стріляй у мене, Корешу!"
loc_broker_male_c__friendly_fire_from_broker_to_broker_05,"Припини в мене стріляти, Корешу!"
loc_broker_male_c__friendly_fire_from_ogryn_to_broker_01,"Годі, Колодо!"
loc_broker_male_c__friendly_fire_from_ogryn_to_broker_02,Погана Колода! Припини в мене стріляти!
loc_broker_male_c__friendly_fire_from_ogryn_to_broker_03,"Ти в мене стріляєш, Колодо!"
loc_broker_male_c__friendly_fire_from_ogryn_to_broker_04,"Я не люблю, коли в мене стріляють, Оґрине!"
loc_broker_male_c__friendly_fire_from_ogryn_to_broker_05,"Хочеш, щоб я в тебе стріляв, Колодо?"
loc_broker_male_c__friendly_fire_from_psyker_to_broker_01,"Перевір ціль, Дьорґаний!"
loc_broker_male_c__friendly_fire_from_psyker_to_broker_02,"Ти в мене вистрілив, Псайкере!"
loc_broker_male_c__friendly_fire_from_psyker_to_broker_03,Гей! Псайкере! Припини в мене стріляти!
loc_broker_male_c__friendly_fire_from_psyker_to_broker_04,Псайкере? Годі! Зараз же!
loc_broker_male_c__friendly_fire_from_psyker_to_broker_05,"У Гниляків, Дьорґаний! Не в мене!"
loc_broker_male_c__friendly_fire_from_veteran_to_broker_01,"Вистрілиш ще раз, Рубако, і я вирву тобі легені!"
loc_broker_male_c__friendly_fire_from_veteran_to_broker_02,"Стріляєш у мене, Рубако? Сміливий хід."
loc_broker_male_c__friendly_fire_from_veteran_to_broker_03,"Надсилаєш мені повідомлення, Ветеране?"
loc_broker_male_c__friendly_fire_from_veteran_to_broker_04,"Якщо збираєшся в мене стріляти, Рубако, то роби це як слід!"
loc_broker_male_c__friendly_fire_from_veteran_to_broker_05,"Досить! Припини в мене стріляти, Рубако!"
loc_broker_male_c__friendly_fire_from_zealot_to_broker_01,Язикатий! Слідкуй за вогнем!
loc_broker_male_c__friendly_fire_from_zealot_to_broker_02,"Чого я весь у дірках, Язикатий?"
loc_broker_male_c__friendly_fire_from_zealot_to_broker_03,"Ти щойно мене підстрелив, Бузувіре?"
loc_broker_male_c__friendly_fire_from_zealot_to_broker_04,"Тобі не варто стріляти в мене, Бузувіре!"
loc_broker_male_c__friendly_fire_from_zealot_to_broker_05,"Цілься в ГНИЛЯКІВ, Бузувіре!"
loc_broker_male_c__guidance_correct_path_01,"Сюди, кайфоломи!"
loc_broker_male_c__guidance_correct_path_02,"Давайте, давайте! Сюди!"
loc_broker_male_c__guidance_correct_path_03,Сюди! 
loc_broker_male_c__guidance_correct_path_04,"Схоже, нам сюди!"
loc_broker_male_c__guidance_correct_path_05,Йдемо сюди!
loc_broker_male_c__guidance_correct_path_drop_01,"Схоже, спускаємось!"
loc_broker_male_c__guidance_correct_path_drop_02,Спускаємось.
loc_broker_male_c__guidance_correct_path_drop_03,Цим шляхом не повернемось!
loc_broker_male_c__guidance_correct_path_drop_04,Після цього назад не вернешся!
loc_broker_male_c__guidance_correct_path_drop_05,Назад угору не виберешся!
loc_broker_male_c__guidance_correct_path_up_01,Вгору!
loc_broker_male_c__guidance_correct_path_up_02,Йдемо вгору!
loc_broker_male_c__guidance_correct_path_up_03,Треба лізти!
loc_broker_male_c__guidance_correct_path_up_04,Треба підніматися!
loc_broker_male_c__guidance_correct_path_up_05,"Вгору, кайфоломи!"
loc_broker_male_c__guidance_starting_area_01,Чого кислі пики? Буде весело!
loc_broker_male_c__guidance_starting_area_02,Не волочіть ноги! Хочу до найцікавішого!
loc_broker_male_c__guidance_starting_area_03,Завжди приємно прогулятись Великим Ті.
loc_broker_male_c__guidance_starting_area_04,"Шоу от-от почнеться. Сподіваймось, шишки дивляться!"
loc_broker_male_c__guidance_starting_area_05,Пора різати! Заради цього ми тут!
loc_broker_male_c__hacking_auspex_mutter_a_01,Зараз роздеру цю штуковину...
loc_broker_male_c__hacking_auspex_mutter_a_02,Ну ж бо... Працюй... Для мене...Будь ласка?
loc_broker_male_c__head_shot_01,Понти? Тепер моя черга!
loc_broker_male_c__head_shot_02,Дивись — нема голови!
loc_broker_male_c__head_shot_03,Сумніваєшся — цілься в пику!
loc_broker_male_c__head_shot_04,"Що, усмішка не зайшла?"
loc_broker_male_c__head_shot_05,У голову — не прогадаєш!
loc_broker_male_c__heal_start_01,[Напружено] Прикрий... лікуюсь...
loc_broker_male_c__heal_start_02,[Напружено] Підліковуюсь!
loc_broker_male_c__heal_start_03,[Напружено] Беру собі ліки!
loc_broker_male_c__heal_start_04,"[Напружено] Оце те, що треба..."
loc_broker_male_c__heal_start_05,[Напружено] Ага... ВЖЕ КРАЩЕ!
loc_broker_male_c__heard_enemy_chaos_hound_01,Чумна Гонча лізе на тусу!
loc_broker_male_c__heard_enemy_chaos_hound_02,Прибийте ту Гончу!
loc_broker_male_c__heard_enemy_chaos_hound_03,Чумний Гончак шукає обід!
loc_broker_male_c__heard_enemy_chaos_hound_04,Поганий песик! Тут нема місця для тебе!
loc_broker_male_c__heard_enemy_chaos_hound_05,Маємо слинтяя!
loc_broker_male_c__heard_enemy_chaos_spawn_01,М’ясний мішок! Оце буде бардак!
loc_broker_male_c__heard_enemy_chaos_spawn_02,М’ясний мішок! Буде морока!
loc_broker_male_c__heard_enemy_chaos_spawn_03,"Готуйтеся, кайфоломи! Йде М’ясний мішок!"
loc_broker_male_c__heard_enemy_daemonhost_01,Демононосій десь поряд!
loc_broker_male_c__heard_enemy_daemonhost_02,"Ви бачили того Демононосія, га?"
loc_broker_male_c__heard_enemy_daemonhost_03,Гидкий дрібний виродок!
loc_broker_male_c__heard_enemy_monster_generic_01,Велике й паскудне! Саме таке і люблю!
loc_broker_male_c__heard_enemy_monster_generic_02,Що це прийшло псувати мені вечірку?
loc_broker_male_c__heard_enemy_monster_generic_03,Гляньте на цю бридоту! Чур моє!
loc_broker_male_c__heard_enemy_plague_ogryn_01,Чумний Оґрин! Оце буде весело!
loc_broker_male_c__heard_enemy_plague_ogryn_02,Ой-ой! Чумний Оґрин!
loc_broker_male_c__heard_enemy_plague_ogryn_03,Велика груда гною йде бавитись!
loc_broker_male_c__heard_horde_ambush_01,Ще непрохані гості!
loc_broker_male_c__heard_horde_ambush_02,Гниляки вилазять погратися!
loc_broker_male_c__heard_horde_ambush_03,Засідка! [Сміх]
loc_broker_male_c__heard_horde_ambush_04,Клята засідка! [Сміх]
loc_broker_male_c__heard_horde_ambush_05,"Здається, я щось чув!"
loc_broker_male_c__heard_horde_vector_01,Вони вислали привітальну команду!
loc_broker_male_c__heard_horde_vector_02,Стільки «усміхнених» фізіономій!
loc_broker_male_c__heard_horde_vector_03,Ідуть до нас! Чудово!
loc_broker_male_c__heard_horde_vector_04,"Ще іграшки! По черзі, ви там!"
loc_broker_male_c__heard_horde_vector_05,"Схоже, зараз буде ""весело""!"
loc_broker_male_c__info_door_open_01,Двері піддались!
loc_broker_male_c__info_door_open_02,Двері відкриті! Вперед!
loc_broker_male_c__info_event_almost_done_01,Майже готово!
loc_broker_male_c__info_event_almost_done_02,Майже владнали!
loc_broker_male_c__info_event_almost_done_03,"Доведіть до кінця, мені нудно!"
loc_broker_male_c__info_event_almost_done_04,Ще трішки!
loc_broker_male_c__info_event_almost_done_05,Майже зробив!
loc_broker_male_c__info_event_det_pack_a_01,"Сподіваюсь, роблю це правильно."
loc_broker_male_c__info_event_det_pack_a_02,І де тут та вибухова цяцька?
loc_broker_male_c__info_event_det_pack_b_01,Гей! Дай спробувати!
loc_broker_male_c__info_event_det_pack_b_02,Хочу теж спробувати!
loc_broker_male_c__info_event_one_down_01,Початок є!
loc_broker_male_c__info_event_one_down_02,Що значить «лише почали»?
loc_broker_male_c__info_event_one_down_03,Одне зробили!
loc_broker_male_c__info_event_one_down_04,Першу частину зробили!
loc_broker_male_c__info_event_one_down_05,Стартанули!
loc_broker_male_c__info_extraction_response_01,Вже йдемо? Нудота яка!
loc_broker_male_c__info_extraction_response_02,Ще п’ять хвилинок? Ну будь ласка?
loc_broker_male_c__knocked_down_1_01,"Привіт, земле!"
loc_broker_male_c__knocked_down_1_02,Що я тут унизу роблю?
loc_broker_male_c__knocked_down_1_03,Чітерські паскуди мене поклали!
loc_broker_male_c__knocked_down_1_04,Так нечесно! ... Підійміть мене!
loc_broker_male_c__knocked_down_1_05,Я впав!
loc_broker_male_c__knocked_down_2_01,Зараза боляче!
loc_broker_male_c__knocked_down_2_02,Не вздумайте лишати мене тут!
loc_broker_male_c__knocked_down_2_03,Гей! Про мене забули?
loc_broker_male_c__knocked_down_2_04,Де моя допомога?
loc_broker_male_c__knocked_down_2_05,"Підійміть мене, паскуди!"
loc_broker_male_c__knocked_down_3_01,Довго не протягну!
loc_broker_male_c__knocked_down_3_02,"Я ще тут, якщо що!"
loc_broker_male_c__knocked_down_3_03,Я здохну — ви наступні!
loc_broker_male_c__knocked_down_3_04,"Мене приб’ють, як не поспішите!"
loc_broker_male_c__knocked_down_3_05,Не вірю... Я й справді здохну...
loc_broker_male_c__knocked_down_multiple_times_adamant_01,Оцей Щур-поборник — мертвий вантаж!
loc_broker_male_c__knocked_down_multiple_times_adamant_02,Чого ми тягнемо цього Щур-поборника?
loc_broker_male_c__knocked_down_multiple_times_adamant_03,Той Арбі валить всю роботу на нас!
loc_broker_male_c__knocked_down_multiple_times_adamant_04,Він ніколи не стоїть на ногах.
loc_broker_male_c__knocked_down_multiple_times_broker_01,"Що ти там робиш, Корешу?"
loc_broker_male_c__knocked_down_multiple_times_broker_02,"Там добре, Корешу?"
loc_broker_male_c__knocked_down_multiple_times_broker_03,ЩО ти робиш?
loc_broker_male_c__knocked_down_multiple_times_broker_04,Краще допоможу своєму Корешу.
loc_broker_male_c__knocked_down_multiple_times_ogryn_01,"Ти нікчемна колода, Колодо!"
loc_broker_male_c__knocked_down_multiple_times_ogryn_02,"Знову впав, парубче?"
loc_broker_male_c__knocked_down_multiple_times_ogryn_03,Колода знову ліг!
loc_broker_male_c__knocked_down_multiple_times_ogryn_04,Оґрин подрімати вирішив!
loc_broker_male_c__knocked_down_multiple_times_psyker_01,"Та ну, Псайкер знову ліг."
loc_broker_male_c__knocked_down_multiple_times_psyker_02,"Той Псайкер — кривуватий виродок, га?"
loc_broker_male_c__knocked_down_multiple_times_psyker_03,Дьорґаний? ... Не вірю.
loc_broker_male_c__knocked_down_multiple_times_psyker_04,"Що ти витворяєш, Дьорґаний?"
loc_broker_male_c__knocked_down_multiple_times_veteran_01,"Втомився, Рубако?"
loc_broker_male_c__knocked_down_multiple_times_veteran_02,Ветеран знову дрімає!
loc_broker_male_c__knocked_down_multiple_times_veteran_03,Рубака ліг. Але ми і так це знали.
loc_broker_male_c__knocked_down_multiple_times_veteran_04,Бідний сонний Ветеран.
loc_broker_male_c__knocked_down_multiple_times_zealot_01,"Що тепер, Язикатий?"
loc_broker_male_c__knocked_down_multiple_times_zealot_02,"Земля справді така слизька, Бузувіре?"
loc_broker_male_c__knocked_down_multiple_times_zealot_03,"Знову перечепився, Язикатий?"
loc_broker_male_c__knocked_down_multiple_times_zealot_04,Язикатий знову гепнувся!
loc_broker_male_c__ladder_sighted_01,Сходи!
loc_broker_male_c__ladder_sighted_02,Сходи!
loc_broker_male_c__ladder_sighted_03,Там драбина!
loc_broker_male_c__ladder_sighted_04,Сходи — он там!
loc_broker_male_c__ladder_sighted_05,"О, глянь! Сходи!"
loc_broker_male_c__ledge_hanging_01,Не люблю висіти!
loc_broker_male_c__ledge_hanging_02,Підійміть мене!
loc_broker_male_c__ledge_hanging_03,"Сліпі, чи що? Допоможіть!"
loc_broker_male_c__ledge_hanging_04,Тільки не думайте мене кинути!
loc_broker_male_c__ledge_hanging_05,"Трошки допомоги тут, кайфоломи!"
loc_broker_male_c__look_at_grenade_01,Граната!
loc_broker_male_c__look_at_grenade_02,Люблю гранати!
loc_broker_male_c__look_at_grenade_03,Гей-гей! Це граната!
loc_broker_male_c__look_at_grenade_04,Граната! Не марнуйте!
loc_broker_male_c__look_at_grenade_05,Ага! Граната!
loc_broker_male_c__look_at_healthstation_01,Медстанція!
loc_broker_male_c__look_at_healthstation_02,Медстанція!
loc_broker_male_c__look_at_healthstation_03,"Медстанція, якщо трясе!"
loc_broker_male_c__look_at_healthstation_04,Медстанція! Кому підкріпитись?
loc_broker_male_c__look_at_healthstation_05,Маємо медстанцію!
loc_broker_male_c__luggable_mission_pick_up_01,[Напруження підіймання] Тримаю... здається...
loc_broker_male_c__luggable_mission_pick_up_02,[Напруження підіймання] Ця штука... постійно... вислизає...
loc_broker_male_c__mission_raid_trapped_a_01,"Думаєте, це пастка?"
loc_broker_male_c__mission_raid_trapped_a_02,Ми прямо вляпались!
loc_broker_male_c__mission_raid_trapped_b_01,І вокси здохли. Радість.
loc_broker_male_c__mission_raid_trapped_b_02,Вокс не працює. Ми самі!
loc_broker_male_c__mission_rails_disable_skyfire_a_01,"Може, вже вимкнемо те ППО?"
loc_broker_male_c__mission_strain_crossroads_01,"Не загубіться, кайфоломи. Тут легко."
loc_broker_male_c__monster_combo_attack_01,Рухай ногами!
loc_broker_male_c__monster_combo_attack_02,Ти йому до вподоби!
loc_broker_male_c__monster_combo_attack_03,Ота хрінь поріже тебе на стрічки!
loc_broker_male_c__monster_fight_start_reaction_01,Годі кислих пик! Рубай!
loc_broker_male_c__monster_fight_start_reaction_02,Ооо... Тобі сподобається!
loc_broker_male_c__monster_fight_start_reaction_03,Зустріньмо ту тварюку по-тертіумськи!
loc_broker_male_c__monster_fight_start_reaction_04,"Ну й що, що велике? Мішень легша!"
loc_broker_male_c__monster_fight_start_reaction_05,[Сміх] Дайте мені його!
loc_broker_male_c__need_rescue_01,[Смикає пута] Витягніть мене звідси. НЕГАЙНО!
loc_broker_male_c__need_rescue_02,[Смикає пута] Хочу ВИЙТИ!
loc_broker_male_c__need_rescue_03,[Смикаючи пута] Чого я досі зв’язаний?
loc_broker_male_c__need_rescue_04,[Смикаючи пута] Хтось поріже мої пута?
loc_broker_male_c__need_rescue_05,[Смикає пута] Сюди! ЗАРАЗ!
loc_broker_male_c__pinned_by_enemies_01,Розстрілюють в капусту!
loc_broker_male_c__pinned_by_enemies_02,Хто дозволив цим виродкам відстрілюватись?
loc_broker_male_c__pinned_by_enemies_03,По мені луплять! Не смішно!
loc_broker_male_c__pinned_by_enemies_04,Мене притисли!
loc_broker_male_c__pinned_by_enemies_05,"Гей, ви там! Мене притисли!"
loc_broker_male_c__player_death_adamant_01,Щур-поборник здох? Ну і що.
loc_broker_male_c__player_death_adamant_02,Щур-поборника підсмажили!
loc_broker_male_c__player_death_adamant_03,Щур-поборника розмазало!
loc_broker_male_c__player_death_adamant_04,От лихо. Арбітр мертвий.
loc_broker_male_c__player_death_broker_01,"Відпочинь, Корешу."
loc_broker_male_c__player_death_broker_02,"Ми пишаємось тобою, Корешу."
loc_broker_male_c__player_death_broker_03,Нам бракує одного ствола.
loc_broker_male_c__player_death_broker_04,Втратили стрілка.
loc_broker_male_c__player_death_ogryn_01,Бідолашний старий Колода.
loc_broker_male_c__player_death_ogryn_02,Колода приліг у грязюку!
loc_broker_male_c__player_death_ogryn_03,Оґрина розмазало!
loc_broker_male_c__player_death_ogryn_04,Оґрина підсмажили.
loc_broker_male_c__player_death_psyker_01,Псайкера підсмажили!
loc_broker_male_c__player_death_psyker_02,Нашого Псайкера прибили!
loc_broker_male_c__player_death_psyker_03,Ой. Дьорґаний всьо.
loc_broker_male_c__player_death_psyker_04,"Бувай, Дьорґаний."
loc_broker_male_c__player_death_veteran_01,У Рубаки пропало бажання тусити!
loc_broker_male_c__player_death_veteran_02,Ветерана прибили!
loc_broker_male_c__player_death_veteran_03,Ветерана розмазало!
loc_broker_male_c__player_death_veteran_04,З Ветерана кашу зробили.
loc_broker_male_c__player_death_zealot_01,Бузувіра підсмажили!
loc_broker_male_c__player_death_zealot_02,Бузувіра прибили!
loc_broker_male_c__player_death_zealot_03,"Що ж... Гадаю, Язикатого більше нема?"
loc_broker_male_c__player_death_zealot_04,"Бувай, Язикатий!"
loc_broker_male_c__player_tip_armor_hit_generic_01,Нащо ти лупиш по броні?
loc_broker_male_c__player_tip_armor_hit_generic_02,"Ти б’єш у броню, кайфоломе!"
loc_broker_male_c__player_tip_armor_hit_generic_03,"Це броня, кайфоломе!"
loc_broker_male_c__player_tip_armor_hit_generic_04,Та це ж клята броня!
loc_broker_male_c__player_tip_armor_hit_generic_05,"Бий туди, де вони слабкі!"
loc_broker_male_c__quick_agnostic_enemy_kill_a_01,Підсмажив виродка!
loc_broker_male_c__quick_agnostic_enemy_kill_a_02,Розмазано!
loc_broker_male_c__quick_agnostic_enemy_kill_a_03,Мертвий!
loc_broker_male_c__quick_agnostic_enemy_kill_a_04,Бувай!
loc_broker_male_c__quick_agnostic_enemy_kill_a_05,Ой!
loc_broker_male_c__quick_agnostic_enemy_kill_a_06,Готово!
loc_broker_male_c__quick_agnostic_enemy_kill_a_07,[Сміх] Готовий!
loc_broker_male_c__quick_agnostic_enemy_kill_a_08,Паскуда здох!
loc_broker_male_c__reload_failed_out_of_ammo_01,Куди мої набої поділись?
loc_broker_male_c__reload_failed_out_of_ammo_02,"Гей! Ви, виродки, мої набої крадете?"
loc_broker_male_c__reload_failed_out_of_ammo_03,Порожньо? Це як — у мене порожньо?
loc_broker_male_c__reload_failed_out_of_ammo_04,Пусто — не весело!
loc_broker_male_c__reload_failed_out_of_ammo_05,Де мої у біса набої?
loc_broker_male_c__reloading_01,Перезаряджаю!
loc_broker_male_c__reloading_02,Перезарядка!
loc_broker_male_c__reloading_03,Годую мою убивалку!
loc_broker_male_c__reloading_04,Треба перезарядити!
loc_broker_male_c__reloading_05,Потрібно перезарядитись!
loc_broker_male_c__reloading_empty_01,Різак спорожнів!
loc_broker_male_c__reloading_empty_02,Моя убивалка голодна!
loc_broker_male_c__reloading_empty_03,Порожньо? Знову? Краще перезарядитись!
loc_broker_male_c__reloading_empty_04,Зброя пуста! Заряджаюсь!
loc_broker_male_c__reloading_empty_05,Порожньо? Як завжди пощастило!
loc_broker_male_c__respons_for_zealot_critical_health_01,Молися сильніше!
loc_broker_male_c__respons_for_zealot_critical_health_02,"Схоже, Імператор все таки не дуже і поруч."
loc_broker_male_c__respons_for_zealot_critical_health_03,Не кисни! Усі люблять мучеників!
loc_broker_male_c__response_for_adamant_cover_me_01,Не можу. Не буду. Не хочу. Обирай.
loc_broker_male_c__response_for_adamant_cover_me_02,Сам себе прикрий!
loc_broker_male_c__response_for_adamant_cover_me_03,Злякався?
loc_broker_male_c__response_for_adamant_critical_health_01,Заткнись!
loc_broker_male_c__response_for_adamant_critical_health_02,Нікому не цікаво!
loc_broker_male_c__response_for_adamant_critical_health_03,"Ой, бідося!"
loc_broker_male_c__response_for_adamant_disabled_by_chaos_hound_01,Мав би вже звикнути!
loc_broker_male_c__response_for_adamant_disabled_by_chaos_hound_02,Впораєшся!
loc_broker_male_c__response_for_adamant_disabled_by_chaos_hound_03,Та ти ще той скиглій!
loc_broker_male_c__response_for_adamant_disabled_by_enemy_01,Тобто ти БЕЗ МЕНЕ не обійдешся?
loc_broker_male_c__response_for_adamant_disabled_by_enemy_02,От біда...
loc_broker_male_c__response_for_adamant_disabled_by_enemy_03,"Підводиш команду, Щур-поборникику!"
loc_broker_male_c__response_for_adamant_enemy_kill_monster_01,"То ти можеш битися. Я ж не казав, що ні."
loc_broker_male_c__response_for_adamant_enemy_kill_monster_02,Ага. Просто в захваті.
loc_broker_male_c__response_for_adamant_enemy_kill_monster_03,Похвали шукаєш? Ха!
loc_broker_male_c__response_for_adamant_knocked_down_3_01,Щур-поборник від'їзжає! Нам не все одно?
loc_broker_male_c__response_for_adamant_knocked_down_3_02,Щур-поборник зараз здохне!
loc_broker_male_c__response_for_adamant_knocked_down_3_03,Арбітр майже від'їхав!
loc_broker_male_c__response_for_adamant_ledge_hanging_01,Ну ж бо! Падай!
loc_broker_male_c__response_for_adamant_ledge_hanging_02,Звалися!
loc_broker_male_c__response_for_adamant_ledge_hanging_03,Падай! Падай! Падай! Падай!
loc_broker_male_c__response_for_adamant_seen_killstreak_broker_01,Я теж міг би бути Щур-поборником!
loc_broker_male_c__response_for_adamant_seen_killstreak_broker_02,То не стій на дорозі!
loc_broker_male_c__response_for_adamant_seen_killstreak_broker_03,Та це дрібниці!
loc_broker_male_c__response_for_adamant_start_revive_broker_01,[Болюче] В яку гру ти тут граєш?
loc_broker_male_c__response_for_adamant_start_revive_broker_02,[Болюче] Купуєш собі трохи довіри?
loc_broker_male_c__response_for_adamant_start_revive_broker_03,"[З болем] Це ж такий жарт, так?"
loc_broker_male_c__response_for_broker_cover_me_01,Прикрий мого Кореша!
loc_broker_male_c__response_for_broker_cover_me_02,Мій Кореш просить прикриття!
loc_broker_male_c__response_for_broker_cover_me_03,Хтось прикриє?
loc_broker_male_c__response_for_broker_critical_health_01,Тебе добряче ковбасить!
loc_broker_male_c__response_for_broker_critical_health_02,Ага. Погано виглядаєш.
loc_broker_male_c__response_for_broker_critical_health_03,Заклеюй рани й мовчи!
loc_broker_male_c__response_for_broker_disabled_by_chaos_hound_01,Хтось прикінчить цього Гончака?
loc_broker_male_c__response_for_broker_disabled_by_chaos_hound_02,Ту Гончу треба прибрати!
loc_broker_male_c__response_for_broker_disabled_by_chaos_hound_03,Не дайте цьому Гончаку закінчити свою трапезу!
loc_broker_male_c__response_for_broker_disabled_by_enemy_01,"Гидка справа, оце так!"
loc_broker_male_c__response_for_broker_disabled_by_enemy_02,Сам напросився!
loc_broker_male_c__response_for_broker_disabled_by_enemy_03,"Гаразд, гаразд! Я почув!"
loc_broker_male_c__response_for_broker_enemy_kill_monster_01,Так у нас роблять у Великому Ті.
loc_broker_male_c__response_for_broker_enemy_kill_monster_02,Ось вам тертіумське вітання!
loc_broker_male_c__response_for_broker_enemy_kill_monster_03,"Вичавив із цього все що можна, га?"
loc_broker_male_c__response_for_broker_knocked_down_3_01,"О, тільки не знову..."
loc_broker_male_c__response_for_broker_knocked_down_3_02,Годі випендрюватися!
loc_broker_male_c__response_for_broker_knocked_down_3_03,Треба бути обережнішим!
loc_broker_male_c__response_for_broker_ledge_hanging_01,Підніміть його вже хтось!
loc_broker_male_c__response_for_broker_ledge_hanging_02,Є хто поруч?
loc_broker_male_c__response_for_broker_ledge_hanging_03,Хтось може туди дістатися?
loc_broker_male_c__response_for_broker_seen_killstreak_broker_01,Твоя черга!
loc_broker_male_c__response_for_broker_seen_killstreak_broker_02,Ось так воно й робиться!
loc_broker_male_c__response_for_broker_seen_killstreak_broker_03,Просто ще один день у Великому Ті!
loc_broker_male_c__response_for_calling_for_help_01,Мені просто подобається твоє ниття!
loc_broker_male_c__response_for_calling_for_help_02,Але ж який з тебе артист!
loc_broker_male_c__response_for_calling_for_help_03,"Вище голову, кайфоломе!"
loc_broker_male_c__response_for_calling_for_help_04,Ніхто не любить скигліїв!
loc_broker_male_c__response_for_calling_for_help_05,Ще й тепленьких обіймів хочеш?
loc_broker_male_c__response_for_critical_health_01,Та розслабся! Не навічно ж!
loc_broker_male_c__response_for_critical_health_02,Це ти ранами називаєш? Ха!
loc_broker_male_c__response_for_critical_health_03,Ну гнильці стали надто «ніжні»? І що?
loc_broker_male_c__response_for_enemy_kill_monster_01,"Так, так, так. Час рухатись!"
loc_broker_male_c__response_for_enemy_kill_monster_02,Чого хочеш? Дякую? Поцілунок? Медальку?
loc_broker_male_c__response_for_enemy_kill_monster_03,"[Потворне рикання насмішки] Ти здохло, потворо. А я — ні!"
loc_broker_male_c__response_for_friendly_fire_from_broker_to_adamant_01,Мені байдуже!
loc_broker_male_c__response_for_friendly_fire_from_broker_to_adamant_02,Ну і що? Ти ж живий.
loc_broker_male_c__response_for_friendly_fire_from_broker_to_adamant_03,Переживеш!
loc_broker_male_c__response_for_friendly_fire_from_broker_to_broker_01,Вище носа!
loc_broker_male_c__response_for_friendly_fire_from_broker_to_broker_02,"Ти знав, на що підписався!"
loc_broker_male_c__response_for_friendly_fire_from_broker_to_broker_03,Я ж просто з тобою граюся!
loc_broker_male_c__response_for_friendly_fire_from_broker_to_ogryn_01,"Та просто прийми це, Колодо!"
loc_broker_male_c__response_for_friendly_fire_from_broker_to_ogryn_02,Тобі ж насправді це подобається!
loc_broker_male_c__response_for_friendly_fire_from_broker_to_ogryn_03,Що? Я? Та ніколи!
loc_broker_male_c__response_for_friendly_fire_from_broker_to_psyker_01,Упс!
loc_broker_male_c__response_for_friendly_fire_from_broker_to_psyker_02,[Сміється]
loc_broker_male_c__response_for_friendly_fire_from_broker_to_psyker_03,Перевір зір!
loc_broker_male_c__response_for_friendly_fire_from_broker_to_veteran_01,Змирися!
loc_broker_male_c__response_for_friendly_fire_from_broker_to_veteran_02,Звикнеш!
loc_broker_male_c__response_for_friendly_fire_from_broker_to_veteran_03,Не варто павритись через дрібниці!
loc_broker_male_c__response_for_friendly_fire_from_broker_to_zealot_01,Випадково!
loc_broker_male_c__response_for_friendly_fire_from_broker_to_zealot_02,Мені ТАК шкода!
loc_broker_male_c__response_for_friendly_fire_from_broker_to_zealot_03,[Сміється]
loc_broker_male_c__response_for_heard_horde_vector_01,Не будьте кайфоломами! Насолоджуйтесь!
loc_broker_male_c__response_for_heard_horde_vector_02,Дайте їм тертіумське «вітання»!
loc_broker_male_c__response_for_heard_horde_vector_03,Полегше! Заради цього ми й тут!
loc_broker_male_c__response_for_heard_horde_vector_04,[Сміх]
loc_broker_male_c__response_for_info_incoming_enemies_01,Прибийте їх усіх! Двічі!
loc_broker_male_c__response_for_info_incoming_enemies_02,ОТ ТЕПЕР — найцікавіше!
loc_broker_male_c__response_for_info_incoming_enemies_03,"Мої фраги не красти, ясно?"
loc_broker_male_c__response_for_info_incoming_enemies_04,Хай почнеться справжня різанина!
loc_broker_male_c__response_for_info_incoming_enemies_05,Хіба це не найкраще життя?
loc_broker_male_c__response_for_ogryn_cover_me_01,Спробуй бути меншою мішенню!
loc_broker_male_c__response_for_ogryn_cover_me_02,Чув про «пригнись»?
loc_broker_male_c__response_for_ogryn_cover_me_03,Тримай свою дурну башку нижче!
loc_broker_male_c__response_for_ogryn_critical_health_01,Та це не справжня рана.
loc_broker_male_c__response_for_ogryn_critical_health_02,Не ний!
loc_broker_male_c__response_for_ogryn_critical_health_03,"Зберися, Колодо!"
loc_broker_male_c__response_for_ogryn_disabled_by_chaos_hound_01,Неприємно це...
loc_broker_male_c__response_for_ogryn_disabled_by_chaos_hound_02,Пес найшов собі обід!
loc_broker_male_c__response_for_ogryn_disabled_by_chaos_hound_03,"Воно думає, що ти їжа, Колодо!"
loc_broker_male_c__response_for_ogryn_disabled_by_enemy_01,Що з тобою сталося?
loc_broker_male_c__response_for_ogryn_disabled_by_enemy_02,Сам у це вліз!
loc_broker_male_c__response_for_ogryn_disabled_by_enemy_03,"Добре тебе дістали, га?"
loc_broker_male_c__response_for_ogryn_enemy_kill_monster_01,Ти показав тій тварюці!
loc_broker_male_c__response_for_ogryn_enemy_kill_monster_02,"Крута робота, Колодо!"
loc_broker_male_c__response_for_ogryn_enemy_kill_monster_03,"Ніхто так не «тусить», як Оґрин!"
loc_broker_male_c__response_for_ogryn_knocked_down_3_01,Колода щас від'їде!
loc_broker_male_c__response_for_ogryn_knocked_down_3_02,Ми потрібні Оґрину!
loc_broker_male_c__response_for_ogryn_knocked_down_3_03,У когось є вільна рука?
loc_broker_male_c__response_for_ogryn_ledge_hanging_01,Виглядаєш кепсько.
loc_broker_male_c__response_for_ogryn_ledge_hanging_02,"Висиш, га?"
loc_broker_male_c__response_for_ogryn_ledge_hanging_03,Падай! Слабо?
loc_broker_male_c__response_for_ogryn_seen_killstreak_broker_01,Люблю вражати!
loc_broker_male_c__response_for_ogryn_seen_killstreak_broker_02,Все в зап’ясті!
loc_broker_male_c__response_for_ogryn_seen_killstreak_broker_03,Що? Я й не помітив!
loc_broker_male_c__response_for_ogryn_start_revive_broker_01,"[З болем] Ага, я... норм..."
loc_broker_male_c__response_for_ogryn_start_revive_broker_02,[З болем] Без сміху... чуєш?
loc_broker_male_c__response_for_ogryn_start_revive_broker_03,[З болем] Молодець...
loc_broker_male_c__response_for_pinned_by_enemies_adamant_01,"Схоже, вони правильно роблять!"
loc_broker_male_c__response_for_pinned_by_enemies_adamant_02,У гнильців смак!
loc_broker_male_c__response_for_pinned_by_enemies_adamant_03,Ну і що? Болить?
loc_broker_male_c__response_for_pinned_by_enemies_broker_01,Попався!
loc_broker_male_c__response_for_pinned_by_enemies_broker_02,Щось та й вигадаємо!
loc_broker_male_c__response_for_pinned_by_enemies_broker_03,От ти й вляпався.
loc_broker_male_c__response_for_pinned_by_enemies_ogryn_01,Присідай!
loc_broker_male_c__response_for_pinned_by_enemies_ogryn_02,"Укриття, ага?"
loc_broker_male_c__response_for_pinned_by_enemies_ogryn_03,Перестань робити з себе мішень!
loc_broker_male_c__response_for_pinned_by_enemies_psyker_01,Відстрілюйся!
loc_broker_male_c__response_for_pinned_by_enemies_psyker_02,"Давай відбивайся, Дьорґаний!"
loc_broker_male_c__response_for_pinned_by_enemies_psyker_03,Сам не впораєшся?
loc_broker_male_c__response_for_pinned_by_enemies_veteran_01,Та затихни! Дратуєш!
loc_broker_male_c__response_for_pinned_by_enemies_veteran_02,Не псуй настрій!
loc_broker_male_c__response_for_pinned_by_enemies_veteran_03,Зберися — або заткнись... або здохни!
loc_broker_male_c__response_for_pinned_by_enemies_zealot_01,Безхребетний! Ось хто ти!
loc_broker_male_c__response_for_pinned_by_enemies_zealot_02,Тихіше там! Я тут веселюсь!
loc_broker_male_c__response_for_pinned_by_enemies_zealot_03,Що по тобі стріляють — не моя проблема!
loc_broker_male_c__response_for_psyker_cover_me_01,"Вибач, ти чогось хотів?"
loc_broker_male_c__response_for_psyker_cover_me_02,Шо? Голосніше!
loc_broker_male_c__response_for_psyker_cover_me_03,"Зайнятий! Дуже, дуже зайнятий!"
loc_broker_male_c__response_for_psyker_critical_health_01,Бідне малятко!
loc_broker_male_c__response_for_psyker_critical_health_02,Ага? І що?
loc_broker_male_c__response_for_psyker_critical_health_03,Біль — це теж частина розваги!
loc_broker_male_c__response_for_psyker_disabled_by_chaos_hound_01,Ти навіть на їжу не тягнеш!
loc_broker_male_c__response_for_psyker_disabled_by_chaos_hound_02,Закладаюся — боляче!
loc_broker_male_c__response_for_psyker_disabled_by_chaos_hound_03,Воно лише бавиться!
loc_broker_male_c__response_for_psyker_disabled_by_enemy_01,Ох і любиш ти скиглити!
loc_broker_male_c__response_for_psyker_disabled_by_enemy_02,Що там іще?
loc_broker_male_c__response_for_psyker_disabled_by_enemy_03,Що-що?
loc_broker_male_c__response_for_psyker_enemy_kill_monster_01,"Трохи психопат, га?"
loc_broker_male_c__response_for_psyker_enemy_kill_monster_02,"Гарна робота. Гарна, брудна робота."
loc_broker_male_c__response_for_psyker_enemy_kill_monster_03,"Гарно ідеш, Дьорґаний!"
loc_broker_male_c__response_for_psyker_knocked_down_3_01,Втрачаємо Дьорґаного!
loc_broker_male_c__response_for_psyker_knocked_down_3_02,Що? Ти мав сказати!
loc_broker_male_c__response_for_psyker_knocked_down_3_03,Фігово бути тобою!
loc_broker_male_c__response_for_psyker_ledge_hanging_01,Падай! Що там найгірше може статись?
loc_broker_male_c__response_for_psyker_ledge_hanging_02,Не варто відпускати!
loc_broker_male_c__response_for_psyker_ledge_hanging_03,З’їжджаєш? Тааак. З’їжджаєш.
loc_broker_male_c__response_for_psyker_seen_killstreak_broker_01,"Ти НІКОЛИ не будеш таким крутим, як я."
loc_broker_male_c__response_for_psyker_seen_killstreak_broker_02,Я — нищівна сила природи!
loc_broker_male_c__response_for_psyker_seen_killstreak_broker_03,Так! Хто ще хоче? А? ГА?
loc_broker_male_c__response_for_psyker_start_revive_broker_01,[Крізь біль] Не треба метушитися…
loc_broker_male_c__response_for_psyker_start_revive_broker_02,"[З болем] Оце так фартануло, га?"
loc_broker_male_c__response_for_psyker_start_revive_broker_03,"[З болем] Думав, мені кінець."
loc_broker_male_c__response_for_seen_netgunner_flee_01,Чого в неї досі є ноги?
loc_broker_male_c__response_for_seen_netgunner_flee_02,І ви просто дасте їй піти?
loc_broker_male_c__response_for_veteran_cover_me_01,Перестань нити!
loc_broker_male_c__response_for_veteran_cover_me_02,Заткнись! Я тут вбиваю!
loc_broker_male_c__response_for_veteran_cover_me_03,[Сміх] Ти труп!
loc_broker_male_c__response_for_veteran_critical_health_01,"Ти тільки й умієш, що нити!"
loc_broker_male_c__response_for_veteran_critical_health_02,Ніхто не слухає!
loc_broker_male_c__response_for_veteran_critical_health_03,"Прикрий рот, га?"
loc_broker_male_c__response_for_veteran_disabled_by_chaos_hound_01,"Хтось, пристреліть цю псину!"
loc_broker_male_c__response_for_veteran_disabled_by_chaos_hound_02,На Рубаці пес сидить!
loc_broker_male_c__response_for_veteran_disabled_by_chaos_hound_03,Він просто «дружить»!
loc_broker_male_c__response_for_veteran_disabled_by_enemy_01,Рубаці потрібна допомога!
loc_broker_male_c__response_for_veteran_disabled_by_enemy_02,Рубака встряг у халепу!
loc_broker_male_c__response_for_veteran_disabled_by_enemy_03,"Розслабився, га?"
loc_broker_male_c__response_for_veteran_enemy_kill_monster_01,"Сподобалось, еге ж?"
loc_broker_male_c__response_for_veteran_enemy_kill_monster_02,"Оживляє, га?"
loc_broker_male_c__response_for_veteran_enemy_kill_monster_03,"Мертвим виглядає меншим, га?"
loc_broker_male_c__response_for_veteran_knocked_down_3_01,Заткнись і здохни!
loc_broker_male_c__response_for_veteran_knocked_down_3_02,Що? Не чую!
loc_broker_male_c__response_for_veteran_knocked_down_3_03,Ти мав щось сказати!
loc_broker_male_c__response_for_veteran_ledge_hanging_01,Я кажу: хай падають!
loc_broker_male_c__response_for_veteran_ledge_hanging_02,"О, допомоги хочеш? Який сюрприз."
loc_broker_male_c__response_for_veteran_ledge_hanging_03,Ой леле...
loc_broker_male_c__response_for_veteran_seen_killstreak_broker_01,Оце те в чому я профі!
loc_broker_male_c__response_for_veteran_seen_killstreak_broker_02,Глянь на мене — аж червонію!
loc_broker_male_c__response_for_veteran_seen_killstreak_broker_03,"Ти вражений, так?"
loc_broker_male_c__response_for_veteran_start_revive_broker_01,[З болем] Я ж... тільки почав... вбивати...
loc_broker_male_c__response_for_veteran_start_revive_broker_02,[З болем] Просто не міг... дати мені піти... га?
loc_broker_male_c__response_for_veteran_start_revive_broker_03,[З болем] Я норм... лишіть... мене...
loc_broker_male_c__response_for_zealot_cover_me_01,Зайнятий! Спитай когось іншого!
loc_broker_male_c__response_for_zealot_cover_me_02,Попроси в Імператора допомоги!
loc_broker_male_c__response_for_zealot_cover_me_03,Вибач! «Будь ласка» не почув!
loc_broker_male_c__response_for_zealot_disabled_by_chaos_hound_01,Ти йому подобаєшся!
loc_broker_male_c__response_for_zealot_disabled_by_chaos_hound_02,У тебе «тваринний магнетизм»!
loc_broker_male_c__response_for_zealot_disabled_by_chaos_hound_03,Виглядає некомфортно!
loc_broker_male_c__response_for_zealot_disabled_by_enemy_01,Просто мало стараєшся!
loc_broker_male_c__response_for_zealot_disabled_by_enemy_02,Язикатому знадобиться допомога!
loc_broker_male_c__response_for_zealot_disabled_by_enemy_03,Бузувіру трохи няньки треба!
loc_broker_male_c__response_for_zealot_enemy_kill_monster_01,"Здавалося, ти аж кайфував, га?"
loc_broker_male_c__response_for_zealot_enemy_kill_monster_02,"Воно було велике, ти — злий."
loc_broker_male_c__response_for_zealot_enemy_kill_monster_03,Життя тепер подобається більше?
loc_broker_male_c__response_for_zealot_knocked_down_3_01,Не зважайте на Бузувіра. Він просто уваги хоче!
loc_broker_male_c__response_for_zealot_knocked_down_3_02,Ти ще не здох?
loc_broker_male_c__response_for_zealot_knocked_down_3_03,"Думав, ти здох уже давним-давно!"
loc_broker_male_c__response_for_zealot_ledge_hanging_01,Просто відпусти! Стань вільним!
loc_broker_male_c__response_for_zealot_ledge_hanging_02,Глянь прямо вниз і подумай про свої життєві рішення!
loc_broker_male_c__response_for_zealot_ledge_hanging_03,Та ну... серйозно?
loc_broker_male_c__response_for_zealot_seen_killstreak_broker_01,"Люблю, коли мене обожнюють!"
loc_broker_male_c__response_for_zealot_seen_killstreak_broker_02,"Подобається, що бачиш?"
loc_broker_male_c__response_for_zealot_seen_killstreak_broker_03,Хотів би ти бути настільки крутим!
loc_broker_male_c__response_for_zealot_start_revive_broker_01,[З болем] Аби тільки... без проповіді...
loc_broker_male_c__response_for_zealot_start_revive_broker_02,"[З болем] Ти ж тепер... попрікатимеш цим, еге ж?"
loc_broker_male_c__response_for_zealot_start_revive_broker_03,[Біль] Ну хіба ж ти не… щасливе маленьке янголятко?
loc_broker_male_c__response_rechargable_for_look_at_healthstation_01,"Бачите батарею, кайфоломи?"
loc_broker_male_c__response_rechargable_for_look_at_healthstation_02,"Пошукайте батарею, ага?"
loc_broker_male_c__response_to_hacking_fix_decode_01,Допитувальна коробка не працює!
loc_broker_male_c__response_to_hacking_fix_decode_02,Нікчемна купа брухту!
loc_broker_male_c__seen_enemy_beast_of_nurgle_01,Маємо Звіра Нурґла! От тепер справжній бій!
loc_broker_male_c__seen_enemy_beast_of_nurgle_02,"Привіт, Звірюко!"
loc_broker_male_c__seen_enemy_beast_of_nurgle_03,Беру Звіра Нурґла! [Сміх]
loc_broker_male_c__seen_enemy_berserker_01,Маємо злюку!
loc_broker_male_c__seen_enemy_berserker_02,"Здоров, Берсерку. Як життя?"
loc_broker_male_c__seen_enemy_berserker_03,Бачу Берсерка! Прибийте його!
loc_broker_male_c__seen_enemy_berserker_04,Чого ТИ такий злий?
loc_broker_male_c__seen_enemy_berserker_05,Це Берсерк!
loc_broker_male_c__seen_enemy_bulwark_01,Великий Оґрин; великий щит!
loc_broker_male_c__seen_enemy_bulwark_02,Прибийте цього Щитовика-Оґрина!
loc_broker_male_c__seen_enemy_bulwark_03,"Гей, Щитнику! Давай сюди!"
loc_broker_male_c__seen_enemy_bulwark_04,"Іди сюди, Щитнику. Потанцюємо!"
loc_broker_male_c__seen_enemy_bulwark_05,"Щитник! Він мій, чуєте?"
loc_broker_male_c__seen_enemy_daemonhost_01,Чекай но... це ж Демононосій...
loc_broker_male_c__seen_enemy_daemonhost_02,Тихіше... Це Демононосій...
loc_broker_male_c__seen_enemy_daemonhost_03,Святий хрест... Та це ж клятий Демононосій...
loc_broker_male_c__seen_enemy_daemonhost_04,Демононосій? Паскуда.
loc_broker_male_c__seen_enemy_executor_01,"Привіт, Трощитель!"
loc_broker_male_c__seen_enemy_executor_02,Маємо Трощителя!
loc_broker_male_c__seen_enemy_executor_03,Велика зброя — маленькі мізки!
loc_broker_male_c__seen_enemy_executor_04,"Гей, Трощитель! Іди отримай своє!"
loc_broker_male_c__seen_enemy_executor_05,"Трощитель. Ох, тремчу в чоботях!"
loc_broker_male_c__seen_enemy_grenadier_01,Прибийте того Бомбера!
loc_broker_male_c__seen_enemy_grenadier_02,Альо! Бомбер!
loc_broker_male_c__seen_enemy_grenadier_03,Бомбер! Прибийте покидька!
loc_broker_male_c__seen_enemy_grenadier_04,Бомбер! Зараз стане гаряче!
loc_broker_male_c__seen_enemy_grenadier_05,"Гей, Бомбер! Хочеш отримати?"
loc_broker_male_c__seen_enemy_group_assaulting_01,АГА! Починаємо веселощі!
loc_broker_male_c__seen_enemy_group_assaulting_02,Оце вже справжня бійка!
loc_broker_male_c__seen_enemy_group_assaulting_03,Вони йдуть! Оце буде весело!
loc_broker_male_c__seen_enemy_group_assaulting_04,Робимо це? Ага? АГА?
loc_broker_male_c__seen_enemy_group_assaulting_05,"Диви, який дружній знайшовся! [Сміх]"
loc_broker_male_c__seen_enemy_group_far_range_shooting_behind_cover_01,Паскуди окопалися!
loc_broker_male_c__seen_enemy_group_far_range_shooting_behind_cover_02,Ховаються! Ненадовго!
loc_broker_male_c__seen_enemy_group_far_range_shooting_behind_cover_03,Без танців! Несіть бій до них!
loc_broker_male_c__seen_enemy_group_far_range_shooting_behind_cover_04,"Думаєш, та халабуда тебе врятує?"
loc_broker_male_c__seen_enemy_group_far_range_shooting_behind_cover_05,"О, значить, у схованки граємось?"
loc_broker_male_c__seen_enemy_heavy_gunner_01,Кулеметник!
loc_broker_male_c__seen_enemy_heavy_gunner_02,"Щось компенсуєш, Кулеметнику?"
loc_broker_male_c__seen_enemy_heavy_gunner_03,Кулеметник! Він мій!
loc_broker_male_c__seen_enemy_heavy_gunner_04,Кулеметник! Хто перший?
loc_broker_male_c__seen_enemy_heavy_gunner_05,Маємо клятого Кулеметника!
loc_broker_male_c__seen_enemy_houndmaster_a_01,Ой-йой! Ватажок Зграї!
loc_broker_male_c__seen_enemy_houndmaster_a_02,Бос псів вступає в гру!
loc_broker_male_c__seen_enemy_houndmaster_a_03,Гляньте! Ватажок Зграї!
loc_broker_male_c__seen_enemy_houndmaster_a_04,У нас Ватажок Зграї!
loc_broker_male_c__seen_enemy_houndmaster_a_05,Ватажок Зграї йде веселитися!
loc_broker_male_c__seen_enemy_mutant_charger_01,Зацініть того Мутня!
loc_broker_male_c__seen_enemy_mutant_charger_02,Мутень звучить незадоволено!
loc_broker_male_c__seen_enemy_mutant_charger_03,Мутень! Який гидкий покидьок!
loc_broker_male_c__seen_enemy_mutant_charger_04,"Хочеш цього, Мутяко?"
loc_broker_male_c__seen_enemy_mutant_charger_05,"О, дивись! Мутень!"
loc_broker_male_c__seen_enemy_poxwalker_bomber_01,Чумовибухач! Потворний який!
loc_broker_male_c__seen_enemy_poxwalker_bomber_02,Маємо Чумовибухача!
loc_broker_male_c__seen_enemy_poxwalker_bomber_03,Чумний Бомбер!
loc_broker_male_c__seen_enemy_poxwalker_bomber_04,Чумовибухач! Хто його приб’є?
loc_broker_male_c__seen_enemy_poxwalker_bomber_05,Гнійний мішок! Зараз буде гарно!
loc_broker_male_c__seen_enemy_scab_flamer_a_01,Гей-гей! Палій!
loc_broker_male_c__seen_enemy_scab_flamer_a_02,Прибийте Палія!
loc_broker_male_c__seen_enemy_scab_flamer_a_03,Палія — в могилу!
loc_broker_male_c__seen_enemy_scab_flamer_a_04,Палій! Буде гаряче!
loc_broker_male_c__seen_enemy_scab_flamer_a_05,Палій! Ага! [Сміх]
loc_broker_male_c__seen_enemy_shocktrooper_01,Дробостріл!
loc_broker_male_c__seen_enemy_shocktrooper_02,Дробостріл! Не вражає.
loc_broker_male_c__seen_enemy_shocktrooper_03,Маємо Дробостріла!
loc_broker_male_c__seen_enemy_shocktrooper_04,Гниляк із дробовиком!
loc_broker_male_c__seen_enemy_shocktrooper_05,Гей-гей! Дробостріл!
loc_broker_male_c__seen_enemy_sniper_01,Снайпер!
loc_broker_male_c__seen_enemy_sniper_02,Снайпер! Прибийте виродка!
loc_broker_male_c__seen_enemy_sniper_03,Снайпер вийшов на полювання!
loc_broker_male_c__seen_enemy_sniper_04,Снайпер!
loc_broker_male_c__seen_enemy_sniper_05,Стрілець-гнилець!
loc_broker_male_c__seen_netgunner_01,Ловець! Ага!
loc_broker_male_c__seen_netgunner_02,Гниляк із сіткою!
loc_broker_male_c__seen_netgunner_03,Прибийте того Ловця!
loc_broker_male_c__seen_netgunner_04,Маємо Ловця!
loc_broker_male_c__seen_netgunner_05,Гей-гей! Ловець!
loc_broker_male_c__seen_netgunner_flee_01,Ловець дає драла!
loc_broker_male_c__seen_netgunner_flee_02,"Так, Ловець! Біжи!"
loc_broker_male_c__smart_tag_stimm_concentration_a_01,Стим Концентрації!
loc_broker_male_c__smart_tag_stimm_concentration_a_02,Стим Концентрації!
loc_broker_male_c__smart_tag_stimm_health_a_01,Мед-Стим!
loc_broker_male_c__smart_tag_stimm_health_a_02,Мед-Стим!
loc_broker_male_c__smart_tag_stimm_power_a_01,Бойовий стим!
loc_broker_male_c__smart_tag_stimm_power_a_02,Бойовий Стим!
loc_broker_male_c__smart_tag_stimm_speed_a_01,Стим Прудкості!
loc_broker_male_c__smart_tag_stimm_speed_a_02,Стим Прудкості!
loc_broker_male_c__smart_tag_vo_enemy_berserker_01,Берсерк!
loc_broker_male_c__smart_tag_vo_enemy_berserker_02,Берсерк!
loc_broker_male_c__smart_tag_vo_enemy_chaos_hound_01,Гончак!
loc_broker_male_c__smart_tag_vo_enemy_chaos_hound_02,Гончак!
loc_broker_male_c__smart_tag_vo_enemy_chaos_mutant_charger_01,Мутень!
loc_broker_male_c__smart_tag_vo_enemy_chaos_mutant_charger_02,Мутень!
loc_broker_male_c__smart_tag_vo_enemy_chaos_ogryn_armored_executor_01,Крушитель!
loc_broker_male_c__smart_tag_vo_enemy_chaos_ogryn_armored_executor_02,Крушитель!
loc_broker_male_c__smart_tag_vo_enemy_chaos_ogryn_bulwark_01,Щитоносець!
loc_broker_male_c__smart_tag_vo_enemy_chaos_ogryn_bulwark_02,Щитоносець!
loc_broker_male_c__smart_tag_vo_enemy_chaos_ogryn_heavy_gunner_01,Жнець!
loc_broker_male_c__smart_tag_vo_enemy_chaos_ogryn_heavy_gunner_02,Жнець!
loc_broker_male_c__smart_tag_vo_enemy_chaos_poxwalker_bomber_01,Чумовибухач!
loc_broker_male_c__smart_tag_vo_enemy_chaos_poxwalker_bomber_02,Чумовибухач!
loc_broker_male_c__smart_tag_vo_enemy_chaos_spawn_01,М’ясний мішок!
loc_broker_male_c__smart_tag_vo_enemy_chaos_spawn_02,М'ясний мішок!
loc_broker_male_c__smart_tag_vo_enemy_daemonhost_witch_01,Демононосій!
loc_broker_male_c__smart_tag_vo_enemy_daemonhost_witch_02,Демононосій!
loc_broker_male_c__smart_tag_vo_enemy_houndmaster_a_01,Ватажок Зграї!
loc_broker_male_c__smart_tag_vo_enemy_houndmaster_a_02,Ватажок Зграї!
loc_broker_male_c__smart_tag_vo_enemy_netgunner_01,Ловець!
loc_broker_male_c__smart_tag_vo_enemy_netgunner_02,Ловець!
loc_broker_male_c__smart_tag_vo_enemy_plague_ogryn_01,Чумний Оґрин!
loc_broker_male_c__smart_tag_vo_enemy_plague_ogryn_02,Чумний Оґрин!
loc_broker_male_c__smart_tag_vo_enemy_scab_flamer_a_01,Палій!
loc_broker_male_c__smart_tag_vo_enemy_scab_flamer_a_02,Палій!
loc_broker_male_c__smart_tag_vo_enemy_traitor_executor_01,Трощитель!
loc_broker_male_c__smart_tag_vo_enemy_traitor_executor_02,Трощитель!
loc_broker_male_c__smart_tag_vo_enemy_traitor_grenadier_01,Бомбер!
loc_broker_male_c__smart_tag_vo_enemy_traitor_grenadier_02,Бомбер!
loc_broker_male_c__smart_tag_vo_enemy_traitor_gunner_01,Кулеметник!
loc_broker_male_c__smart_tag_vo_enemy_traitor_gunner_02,Кулеметник!
loc_broker_male_c__smart_tag_vo_enemy_traitor_scout_shocktrooper_01,Дробовик!
loc_broker_male_c__smart_tag_vo_enemy_traitor_scout_shocktrooper_02,Дробостріл!
loc_broker_male_c__smart_tag_vo_enemy_traitor_sniper_01,Снайпер!
loc_broker_male_c__smart_tag_vo_enemy_traitor_sniper_02,Снайпер!
loc_broker_male_c__smart_tag_vo_pickup_ammo_01,Набої!
loc_broker_male_c__smart_tag_vo_pickup_ammo_02,Набої!
loc_broker_male_c__smart_tag_vo_pickup_battery_01,Батарея!
loc_broker_male_c__smart_tag_vo_pickup_battery_02,Батарея!
loc_broker_male_c__smart_tag_vo_pickup_container_01,Вакуумна капсула!
loc_broker_male_c__smart_tag_vo_pickup_container_02,Вакуумна капсула!
loc_broker_male_c__smart_tag_vo_pickup_control_rod_01,Кріонічний стрижень!
loc_broker_male_c__smart_tag_vo_pickup_control_rod_02,Кріонічний стрижень!
loc_broker_male_c__smart_tag_vo_pickup_deployed_ammo_crate_01,Ящик з набоями!
loc_broker_male_c__smart_tag_vo_pickup_deployed_ammo_crate_02,Ящик з набоями!
loc_broker_male_c__smart_tag_vo_pickup_deployed_medical_crate_01,Медпак поставлено!
loc_broker_male_c__smart_tag_vo_pickup_deployed_medical_crate_02,Медпак поставлено!
loc_broker_male_c__smart_tag_vo_pickup_forge_metal_01,Пласталь!
loc_broker_male_c__smart_tag_vo_pickup_forge_metal_02,Пласталь!
loc_broker_male_c__smart_tag_vo_pickup_health_booster_01,Підсилювач здоров'я!
loc_broker_male_c__smart_tag_vo_pickup_health_booster_02,Підсилювач здоров'я!
loc_broker_male_c__smart_tag_vo_pickup_medical_crate_01,Аптечка!
loc_broker_male_c__smart_tag_vo_pickup_medical_crate_02,Аптечка!
loc_broker_male_c__smart_tag_vo_pickup_platinum_01,Діамантин!
loc_broker_male_c__smart_tag_vo_pickup_platinum_02,Діамантин!
loc_broker_male_c__smart_tag_vo_pickup_side_mission_consumable_01,Реліквія!
loc_broker_male_c__smart_tag_vo_pickup_side_mission_consumable_02,Реліквія!
loc_broker_male_c__smart_tag_vo_pickup_side_mission_grimoire_01,Ґримуар!
loc_broker_male_c__smart_tag_vo_pickup_side_mission_grimoire_02,Ґримуар!
loc_broker_male_c__smart_tag_vo_pickup_side_mission_tome_01,Писання!
loc_broker_male_c__smart_tag_vo_pickup_side_mission_tome_02,Писання!
loc_broker_male_c__smart_tag_vo_small_grenade_01,Граната!
loc_broker_male_c__smart_tag_vo_small_grenade_02,Граната!
loc_broker_male_c__smart_tag_vo_station_health_01,Медстанція!
loc_broker_male_c__smart_tag_vo_station_health_02,Медстанція!
loc_broker_male_c__smart_tag_vo_station_health_without_battery_01,Потрібна батарея!
loc_broker_male_c__smart_tag_vo_station_health_without_battery_02,Потрібна батарея!
loc_broker_male_c__stairs_sighted_01,Сходи!
loc_broker_male_c__stairs_sighted_02,Сходи!
loc_broker_male_c__stairs_sighted_03,Схоже на сходи!
loc_broker_male_c__stairs_sighted_04,Є сходи!
loc_broker_male_c__stairs_sighted_05,Сходи! [Сміх]
loc_broker_male_c__surrounded_01,Паскуди повсюди!
loc_broker_male_c__surrounded_02,"Тісненько тут, га?"
loc_broker_male_c__surrounded_03,Гнильці скрізь!
loc_broker_male_c__surrounded_04,"Сюди, гнильці! У мене всім вистачить!"
loc_broker_male_c__surrounded_05,Вибору нема — тож ріжемо всіх!
loc_broker_male_c__surrounded_response_01,Зараз буде КРОВАВО!
loc_broker_male_c__surrounded_response_02,Оце ВЕЧІРКА!
loc_broker_male_c__surrounded_response_03,"Готові танцювати, гнильці?"
loc_broker_male_c__surrounded_response_04,Заради цього ми прийшли!
loc_broker_male_c__surrounded_response_05,Ах! Оце буде що згадати!
loc_broker_male_c__warning_exploding_barrel_01,Бочка зараз БАХНЕ!
loc_broker_male_c__warning_exploding_barrel_02,Хтось нехай бахне по бочці!
loc_broker_male_c__warning_exploding_barrel_03,Бочка вибухає!
loc_broker_male_c__warning_exploding_barrel_04,Бочка-бадабум! [Сміх]
